audio_path,label,type,generator,source_name
/root/atadd_track2_subset_v1/train/ATADD_T2_Train_000012.flac,0,speech,-,ATADD_T2_Train_000012.flac
/root/atadd_track2_subset_v1/train/ATADD_T2_Train_000021.flac,0,speech,-,ATADD_T2_Train_000021.flac
/root/atadd_track2_subset_v1/train/ATADD_T2_Train_000030.flac,0,speech,-,ATADD_T2_Train_000030.flac
/root/atadd_track2_subset_v1/train/ATADD_T2_Train_000063.flac,0,speech,-,ATADD_T2_Train_000063.flac
/root/atadd_track2_subset_v1/train/ATADD_T2_Train_000121.flac,0,speech,-,ATADD_T2_Train_000121.flac
/root/atadd_track2_subset_v1/train/ATADD_T2_Train_000139.flac,0,speech,-,ATADD_T2_Train_000139.flac
/root/atadd_track2_subset_v1/train/ATADD_T2_Train_000146.flac,0,speech,-,ATADD_T2_Train_000146.flac
/root/atadd_track2_subset_v1/train/ATADD_T2_Train_000187.flac,0,speech,-,ATADD_T2_Train_000187.flac
/root/atadd_track2_subset_v1/train/ATADD_T2_Train_000203.flac,0,speech,-,ATADD_T2_Train_000203.flac
/root/atadd_track2_subset_v1/train/ATADD_T2_Train_000327.flac,0,speech,-,ATADD_T2_Train_000327.flac
/root/atadd_track2_subset_v1/train/ATADD_T2_Train_000329.flac,0,speech,-,ATADD_T2_Train_000329.flac
/root/atadd_track2_subset_v1/train/ATADD_T2_Train_000332.flac,0,speech,-,ATADD_T2_Train_000332.flac
/root/atadd_track2_subset_v1/train/ATADD_T2_Train_000360.flac,0,speech,-,ATADD_T2_Train_000360.flac
/root/atadd_track2_subset_v1/train/ATADD_T2_Train_000418.flac,0,speech,-,ATADD_T2_Train_000418.flac
/root/atadd_track2_subset_v1/train/ATADD_T2_Train_000422.flac,0,speech,-,ATADD_T2_Train_000422.flac
/root/atadd_track2_subset_v1/train/ATADD_T2_Train_000428.flac,0,speech,-,ATADD_T2_Train_000428.flac
/root/atadd_track2_subset_v1/train/ATADD_T2_Train_000450.flac,0,speech,-,ATADD_T2_Train_000450.flac
/root/atadd_track2_subset_v1/train/ATADD_T2_Train_000463.flac,0,speech,-,ATADD_T2_Train_000463.flac
/root/atadd_track2_subset_v1/train/ATADD_T2_Train_000475.flac,0,speech,-,ATADD_T2_Train_000475.flac
/root/atadd_track2_subset_v1/train/ATADD_T2_Train_000481.flac,0,speech,-,ATADD_T2_Train_000481.flac
/root/atadd_track2_subset_v1/train/ATADD_T2_Train_000501.flac,0,speech,-,ATADD_T2_Train_000501.flac
/root/atadd_track2_subset_v1/train/ATADD_T2_Train_000508.flac,0,speech,-,ATADD_T2_Train_000508.flac
/root/atadd_track2_subset_v1/train/ATADD_T2_Train_000531.flac,0,speech,-,ATADD_T2_Train_000531.flac
/root/atadd_track2_subset_v1/train/ATADD_T2_Train_000542.flac,0,speech,-,ATADD_T2_Train_000542.flac
/root/atadd_track2_subset_v1/train/ATADD_T2_Train_000548.flac,0,speech,-,ATADD_T2_Train_000548.flac
/root/atadd_track2_subset_v1/train/ATADD_T2_Train_000569.flac,0,speech,-,ATADD_T2_Train_000569.flac
/root/atadd_track2_subset_v1/train/ATADD_T2_Train_000579.flac,0,speech,-,ATADD_T2_Train_000579.flac
/root/atadd_track2_subset_v1/train/ATADD_T2_Train_000614.flac,0,speech,-,ATADD_T2_Train_000614.flac
/root/atadd_track2_subset_v1/train/ATADD_T2_Train_000622.flac,0,speech,-,ATADD_T2_Train_000622.flac
/root/atadd_track2_subset_v1/train/ATADD_T2_Train_000636.flac,0,speech,-,ATADD_T2_Train_000636.flac
/root/atadd_track2_subset_v1/train/ATADD_T2_Train_000700.flac,0,speech,-,ATADD_T2_Train_000700.flac
/root/atadd_track2_subset_v1/train/ATADD_T2_Train_000732.flac,0,speech,-,ATADD_T2_Train_000732.flac
/root/atadd_track2_subset_v1/train/ATADD_T2_Train_000789.flac,0,speech,-,ATADD_T2_Train_000789.flac
/root/atadd_track2_subset_v1/train/ATADD_T2_Train_000808.flac,0,speech,-,ATADD_T2_Train_000808.flac
/root/atadd_track2_subset_v1/train/ATADD_T2_Train_000814.flac,0,speech,-,ATADD_T2_Train_000814.flac
/root/atadd_track2_subset_v1/train/ATADD_T2_Train_000829.flac,0,speech,-,ATADD_T2_Train_000829.flac
/root/atadd_track2_subset_v1/train/ATADD_T2_Train_000878.flac,0,speech,-,ATADD_T2_Train_000878.flac
/root/atadd_track2_subset_v1/train/ATADD_T2_Train_000880.flac,0,speech,-,ATADD_T2_Train_000880.flac
/root/atadd_track2_subset_v1/train/ATADD_T2_Train_000886.flac,0,speech,-,ATADD_T2_Train_000886.flac
/root/atadd_track2_subset_v1/train/ATADD_T2_Train_000894.flac,0,speech,-,ATADD_T2_Train_000894.flac
/root/atadd_track2_subset_v1/train/ATADD_T2_Train_000917.flac,0,speech,-,ATADD_T2_Train_000917.flac
/root/atadd_track2_subset_v1/train/ATADD_T2_Train_000921.flac,0,speech,-,ATADD_T2_Train_000921.flac
/root/atadd_track2_subset_v1/train/ATADD_T2_Train_000931.flac,0,speech,-,ATADD_T2_Train_000931.flac
/root/atadd_track2_subset_v1/train/ATADD_T2_Train_000945.flac,0,speech,-,ATADD_T2_Train_000945.flac
/root/atadd_track2_subset_v1/train/ATADD_T2_Train_000960.flac,0,speech,-,ATADD_T2_Train_000960.flac
/root/atadd_track2_subset_v1/train/ATADD_T2_Train_000976.flac,0,speech,-,ATADD_T2_Train_000976.flac
/root/atadd_track2_subset_v1/train/ATADD_T2_Train_001000.flac,0,speech,-,ATADD_T2_Train_001000.flac
/root/atadd_track2_subset_v1/train/ATADD_T2_Train_001010.flac,0,speech,-,ATADD_T2_Train_001010.flac
/root/atadd_track2_subset_v1/train/ATADD_T2_Train_001046.flac,0,speech,-,ATADD_T2_Train_001046.flac
/root/atadd_track2_subset_v1/train/ATADD_T2_Train_001076.flac,0,speech,-,ATADD_T2_Train_001076.flac
/root/atadd_track2_subset_v1/train/ATADD_T2_Train_001098.flac,0,speech,-,ATADD_T2_Train_001098.flac
/root/atadd_track2_subset_v1/train/ATADD_T2_Train_001111.flac,0,speech,-,ATADD_T2_Train_001111.flac
/root/atadd_track2_subset_v1/train/ATADD_T2_Train_001167.flac,0,speech,-,ATADD_T2_Train_001167.flac
/root/atadd_track2_subset_v1/train/ATADD_T2_Train_001189.flac,0,speech,-,ATADD_T2_Train_001189.flac
/root/atadd_track2_subset_v1/train/ATADD_T2_Train_001208.flac,0,speech,-,ATADD_T2_Train_001208.flac
/root/atadd_track2_subset_v1/train/ATADD_T2_Train_001216.flac,0,speech,-,ATADD_T2_Train_001216.flac
/root/atadd_track2_subset_v1/train/ATADD_T2_Train_001229.flac,0,speech,-,ATADD_T2_Train_001229.flac
/root/atadd_track2_subset_v1/train/ATADD_T2_Train_001275.flac,0,speech,-,ATADD_T2_Train_001275.flac
/root/atadd_track2_subset_v1/train/ATADD_T2_Train_001284.flac,0,speech,-,ATADD_T2_Train_001284.flac
/root/atadd_track2_subset_v1/train/ATADD_T2_Train_001294.flac,0,speech,-,ATADD_T2_Train_001294.flac
/root/atadd_track2_subset_v1/train/ATADD_T2_Train_001343.flac,0,speech,-,ATADD_T2_Train_001343.flac
/root/atadd_track2_subset_v1/train/ATADD_T2_Train_001405.flac,0,speech,-,ATADD_T2_Train_001405.flac
/root/atadd_track2_subset_v1/train/ATADD_T2_Train_001426.flac,0,speech,-,ATADD_T2_Train_001426.flac
/root/atadd_track2_subset_v1/train/ATADD_T2_Train_001436.flac,0,speech,-,ATADD_T2_Train_001436.flac
/root/atadd_track2_subset_v1/train/ATADD_T2_Train_001454.flac,0,speech,-,ATADD_T2_Train_001454.flac
/root/atadd_track2_subset_v1/train/ATADD_T2_Train_001463.flac,0,speech,-,ATADD_T2_Train_001463.flac
/root/atadd_track2_subset_v1/train/ATADD_T2_Train_001464.flac,0,speech,-,ATADD_T2_Train_001464.flac
/root/atadd_track2_subset_v1/train/ATADD_T2_Train_001479.flac,0,speech,-,ATADD_T2_Train_001479.flac
/root/atadd_track2_subset_v1/train/ATADD_T2_Train_001481.flac,0,speech,-,ATADD_T2_Train_001481.flac
/root/atadd_track2_subset_v1/train/ATADD_T2_Train_001494.flac,0,speech,-,ATADD_T2_Train_001494.flac
/root/atadd_track2_subset_v1/train/ATADD_T2_Train_001526.flac,0,speech,-,ATADD_T2_Train_001526.flac
/root/atadd_track2_subset_v1/train/ATADD_T2_Train_001572.flac,0,speech,-,ATADD_T2_Train_001572.flac
/root/atadd_track2_subset_v1/train/ATADD_T2_Train_001585.flac,0,speech,-,ATADD_T2_Train_001585.flac
/root/atadd_track2_subset_v1/train/ATADD_T2_Train_001590.flac,0,speech,-,ATADD_T2_Train_001590.flac
/root/atadd_track2_subset_v1/train/ATADD_T2_Train_001600.flac,0,speech,-,ATADD_T2_Train_001600.flac
/root/atadd_track2_subset_v1/train/ATADD_T2_Train_001610.flac,0,speech,-,ATADD_T2_Train_001610.flac
/root/atadd_track2_subset_v1/train/ATADD_T2_Train_001641.flac,0,speech,-,ATADD_T2_Train_001641.flac
/root/atadd_track2_subset_v1/train/ATADD_T2_Train_001642.flac,0,speech,-,ATADD_T2_Train_001642.flac
/root/atadd_track2_subset_v1/train/ATADD_T2_Train_001655.flac,0,speech,-,ATADD_T2_Train_001655.flac
/root/atadd_track2_subset_v1/train/ATADD_T2_Train_001656.flac,0,speech,-,ATADD_T2_Train_001656.flac
/root/atadd_track2_subset_v1/train/ATADD_T2_Train_001660.flac,0,speech,-,ATADD_T2_Train_001660.flac
/root/atadd_track2_subset_v1/train/ATADD_T2_Train_001662.flac,0,speech,-,ATADD_T2_Train_001662.flac
/root/atadd_track2_subset_v1/train/ATADD_T2_Train_001677.flac,0,speech,-,ATADD_T2_Train_001677.flac
/root/atadd_track2_subset_v1/train/ATADD_T2_Train_001706.flac,0,speech,-,ATADD_T2_Train_001706.flac
/root/atadd_track2_subset_v1/train/ATADD_T2_Train_001716.flac,0,speech,-,ATADD_T2_Train_001716.flac
/root/atadd_track2_subset_v1/train/ATADD_T2_Train_001731.flac,0,speech,-,ATADD_T2_Train_001731.flac
/root/atadd_track2_subset_v1/train/ATADD_T2_Train_001771.flac,0,speech,-,ATADD_T2_Train_001771.flac
/root/atadd_track2_subset_v1/train/ATADD_T2_Train_001772.flac,0,speech,-,ATADD_T2_Train_001772.flac
/root/atadd_track2_subset_v1/train/ATADD_T2_Train_001818.flac,0,speech,-,ATADD_T2_Train_001818.flac
/root/atadd_track2_subset_v1/train/ATADD_T2_Train_001844.flac,0,speech,-,ATADD_T2_Train_001844.flac
/root/atadd_track2_subset_v1/train/ATADD_T2_Train_001893.flac,0,speech,-,ATADD_T2_Train_001893.flac
/root/atadd_track2_subset_v1/train/ATADD_T2_Train_001930.flac,0,speech,-,ATADD_T2_Train_001930.flac
/root/atadd_track2_subset_v1/train/ATADD_T2_Train_001964.flac,0,speech,-,ATADD_T2_Train_001964.flac
/root/atadd_track2_subset_v1/train/ATADD_T2_Train_001971.flac,0,speech,-,ATADD_T2_Train_001971.flac
/root/atadd_track2_subset_v1/train/ATADD_T2_Train_002030.flac,0,speech,-,ATADD_T2_Train_002030.flac
/root/atadd_track2_subset_v1/train/ATADD_T2_Train_002068.flac,0,speech,-,ATADD_T2_Train_002068.flac
/root/atadd_track2_subset_v1/train/ATADD_T2_Train_002087.flac,0,speech,-,ATADD_T2_Train_002087.flac
/root/atadd_track2_subset_v1/train/ATADD_T2_Train_002097.flac,0,speech,-,ATADD_T2_Train_002097.flac
/root/atadd_track2_subset_v1/train/ATADD_T2_Train_002138.flac,0,speech,-,ATADD_T2_Train_002138.flac
/root/atadd_track2_subset_v1/train/ATADD_T2_Train_002168.flac,0,speech,-,ATADD_T2_Train_002168.flac
/root/atadd_track2_subset_v1/train/ATADD_T2_Train_002202.flac,0,speech,-,ATADD_T2_Train_002202.flac
/root/atadd_track2_subset_v1/train/ATADD_T2_Train_002223.flac,0,speech,-,ATADD_T2_Train_002223.flac
/root/atadd_track2_subset_v1/train/ATADD_T2_Train_002236.flac,0,speech,-,ATADD_T2_Train_002236.flac
/root/atadd_track2_subset_v1/train/ATADD_T2_Train_002251.flac,0,speech,-,ATADD_T2_Train_002251.flac
/root/atadd_track2_subset_v1/train/ATADD_T2_Train_002293.flac,0,speech,-,ATADD_T2_Train_002293.flac
/root/atadd_track2_subset_v1/train/ATADD_T2_Train_002305.flac,0,speech,-,ATADD_T2_Train_002305.flac
/root/atadd_track2_subset_v1/train/ATADD_T2_Train_002321.flac,0,speech,-,ATADD_T2_Train_002321.flac
/root/atadd_track2_subset_v1/train/ATADD_T2_Train_002329.flac,0,speech,-,ATADD_T2_Train_002329.flac
/root/atadd_track2_subset_v1/train/ATADD_T2_Train_002357.flac,0,speech,-,ATADD_T2_Train_002357.flac
/root/atadd_track2_subset_v1/train/ATADD_T2_Train_002416.flac,0,speech,-,ATADD_T2_Train_002416.flac
/root/atadd_track2_subset_v1/train/ATADD_T2_Train_002421.flac,0,speech,-,ATADD_T2_Train_002421.flac
/root/atadd_track2_subset_v1/train/ATADD_T2_Train_002423.flac,0,speech,-,ATADD_T2_Train_002423.flac
/root/atadd_track2_subset_v1/train/ATADD_T2_Train_002429.flac,0,speech,-,ATADD_T2_Train_002429.flac
/root/atadd_track2_subset_v1/train/ATADD_T2_Train_002452.flac,0,speech,-,ATADD_T2_Train_002452.flac
/root/atadd_track2_subset_v1/train/ATADD_T2_Train_002457.flac,0,speech,-,ATADD_T2_Train_002457.flac
/root/atadd_track2_subset_v1/train/ATADD_T2_Train_002471.flac,0,speech,-,ATADD_T2_Train_002471.flac
/root/atadd_track2_subset_v1/train/ATADD_T2_Train_002477.flac,0,speech,-,ATADD_T2_Train_002477.flac
/root/atadd_track2_subset_v1/train/ATADD_T2_Train_002517.flac,0,speech,-,ATADD_T2_Train_002517.flac
/root/atadd_track2_subset_v1/train/ATADD_T2_Train_002574.flac,0,speech,-,ATADD_T2_Train_002574.flac
/root/atadd_track2_subset_v1/train/ATADD_T2_Train_002581.flac,0,speech,-,ATADD_T2_Train_002581.flac
/root/atadd_track2_subset_v1/train/ATADD_T2_Train_002605.flac,0,speech,-,ATADD_T2_Train_002605.flac
/root/atadd_track2_subset_v1/train/ATADD_T2_Train_002616.flac,0,speech,-,ATADD_T2_Train_002616.flac
/root/atadd_track2_subset_v1/train/ATADD_T2_Train_002637.flac,0,speech,-,ATADD_T2_Train_002637.flac
/root/atadd_track2_subset_v1/train/ATADD_T2_Train_002665.flac,0,speech,-,ATADD_T2_Train_002665.flac
/root/atadd_track2_subset_v1/train/ATADD_T2_Train_002670.flac,0,speech,-,ATADD_T2_Train_002670.flac
/root/atadd_track2_subset_v1/train/ATADD_T2_Train_002680.flac,0,speech,-,ATADD_T2_Train_002680.flac
/root/atadd_track2_subset_v1/train/ATADD_T2_Train_002704.flac,0,speech,-,ATADD_T2_Train_002704.flac
/root/atadd_track2_subset_v1/train/ATADD_T2_Train_002726.flac,0,speech,-,ATADD_T2_Train_002726.flac
/root/atadd_track2_subset_v1/train/ATADD_T2_Train_002739.flac,0,speech,-,ATADD_T2_Train_002739.flac
/root/atadd_track2_subset_v1/train/ATADD_T2_Train_002751.flac,0,speech,-,ATADD_T2_Train_002751.flac
/root/atadd_track2_subset_v1/train/ATADD_T2_Train_002786.flac,0,speech,-,ATADD_T2_Train_002786.flac
/root/atadd_track2_subset_v1/train/ATADD_T2_Train_002788.flac,0,speech,-,ATADD_T2_Train_002788.flac
/root/atadd_track2_subset_v1/train/ATADD_T2_Train_002799.flac,0,speech,-,ATADD_T2_Train_002799.flac
/root/atadd_track2_subset_v1/train/ATADD_T2_Train_002822.flac,0,speech,-,ATADD_T2_Train_002822.flac
/root/atadd_track2_subset_v1/train/ATADD_T2_Train_002833.flac,0,speech,-,ATADD_T2_Train_002833.flac
/root/atadd_track2_subset_v1/train/ATADD_T2_Train_002838.flac,0,speech,-,ATADD_T2_Train_002838.flac
/root/atadd_track2_subset_v1/train/ATADD_T2_Train_002847.flac,0,speech,-,ATADD_T2_Train_002847.flac
/root/atadd_track2_subset_v1/train/ATADD_T2_Train_002855.flac,0,speech,-,ATADD_T2_Train_002855.flac
/root/atadd_track2_subset_v1/train/ATADD_T2_Train_002873.flac,0,speech,-,ATADD_T2_Train_002873.flac
/root/atadd_track2_subset_v1/train/ATADD_T2_Train_002877.flac,0,speech,-,ATADD_T2_Train_002877.flac
/root/atadd_track2_subset_v1/train/ATADD_T2_Train_002886.flac,0,speech,-,ATADD_T2_Train_002886.flac
/root/atadd_track2_subset_v1/train/ATADD_T2_Train_002908.flac,0,speech,-,ATADD_T2_Train_002908.flac
/root/atadd_track2_subset_v1/train/ATADD_T2_Train_002910.flac,0,speech,-,ATADD_T2_Train_002910.flac
/root/atadd_track2_subset_v1/train/ATADD_T2_Train_002912.flac,0,speech,-,ATADD_T2_Train_002912.flac
/root/atadd_track2_subset_v1/train/ATADD_T2_Train_002947.flac,0,speech,-,ATADD_T2_Train_002947.flac
/root/atadd_track2_subset_v1/train/ATADD_T2_Train_002968.flac,0,speech,-,ATADD_T2_Train_002968.flac
/root/atadd_track2_subset_v1/train/ATADD_T2_Train_002984.flac,0,speech,-,ATADD_T2_Train_002984.flac
/root/atadd_track2_subset_v1/train/ATADD_T2_Train_003000.flac,0,speech,-,ATADD_T2_Train_003000.flac
/root/atadd_track2_subset_v1/train/ATADD_T2_Train_003030.flac,0,speech,-,ATADD_T2_Train_003030.flac
/root/atadd_track2_subset_v1/train/ATADD_T2_Train_003057.flac,0,speech,-,ATADD_T2_Train_003057.flac
/root/atadd_track2_subset_v1/train/ATADD_T2_Train_003080.flac,0,speech,-,ATADD_T2_Train_003080.flac
/root/atadd_track2_subset_v1/train/ATADD_T2_Train_003085.flac,0,speech,-,ATADD_T2_Train_003085.flac
/root/atadd_track2_subset_v1/train/ATADD_T2_Train_003087.flac,0,speech,-,ATADD_T2_Train_003087.flac
/root/atadd_track2_subset_v1/train/ATADD_T2_Train_003112.flac,0,speech,-,ATADD_T2_Train_003112.flac
/root/atadd_track2_subset_v1/train/ATADD_T2_Train_003113.flac,0,speech,-,ATADD_T2_Train_003113.flac
/root/atadd_track2_subset_v1/train/ATADD_T2_Train_003158.flac,0,speech,-,ATADD_T2_Train_003158.flac
/root/atadd_track2_subset_v1/train/ATADD_T2_Train_003159.flac,0,speech,-,ATADD_T2_Train_003159.flac
/root/atadd_track2_subset_v1/train/ATADD_T2_Train_003188.flac,0,speech,-,ATADD_T2_Train_003188.flac
/root/atadd_track2_subset_v1/train/ATADD_T2_Train_003263.flac,0,speech,-,ATADD_T2_Train_003263.flac
/root/atadd_track2_subset_v1/train/ATADD_T2_Train_003272.flac,0,speech,-,ATADD_T2_Train_003272.flac
/root/atadd_track2_subset_v1/train/ATADD_T2_Train_003282.flac,0,speech,-,ATADD_T2_Train_003282.flac
/root/atadd_track2_subset_v1/train/ATADD_T2_Train_003289.flac,0,speech,-,ATADD_T2_Train_003289.flac
/root/atadd_track2_subset_v1/train/ATADD_T2_Train_003301.flac,0,speech,-,ATADD_T2_Train_003301.flac
/root/atadd_track2_subset_v1/train/ATADD_T2_Train_003309.flac,0,speech,-,ATADD_T2_Train_003309.flac
/root/atadd_track2_subset_v1/train/ATADD_T2_Train_003368.flac,0,speech,-,ATADD_T2_Train_003368.flac
/root/atadd_track2_subset_v1/train/ATADD_T2_Train_003388.flac,0,speech,-,ATADD_T2_Train_003388.flac
/root/atadd_track2_subset_v1/train/ATADD_T2_Train_003391.flac,0,speech,-,ATADD_T2_Train_003391.flac
/root/atadd_track2_subset_v1/train/ATADD_T2_Train_003436.flac,0,speech,-,ATADD_T2_Train_003436.flac
/root/atadd_track2_subset_v1/train/ATADD_T2_Train_003464.flac,0,speech,-,ATADD_T2_Train_003464.flac
/root/atadd_track2_subset_v1/train/ATADD_T2_Train_003472.flac,0,speech,-,ATADD_T2_Train_003472.flac
/root/atadd_track2_subset_v1/train/ATADD_T2_Train_003512.flac,0,speech,-,ATADD_T2_Train_003512.flac
/root/atadd_track2_subset_v1/train/ATADD_T2_Train_003576.flac,0,speech,-,ATADD_T2_Train_003576.flac
/root/atadd_track2_subset_v1/train/ATADD_T2_Train_003585.flac,0,speech,-,ATADD_T2_Train_003585.flac
/root/atadd_track2_subset_v1/train/ATADD_T2_Train_003589.flac,0,speech,-,ATADD_T2_Train_003589.flac
/root/atadd_track2_subset_v1/train/ATADD_T2_Train_003595.flac,0,speech,-,ATADD_T2_Train_003595.flac
/root/atadd_track2_subset_v1/train/ATADD_T2_Train_003620.flac,0,speech,-,ATADD_T2_Train_003620.flac
/root/atadd_track2_subset_v1/train/ATADD_T2_Train_003627.flac,0,speech,-,ATADD_T2_Train_003627.flac
/root/atadd_track2_subset_v1/train/ATADD_T2_Train_003642.flac,0,speech,-,ATADD_T2_Train_003642.flac
/root/atadd_track2_subset_v1/train/ATADD_T2_Train_003644.flac,0,speech,-,ATADD_T2_Train_003644.flac
/root/atadd_track2_subset_v1/train/ATADD_T2_Train_003658.flac,0,speech,-,ATADD_T2_Train_003658.flac
/root/atadd_track2_subset_v1/train/ATADD_T2_Train_003660.flac,0,speech,-,ATADD_T2_Train_003660.flac
/root/atadd_track2_subset_v1/train/ATADD_T2_Train_003667.flac,0,speech,-,ATADD_T2_Train_003667.flac
/root/atadd_track2_subset_v1/train/ATADD_T2_Train_003689.flac,0,speech,-,ATADD_T2_Train_003689.flac
/root/atadd_track2_subset_v1/train/ATADD_T2_Train_003696.flac,0,speech,-,ATADD_T2_Train_003696.flac
/root/atadd_track2_subset_v1/train/ATADD_T2_Train_003707.flac,0,speech,-,ATADD_T2_Train_003707.flac
/root/atadd_track2_subset_v1/train/ATADD_T2_Train_003728.flac,0,speech,-,ATADD_T2_Train_003728.flac
/root/atadd_track2_subset_v1/train/ATADD_T2_Train_003735.flac,0,speech,-,ATADD_T2_Train_003735.flac
/root/atadd_track2_subset_v1/train/ATADD_T2_Train_003812.flac,0,speech,-,ATADD_T2_Train_003812.flac
/root/atadd_track2_subset_v1/train/ATADD_T2_Train_003814.flac,0,speech,-,ATADD_T2_Train_003814.flac
/root/atadd_track2_subset_v1/train/ATADD_T2_Train_003861.flac,0,speech,-,ATADD_T2_Train_003861.flac
/root/atadd_track2_subset_v1/train/ATADD_T2_Train_003876.flac,0,speech,-,ATADD_T2_Train_003876.flac
/root/atadd_track2_subset_v1/train/ATADD_T2_Train_003892.flac,0,speech,-,ATADD_T2_Train_003892.flac
/root/atadd_track2_subset_v1/train/ATADD_T2_Train_003893.flac,0,speech,-,ATADD_T2_Train_003893.flac
/root/atadd_track2_subset_v1/train/ATADD_T2_Train_003900.flac,0,speech,-,ATADD_T2_Train_003900.flac
/root/atadd_track2_subset_v1/train/ATADD_T2_Train_003938.flac,0,speech,-,ATADD_T2_Train_003938.flac
/root/atadd_track2_subset_v1/train/ATADD_T2_Train_003952.flac,0,speech,-,ATADD_T2_Train_003952.flac
/root/atadd_track2_subset_v1/train/ATADD_T2_Train_003964.flac,0,speech,-,ATADD_T2_Train_003964.flac
/root/atadd_track2_subset_v1/train/ATADD_T2_Train_004061.flac,0,speech,-,ATADD_T2_Train_004061.flac
/root/atadd_track2_subset_v1/train/ATADD_T2_Train_004088.flac,0,speech,-,ATADD_T2_Train_004088.flac
/root/atadd_track2_subset_v1/train/ATADD_T2_Train_004089.flac,0,speech,-,ATADD_T2_Train_004089.flac
/root/atadd_track2_subset_v1/train/ATADD_T2_Train_004129.flac,0,speech,-,ATADD_T2_Train_004129.flac
/root/atadd_track2_subset_v1/train/ATADD_T2_Train_004136.flac,0,speech,-,ATADD_T2_Train_004136.flac
/root/atadd_track2_subset_v1/train/ATADD_T2_Train_004206.flac,0,speech,-,ATADD_T2_Train_004206.flac
/root/atadd_track2_subset_v1/train/ATADD_T2_Train_004226.flac,0,speech,-,ATADD_T2_Train_004226.flac
/root/atadd_track2_subset_v1/train/ATADD_T2_Train_004238.flac,0,speech,-,ATADD_T2_Train_004238.flac
/root/atadd_track2_subset_v1/train/ATADD_T2_Train_004251.flac,0,speech,-,ATADD_T2_Train_004251.flac
/root/atadd_track2_subset_v1/train/ATADD_T2_Train_004270.flac,0,speech,-,ATADD_T2_Train_004270.flac
/root/atadd_track2_subset_v1/train/ATADD_T2_Train_004279.flac,0,speech,-,ATADD_T2_Train_004279.flac
/root/atadd_track2_subset_v1/train/ATADD_T2_Train_004314.flac,0,speech,-,ATADD_T2_Train_004314.flac
/root/atadd_track2_subset_v1/train/ATADD_T2_Train_004316.flac,0,speech,-,ATADD_T2_Train_004316.flac
/root/atadd_track2_subset_v1/train/ATADD_T2_Train_004328.flac,0,speech,-,ATADD_T2_Train_004328.flac
/root/atadd_track2_subset_v1/train/ATADD_T2_Train_004342.flac,0,speech,-,ATADD_T2_Train_004342.flac
/root/atadd_track2_subset_v1/train/ATADD_T2_Train_004346.flac,0,speech,-,ATADD_T2_Train_004346.flac
/root/atadd_track2_subset_v1/train/ATADD_T2_Train_004347.flac,0,speech,-,ATADD_T2_Train_004347.flac
/root/atadd_track2_subset_v1/train/ATADD_T2_Train_004367.flac,0,speech,-,ATADD_T2_Train_004367.flac
/root/atadd_track2_subset_v1/train/ATADD_T2_Train_004401.flac,0,speech,-,ATADD_T2_Train_004401.flac
/root/atadd_track2_subset_v1/train/ATADD_T2_Train_004409.flac,0,speech,-,ATADD_T2_Train_004409.flac
/root/atadd_track2_subset_v1/train/ATADD_T2_Train_004415.flac,0,speech,-,ATADD_T2_Train_004415.flac
/root/atadd_track2_subset_v1/train/ATADD_T2_Train_004431.flac,0,speech,-,ATADD_T2_Train_004431.flac
/root/atadd_track2_subset_v1/train/ATADD_T2_Train_004489.flac,0,speech,-,ATADD_T2_Train_004489.flac
/root/atadd_track2_subset_v1/train/ATADD_T2_Train_004512.flac,0,speech,-,ATADD_T2_Train_004512.flac
/root/atadd_track2_subset_v1/train/ATADD_T2_Train_004513.flac,0,speech,-,ATADD_T2_Train_004513.flac
/root/atadd_track2_subset_v1/train/ATADD_T2_Train_004526.flac,0,speech,-,ATADD_T2_Train_004526.flac
/root/atadd_track2_subset_v1/train/ATADD_T2_Train_004530.flac,0,speech,-,ATADD_T2_Train_004530.flac
/root/atadd_track2_subset_v1/train/ATADD_T2_Train_004537.flac,0,speech,-,ATADD_T2_Train_004537.flac
/root/atadd_track2_subset_v1/train/ATADD_T2_Train_004594.flac,0,speech,-,ATADD_T2_Train_004594.flac
/root/atadd_track2_subset_v1/train/ATADD_T2_Train_004603.flac,0,speech,-,ATADD_T2_Train_004603.flac
/root/atadd_track2_subset_v1/train/ATADD_T2_Train_004613.flac,0,speech,-,ATADD_T2_Train_004613.flac
/root/atadd_track2_subset_v1/train/ATADD_T2_Train_004632.flac,0,speech,-,ATADD_T2_Train_004632.flac
/root/atadd_track2_subset_v1/train/ATADD_T2_Train_004671.flac,0,speech,-,ATADD_T2_Train_004671.flac
/root/atadd_track2_subset_v1/train/ATADD_T2_Train_004688.flac,0,speech,-,ATADD_T2_Train_004688.flac
/root/atadd_track2_subset_v1/train/ATADD_T2_Train_004782.flac,0,speech,-,ATADD_T2_Train_004782.flac
/root/atadd_track2_subset_v1/train/ATADD_T2_Train_004814.flac,0,speech,-,ATADD_T2_Train_004814.flac
/root/atadd_track2_subset_v1/train/ATADD_T2_Train_004818.flac,0,speech,-,ATADD_T2_Train_004818.flac
/root/atadd_track2_subset_v1/train/ATADD_T2_Train_004826.flac,0,speech,-,ATADD_T2_Train_004826.flac
/root/atadd_track2_subset_v1/train/ATADD_T2_Train_004832.flac,0,speech,-,ATADD_T2_Train_004832.flac
/root/atadd_track2_subset_v1/train/ATADD_T2_Train_004844.flac,0,speech,-,ATADD_T2_Train_004844.flac
/root/atadd_track2_subset_v1/train/ATADD_T2_Train_004873.flac,0,speech,-,ATADD_T2_Train_004873.flac
/root/atadd_track2_subset_v1/train/ATADD_T2_Train_004889.flac,0,speech,-,ATADD_T2_Train_004889.flac
/root/atadd_track2_subset_v1/train/ATADD_T2_Train_004891.flac,0,speech,-,ATADD_T2_Train_004891.flac
/root/atadd_track2_subset_v1/train/ATADD_T2_Train_004896.flac,0,speech,-,ATADD_T2_Train_004896.flac
/root/atadd_track2_subset_v1/train/ATADD_T2_Train_004897.flac,0,speech,-,ATADD_T2_Train_004897.flac
/root/atadd_track2_subset_v1/train/ATADD_T2_Train_004919.flac,0,speech,-,ATADD_T2_Train_004919.flac
/root/atadd_track2_subset_v1/train/ATADD_T2_Train_004924.flac,0,speech,-,ATADD_T2_Train_004924.flac
/root/atadd_track2_subset_v1/train/ATADD_T2_Train_004945.flac,0,speech,-,ATADD_T2_Train_004945.flac
/root/atadd_track2_subset_v1/train/ATADD_T2_Train_004951.flac,0,speech,-,ATADD_T2_Train_004951.flac
/root/atadd_track2_subset_v1/train/ATADD_T2_Train_004966.flac,0,speech,-,ATADD_T2_Train_004966.flac
/root/atadd_track2_subset_v1/train/ATADD_T2_Train_005005.flac,0,speech,-,ATADD_T2_Train_005005.flac
/root/atadd_track2_subset_v1/train/ATADD_T2_Train_005027.flac,0,speech,-,ATADD_T2_Train_005027.flac
/root/atadd_track2_subset_v1/train/ATADD_T2_Train_005032.flac,0,speech,-,ATADD_T2_Train_005032.flac
/root/atadd_track2_subset_v1/train/ATADD_T2_Train_005053.flac,0,speech,-,ATADD_T2_Train_005053.flac
/root/atadd_track2_subset_v1/train/ATADD_T2_Train_005064.flac,0,speech,-,ATADD_T2_Train_005064.flac
/root/atadd_track2_subset_v1/train/ATADD_T2_Train_005095.flac,0,speech,-,ATADD_T2_Train_005095.flac
/root/atadd_track2_subset_v1/train/ATADD_T2_Train_005098.flac,0,speech,-,ATADD_T2_Train_005098.flac
/root/atadd_track2_subset_v1/train/ATADD_T2_Train_005199.flac,0,speech,-,ATADD_T2_Train_005199.flac
/root/atadd_track2_subset_v1/train/ATADD_T2_Train_005211.flac,0,speech,-,ATADD_T2_Train_005211.flac
/root/atadd_track2_subset_v1/train/ATADD_T2_Train_005214.flac,0,speech,-,ATADD_T2_Train_005214.flac
/root/atadd_track2_subset_v1/train/ATADD_T2_Train_005222.flac,0,speech,-,ATADD_T2_Train_005222.flac
/root/atadd_track2_subset_v1/train/ATADD_T2_Train_005225.flac,0,speech,-,ATADD_T2_Train_005225.flac
/root/atadd_track2_subset_v1/train/ATADD_T2_Train_005235.flac,0,speech,-,ATADD_T2_Train_005235.flac
/root/atadd_track2_subset_v1/train/ATADD_T2_Train_005237.flac,0,speech,-,ATADD_T2_Train_005237.flac
/root/atadd_track2_subset_v1/train/ATADD_T2_Train_005239.flac,0,speech,-,ATADD_T2_Train_005239.flac
/root/atadd_track2_subset_v1/train/ATADD_T2_Train_005258.flac,0,speech,-,ATADD_T2_Train_005258.flac
/root/atadd_track2_subset_v1/train/ATADD_T2_Train_005270.flac,0,speech,-,ATADD_T2_Train_005270.flac
/root/atadd_track2_subset_v1/train/ATADD_T2_Train_005286.flac,0,speech,-,ATADD_T2_Train_005286.flac
/root/atadd_track2_subset_v1/train/ATADD_T2_Train_005302.flac,0,speech,-,ATADD_T2_Train_005302.flac
/root/atadd_track2_subset_v1/train/ATADD_T2_Train_005328.flac,0,speech,-,ATADD_T2_Train_005328.flac
/root/atadd_track2_subset_v1/train/ATADD_T2_Train_005344.flac,0,speech,-,ATADD_T2_Train_005344.flac
/root/atadd_track2_subset_v1/train/ATADD_T2_Train_005425.flac,0,speech,-,ATADD_T2_Train_005425.flac
/root/atadd_track2_subset_v1/train/ATADD_T2_Train_005426.flac,0,speech,-,ATADD_T2_Train_005426.flac
/root/atadd_track2_subset_v1/train/ATADD_T2_Train_005429.flac,0,speech,-,ATADD_T2_Train_005429.flac
/root/atadd_track2_subset_v1/train/ATADD_T2_Train_005432.flac,0,speech,-,ATADD_T2_Train_005432.flac
/root/atadd_track2_subset_v1/train/ATADD_T2_Train_005436.flac,0,speech,-,ATADD_T2_Train_005436.flac
/root/atadd_track2_subset_v1/train/ATADD_T2_Train_005500.flac,0,speech,-,ATADD_T2_Train_005500.flac
/root/atadd_track2_subset_v1/train/ATADD_T2_Train_005501.flac,0,speech,-,ATADD_T2_Train_005501.flac
/root/atadd_track2_subset_v1/train/ATADD_T2_Train_005510.flac,0,speech,-,ATADD_T2_Train_005510.flac
/root/atadd_track2_subset_v1/train/ATADD_T2_Train_005515.flac,0,speech,-,ATADD_T2_Train_005515.flac
/root/atadd_track2_subset_v1/train/ATADD_T2_Train_005536.flac,0,speech,-,ATADD_T2_Train_005536.flac
/root/atadd_track2_subset_v1/train/ATADD_T2_Train_005537.flac,0,speech,-,ATADD_T2_Train_005537.flac
/root/atadd_track2_subset_v1/train/ATADD_T2_Train_005583.flac,0,speech,-,ATADD_T2_Train_005583.flac
/root/atadd_track2_subset_v1/train/ATADD_T2_Train_005601.flac,0,speech,-,ATADD_T2_Train_005601.flac
/root/atadd_track2_subset_v1/train/ATADD_T2_Train_005615.flac,0,speech,-,ATADD_T2_Train_005615.flac
/root/atadd_track2_subset_v1/train/ATADD_T2_Train_005623.flac,0,speech,-,ATADD_T2_Train_005623.flac
/root/atadd_track2_subset_v1/train/ATADD_T2_Train_005633.flac,0,speech,-,ATADD_T2_Train_005633.flac
/root/atadd_track2_subset_v1/train/ATADD_T2_Train_005634.flac,0,speech,-,ATADD_T2_Train_005634.flac
/root/atadd_track2_subset_v1/train/ATADD_T2_Train_005637.flac,0,speech,-,ATADD_T2_Train_005637.flac
/root/atadd_track2_subset_v1/train/ATADD_T2_Train_005641.flac,0,speech,-,ATADD_T2_Train_005641.flac
/root/atadd_track2_subset_v1/train/ATADD_T2_Train_005683.flac,0,speech,-,ATADD_T2_Train_005683.flac
/root/atadd_track2_subset_v1/train/ATADD_T2_Train_005714.flac,0,speech,-,ATADD_T2_Train_005714.flac
/root/atadd_track2_subset_v1/train/ATADD_T2_Train_005731.flac,0,speech,-,ATADD_T2_Train_005731.flac
/root/atadd_track2_subset_v1/train/ATADD_T2_Train_005743.flac,0,speech,-,ATADD_T2_Train_005743.flac
/root/atadd_track2_subset_v1/train/ATADD_T2_Train_005755.flac,0,speech,-,ATADD_T2_Train_005755.flac
/root/atadd_track2_subset_v1/train/ATADD_T2_Train_005762.flac,0,speech,-,ATADD_T2_Train_005762.flac
/root/atadd_track2_subset_v1/train/ATADD_T2_Train_005814.flac,0,speech,-,ATADD_T2_Train_005814.flac
/root/atadd_track2_subset_v1/train/ATADD_T2_Train_005821.flac,0,speech,-,ATADD_T2_Train_005821.flac
/root/atadd_track2_subset_v1/train/ATADD_T2_Train_005847.flac,0,speech,-,ATADD_T2_Train_005847.flac
/root/atadd_track2_subset_v1/train/ATADD_T2_Train_005857.flac,0,speech,-,ATADD_T2_Train_005857.flac
/root/atadd_track2_subset_v1/train/ATADD_T2_Train_005874.flac,0,speech,-,ATADD_T2_Train_005874.flac
/root/atadd_track2_subset_v1/train/ATADD_T2_Train_005879.flac,0,speech,-,ATADD_T2_Train_005879.flac
/root/atadd_track2_subset_v1/train/ATADD_T2_Train_005905.flac,0,speech,-,ATADD_T2_Train_005905.flac
/root/atadd_track2_subset_v1/train/ATADD_T2_Train_005912.flac,0,speech,-,ATADD_T2_Train_005912.flac
/root/atadd_track2_subset_v1/train/ATADD_T2_Train_005979.flac,0,speech,-,ATADD_T2_Train_005979.flac
/root/atadd_track2_subset_v1/train/ATADD_T2_Train_006036.flac,0,speech,-,ATADD_T2_Train_006036.flac
/root/atadd_track2_subset_v1/train/ATADD_T2_Train_006053.flac,0,speech,-,ATADD_T2_Train_006053.flac
/root/atadd_track2_subset_v1/train/ATADD_T2_Train_006079.flac,0,speech,-,ATADD_T2_Train_006079.flac
/root/atadd_track2_subset_v1/train/ATADD_T2_Train_006090.flac,0,speech,-,ATADD_T2_Train_006090.flac
/root/atadd_track2_subset_v1/train/ATADD_T2_Train_006103.flac,0,speech,-,ATADD_T2_Train_006103.flac
/root/atadd_track2_subset_v1/train/ATADD_T2_Train_006121.flac,0,speech,-,ATADD_T2_Train_006121.flac
/root/atadd_track2_subset_v1/train/ATADD_T2_Train_006127.flac,0,speech,-,ATADD_T2_Train_006127.flac
/root/atadd_track2_subset_v1/train/ATADD_T2_Train_006132.flac,0,speech,-,ATADD_T2_Train_006132.flac
/root/atadd_track2_subset_v1/train/ATADD_T2_Train_006150.flac,0,speech,-,ATADD_T2_Train_006150.flac
/root/atadd_track2_subset_v1/train/ATADD_T2_Train_006152.flac,0,speech,-,ATADD_T2_Train_006152.flac
/root/atadd_track2_subset_v1/train/ATADD_T2_Train_006169.flac,0,speech,-,ATADD_T2_Train_006169.flac
/root/atadd_track2_subset_v1/train/ATADD_T2_Train_006200.flac,0,speech,-,ATADD_T2_Train_006200.flac
/root/atadd_track2_subset_v1/train/ATADD_T2_Train_006205.flac,0,speech,-,ATADD_T2_Train_006205.flac
/root/atadd_track2_subset_v1/train/ATADD_T2_Train_006250.flac,0,speech,-,ATADD_T2_Train_006250.flac
/root/atadd_track2_subset_v1/train/ATADD_T2_Train_006254.flac,0,speech,-,ATADD_T2_Train_006254.flac
/root/atadd_track2_subset_v1/train/ATADD_T2_Train_006276.flac,0,speech,-,ATADD_T2_Train_006276.flac
/root/atadd_track2_subset_v1/train/ATADD_T2_Train_006324.flac,0,speech,-,ATADD_T2_Train_006324.flac
/root/atadd_track2_subset_v1/train/ATADD_T2_Train_006334.flac,0,speech,-,ATADD_T2_Train_006334.flac
/root/atadd_track2_subset_v1/train/ATADD_T2_Train_006343.flac,0,speech,-,ATADD_T2_Train_006343.flac
/root/atadd_track2_subset_v1/train/ATADD_T2_Train_006350.flac,0,speech,-,ATADD_T2_Train_006350.flac
/root/atadd_track2_subset_v1/train/ATADD_T2_Train_006359.flac,0,speech,-,ATADD_T2_Train_006359.flac
/root/atadd_track2_subset_v1/train/ATADD_T2_Train_006362.flac,0,speech,-,ATADD_T2_Train_006362.flac
/root/atadd_track2_subset_v1/train/ATADD_T2_Train_006364.flac,0,speech,-,ATADD_T2_Train_006364.flac
/root/atadd_track2_subset_v1/train/ATADD_T2_Train_006416.flac,0,speech,-,ATADD_T2_Train_006416.flac
/root/atadd_track2_subset_v1/train/ATADD_T2_Train_006438.flac,0,speech,-,ATADD_T2_Train_006438.flac
/root/atadd_track2_subset_v1/train/ATADD_T2_Train_006469.flac,0,speech,-,ATADD_T2_Train_006469.flac
/root/atadd_track2_subset_v1/train/ATADD_T2_Train_006482.flac,0,speech,-,ATADD_T2_Train_006482.flac
/root/atadd_track2_subset_v1/train/ATADD_T2_Train_006485.flac,0,speech,-,ATADD_T2_Train_006485.flac
/root/atadd_track2_subset_v1/train/ATADD_T2_Train_006504.flac,0,speech,-,ATADD_T2_Train_006504.flac
/root/atadd_track2_subset_v1/train/ATADD_T2_Train_006507.flac,0,speech,-,ATADD_T2_Train_006507.flac
/root/atadd_track2_subset_v1/train/ATADD_T2_Train_006511.flac,0,speech,-,ATADD_T2_Train_006511.flac
/root/atadd_track2_subset_v1/train/ATADD_T2_Train_006513.flac,0,speech,-,ATADD_T2_Train_006513.flac
/root/atadd_track2_subset_v1/train/ATADD_T2_Train_006582.flac,0,speech,-,ATADD_T2_Train_006582.flac
/root/atadd_track2_subset_v1/train/ATADD_T2_Train_006603.flac,0,speech,-,ATADD_T2_Train_006603.flac
/root/atadd_track2_subset_v1/train/ATADD_T2_Train_006610.flac,0,speech,-,ATADD_T2_Train_006610.flac
/root/atadd_track2_subset_v1/train/ATADD_T2_Train_006621.flac,0,speech,-,ATADD_T2_Train_006621.flac
/root/atadd_track2_subset_v1/train/ATADD_T2_Train_006629.flac,0,speech,-,ATADD_T2_Train_006629.flac
/root/atadd_track2_subset_v1/train/ATADD_T2_Train_006672.flac,0,speech,-,ATADD_T2_Train_006672.flac
/root/atadd_track2_subset_v1/train/ATADD_T2_Train_006705.flac,0,speech,-,ATADD_T2_Train_006705.flac
/root/atadd_track2_subset_v1/train/ATADD_T2_Train_006706.flac,0,speech,-,ATADD_T2_Train_006706.flac
/root/atadd_track2_subset_v1/train/ATADD_T2_Train_006710.flac,0,speech,-,ATADD_T2_Train_006710.flac
/root/atadd_track2_subset_v1/train/ATADD_T2_Train_006733.flac,0,speech,-,ATADD_T2_Train_006733.flac
/root/atadd_track2_subset_v1/train/ATADD_T2_Train_006769.flac,0,speech,-,ATADD_T2_Train_006769.flac
/root/atadd_track2_subset_v1/train/ATADD_T2_Train_006783.flac,0,speech,-,ATADD_T2_Train_006783.flac
/root/atadd_track2_subset_v1/train/ATADD_T2_Train_006784.flac,0,speech,-,ATADD_T2_Train_006784.flac
/root/atadd_track2_subset_v1/train/ATADD_T2_Train_006791.flac,0,speech,-,ATADD_T2_Train_006791.flac
/root/atadd_track2_subset_v1/train/ATADD_T2_Train_006829.flac,0,speech,-,ATADD_T2_Train_006829.flac
/root/atadd_track2_subset_v1/train/ATADD_T2_Train_006858.flac,0,speech,-,ATADD_T2_Train_006858.flac
/root/atadd_track2_subset_v1/train/ATADD_T2_Train_006859.flac,0,speech,-,ATADD_T2_Train_006859.flac
/root/atadd_track2_subset_v1/train/ATADD_T2_Train_006875.flac,0,speech,-,ATADD_T2_Train_006875.flac
/root/atadd_track2_subset_v1/train/ATADD_T2_Train_006876.flac,0,speech,-,ATADD_T2_Train_006876.flac
/root/atadd_track2_subset_v1/train/ATADD_T2_Train_006890.flac,0,speech,-,ATADD_T2_Train_006890.flac
/root/atadd_track2_subset_v1/train/ATADD_T2_Train_006937.flac,0,speech,-,ATADD_T2_Train_006937.flac
/root/atadd_track2_subset_v1/train/ATADD_T2_Train_006944.flac,0,speech,-,ATADD_T2_Train_006944.flac
/root/atadd_track2_subset_v1/train/ATADD_T2_Train_007006.flac,0,speech,-,ATADD_T2_Train_007006.flac
/root/atadd_track2_subset_v1/train/ATADD_T2_Train_007067.flac,0,speech,-,ATADD_T2_Train_007067.flac
/root/atadd_track2_subset_v1/train/ATADD_T2_Train_007114.flac,0,speech,-,ATADD_T2_Train_007114.flac
/root/atadd_track2_subset_v1/train/ATADD_T2_Train_007134.flac,0,speech,-,ATADD_T2_Train_007134.flac
/root/atadd_track2_subset_v1/train/ATADD_T2_Train_007158.flac,0,speech,-,ATADD_T2_Train_007158.flac
/root/atadd_track2_subset_v1/train/ATADD_T2_Train_007180.flac,0,speech,-,ATADD_T2_Train_007180.flac
/root/atadd_track2_subset_v1/train/ATADD_T2_Train_007205.flac,0,speech,-,ATADD_T2_Train_007205.flac
/root/atadd_track2_subset_v1/train/ATADD_T2_Train_007238.flac,0,speech,-,ATADD_T2_Train_007238.flac
/root/atadd_track2_subset_v1/train/ATADD_T2_Train_007260.flac,0,speech,-,ATADD_T2_Train_007260.flac
/root/atadd_track2_subset_v1/train/ATADD_T2_Train_007304.flac,0,speech,-,ATADD_T2_Train_007304.flac
/root/atadd_track2_subset_v1/train/ATADD_T2_Train_007309.flac,0,speech,-,ATADD_T2_Train_007309.flac
/root/atadd_track2_subset_v1/train/ATADD_T2_Train_007318.flac,0,speech,-,ATADD_T2_Train_007318.flac
/root/atadd_track2_subset_v1/train/ATADD_T2_Train_007358.flac,0,speech,-,ATADD_T2_Train_007358.flac
/root/atadd_track2_subset_v1/train/ATADD_T2_Train_007394.flac,0,speech,-,ATADD_T2_Train_007394.flac
/root/atadd_track2_subset_v1/train/ATADD_T2_Train_007479.flac,0,speech,-,ATADD_T2_Train_007479.flac
/root/atadd_track2_subset_v1/train/ATADD_T2_Train_007497.flac,0,speech,-,ATADD_T2_Train_007497.flac
/root/atadd_track2_subset_v1/train/ATADD_T2_Train_007507.flac,0,speech,-,ATADD_T2_Train_007507.flac
/root/atadd_track2_subset_v1/train/ATADD_T2_Train_007521.flac,0,speech,-,ATADD_T2_Train_007521.flac
/root/atadd_track2_subset_v1/train/ATADD_T2_Train_007599.flac,0,speech,-,ATADD_T2_Train_007599.flac
/root/atadd_track2_subset_v1/train/ATADD_T2_Train_007606.flac,0,speech,-,ATADD_T2_Train_007606.flac
/root/atadd_track2_subset_v1/train/ATADD_T2_Train_007620.flac,0,speech,-,ATADD_T2_Train_007620.flac
/root/atadd_track2_subset_v1/train/ATADD_T2_Train_007647.flac,0,speech,-,ATADD_T2_Train_007647.flac
/root/atadd_track2_subset_v1/train/ATADD_T2_Train_007710.flac,0,speech,-,ATADD_T2_Train_007710.flac
/root/atadd_track2_subset_v1/train/ATADD_T2_Train_007714.flac,0,speech,-,ATADD_T2_Train_007714.flac
/root/atadd_track2_subset_v1/train/ATADD_T2_Train_007716.flac,0,speech,-,ATADD_T2_Train_007716.flac
/root/atadd_track2_subset_v1/train/ATADD_T2_Train_007729.flac,0,speech,-,ATADD_T2_Train_007729.flac
/root/atadd_track2_subset_v1/train/ATADD_T2_Train_007737.flac,0,speech,-,ATADD_T2_Train_007737.flac
/root/atadd_track2_subset_v1/train/ATADD_T2_Train_007751.flac,0,speech,-,ATADD_T2_Train_007751.flac
/root/atadd_track2_subset_v1/train/ATADD_T2_Train_007759.flac,0,speech,-,ATADD_T2_Train_007759.flac
/root/atadd_track2_subset_v1/train/ATADD_T2_Train_007768.flac,0,speech,-,ATADD_T2_Train_007768.flac
/root/atadd_track2_subset_v1/train/ATADD_T2_Train_007776.flac,0,speech,-,ATADD_T2_Train_007776.flac
/root/atadd_track2_subset_v1/train/ATADD_T2_Train_007780.flac,0,speech,-,ATADD_T2_Train_007780.flac
/root/atadd_track2_subset_v1/train/ATADD_T2_Train_007786.flac,0,speech,-,ATADD_T2_Train_007786.flac
/root/atadd_track2_subset_v1/train/ATADD_T2_Train_007795.flac,0,speech,-,ATADD_T2_Train_007795.flac
/root/atadd_track2_subset_v1/train/ATADD_T2_Train_007804.flac,0,speech,-,ATADD_T2_Train_007804.flac
/root/atadd_track2_subset_v1/train/ATADD_T2_Train_007832.flac,0,speech,-,ATADD_T2_Train_007832.flac
/root/atadd_track2_subset_v1/train/ATADD_T2_Train_007856.flac,0,speech,-,ATADD_T2_Train_007856.flac
/root/atadd_track2_subset_v1/train/ATADD_T2_Train_007870.flac,0,speech,-,ATADD_T2_Train_007870.flac
/root/atadd_track2_subset_v1/train/ATADD_T2_Train_007893.flac,0,speech,-,ATADD_T2_Train_007893.flac
/root/atadd_track2_subset_v1/train/ATADD_T2_Train_007910.flac,0,speech,-,ATADD_T2_Train_007910.flac
/root/atadd_track2_subset_v1/train/ATADD_T2_Train_007938.flac,0,speech,-,ATADD_T2_Train_007938.flac
/root/atadd_track2_subset_v1/train/ATADD_T2_Train_007941.flac,0,speech,-,ATADD_T2_Train_007941.flac
/root/atadd_track2_subset_v1/train/ATADD_T2_Train_007956.flac,0,speech,-,ATADD_T2_Train_007956.flac
/root/atadd_track2_subset_v1/train/ATADD_T2_Train_007983.flac,0,speech,-,ATADD_T2_Train_007983.flac
/root/atadd_track2_subset_v1/train/ATADD_T2_Train_008009.flac,0,speech,-,ATADD_T2_Train_008009.flac
/root/atadd_track2_subset_v1/train/ATADD_T2_Train_008014.flac,0,speech,-,ATADD_T2_Train_008014.flac
/root/atadd_track2_subset_v1/train/ATADD_T2_Train_008036.flac,0,speech,-,ATADD_T2_Train_008036.flac
/root/atadd_track2_subset_v1/train/ATADD_T2_Train_008044.flac,0,speech,-,ATADD_T2_Train_008044.flac
/root/atadd_track2_subset_v1/train/ATADD_T2_Train_008055.flac,0,speech,-,ATADD_T2_Train_008055.flac
/root/atadd_track2_subset_v1/train/ATADD_T2_Train_008065.flac,0,speech,-,ATADD_T2_Train_008065.flac
/root/atadd_track2_subset_v1/train/ATADD_T2_Train_008079.flac,0,speech,-,ATADD_T2_Train_008079.flac
/root/atadd_track2_subset_v1/train/ATADD_T2_Train_008130.flac,0,speech,-,ATADD_T2_Train_008130.flac
/root/atadd_track2_subset_v1/train/ATADD_T2_Train_008149.flac,0,speech,-,ATADD_T2_Train_008149.flac
/root/atadd_track2_subset_v1/train/ATADD_T2_Train_008200.flac,0,speech,-,ATADD_T2_Train_008200.flac
/root/atadd_track2_subset_v1/train/ATADD_T2_Train_008227.flac,0,speech,-,ATADD_T2_Train_008227.flac
/root/atadd_track2_subset_v1/train/ATADD_T2_Train_008232.flac,0,speech,-,ATADD_T2_Train_008232.flac
/root/atadd_track2_subset_v1/train/ATADD_T2_Train_008276.flac,0,speech,-,ATADD_T2_Train_008276.flac
/root/atadd_track2_subset_v1/train/ATADD_T2_Train_008304.flac,0,speech,-,ATADD_T2_Train_008304.flac
/root/atadd_track2_subset_v1/train/ATADD_T2_Train_008312.flac,0,speech,-,ATADD_T2_Train_008312.flac
/root/atadd_track2_subset_v1/train/ATADD_T2_Train_008381.flac,0,speech,-,ATADD_T2_Train_008381.flac
/root/atadd_track2_subset_v1/train/ATADD_T2_Train_008410.flac,0,speech,-,ATADD_T2_Train_008410.flac
/root/atadd_track2_subset_v1/train/ATADD_T2_Train_008443.flac,0,speech,-,ATADD_T2_Train_008443.flac
/root/atadd_track2_subset_v1/train/ATADD_T2_Train_008463.flac,0,speech,-,ATADD_T2_Train_008463.flac
/root/atadd_track2_subset_v1/train/ATADD_T2_Train_008468.flac,0,speech,-,ATADD_T2_Train_008468.flac
/root/atadd_track2_subset_v1/train/ATADD_T2_Train_008476.flac,0,speech,-,ATADD_T2_Train_008476.flac
/root/atadd_track2_subset_v1/train/ATADD_T2_Train_008515.flac,0,speech,-,ATADD_T2_Train_008515.flac
/root/atadd_track2_subset_v1/train/ATADD_T2_Train_008531.flac,0,speech,-,ATADD_T2_Train_008531.flac
/root/atadd_track2_subset_v1/train/ATADD_T2_Train_008562.flac,0,speech,-,ATADD_T2_Train_008562.flac
/root/atadd_track2_subset_v1/train/ATADD_T2_Train_008590.flac,0,speech,-,ATADD_T2_Train_008590.flac
/root/atadd_track2_subset_v1/train/ATADD_T2_Train_008623.flac,0,speech,-,ATADD_T2_Train_008623.flac
/root/atadd_track2_subset_v1/train/ATADD_T2_Train_008626.flac,0,speech,-,ATADD_T2_Train_008626.flac
/root/atadd_track2_subset_v1/train/ATADD_T2_Train_008675.flac,0,speech,-,ATADD_T2_Train_008675.flac
/root/atadd_track2_subset_v1/train/ATADD_T2_Train_008681.flac,0,speech,-,ATADD_T2_Train_008681.flac
/root/atadd_track2_subset_v1/train/ATADD_T2_Train_008744.flac,0,speech,-,ATADD_T2_Train_008744.flac
/root/atadd_track2_subset_v1/train/ATADD_T2_Train_008760.flac,0,speech,-,ATADD_T2_Train_008760.flac
/root/atadd_track2_subset_v1/train/ATADD_T2_Train_008774.flac,0,speech,-,ATADD_T2_Train_008774.flac
/root/atadd_track2_subset_v1/train/ATADD_T2_Train_008776.flac,0,speech,-,ATADD_T2_Train_008776.flac
/root/atadd_track2_subset_v1/train/ATADD_T2_Train_008850.flac,0,speech,-,ATADD_T2_Train_008850.flac
/root/atadd_track2_subset_v1/train/ATADD_T2_Train_008872.flac,0,speech,-,ATADD_T2_Train_008872.flac
/root/atadd_track2_subset_v1/train/ATADD_T2_Train_008883.flac,0,speech,-,ATADD_T2_Train_008883.flac
/root/atadd_track2_subset_v1/train/ATADD_T2_Train_008915.flac,0,speech,-,ATADD_T2_Train_008915.flac
/root/atadd_track2_subset_v1/train/ATADD_T2_Train_008947.flac,0,speech,-,ATADD_T2_Train_008947.flac
/root/atadd_track2_subset_v1/train/ATADD_T2_Train_008963.flac,0,speech,-,ATADD_T2_Train_008963.flac
/root/atadd_track2_subset_v1/train/ATADD_T2_Train_009006.flac,0,speech,-,ATADD_T2_Train_009006.flac
/root/atadd_track2_subset_v1/train/ATADD_T2_Train_009034.flac,0,speech,-,ATADD_T2_Train_009034.flac
/root/atadd_track2_subset_v1/train/ATADD_T2_Train_009045.flac,0,speech,-,ATADD_T2_Train_009045.flac
/root/atadd_track2_subset_v1/train/ATADD_T2_Train_009071.flac,0,speech,-,ATADD_T2_Train_009071.flac
/root/atadd_track2_subset_v1/train/ATADD_T2_Train_009079.flac,0,speech,-,ATADD_T2_Train_009079.flac
/root/atadd_track2_subset_v1/train/ATADD_T2_Train_009116.flac,0,speech,-,ATADD_T2_Train_009116.flac
/root/atadd_track2_subset_v1/train/ATADD_T2_Train_009147.flac,0,speech,-,ATADD_T2_Train_009147.flac
/root/atadd_track2_subset_v1/train/ATADD_T2_Train_009160.flac,0,speech,-,ATADD_T2_Train_009160.flac
/root/atadd_track2_subset_v1/train/ATADD_T2_Train_009199.flac,0,speech,-,ATADD_T2_Train_009199.flac
/root/atadd_track2_subset_v1/train/ATADD_T2_Train_009208.flac,0,speech,-,ATADD_T2_Train_009208.flac
/root/atadd_track2_subset_v1/train/ATADD_T2_Train_009220.flac,0,speech,-,ATADD_T2_Train_009220.flac
/root/atadd_track2_subset_v1/train/ATADD_T2_Train_009226.flac,0,speech,-,ATADD_T2_Train_009226.flac
/root/atadd_track2_subset_v1/train/ATADD_T2_Train_009235.flac,0,speech,-,ATADD_T2_Train_009235.flac
/root/atadd_track2_subset_v1/train/ATADD_T2_Train_009245.flac,0,speech,-,ATADD_T2_Train_009245.flac
/root/atadd_track2_subset_v1/train/ATADD_T2_Train_009266.flac,0,speech,-,ATADD_T2_Train_009266.flac
/root/atadd_track2_subset_v1/train/ATADD_T2_Train_009268.flac,0,speech,-,ATADD_T2_Train_009268.flac
/root/atadd_track2_subset_v1/train/ATADD_T2_Train_009284.flac,0,speech,-,ATADD_T2_Train_009284.flac
/root/atadd_track2_subset_v1/train/ATADD_T2_Train_009298.flac,0,speech,-,ATADD_T2_Train_009298.flac
/root/atadd_track2_subset_v1/train/ATADD_T2_Train_009301.flac,0,speech,-,ATADD_T2_Train_009301.flac
/root/atadd_track2_subset_v1/train/ATADD_T2_Train_009318.flac,0,speech,-,ATADD_T2_Train_009318.flac
/root/atadd_track2_subset_v1/train/ATADD_T2_Train_009330.flac,0,speech,-,ATADD_T2_Train_009330.flac
/root/atadd_track2_subset_v1/train/ATADD_T2_Train_009359.flac,0,speech,-,ATADD_T2_Train_009359.flac
/root/atadd_track2_subset_v1/train/ATADD_T2_Train_009364.flac,0,speech,-,ATADD_T2_Train_009364.flac
/root/atadd_track2_subset_v1/train/ATADD_T2_Train_009368.flac,0,speech,-,ATADD_T2_Train_009368.flac
/root/atadd_track2_subset_v1/train/ATADD_T2_Train_009373.flac,0,speech,-,ATADD_T2_Train_009373.flac
/root/atadd_track2_subset_v1/train/ATADD_T2_Train_009376.flac,0,speech,-,ATADD_T2_Train_009376.flac
/root/atadd_track2_subset_v1/train/ATADD_T2_Train_009384.flac,0,speech,-,ATADD_T2_Train_009384.flac
/root/atadd_track2_subset_v1/train/ATADD_T2_Train_009386.flac,0,speech,-,ATADD_T2_Train_009386.flac
/root/atadd_track2_subset_v1/train/ATADD_T2_Train_009433.flac,0,speech,-,ATADD_T2_Train_009433.flac
/root/atadd_track2_subset_v1/train/ATADD_T2_Train_009471.flac,0,speech,-,ATADD_T2_Train_009471.flac
/root/atadd_track2_subset_v1/train/ATADD_T2_Train_009508.flac,0,speech,-,ATADD_T2_Train_009508.flac
/root/atadd_track2_subset_v1/train/ATADD_T2_Train_009547.flac,0,speech,-,ATADD_T2_Train_009547.flac
/root/atadd_track2_subset_v1/train/ATADD_T2_Train_009553.flac,0,speech,-,ATADD_T2_Train_009553.flac
/root/atadd_track2_subset_v1/train/ATADD_T2_Train_009562.flac,0,speech,-,ATADD_T2_Train_009562.flac
/root/atadd_track2_subset_v1/train/ATADD_T2_Train_009569.flac,0,speech,-,ATADD_T2_Train_009569.flac
/root/atadd_track2_subset_v1/train/ATADD_T2_Train_009577.flac,0,speech,-,ATADD_T2_Train_009577.flac
/root/atadd_track2_subset_v1/train/ATADD_T2_Train_009594.flac,0,speech,-,ATADD_T2_Train_009594.flac
/root/atadd_track2_subset_v1/train/ATADD_T2_Train_009602.flac,0,speech,-,ATADD_T2_Train_009602.flac
/root/atadd_track2_subset_v1/train/ATADD_T2_Train_009612.flac,0,speech,-,ATADD_T2_Train_009612.flac
/root/atadd_track2_subset_v1/train/ATADD_T2_Train_009616.flac,0,speech,-,ATADD_T2_Train_009616.flac
/root/atadd_track2_subset_v1/train/ATADD_T2_Train_009627.flac,0,speech,-,ATADD_T2_Train_009627.flac
/root/atadd_track2_subset_v1/train/ATADD_T2_Train_009633.flac,0,speech,-,ATADD_T2_Train_009633.flac
/root/atadd_track2_subset_v1/train/ATADD_T2_Train_009650.flac,0,speech,-,ATADD_T2_Train_009650.flac
/root/atadd_track2_subset_v1/train/ATADD_T2_Train_009663.flac,0,speech,-,ATADD_T2_Train_009663.flac
/root/atadd_track2_subset_v1/train/ATADD_T2_Train_009693.flac,0,speech,-,ATADD_T2_Train_009693.flac
/root/atadd_track2_subset_v1/train/ATADD_T2_Train_009708.flac,0,speech,-,ATADD_T2_Train_009708.flac
/root/atadd_track2_subset_v1/train/ATADD_T2_Train_009729.flac,0,speech,-,ATADD_T2_Train_009729.flac
/root/atadd_track2_subset_v1/train/ATADD_T2_Train_009733.flac,0,speech,-,ATADD_T2_Train_009733.flac
/root/atadd_track2_subset_v1/train/ATADD_T2_Train_009750.flac,0,speech,-,ATADD_T2_Train_009750.flac
/root/atadd_track2_subset_v1/train/ATADD_T2_Train_009784.flac,0,speech,-,ATADD_T2_Train_009784.flac
/root/atadd_track2_subset_v1/train/ATADD_T2_Train_009831.flac,0,speech,-,ATADD_T2_Train_009831.flac
/root/atadd_track2_subset_v1/train/ATADD_T2_Train_009834.flac,0,speech,-,ATADD_T2_Train_009834.flac
/root/atadd_track2_subset_v1/train/ATADD_T2_Train_009850.flac,0,speech,-,ATADD_T2_Train_009850.flac
/root/atadd_track2_subset_v1/train/ATADD_T2_Train_009858.flac,0,speech,-,ATADD_T2_Train_009858.flac
/root/atadd_track2_subset_v1/train/ATADD_T2_Train_009870.flac,0,speech,-,ATADD_T2_Train_009870.flac
/root/atadd_track2_subset_v1/train/ATADD_T2_Train_009912.flac,0,speech,-,ATADD_T2_Train_009912.flac
/root/atadd_track2_subset_v1/train/ATADD_T2_Train_009951.flac,0,speech,-,ATADD_T2_Train_009951.flac
/root/atadd_track2_subset_v1/train/ATADD_T2_Train_009968.flac,0,speech,-,ATADD_T2_Train_009968.flac
/root/atadd_track2_subset_v1/train/ATADD_T2_Train_009973.flac,0,speech,-,ATADD_T2_Train_009973.flac
/root/atadd_track2_subset_v1/train/ATADD_T2_Train_009978.flac,0,speech,-,ATADD_T2_Train_009978.flac
/root/atadd_track2_subset_v1/train/ATADD_T2_Train_009979.flac,0,speech,-,ATADD_T2_Train_009979.flac
/root/atadd_track2_subset_v1/train/ATADD_T2_Train_010044.flac,1,speech,prodiff_teacher_fastdiff,ATADD_T2_Train_010044.flac
/root/atadd_track2_subset_v1/train/ATADD_T2_Train_010071.flac,1,speech,prodiff_teacher_fastdiff,ATADD_T2_Train_010071.flac
/root/atadd_track2_subset_v1/train/ATADD_T2_Train_010095.flac,1,speech,prodiff_teacher_fastdiff,ATADD_T2_Train_010095.flac
/root/atadd_track2_subset_v1/train/ATADD_T2_Train_010162.flac,1,speech,prodiff_teacher_fastdiff,ATADD_T2_Train_010162.flac
/root/atadd_track2_subset_v1/train/ATADD_T2_Train_010168.flac,1,speech,prodiff_teacher_fastdiff,ATADD_T2_Train_010168.flac
/root/atadd_track2_subset_v1/train/ATADD_T2_Train_010417.flac,1,speech,prodiff_teacher_fastdiff,ATADD_T2_Train_010417.flac
/root/atadd_track2_subset_v1/train/ATADD_T2_Train_010522.flac,1,speech,prodiff_teacher_fastdiff,ATADD_T2_Train_010522.flac
/root/atadd_track2_subset_v1/train/ATADD_T2_Train_010528.flac,1,speech,prodiff_teacher_fastdiff,ATADD_T2_Train_010528.flac
/root/atadd_track2_subset_v1/train/ATADD_T2_Train_010555.flac,1,speech,prodiff_teacher_fastdiff,ATADD_T2_Train_010555.flac
/root/atadd_track2_subset_v1/train/ATADD_T2_Train_010608.flac,1,speech,prodiff_teacher_fastdiff,ATADD_T2_Train_010608.flac
/root/atadd_track2_subset_v1/train/ATADD_T2_Train_010628.flac,1,speech,prodiff_teacher_fastdiff,ATADD_T2_Train_010628.flac
/root/atadd_track2_subset_v1/train/ATADD_T2_Train_010743.flac,1,speech,prodiff_teacher_fastdiff,ATADD_T2_Train_010743.flac
/root/atadd_track2_subset_v1/train/ATADD_T2_Train_010783.flac,1,speech,prodiff_teacher_fastdiff,ATADD_T2_Train_010783.flac
/root/atadd_track2_subset_v1/train/ATADD_T2_Train_010790.flac,1,speech,prodiff_teacher_fastdiff,ATADD_T2_Train_010790.flac
/root/atadd_track2_subset_v1/train/ATADD_T2_Train_010805.flac,1,speech,prodiff_teacher_fastdiff,ATADD_T2_Train_010805.flac
/root/atadd_track2_subset_v1/train/ATADD_T2_Train_010830.flac,1,speech,prodiff_teacher_fastdiff,ATADD_T2_Train_010830.flac
/root/atadd_track2_subset_v1/train/ATADD_T2_Train_010903.flac,1,speech,prodiff_teacher_fastdiff,ATADD_T2_Train_010903.flac
/root/atadd_track2_subset_v1/train/ATADD_T2_Train_011067.flac,1,speech,prodiff_teacher_fastdiff,ATADD_T2_Train_011067.flac
/root/atadd_track2_subset_v1/train/ATADD_T2_Train_011093.flac,1,speech,prodiff_teacher_fastdiff,ATADD_T2_Train_011093.flac
/root/atadd_track2_subset_v1/train/ATADD_T2_Train_011279.flac,1,speech,prodiff_teacher_fastdiff,ATADD_T2_Train_011279.flac
/root/atadd_track2_subset_v1/train/ATADD_T2_Train_011428.flac,1,speech,prodiff_teacher_fastdiff,ATADD_T2_Train_011428.flac
/root/atadd_track2_subset_v1/train/ATADD_T2_Train_011566.flac,1,speech,prodiff_teacher_fastdiff,ATADD_T2_Train_011566.flac
/root/atadd_track2_subset_v1/train/ATADD_T2_Train_011757.flac,1,speech,prodiff_teacher_fastdiff,ATADD_T2_Train_011757.flac
/root/atadd_track2_subset_v1/train/ATADD_T2_Train_011923.flac,1,speech,prodiff_teacher_fastdiff,ATADD_T2_Train_011923.flac
/root/atadd_track2_subset_v1/train/ATADD_T2_Train_011932.flac,1,speech,prodiff_teacher_fastdiff,ATADD_T2_Train_011932.flac
/root/atadd_track2_subset_v1/train/ATADD_T2_Train_012036.flac,1,speech,PortaSpeech_normal_fastdiff,ATADD_T2_Train_012036.flac
/root/atadd_track2_subset_v1/train/ATADD_T2_Train_012112.flac,1,speech,PortaSpeech_normal_fastdiff,ATADD_T2_Train_012112.flac
/root/atadd_track2_subset_v1/train/ATADD_T2_Train_012270.flac,1,speech,PortaSpeech_normal_fastdiff,ATADD_T2_Train_012270.flac
/root/atadd_track2_subset_v1/train/ATADD_T2_Train_012317.flac,1,speech,PortaSpeech_normal_fastdiff,ATADD_T2_Train_012317.flac
/root/atadd_track2_subset_v1/train/ATADD_T2_Train_012610.flac,1,speech,PortaSpeech_normal_fastdiff,ATADD_T2_Train_012610.flac
/root/atadd_track2_subset_v1/train/ATADD_T2_Train_012643.flac,1,speech,PortaSpeech_normal_fastdiff,ATADD_T2_Train_012643.flac
/root/atadd_track2_subset_v1/train/ATADD_T2_Train_012726.flac,1,speech,PortaSpeech_normal_fastdiff,ATADD_T2_Train_012726.flac
/root/atadd_track2_subset_v1/train/ATADD_T2_Train_012798.flac,1,speech,PortaSpeech_normal_fastdiff,ATADD_T2_Train_012798.flac
/root/atadd_track2_subset_v1/train/ATADD_T2_Train_012877.flac,1,speech,PortaSpeech_normal_fastdiff,ATADD_T2_Train_012877.flac
/root/atadd_track2_subset_v1/train/ATADD_T2_Train_012886.flac,1,speech,PortaSpeech_normal_fastdiff,ATADD_T2_Train_012886.flac
/root/atadd_track2_subset_v1/train/ATADD_T2_Train_013009.flac,1,speech,PortaSpeech_normal_fastdiff,ATADD_T2_Train_013009.flac
/root/atadd_track2_subset_v1/train/ATADD_T2_Train_013010.flac,1,speech,PortaSpeech_normal_fastdiff,ATADD_T2_Train_013010.flac
/root/atadd_track2_subset_v1/train/ATADD_T2_Train_013013.flac,1,speech,PortaSpeech_normal_fastdiff,ATADD_T2_Train_013013.flac
/root/atadd_track2_subset_v1/train/ATADD_T2_Train_013172.flac,1,speech,PortaSpeech_normal_fastdiff,ATADD_T2_Train_013172.flac
/root/atadd_track2_subset_v1/train/ATADD_T2_Train_013208.flac,1,speech,PortaSpeech_normal_fastdiff,ATADD_T2_Train_013208.flac
/root/atadd_track2_subset_v1/train/ATADD_T2_Train_013318.flac,1,speech,PortaSpeech_normal_fastdiff,ATADD_T2_Train_013318.flac
/root/atadd_track2_subset_v1/train/ATADD_T2_Train_013393.flac,1,speech,PortaSpeech_normal_fastdiff,ATADD_T2_Train_013393.flac
/root/atadd_track2_subset_v1/train/ATADD_T2_Train_013451.flac,1,speech,PortaSpeech_normal_fastdiff,ATADD_T2_Train_013451.flac
/root/atadd_track2_subset_v1/train/ATADD_T2_Train_013576.flac,1,speech,PortaSpeech_normal_fastdiff,ATADD_T2_Train_013576.flac
/root/atadd_track2_subset_v1/train/ATADD_T2_Train_013606.flac,1,speech,PortaSpeech_normal_fastdiff,ATADD_T2_Train_013606.flac
/root/atadd_track2_subset_v1/train/ATADD_T2_Train_013633.flac,1,speech,PortaSpeech_normal_fastdiff,ATADD_T2_Train_013633.flac
/root/atadd_track2_subset_v1/train/ATADD_T2_Train_013794.flac,1,speech,PortaSpeech_normal_fastdiff,ATADD_T2_Train_013794.flac
/root/atadd_track2_subset_v1/train/ATADD_T2_Train_013885.flac,1,speech,PortaSpeech_normal_fastdiff,ATADD_T2_Train_013885.flac
/root/atadd_track2_subset_v1/train/ATADD_T2_Train_013890.flac,1,speech,PortaSpeech_normal_fastdiff,ATADD_T2_Train_013890.flac
/root/atadd_track2_subset_v1/train/ATADD_T2_Train_013925.flac,1,speech,PortaSpeech_normal_fastdiff,ATADD_T2_Train_013925.flac
/root/atadd_track2_subset_v1/train/ATADD_T2_Train_013962.flac,1,speech,PortaSpeech_normal_fastdiff,ATADD_T2_Train_013962.flac
/root/atadd_track2_subset_v1/train/ATADD_T2_Train_013996.flac,1,speech,DiffSpeech_fastdiff,ATADD_T2_Train_013996.flac
/root/atadd_track2_subset_v1/train/ATADD_T2_Train_014041.flac,1,speech,DiffSpeech_fastdiff,ATADD_T2_Train_014041.flac
/root/atadd_track2_subset_v1/train/ATADD_T2_Train_014081.flac,1,speech,DiffSpeech_fastdiff,ATADD_T2_Train_014081.flac
/root/atadd_track2_subset_v1/train/ATADD_T2_Train_014150.flac,1,speech,DiffSpeech_fastdiff,ATADD_T2_Train_014150.flac
/root/atadd_track2_subset_v1/train/ATADD_T2_Train_014185.flac,1,speech,DiffSpeech_fastdiff,ATADD_T2_Train_014185.flac
/root/atadd_track2_subset_v1/train/ATADD_T2_Train_014225.flac,1,speech,DiffSpeech_fastdiff,ATADD_T2_Train_014225.flac
/root/atadd_track2_subset_v1/train/ATADD_T2_Train_014332.flac,1,speech,DiffSpeech_fastdiff,ATADD_T2_Train_014332.flac
/root/atadd_track2_subset_v1/train/ATADD_T2_Train_014425.flac,1,speech,DiffSpeech_fastdiff,ATADD_T2_Train_014425.flac
/root/atadd_track2_subset_v1/train/ATADD_T2_Train_014483.flac,1,speech,DiffSpeech_fastdiff,ATADD_T2_Train_014483.flac
/root/atadd_track2_subset_v1/train/ATADD_T2_Train_014517.flac,1,speech,DiffSpeech_fastdiff,ATADD_T2_Train_014517.flac
/root/atadd_track2_subset_v1/train/ATADD_T2_Train_014641.flac,1,speech,DiffSpeech_fastdiff,ATADD_T2_Train_014641.flac
/root/atadd_track2_subset_v1/train/ATADD_T2_Train_014653.flac,1,speech,DiffSpeech_fastdiff,ATADD_T2_Train_014653.flac
/root/atadd_track2_subset_v1/train/ATADD_T2_Train_014783.flac,1,speech,DiffSpeech_fastdiff,ATADD_T2_Train_014783.flac
/root/atadd_track2_subset_v1/train/ATADD_T2_Train_014894.flac,1,speech,DiffSpeech_fastdiff,ATADD_T2_Train_014894.flac
/root/atadd_track2_subset_v1/train/ATADD_T2_Train_014904.flac,1,speech,DiffSpeech_fastdiff,ATADD_T2_Train_014904.flac
/root/atadd_track2_subset_v1/train/ATADD_T2_Train_014914.flac,1,speech,DiffSpeech_fastdiff,ATADD_T2_Train_014914.flac
/root/atadd_track2_subset_v1/train/ATADD_T2_Train_014949.flac,1,speech,DiffSpeech_fastdiff,ATADD_T2_Train_014949.flac
/root/atadd_track2_subset_v1/train/ATADD_T2_Train_015050.flac,1,speech,DiffSpeech_fastdiff,ATADD_T2_Train_015050.flac
/root/atadd_track2_subset_v1/train/ATADD_T2_Train_015104.flac,1,speech,DiffSpeech_fastdiff,ATADD_T2_Train_015104.flac
/root/atadd_track2_subset_v1/train/ATADD_T2_Train_015107.flac,1,speech,DiffSpeech_fastdiff,ATADD_T2_Train_015107.flac
/root/atadd_track2_subset_v1/train/ATADD_T2_Train_015178.flac,1,speech,DiffSpeech_fastdiff,ATADD_T2_Train_015178.flac
/root/atadd_track2_subset_v1/train/ATADD_T2_Train_015401.flac,1,speech,DiffSpeech_fastdiff,ATADD_T2_Train_015401.flac
/root/atadd_track2_subset_v1/train/ATADD_T2_Train_015478.flac,1,speech,DiffSpeech_fastdiff,ATADD_T2_Train_015478.flac
/root/atadd_track2_subset_v1/train/ATADD_T2_Train_015507.flac,1,speech,DiffSpeech_fastdiff,ATADD_T2_Train_015507.flac
/root/atadd_track2_subset_v1/train/ATADD_T2_Train_015521.flac,1,speech,DiffSpeech_fastdiff,ATADD_T2_Train_015521.flac
/root/atadd_track2_subset_v1/train/ATADD_T2_Train_015564.flac,1,speech,DiffSpeech_fastdiff,ATADD_T2_Train_015564.flac
/root/atadd_track2_subset_v1/train/ATADD_T2_Train_015650.flac,1,speech,DiffSpeech_fastdiff,ATADD_T2_Train_015650.flac
/root/atadd_track2_subset_v1/train/ATADD_T2_Train_015661.flac,1,speech,DiffSpeech_fastdiff,ATADD_T2_Train_015661.flac
/root/atadd_track2_subset_v1/train/ATADD_T2_Train_015681.flac,1,speech,DiffSpeech_fastdiff,ATADD_T2_Train_015681.flac
/root/atadd_track2_subset_v1/train/ATADD_T2_Train_015700.flac,1,speech,DiffSpeech_fastdiff,ATADD_T2_Train_015700.flac
/root/atadd_track2_subset_v1/train/ATADD_T2_Train_015748.flac,1,speech,DiffSpeech_fastdiff,ATADD_T2_Train_015748.flac
/root/atadd_track2_subset_v1/train/ATADD_T2_Train_015854.flac,1,speech,DiffSpeech_fastdiff,ATADD_T2_Train_015854.flac
/root/atadd_track2_subset_v1/train/ATADD_T2_Train_015925.flac,1,speech,DiffSpeech_fastdiff,ATADD_T2_Train_015925.flac
/root/atadd_track2_subset_v1/train/ATADD_T2_Train_015976.flac,1,speech,DiffSpeech_fastdiff,ATADD_T2_Train_015976.flac
/root/atadd_track2_subset_v1/train/ATADD_T2_Train_015977.flac,1,speech,DiffSpeech_fastdiff,ATADD_T2_Train_015977.flac
/root/atadd_track2_subset_v1/train/ATADD_T2_Train_016027.flac,1,speech,FastSpeech2_fastdiff,ATADD_T2_Train_016027.flac
/root/atadd_track2_subset_v1/train/ATADD_T2_Train_016096.flac,1,speech,FastSpeech2_fastdiff,ATADD_T2_Train_016096.flac
/root/atadd_track2_subset_v1/train/ATADD_T2_Train_016101.flac,1,speech,FastSpeech2_fastdiff,ATADD_T2_Train_016101.flac
/root/atadd_track2_subset_v1/train/ATADD_T2_Train_016104.flac,1,speech,FastSpeech2_fastdiff,ATADD_T2_Train_016104.flac
/root/atadd_track2_subset_v1/train/ATADD_T2_Train_016117.flac,1,speech,FastSpeech2_fastdiff,ATADD_T2_Train_016117.flac
/root/atadd_track2_subset_v1/train/ATADD_T2_Train_016207.flac,1,speech,FastSpeech2_fastdiff,ATADD_T2_Train_016207.flac
/root/atadd_track2_subset_v1/train/ATADD_T2_Train_016237.flac,1,speech,FastSpeech2_fastdiff,ATADD_T2_Train_016237.flac
/root/atadd_track2_subset_v1/train/ATADD_T2_Train_016240.flac,1,speech,FastSpeech2_fastdiff,ATADD_T2_Train_016240.flac
/root/atadd_track2_subset_v1/train/ATADD_T2_Train_016263.flac,1,speech,FastSpeech2_fastdiff,ATADD_T2_Train_016263.flac
/root/atadd_track2_subset_v1/train/ATADD_T2_Train_016525.flac,1,speech,FastSpeech2_fastdiff,ATADD_T2_Train_016525.flac
/root/atadd_track2_subset_v1/train/ATADD_T2_Train_016584.flac,1,speech,FastSpeech2_fastdiff,ATADD_T2_Train_016584.flac
/root/atadd_track2_subset_v1/train/ATADD_T2_Train_016678.flac,1,speech,FastSpeech2_fastdiff,ATADD_T2_Train_016678.flac
/root/atadd_track2_subset_v1/train/ATADD_T2_Train_016711.flac,1,speech,FastSpeech2_fastdiff,ATADD_T2_Train_016711.flac
/root/atadd_track2_subset_v1/train/ATADD_T2_Train_016712.flac,1,speech,FastSpeech2_fastdiff,ATADD_T2_Train_016712.flac
/root/atadd_track2_subset_v1/train/ATADD_T2_Train_016743.flac,1,speech,FastSpeech2_fastdiff,ATADD_T2_Train_016743.flac
/root/atadd_track2_subset_v1/train/ATADD_T2_Train_016763.flac,1,speech,FastSpeech2_fastdiff,ATADD_T2_Train_016763.flac
/root/atadd_track2_subset_v1/train/ATADD_T2_Train_016812.flac,1,speech,FastSpeech2_fastdiff,ATADD_T2_Train_016812.flac
/root/atadd_track2_subset_v1/train/ATADD_T2_Train_016924.flac,1,speech,FastSpeech2_fastdiff,ATADD_T2_Train_016924.flac
/root/atadd_track2_subset_v1/train/ATADD_T2_Train_017141.flac,1,speech,FastSpeech2_fastdiff,ATADD_T2_Train_017141.flac
/root/atadd_track2_subset_v1/train/ATADD_T2_Train_017388.flac,1,speech,FastSpeech2_fastdiff,ATADD_T2_Train_017388.flac
/root/atadd_track2_subset_v1/train/ATADD_T2_Train_017484.flac,1,speech,FastSpeech2_fastdiff,ATADD_T2_Train_017484.flac
/root/atadd_track2_subset_v1/train/ATADD_T2_Train_017558.flac,1,speech,FastSpeech2_fastdiff,ATADD_T2_Train_017558.flac
/root/atadd_track2_subset_v1/train/ATADD_T2_Train_017601.flac,1,speech,FastSpeech2_fastdiff,ATADD_T2_Train_017601.flac
/root/atadd_track2_subset_v1/train/ATADD_T2_Train_017693.flac,1,speech,FastSpeech2_fastdiff,ATADD_T2_Train_017693.flac
/root/atadd_track2_subset_v1/train/ATADD_T2_Train_017736.flac,1,speech,FastSpeech2_fastdiff,ATADD_T2_Train_017736.flac
/root/atadd_track2_subset_v1/train/ATADD_T2_Train_017825.flac,1,speech,FastSpeech2_fastdiff,ATADD_T2_Train_017825.flac
/root/atadd_track2_subset_v1/train/ATADD_T2_Train_017827.flac,1,speech,FastSpeech2_fastdiff,ATADD_T2_Train_017827.flac
/root/atadd_track2_subset_v1/train/ATADD_T2_Train_017858.flac,1,speech,FastSpeech2_fastdiff,ATADD_T2_Train_017858.flac
/root/atadd_track2_subset_v1/train/ATADD_T2_Train_017903.flac,1,speech,FastSpeech2_fastdiff,ATADD_T2_Train_017903.flac
/root/atadd_track2_subset_v1/train/ATADD_T2_Train_017912.flac,1,speech,FastSpeech2_fastdiff,ATADD_T2_Train_017912.flac
/root/atadd_track2_subset_v1/train/ATADD_T2_Train_017959.flac,1,speech,FastSpeech2_fastdiff,ATADD_T2_Train_017959.flac
/root/atadd_track2_subset_v1/train/ATADD_T2_Train_018029.flac,1,speech,FastPitch_fastdiff,ATADD_T2_Train_018029.flac
/root/atadd_track2_subset_v1/train/ATADD_T2_Train_018071.flac,1,speech,FastPitch_fastdiff,ATADD_T2_Train_018071.flac
/root/atadd_track2_subset_v1/train/ATADD_T2_Train_018142.flac,1,speech,FastPitch_fastdiff,ATADD_T2_Train_018142.flac
/root/atadd_track2_subset_v1/train/ATADD_T2_Train_018315.flac,1,speech,FastPitch_fastdiff,ATADD_T2_Train_018315.flac
/root/atadd_track2_subset_v1/train/ATADD_T2_Train_018318.flac,1,speech,FastPitch_fastdiff,ATADD_T2_Train_018318.flac
/root/atadd_track2_subset_v1/train/ATADD_T2_Train_018440.flac,1,speech,FastPitch_fastdiff,ATADD_T2_Train_018440.flac
/root/atadd_track2_subset_v1/train/ATADD_T2_Train_018558.flac,1,speech,FastPitch_fastdiff,ATADD_T2_Train_018558.flac
/root/atadd_track2_subset_v1/train/ATADD_T2_Train_018566.flac,1,speech,FastPitch_fastdiff,ATADD_T2_Train_018566.flac
/root/atadd_track2_subset_v1/train/ATADD_T2_Train_018645.flac,1,speech,FastPitch_fastdiff,ATADD_T2_Train_018645.flac
/root/atadd_track2_subset_v1/train/ATADD_T2_Train_018649.flac,1,speech,FastPitch_fastdiff,ATADD_T2_Train_018649.flac
/root/atadd_track2_subset_v1/train/ATADD_T2_Train_018662.flac,1,speech,FastPitch_fastdiff,ATADD_T2_Train_018662.flac
/root/atadd_track2_subset_v1/train/ATADD_T2_Train_018696.flac,1,speech,FastPitch_fastdiff,ATADD_T2_Train_018696.flac
/root/atadd_track2_subset_v1/train/ATADD_T2_Train_018725.flac,1,speech,FastPitch_fastdiff,ATADD_T2_Train_018725.flac
/root/atadd_track2_subset_v1/train/ATADD_T2_Train_018749.flac,1,speech,FastPitch_fastdiff,ATADD_T2_Train_018749.flac
/root/atadd_track2_subset_v1/train/ATADD_T2_Train_018885.flac,1,speech,FastPitch_fastdiff,ATADD_T2_Train_018885.flac
/root/atadd_track2_subset_v1/train/ATADD_T2_Train_018920.flac,1,speech,FastPitch_fastdiff,ATADD_T2_Train_018920.flac
/root/atadd_track2_subset_v1/train/ATADD_T2_Train_018986.flac,1,speech,FastPitch_fastdiff,ATADD_T2_Train_018986.flac
/root/atadd_track2_subset_v1/train/ATADD_T2_Train_018992.flac,1,speech,FastPitch_fastdiff,ATADD_T2_Train_018992.flac
/root/atadd_track2_subset_v1/train/ATADD_T2_Train_018993.flac,1,speech,FastPitch_fastdiff,ATADD_T2_Train_018993.flac
/root/atadd_track2_subset_v1/train/ATADD_T2_Train_019124.flac,1,speech,FastPitch_fastdiff,ATADD_T2_Train_019124.flac
/root/atadd_track2_subset_v1/train/ATADD_T2_Train_019161.flac,1,speech,FastPitch_fastdiff,ATADD_T2_Train_019161.flac
/root/atadd_track2_subset_v1/train/ATADD_T2_Train_019163.flac,1,speech,FastPitch_fastdiff,ATADD_T2_Train_019163.flac
/root/atadd_track2_subset_v1/train/ATADD_T2_Train_019175.flac,1,speech,FastPitch_fastdiff,ATADD_T2_Train_019175.flac
/root/atadd_track2_subset_v1/train/ATADD_T2_Train_019317.flac,1,speech,FastPitch_fastdiff,ATADD_T2_Train_019317.flac
/root/atadd_track2_subset_v1/train/ATADD_T2_Train_019330.flac,1,speech,FastPitch_fastdiff,ATADD_T2_Train_019330.flac
/root/atadd_track2_subset_v1/train/ATADD_T2_Train_019362.flac,1,speech,FastPitch_fastdiff,ATADD_T2_Train_019362.flac
/root/atadd_track2_subset_v1/train/ATADD_T2_Train_019584.flac,1,speech,FastPitch_fastdiff,ATADD_T2_Train_019584.flac
/root/atadd_track2_subset_v1/train/ATADD_T2_Train_019720.flac,1,speech,FastPitch_fastdiff,ATADD_T2_Train_019720.flac
/root/atadd_track2_subset_v1/train/ATADD_T2_Train_019740.flac,1,speech,FastPitch_fastdiff,ATADD_T2_Train_019740.flac
/root/atadd_track2_subset_v1/train/ATADD_T2_Train_019835.flac,1,speech,FastPitch_fastdiff,ATADD_T2_Train_019835.flac
/root/atadd_track2_subset_v1/train/ATADD_T2_Train_019867.flac,1,speech,FastPitch_fastdiff,ATADD_T2_Train_019867.flac
/root/atadd_track2_subset_v1/train/ATADD_T2_Train_019920.flac,1,speech,FastPitch_fastdiff,ATADD_T2_Train_019920.flac
/root/atadd_track2_subset_v1/train/ATADD_T2_Train_020006.flac,1,speech,Kokoro,ATADD_T2_Train_020006.flac
/root/atadd_track2_subset_v1/train/ATADD_T2_Train_020182.flac,1,speech,Kokoro,ATADD_T2_Train_020182.flac
/root/atadd_track2_subset_v1/train/ATADD_T2_Train_020184.flac,1,speech,Kokoro,ATADD_T2_Train_020184.flac
/root/atadd_track2_subset_v1/train/ATADD_T2_Train_020309.flac,1,speech,Kokoro,ATADD_T2_Train_020309.flac
/root/atadd_track2_subset_v1/train/ATADD_T2_Train_020329.flac,1,speech,Kokoro,ATADD_T2_Train_020329.flac
/root/atadd_track2_subset_v1/train/ATADD_T2_Train_020353.flac,1,speech,Kokoro,ATADD_T2_Train_020353.flac
/root/atadd_track2_subset_v1/train/ATADD_T2_Train_020418.flac,1,speech,Kokoro,ATADD_T2_Train_020418.flac
/root/atadd_track2_subset_v1/train/ATADD_T2_Train_020736.flac,1,speech,Kokoro,ATADD_T2_Train_020736.flac
/root/atadd_track2_subset_v1/train/ATADD_T2_Train_020755.flac,1,speech,Kokoro,ATADD_T2_Train_020755.flac
/root/atadd_track2_subset_v1/train/ATADD_T2_Train_020772.flac,1,speech,Kokoro,ATADD_T2_Train_020772.flac
/root/atadd_track2_subset_v1/train/ATADD_T2_Train_020847.flac,1,speech,Kokoro,ATADD_T2_Train_020847.flac
/root/atadd_track2_subset_v1/train/ATADD_T2_Train_020877.flac,1,speech,Kokoro,ATADD_T2_Train_020877.flac
/root/atadd_track2_subset_v1/train/ATADD_T2_Train_020936.flac,1,speech,Kokoro,ATADD_T2_Train_020936.flac
/root/atadd_track2_subset_v1/train/ATADD_T2_Train_020942.flac,1,speech,Kokoro,ATADD_T2_Train_020942.flac
/root/atadd_track2_subset_v1/train/ATADD_T2_Train_021009.flac,1,speech,Kokoro,ATADD_T2_Train_021009.flac
/root/atadd_track2_subset_v1/train/ATADD_T2_Train_021034.flac,1,speech,Kokoro,ATADD_T2_Train_021034.flac
/root/atadd_track2_subset_v1/train/ATADD_T2_Train_021322.flac,1,speech,Kokoro,ATADD_T2_Train_021322.flac
/root/atadd_track2_subset_v1/train/ATADD_T2_Train_021325.flac,1,speech,Kokoro,ATADD_T2_Train_021325.flac
/root/atadd_track2_subset_v1/train/ATADD_T2_Train_021394.flac,1,speech,Kokoro,ATADD_T2_Train_021394.flac
/root/atadd_track2_subset_v1/train/ATADD_T2_Train_021511.flac,1,speech,Kokoro,ATADD_T2_Train_021511.flac
/root/atadd_track2_subset_v1/train/ATADD_T2_Train_021728.flac,1,speech,Kokoro,ATADD_T2_Train_021728.flac
/root/atadd_track2_subset_v1/train/ATADD_T2_Train_021753.flac,1,speech,Kokoro,ATADD_T2_Train_021753.flac
/root/atadd_track2_subset_v1/train/ATADD_T2_Train_022265.flac,1,speech,MeloTTS,ATADD_T2_Train_022265.flac
/root/atadd_track2_subset_v1/train/ATADD_T2_Train_022363.flac,1,speech,MeloTTS,ATADD_T2_Train_022363.flac
/root/atadd_track2_subset_v1/train/ATADD_T2_Train_022807.flac,1,speech,MeloTTS,ATADD_T2_Train_022807.flac
/root/atadd_track2_subset_v1/train/ATADD_T2_Train_022959.flac,1,speech,MeloTTS,ATADD_T2_Train_022959.flac
/root/atadd_track2_subset_v1/train/ATADD_T2_Train_022984.flac,1,speech,MeloTTS,ATADD_T2_Train_022984.flac
/root/atadd_track2_subset_v1/train/ATADD_T2_Train_023071.flac,1,speech,MeloTTS,ATADD_T2_Train_023071.flac
/root/atadd_track2_subset_v1/train/ATADD_T2_Train_023151.flac,1,speech,MeloTTS,ATADD_T2_Train_023151.flac
/root/atadd_track2_subset_v1/train/ATADD_T2_Train_023259.flac,1,speech,MeloTTS,ATADD_T2_Train_023259.flac
/root/atadd_track2_subset_v1/train/ATADD_T2_Train_023284.flac,1,speech,MeloTTS,ATADD_T2_Train_023284.flac
/root/atadd_track2_subset_v1/train/ATADD_T2_Train_023316.flac,1,speech,MeloTTS,ATADD_T2_Train_023316.flac
/root/atadd_track2_subset_v1/train/ATADD_T2_Train_023447.flac,1,speech,MeloTTS,ATADD_T2_Train_023447.flac
/root/atadd_track2_subset_v1/train/ATADD_T2_Train_023464.flac,1,speech,MeloTTS,ATADD_T2_Train_023464.flac
/root/atadd_track2_subset_v1/train/ATADD_T2_Train_023541.flac,1,speech,MeloTTS,ATADD_T2_Train_023541.flac
/root/atadd_track2_subset_v1/train/ATADD_T2_Train_023562.flac,1,speech,MeloTTS,ATADD_T2_Train_023562.flac
/root/atadd_track2_subset_v1/train/ATADD_T2_Train_023607.flac,1,speech,MeloTTS,ATADD_T2_Train_023607.flac
/root/atadd_track2_subset_v1/train/ATADD_T2_Train_023754.flac,1,speech,MeloTTS,ATADD_T2_Train_023754.flac
/root/atadd_track2_subset_v1/train/ATADD_T2_Train_023883.flac,1,speech,MeloTTS,ATADD_T2_Train_023883.flac
/root/atadd_track2_subset_v1/train/ATADD_T2_Train_023962.flac,1,speech,MeloTTS,ATADD_T2_Train_023962.flac
/root/atadd_track2_subset_v1/train/ATADD_T2_Train_023986.flac,1,speech,WaveNet,ATADD_T2_Train_023986.flac
/root/atadd_track2_subset_v1/train/ATADD_T2_Train_024071.flac,1,speech,WaveNet,ATADD_T2_Train_024071.flac
/root/atadd_track2_subset_v1/train/ATADD_T2_Train_024091.flac,1,speech,WaveNet,ATADD_T2_Train_024091.flac
/root/atadd_track2_subset_v1/train/ATADD_T2_Train_024138.flac,1,speech,WaveNet,ATADD_T2_Train_024138.flac
/root/atadd_track2_subset_v1/train/ATADD_T2_Train_024237.flac,1,speech,WaveNet,ATADD_T2_Train_024237.flac
/root/atadd_track2_subset_v1/train/ATADD_T2_Train_024275.flac,1,speech,WaveNet,ATADD_T2_Train_024275.flac
/root/atadd_track2_subset_v1/train/ATADD_T2_Train_024322.flac,1,speech,WaveNet,ATADD_T2_Train_024322.flac
/root/atadd_track2_subset_v1/train/ATADD_T2_Train_024567.flac,1,speech,WaveNet,ATADD_T2_Train_024567.flac
/root/atadd_track2_subset_v1/train/ATADD_T2_Train_024626.flac,1,speech,WaveNet,ATADD_T2_Train_024626.flac
/root/atadd_track2_subset_v1/train/ATADD_T2_Train_024713.flac,1,speech,WaveNet,ATADD_T2_Train_024713.flac
/root/atadd_track2_subset_v1/train/ATADD_T2_Train_024823.flac,1,speech,WaveNet,ATADD_T2_Train_024823.flac
/root/atadd_track2_subset_v1/train/ATADD_T2_Train_024968.flac,1,speech,WaveNet,ATADD_T2_Train_024968.flac
/root/atadd_track2_subset_v1/train/ATADD_T2_Train_025004.flac,1,speech,WaveNet,ATADD_T2_Train_025004.flac
/root/atadd_track2_subset_v1/train/ATADD_T2_Train_025169.flac,1,speech,WaveNet,ATADD_T2_Train_025169.flac
/root/atadd_track2_subset_v1/train/ATADD_T2_Train_025269.flac,1,speech,WaveNet,ATADD_T2_Train_025269.flac
/root/atadd_track2_subset_v1/train/ATADD_T2_Train_025309.flac,1,speech,WaveNet,ATADD_T2_Train_025309.flac
/root/atadd_track2_subset_v1/train/ATADD_T2_Train_025344.flac,1,speech,WaveNet,ATADD_T2_Train_025344.flac
/root/atadd_track2_subset_v1/train/ATADD_T2_Train_025517.flac,1,speech,WaveNet,ATADD_T2_Train_025517.flac
/root/atadd_track2_subset_v1/train/ATADD_T2_Train_025528.flac,1,speech,WaveNet,ATADD_T2_Train_025528.flac
/root/atadd_track2_subset_v1/train/ATADD_T2_Train_025608.flac,1,speech,WaveNet,ATADD_T2_Train_025608.flac
/root/atadd_track2_subset_v1/train/ATADD_T2_Train_025639.flac,1,speech,WaveNet,ATADD_T2_Train_025639.flac
/root/atadd_track2_subset_v1/train/ATADD_T2_Train_025685.flac,1,speech,WaveNet,ATADD_T2_Train_025685.flac
/root/atadd_track2_subset_v1/train/ATADD_T2_Train_025799.flac,1,speech,WaveNet,ATADD_T2_Train_025799.flac
/root/atadd_track2_subset_v1/train/ATADD_T2_Train_025897.flac,1,speech,WaveNet,ATADD_T2_Train_025897.flac
/root/atadd_track2_subset_v1/train/ATADD_T2_Train_026022.flac,1,speech,ParlerTTSmini,ATADD_T2_Train_026022.flac
/root/atadd_track2_subset_v1/train/ATADD_T2_Train_026026.flac,1,speech,ParlerTTSmini,ATADD_T2_Train_026026.flac
/root/atadd_track2_subset_v1/train/ATADD_T2_Train_026064.flac,1,speech,ParlerTTSmini,ATADD_T2_Train_026064.flac
/root/atadd_track2_subset_v1/train/ATADD_T2_Train_026107.flac,1,speech,ParlerTTSmini,ATADD_T2_Train_026107.flac
/root/atadd_track2_subset_v1/train/ATADD_T2_Train_026222.flac,1,speech,ParlerTTSmini,ATADD_T2_Train_026222.flac
/root/atadd_track2_subset_v1/train/ATADD_T2_Train_026223.flac,1,speech,ParlerTTSmini,ATADD_T2_Train_026223.flac
/root/atadd_track2_subset_v1/train/ATADD_T2_Train_026238.flac,1,speech,ParlerTTSmini,ATADD_T2_Train_026238.flac
/root/atadd_track2_subset_v1/train/ATADD_T2_Train_026263.flac,1,speech,ParlerTTSmini,ATADD_T2_Train_026263.flac
/root/atadd_track2_subset_v1/train/ATADD_T2_Train_026267.flac,1,speech,ParlerTTSmini,ATADD_T2_Train_026267.flac
/root/atadd_track2_subset_v1/train/ATADD_T2_Train_026270.flac,1,speech,ParlerTTSmini,ATADD_T2_Train_026270.flac
/root/atadd_track2_subset_v1/train/ATADD_T2_Train_026328.flac,1,speech,ParlerTTSmini,ATADD_T2_Train_026328.flac
/root/atadd_track2_subset_v1/train/ATADD_T2_Train_026362.flac,1,speech,ParlerTTSmini,ATADD_T2_Train_026362.flac
/root/atadd_track2_subset_v1/train/ATADD_T2_Train_026374.flac,1,speech,ParlerTTSmini,ATADD_T2_Train_026374.flac
/root/atadd_track2_subset_v1/train/ATADD_T2_Train_026409.flac,1,speech,ParlerTTSmini,ATADD_T2_Train_026409.flac
/root/atadd_track2_subset_v1/train/ATADD_T2_Train_026719.flac,1,speech,ParlerTTSmini,ATADD_T2_Train_026719.flac
/root/atadd_track2_subset_v1/train/ATADD_T2_Train_026962.flac,1,speech,ParlerTTSmini,ATADD_T2_Train_026962.flac
/root/atadd_track2_subset_v1/train/ATADD_T2_Train_026990.flac,1,speech,ParlerTTSmini,ATADD_T2_Train_026990.flac
/root/atadd_track2_subset_v1/train/ATADD_T2_Train_027050.flac,1,speech,ParlerTTSmini,ATADD_T2_Train_027050.flac
/root/atadd_track2_subset_v1/train/ATADD_T2_Train_027104.flac,1,speech,ParlerTTSmini,ATADD_T2_Train_027104.flac
/root/atadd_track2_subset_v1/train/ATADD_T2_Train_027182.flac,1,speech,ParlerTTSmini,ATADD_T2_Train_027182.flac
/root/atadd_track2_subset_v1/train/ATADD_T2_Train_027223.flac,1,speech,ParlerTTSmini,ATADD_T2_Train_027223.flac
/root/atadd_track2_subset_v1/train/ATADD_T2_Train_027232.flac,1,speech,ParlerTTSmini,ATADD_T2_Train_027232.flac
/root/atadd_track2_subset_v1/train/ATADD_T2_Train_027367.flac,1,speech,ParlerTTSmini,ATADD_T2_Train_027367.flac
/root/atadd_track2_subset_v1/train/ATADD_T2_Train_027520.flac,1,speech,ParlerTTSmini,ATADD_T2_Train_027520.flac
/root/atadd_track2_subset_v1/train/ATADD_T2_Train_027556.flac,1,speech,ParlerTTSmini,ATADD_T2_Train_027556.flac
/root/atadd_track2_subset_v1/train/ATADD_T2_Train_027598.flac,1,speech,ParlerTTSmini,ATADD_T2_Train_027598.flac
/root/atadd_track2_subset_v1/train/ATADD_T2_Train_027610.flac,1,speech,ParlerTTSmini,ATADD_T2_Train_027610.flac
/root/atadd_track2_subset_v1/train/ATADD_T2_Train_027613.flac,1,speech,ParlerTTSmini,ATADD_T2_Train_027613.flac
/root/atadd_track2_subset_v1/train/ATADD_T2_Train_027777.flac,1,speech,ParlerTTSmini,ATADD_T2_Train_027777.flac
/root/atadd_track2_subset_v1/train/ATADD_T2_Train_027822.flac,1,speech,ParlerTTSmini,ATADD_T2_Train_027822.flac
/root/atadd_track2_subset_v1/train/ATADD_T2_Train_027824.flac,1,speech,ParlerTTSmini,ATADD_T2_Train_027824.flac
/root/atadd_track2_subset_v1/train/ATADD_T2_Train_027958.flac,1,speech,ParlerTTSmini,ATADD_T2_Train_027958.flac
/root/atadd_track2_subset_v1/train/ATADD_T2_Train_028021.flac,1,speech,FastDiff,ATADD_T2_Train_028021.flac
/root/atadd_track2_subset_v1/train/ATADD_T2_Train_028151.flac,1,speech,FastDiff,ATADD_T2_Train_028151.flac
/root/atadd_track2_subset_v1/train/ATADD_T2_Train_028174.flac,1,speech,FastDiff,ATADD_T2_Train_028174.flac
/root/atadd_track2_subset_v1/train/ATADD_T2_Train_028184.flac,1,speech,FastDiff,ATADD_T2_Train_028184.flac
/root/atadd_track2_subset_v1/train/ATADD_T2_Train_028233.flac,1,speech,FastDiff,ATADD_T2_Train_028233.flac
/root/atadd_track2_subset_v1/train/ATADD_T2_Train_028335.flac,1,speech,FastDiff,ATADD_T2_Train_028335.flac
/root/atadd_track2_subset_v1/train/ATADD_T2_Train_028338.flac,1,speech,FastDiff,ATADD_T2_Train_028338.flac
/root/atadd_track2_subset_v1/train/ATADD_T2_Train_028340.flac,1,speech,FastDiff,ATADD_T2_Train_028340.flac
/root/atadd_track2_subset_v1/train/ATADD_T2_Train_028421.flac,1,speech,FastDiff,ATADD_T2_Train_028421.flac
/root/atadd_track2_subset_v1/train/ATADD_T2_Train_028501.flac,1,speech,FastDiff,ATADD_T2_Train_028501.flac
/root/atadd_track2_subset_v1/train/ATADD_T2_Train_028585.flac,1,speech,FastDiff,ATADD_T2_Train_028585.flac
/root/atadd_track2_subset_v1/train/ATADD_T2_Train_028672.flac,1,speech,FastDiff,ATADD_T2_Train_028672.flac
/root/atadd_track2_subset_v1/train/ATADD_T2_Train_028775.flac,1,speech,FastDiff,ATADD_T2_Train_028775.flac
/root/atadd_track2_subset_v1/train/ATADD_T2_Train_028961.flac,1,speech,FastDiff,ATADD_T2_Train_028961.flac
/root/atadd_track2_subset_v1/train/ATADD_T2_Train_029109.flac,1,speech,FastDiff,ATADD_T2_Train_029109.flac
/root/atadd_track2_subset_v1/train/ATADD_T2_Train_029115.flac,1,speech,FastDiff,ATADD_T2_Train_029115.flac
/root/atadd_track2_subset_v1/train/ATADD_T2_Train_029178.flac,1,speech,FastDiff,ATADD_T2_Train_029178.flac
/root/atadd_track2_subset_v1/train/ATADD_T2_Train_029340.flac,1,speech,FastDiff,ATADD_T2_Train_029340.flac
/root/atadd_track2_subset_v1/train/ATADD_T2_Train_029368.flac,1,speech,FastDiff,ATADD_T2_Train_029368.flac
/root/atadd_track2_subset_v1/train/ATADD_T2_Train_029510.flac,1,speech,FastDiff,ATADD_T2_Train_029510.flac
/root/atadd_track2_subset_v1/train/ATADD_T2_Train_029584.flac,1,speech,FastDiff,ATADD_T2_Train_029584.flac
/root/atadd_track2_subset_v1/train/ATADD_T2_Train_029611.flac,1,speech,FastDiff,ATADD_T2_Train_029611.flac
/root/atadd_track2_subset_v1/train/ATADD_T2_Train_029768.flac,1,speech,FastDiff,ATADD_T2_Train_029768.flac
/root/atadd_track2_subset_v1/train/ATADD_T2_Train_029783.flac,1,speech,FastDiff,ATADD_T2_Train_029783.flac
/root/atadd_track2_subset_v1/train/ATADD_T2_Train_029917.flac,1,speech,FastDiff,ATADD_T2_Train_029917.flac
/root/atadd_track2_subset_v1/train/ATADD_T2_Train_029937.flac,1,speech,FastDiff,ATADD_T2_Train_029937.flac
/root/atadd_track2_subset_v1/train/ATADD_T2_Train_030021.flac,1,speech,CosyVoice,ATADD_T2_Train_030021.flac
/root/atadd_track2_subset_v1/train/ATADD_T2_Train_030153.flac,1,speech,CosyVoice,ATADD_T2_Train_030153.flac
/root/atadd_track2_subset_v1/train/ATADD_T2_Train_030205.flac,1,speech,CosyVoice,ATADD_T2_Train_030205.flac
/root/atadd_track2_subset_v1/train/ATADD_T2_Train_030269.flac,1,speech,CosyVoice,ATADD_T2_Train_030269.flac
/root/atadd_track2_subset_v1/train/ATADD_T2_Train_030310.flac,1,speech,CosyVoice,ATADD_T2_Train_030310.flac
/root/atadd_track2_subset_v1/train/ATADD_T2_Train_030327.flac,1,speech,CosyVoice,ATADD_T2_Train_030327.flac
/root/atadd_track2_subset_v1/train/ATADD_T2_Train_030361.flac,1,speech,CosyVoice,ATADD_T2_Train_030361.flac
/root/atadd_track2_subset_v1/train/ATADD_T2_Train_030535.flac,1,speech,CosyVoice,ATADD_T2_Train_030535.flac
/root/atadd_track2_subset_v1/train/ATADD_T2_Train_030580.flac,1,speech,CosyVoice,ATADD_T2_Train_030580.flac
/root/atadd_track2_subset_v1/train/ATADD_T2_Train_030611.flac,1,speech,CosyVoice,ATADD_T2_Train_030611.flac
/root/atadd_track2_subset_v1/train/ATADD_T2_Train_030644.flac,1,speech,CosyVoice,ATADD_T2_Train_030644.flac
/root/atadd_track2_subset_v1/train/ATADD_T2_Train_030740.flac,1,speech,CosyVoice,ATADD_T2_Train_030740.flac
/root/atadd_track2_subset_v1/train/ATADD_T2_Train_030844.flac,1,speech,CosyVoice,ATADD_T2_Train_030844.flac
/root/atadd_track2_subset_v1/train/ATADD_T2_Train_030967.flac,1,speech,CosyVoice,ATADD_T2_Train_030967.flac
/root/atadd_track2_subset_v1/train/ATADD_T2_Train_031089.flac,1,speech,CosyVoice,ATADD_T2_Train_031089.flac
/root/atadd_track2_subset_v1/train/ATADD_T2_Train_031108.flac,1,speech,CosyVoice,ATADD_T2_Train_031108.flac
/root/atadd_track2_subset_v1/train/ATADD_T2_Train_031159.flac,1,speech,CosyVoice,ATADD_T2_Train_031159.flac
/root/atadd_track2_subset_v1/train/ATADD_T2_Train_031210.flac,1,speech,CosyVoice,ATADD_T2_Train_031210.flac
/root/atadd_track2_subset_v1/train/ATADD_T2_Train_031381.flac,1,speech,CosyVoice,ATADD_T2_Train_031381.flac
/root/atadd_track2_subset_v1/train/ATADD_T2_Train_031413.flac,1,speech,CosyVoice,ATADD_T2_Train_031413.flac
/root/atadd_track2_subset_v1/train/ATADD_T2_Train_031449.flac,1,speech,CosyVoice,ATADD_T2_Train_031449.flac
/root/atadd_track2_subset_v1/train/ATADD_T2_Train_031482.flac,1,speech,CosyVoice,ATADD_T2_Train_031482.flac
/root/atadd_track2_subset_v1/train/ATADD_T2_Train_031728.flac,1,speech,CosyVoice,ATADD_T2_Train_031728.flac
/root/atadd_track2_subset_v1/train/ATADD_T2_Train_031955.flac,1,speech,Tacotron2,ATADD_T2_Train_031955.flac
/root/atadd_track2_subset_v1/train/ATADD_T2_Train_032135.flac,1,speech,Tacotron2,ATADD_T2_Train_032135.flac
/root/atadd_track2_subset_v1/train/ATADD_T2_Train_032516.flac,1,speech,Tacotron2,ATADD_T2_Train_032516.flac
/root/atadd_track2_subset_v1/train/ATADD_T2_Train_032527.flac,1,speech,Tacotron2,ATADD_T2_Train_032527.flac
/root/atadd_track2_subset_v1/train/ATADD_T2_Train_032703.flac,1,speech,Tacotron2,ATADD_T2_Train_032703.flac
/root/atadd_track2_subset_v1/train/ATADD_T2_Train_032721.flac,1,speech,Tacotron2,ATADD_T2_Train_032721.flac
/root/atadd_track2_subset_v1/train/ATADD_T2_Train_032844.flac,1,speech,Tacotron2,ATADD_T2_Train_032844.flac
/root/atadd_track2_subset_v1/train/ATADD_T2_Train_032978.flac,1,speech,Tacotron2,ATADD_T2_Train_032978.flac
/root/atadd_track2_subset_v1/train/ATADD_T2_Train_032991.flac,1,speech,Tacotron2,ATADD_T2_Train_032991.flac
/root/atadd_track2_subset_v1/train/ATADD_T2_Train_033015.flac,1,speech,Tacotron2,ATADD_T2_Train_033015.flac
/root/atadd_track2_subset_v1/train/ATADD_T2_Train_033038.flac,1,speech,Tacotron2,ATADD_T2_Train_033038.flac
/root/atadd_track2_subset_v1/train/ATADD_T2_Train_033196.flac,1,speech,Tacotron2,ATADD_T2_Train_033196.flac
/root/atadd_track2_subset_v1/train/ATADD_T2_Train_033313.flac,1,speech,Tacotron2,ATADD_T2_Train_033313.flac
/root/atadd_track2_subset_v1/train/ATADD_T2_Train_033476.flac,1,speech,Tacotron2,ATADD_T2_Train_033476.flac
/root/atadd_track2_subset_v1/train/ATADD_T2_Train_033480.flac,1,speech,Tacotron2,ATADD_T2_Train_033480.flac
/root/atadd_track2_subset_v1/train/ATADD_T2_Train_033534.flac,1,speech,Tacotron2,ATADD_T2_Train_033534.flac
/root/atadd_track2_subset_v1/train/ATADD_T2_Train_033601.flac,1,speech,Tacotron2,ATADD_T2_Train_033601.flac
/root/atadd_track2_subset_v1/train/ATADD_T2_Train_033621.flac,1,speech,Tacotron2,ATADD_T2_Train_033621.flac
/root/atadd_track2_subset_v1/train/ATADD_T2_Train_033664.flac,1,speech,Tacotron2,ATADD_T2_Train_033664.flac
/root/atadd_track2_subset_v1/train/ATADD_T2_Train_033853.flac,1,speech,GradTTS,ATADD_T2_Train_033853.flac
/root/atadd_track2_subset_v1/train/ATADD_T2_Train_033947.flac,1,speech,GradTTS,ATADD_T2_Train_033947.flac
/root/atadd_track2_subset_v1/train/ATADD_T2_Train_034042.flac,1,speech,GradTTS,ATADD_T2_Train_034042.flac
/root/atadd_track2_subset_v1/train/ATADD_T2_Train_034088.flac,1,speech,GradTTS,ATADD_T2_Train_034088.flac
/root/atadd_track2_subset_v1/train/ATADD_T2_Train_034096.flac,1,speech,GradTTS,ATADD_T2_Train_034096.flac
/root/atadd_track2_subset_v1/train/ATADD_T2_Train_034135.flac,1,speech,GradTTS,ATADD_T2_Train_034135.flac
/root/atadd_track2_subset_v1/train/ATADD_T2_Train_034177.flac,1,speech,GradTTS,ATADD_T2_Train_034177.flac
/root/atadd_track2_subset_v1/train/ATADD_T2_Train_034187.flac,1,speech,GradTTS,ATADD_T2_Train_034187.flac
/root/atadd_track2_subset_v1/train/ATADD_T2_Train_034369.flac,1,speech,GradTTS,ATADD_T2_Train_034369.flac
/root/atadd_track2_subset_v1/train/ATADD_T2_Train_034370.flac,1,speech,GradTTS,ATADD_T2_Train_034370.flac
/root/atadd_track2_subset_v1/train/ATADD_T2_Train_034395.flac,1,speech,GradTTS,ATADD_T2_Train_034395.flac
/root/atadd_track2_subset_v1/train/ATADD_T2_Train_034411.flac,1,speech,GradTTS,ATADD_T2_Train_034411.flac
/root/atadd_track2_subset_v1/train/ATADD_T2_Train_034432.flac,1,speech,GradTTS,ATADD_T2_Train_034432.flac
/root/atadd_track2_subset_v1/train/ATADD_T2_Train_034587.flac,1,speech,GradTTS,ATADD_T2_Train_034587.flac
/root/atadd_track2_subset_v1/train/ATADD_T2_Train_034659.flac,1,speech,GradTTS,ATADD_T2_Train_034659.flac
/root/atadd_track2_subset_v1/train/ATADD_T2_Train_035067.flac,1,speech,GradTTS,ATADD_T2_Train_035067.flac
/root/atadd_track2_subset_v1/train/ATADD_T2_Train_035082.flac,1,speech,GradTTS,ATADD_T2_Train_035082.flac
/root/atadd_track2_subset_v1/train/ATADD_T2_Train_035098.flac,1,speech,GradTTS,ATADD_T2_Train_035098.flac
/root/atadd_track2_subset_v1/train/ATADD_T2_Train_035101.flac,1,speech,GradTTS,ATADD_T2_Train_035101.flac
/root/atadd_track2_subset_v1/train/ATADD_T2_Train_035104.flac,1,speech,GradTTS,ATADD_T2_Train_035104.flac
/root/atadd_track2_subset_v1/train/ATADD_T2_Train_035167.flac,1,speech,GradTTS,ATADD_T2_Train_035167.flac
/root/atadd_track2_subset_v1/train/ATADD_T2_Train_035289.flac,1,speech,GradTTS,ATADD_T2_Train_035289.flac
/root/atadd_track2_subset_v1/train/ATADD_T2_Train_035351.flac,1,speech,GradTTS,ATADD_T2_Train_035351.flac
/root/atadd_track2_subset_v1/train/ATADD_T2_Train_035606.flac,1,speech,GradTTS,ATADD_T2_Train_035606.flac
/root/atadd_track2_subset_v1/train/ATADD_T2_Train_035673.flac,1,speech,GradTTS,ATADD_T2_Train_035673.flac
/root/atadd_track2_subset_v1/train/ATADD_T2_Train_035736.flac,1,speech,GradTTS,ATADD_T2_Train_035736.flac
/root/atadd_track2_subset_v1/train/ATADD_T2_Train_035752.flac,1,speech,GradTTS,ATADD_T2_Train_035752.flac
/root/atadd_track2_subset_v1/train/ATADD_T2_Train_035844.flac,1,speech,GlowTTS,ATADD_T2_Train_035844.flac
/root/atadd_track2_subset_v1/train/ATADD_T2_Train_035886.flac,1,speech,GlowTTS,ATADD_T2_Train_035886.flac
/root/atadd_track2_subset_v1/train/ATADD_T2_Train_035968.flac,1,speech,GlowTTS,ATADD_T2_Train_035968.flac
/root/atadd_track2_subset_v1/train/ATADD_T2_Train_035974.flac,1,speech,GlowTTS,ATADD_T2_Train_035974.flac
/root/atadd_track2_subset_v1/train/ATADD_T2_Train_036064.flac,1,speech,GlowTTS,ATADD_T2_Train_036064.flac
/root/atadd_track2_subset_v1/train/ATADD_T2_Train_036081.flac,1,speech,GlowTTS,ATADD_T2_Train_036081.flac
/root/atadd_track2_subset_v1/train/ATADD_T2_Train_036252.flac,1,speech,GlowTTS,ATADD_T2_Train_036252.flac
/root/atadd_track2_subset_v1/train/ATADD_T2_Train_036275.flac,1,speech,GlowTTS,ATADD_T2_Train_036275.flac
/root/atadd_track2_subset_v1/train/ATADD_T2_Train_036363.flac,1,speech,GlowTTS,ATADD_T2_Train_036363.flac
/root/atadd_track2_subset_v1/train/ATADD_T2_Train_036401.flac,1,speech,GlowTTS,ATADD_T2_Train_036401.flac
/root/atadd_track2_subset_v1/train/ATADD_T2_Train_036502.flac,1,speech,GlowTTS,ATADD_T2_Train_036502.flac
/root/atadd_track2_subset_v1/train/ATADD_T2_Train_036641.flac,1,speech,GlowTTS,ATADD_T2_Train_036641.flac
/root/atadd_track2_subset_v1/train/ATADD_T2_Train_036872.flac,1,speech,GlowTTS,ATADD_T2_Train_036872.flac
/root/atadd_track2_subset_v1/train/ATADD_T2_Train_036974.flac,1,speech,GlowTTS,ATADD_T2_Train_036974.flac
/root/atadd_track2_subset_v1/train/ATADD_T2_Train_036981.flac,1,speech,GlowTTS,ATADD_T2_Train_036981.flac
/root/atadd_track2_subset_v1/train/ATADD_T2_Train_037000.flac,1,speech,GlowTTS,ATADD_T2_Train_037000.flac
/root/atadd_track2_subset_v1/train/ATADD_T2_Train_037070.flac,1,speech,GlowTTS,ATADD_T2_Train_037070.flac
/root/atadd_track2_subset_v1/train/ATADD_T2_Train_037146.flac,1,speech,GlowTTS,ATADD_T2_Train_037146.flac
/root/atadd_track2_subset_v1/train/ATADD_T2_Train_037225.flac,1,speech,GlowTTS,ATADD_T2_Train_037225.flac
/root/atadd_track2_subset_v1/train/ATADD_T2_Train_037279.flac,1,speech,GlowTTS,ATADD_T2_Train_037279.flac
/root/atadd_track2_subset_v1/train/ATADD_T2_Train_037474.flac,1,speech,GlowTTS,ATADD_T2_Train_037474.flac
/root/atadd_track2_subset_v1/train/ATADD_T2_Train_037483.flac,1,speech,GlowTTS,ATADD_T2_Train_037483.flac
/root/atadd_track2_subset_v1/train/ATADD_T2_Train_037513.flac,1,speech,GlowTTS,ATADD_T2_Train_037513.flac
/root/atadd_track2_subset_v1/train/ATADD_T2_Train_037581.flac,1,speech,GlowTTS,ATADD_T2_Train_037581.flac
/root/atadd_track2_subset_v1/train/ATADD_T2_Train_037676.flac,1,speech,GlowTTS,ATADD_T2_Train_037676.flac
/root/atadd_track2_subset_v1/train/ATADD_T2_Train_037759.flac,1,speech,GlowTTS,ATADD_T2_Train_037759.flac
/root/atadd_track2_subset_v1/train/ATADD_T2_Train_037862.flac,1,speech,WaveGlow,ATADD_T2_Train_037862.flac
/root/atadd_track2_subset_v1/train/ATADD_T2_Train_037961.flac,1,speech,WaveGlow,ATADD_T2_Train_037961.flac
/root/atadd_track2_subset_v1/train/ATADD_T2_Train_038036.flac,1,speech,WaveGlow,ATADD_T2_Train_038036.flac
/root/atadd_track2_subset_v1/train/ATADD_T2_Train_038060.flac,1,speech,WaveGlow,ATADD_T2_Train_038060.flac
/root/atadd_track2_subset_v1/train/ATADD_T2_Train_038130.flac,1,speech,WaveGlow,ATADD_T2_Train_038130.flac
/root/atadd_track2_subset_v1/train/ATADD_T2_Train_038136.flac,1,speech,WaveGlow,ATADD_T2_Train_038136.flac
/root/atadd_track2_subset_v1/train/ATADD_T2_Train_038140.flac,1,speech,WaveGlow,ATADD_T2_Train_038140.flac
/root/atadd_track2_subset_v1/train/ATADD_T2_Train_038157.flac,1,speech,WaveGlow,ATADD_T2_Train_038157.flac
/root/atadd_track2_subset_v1/train/ATADD_T2_Train_038387.flac,1,speech,WaveGlow,ATADD_T2_Train_038387.flac
/root/atadd_track2_subset_v1/train/ATADD_T2_Train_038474.flac,1,speech,WaveGlow,ATADD_T2_Train_038474.flac
/root/atadd_track2_subset_v1/train/ATADD_T2_Train_038507.flac,1,speech,WaveGlow,ATADD_T2_Train_038507.flac
/root/atadd_track2_subset_v1/train/ATADD_T2_Train_038671.flac,1,speech,WaveGlow,ATADD_T2_Train_038671.flac
/root/atadd_track2_subset_v1/train/ATADD_T2_Train_038774.flac,1,speech,WaveGlow,ATADD_T2_Train_038774.flac
/root/atadd_track2_subset_v1/train/ATADD_T2_Train_038842.flac,1,speech,WaveGlow,ATADD_T2_Train_038842.flac
/root/atadd_track2_subset_v1/train/ATADD_T2_Train_038920.flac,1,speech,WaveGlow,ATADD_T2_Train_038920.flac
/root/atadd_track2_subset_v1/train/ATADD_T2_Train_038925.flac,1,speech,WaveGlow,ATADD_T2_Train_038925.flac
/root/atadd_track2_subset_v1/train/ATADD_T2_Train_038992.flac,1,speech,WaveGlow,ATADD_T2_Train_038992.flac
/root/atadd_track2_subset_v1/train/ATADD_T2_Train_039060.flac,1,speech,WaveGlow,ATADD_T2_Train_039060.flac
/root/atadd_track2_subset_v1/train/ATADD_T2_Train_039167.flac,1,speech,WaveGlow,ATADD_T2_Train_039167.flac
/root/atadd_track2_subset_v1/train/ATADD_T2_Train_039229.flac,1,speech,WaveGlow,ATADD_T2_Train_039229.flac
/root/atadd_track2_subset_v1/train/ATADD_T2_Train_039462.flac,1,speech,WaveGlow,ATADD_T2_Train_039462.flac
/root/atadd_track2_subset_v1/train/ATADD_T2_Train_039473.flac,1,speech,WaveGlow,ATADD_T2_Train_039473.flac
/root/atadd_track2_subset_v1/train/ATADD_T2_Train_039616.flac,1,speech,WaveGlow,ATADD_T2_Train_039616.flac
/root/atadd_track2_subset_v1/train/ATADD_T2_Train_039621.flac,1,speech,WaveGlow,ATADD_T2_Train_039621.flac
/root/atadd_track2_subset_v1/train/ATADD_T2_Train_039635.flac,1,speech,WaveGlow,ATADD_T2_Train_039635.flac
/root/atadd_track2_subset_v1/train/ATADD_T2_Train_039671.flac,1,speech,WaveGlow,ATADD_T2_Train_039671.flac
/root/atadd_track2_subset_v1/train/ATADD_T2_Train_039712.flac,1,speech,WaveGlow,ATADD_T2_Train_039712.flac
/root/atadd_track2_subset_v1/train/ATADD_T2_Train_039798.flac,1,speech,MelGAN,ATADD_T2_Train_039798.flac
/root/atadd_track2_subset_v1/train/ATADD_T2_Train_039831.flac,1,speech,MelGAN,ATADD_T2_Train_039831.flac
/root/atadd_track2_subset_v1/train/ATADD_T2_Train_039918.flac,1,speech,MelGAN,ATADD_T2_Train_039918.flac
/root/atadd_track2_subset_v1/train/ATADD_T2_Train_039933.flac,1,speech,MelGAN,ATADD_T2_Train_039933.flac
/root/atadd_track2_subset_v1/train/ATADD_T2_Train_040044.flac,1,speech,MelGAN,ATADD_T2_Train_040044.flac
/root/atadd_track2_subset_v1/train/ATADD_T2_Train_040045.flac,1,speech,MelGAN,ATADD_T2_Train_040045.flac
/root/atadd_track2_subset_v1/train/ATADD_T2_Train_040119.flac,1,speech,MelGAN,ATADD_T2_Train_040119.flac
/root/atadd_track2_subset_v1/train/ATADD_T2_Train_040211.flac,1,speech,MelGAN,ATADD_T2_Train_040211.flac
/root/atadd_track2_subset_v1/train/ATADD_T2_Train_040280.flac,1,speech,MelGAN,ATADD_T2_Train_040280.flac
/root/atadd_track2_subset_v1/train/ATADD_T2_Train_040365.flac,1,speech,MelGAN,ATADD_T2_Train_040365.flac
/root/atadd_track2_subset_v1/train/ATADD_T2_Train_040403.flac,1,speech,MelGAN,ATADD_T2_Train_040403.flac
/root/atadd_track2_subset_v1/train/ATADD_T2_Train_040480.flac,1,speech,MelGAN,ATADD_T2_Train_040480.flac
/root/atadd_track2_subset_v1/train/ATADD_T2_Train_040543.flac,1,speech,MelGAN,ATADD_T2_Train_040543.flac
/root/atadd_track2_subset_v1/train/ATADD_T2_Train_040868.flac,1,speech,MelGAN,ATADD_T2_Train_040868.flac
/root/atadd_track2_subset_v1/train/ATADD_T2_Train_040917.flac,1,speech,MelGAN,ATADD_T2_Train_040917.flac
/root/atadd_track2_subset_v1/train/ATADD_T2_Train_041248.flac,1,speech,MelGAN,ATADD_T2_Train_041248.flac
/root/atadd_track2_subset_v1/train/ATADD_T2_Train_041306.flac,1,speech,MelGAN,ATADD_T2_Train_041306.flac
/root/atadd_track2_subset_v1/train/ATADD_T2_Train_041393.flac,1,speech,MelGAN,ATADD_T2_Train_041393.flac
/root/atadd_track2_subset_v1/train/ATADD_T2_Train_041436.flac,1,speech,MelGAN,ATADD_T2_Train_041436.flac
/root/atadd_track2_subset_v1/train/ATADD_T2_Train_041807.flac,1,speech,StarGANv2VC,ATADD_T2_Train_041807.flac
/root/atadd_track2_subset_v1/train/ATADD_T2_Train_041984.flac,1,speech,StarGANv2VC,ATADD_T2_Train_041984.flac
/root/atadd_track2_subset_v1/train/ATADD_T2_Train_042077.flac,1,speech,StarGANv2VC,ATADD_T2_Train_042077.flac
/root/atadd_track2_subset_v1/train/ATADD_T2_Train_042245.flac,1,speech,StarGANv2VC,ATADD_T2_Train_042245.flac
/root/atadd_track2_subset_v1/train/ATADD_T2_Train_042332.flac,1,speech,StarGANv2VC,ATADD_T2_Train_042332.flac
/root/atadd_track2_subset_v1/train/ATADD_T2_Train_042421.flac,1,speech,StarGANv2VC,ATADD_T2_Train_042421.flac
/root/atadd_track2_subset_v1/train/ATADD_T2_Train_042432.flac,1,speech,StarGANv2VC,ATADD_T2_Train_042432.flac
/root/atadd_track2_subset_v1/train/ATADD_T2_Train_042514.flac,1,speech,StarGANv2VC,ATADD_T2_Train_042514.flac
/root/atadd_track2_subset_v1/train/ATADD_T2_Train_042515.flac,1,speech,StarGANv2VC,ATADD_T2_Train_042515.flac
/root/atadd_track2_subset_v1/train/ATADD_T2_Train_042532.flac,1,speech,StarGANv2VC,ATADD_T2_Train_042532.flac
/root/atadd_track2_subset_v1/train/ATADD_T2_Train_042695.flac,1,speech,StarGANv2VC,ATADD_T2_Train_042695.flac
/root/atadd_track2_subset_v1/train/ATADD_T2_Train_042740.flac,1,speech,StarGANv2VC,ATADD_T2_Train_042740.flac
/root/atadd_track2_subset_v1/train/ATADD_T2_Train_042742.flac,1,speech,StarGANv2VC,ATADD_T2_Train_042742.flac
/root/atadd_track2_subset_v1/train/ATADD_T2_Train_042836.flac,1,speech,StarGANv2VC,ATADD_T2_Train_042836.flac
/root/atadd_track2_subset_v1/train/ATADD_T2_Train_042901.flac,1,speech,StarGANv2VC,ATADD_T2_Train_042901.flac
/root/atadd_track2_subset_v1/train/ATADD_T2_Train_043123.flac,1,speech,StarGANv2VC,ATADD_T2_Train_043123.flac
/root/atadd_track2_subset_v1/train/ATADD_T2_Train_043201.flac,1,speech,StarGANv2VC,ATADD_T2_Train_043201.flac
/root/atadd_track2_subset_v1/train/ATADD_T2_Train_043346.flac,1,speech,StarGANv2VC,ATADD_T2_Train_043346.flac
/root/atadd_track2_subset_v1/train/ATADD_T2_Train_043392.flac,1,speech,StarGANv2VC,ATADD_T2_Train_043392.flac
/root/atadd_track2_subset_v1/train/ATADD_T2_Train_043474.flac,1,speech,StarGANv2VC,ATADD_T2_Train_043474.flac
/root/atadd_track2_subset_v1/train/ATADD_T2_Train_043508.flac,1,speech,StarGANv2VC,ATADD_T2_Train_043508.flac
/root/atadd_track2_subset_v1/train/ATADD_T2_Train_043650.flac,1,speech,StarGANv2VC,ATADD_T2_Train_043650.flac
/root/atadd_track2_subset_v1/train/ATADD_T2_Train_043712.flac,1,speech,StarGANv2VC,ATADD_T2_Train_043712.flac
/root/atadd_track2_subset_v1/train/ATADD_T2_Train_043791.flac,1,speech,StarGANv2VC,ATADD_T2_Train_043791.flac
/root/atadd_track2_subset_v1/train/ATADD_T2_Train_043801.flac,1,speech,Tortoise,ATADD_T2_Train_043801.flac
/root/atadd_track2_subset_v1/train/ATADD_T2_Train_043896.flac,1,speech,Tortoise,ATADD_T2_Train_043896.flac
/root/atadd_track2_subset_v1/train/ATADD_T2_Train_043931.flac,1,speech,Tortoise,ATADD_T2_Train_043931.flac
/root/atadd_track2_subset_v1/train/ATADD_T2_Train_044042.flac,1,speech,Tortoise,ATADD_T2_Train_044042.flac
/root/atadd_track2_subset_v1/train/ATADD_T2_Train_044062.flac,1,speech,Tortoise,ATADD_T2_Train_044062.flac
/root/atadd_track2_subset_v1/train/ATADD_T2_Train_044275.flac,1,speech,Tortoise,ATADD_T2_Train_044275.flac
/root/atadd_track2_subset_v1/train/ATADD_T2_Train_044331.flac,1,speech,Tortoise,ATADD_T2_Train_044331.flac
/root/atadd_track2_subset_v1/train/ATADD_T2_Train_044459.flac,1,speech,Tortoise,ATADD_T2_Train_044459.flac
/root/atadd_track2_subset_v1/train/ATADD_T2_Train_044621.flac,1,speech,Tortoise,ATADD_T2_Train_044621.flac
/root/atadd_track2_subset_v1/train/ATADD_T2_Train_044721.flac,1,speech,Tortoise,ATADD_T2_Train_044721.flac
/root/atadd_track2_subset_v1/train/ATADD_T2_Train_044767.flac,1,speech,Tortoise,ATADD_T2_Train_044767.flac
/root/atadd_track2_subset_v1/train/ATADD_T2_Train_044883.flac,1,speech,Tortoise,ATADD_T2_Train_044883.flac
/root/atadd_track2_subset_v1/train/ATADD_T2_Train_045024.flac,1,speech,Tortoise,ATADD_T2_Train_045024.flac
/root/atadd_track2_subset_v1/train/ATADD_T2_Train_045122.flac,1,speech,Tortoise,ATADD_T2_Train_045122.flac
/root/atadd_track2_subset_v1/train/ATADD_T2_Train_045152.flac,1,speech,Tortoise,ATADD_T2_Train_045152.flac
/root/atadd_track2_subset_v1/train/ATADD_T2_Train_045164.flac,1,speech,Tortoise,ATADD_T2_Train_045164.flac
/root/atadd_track2_subset_v1/train/ATADD_T2_Train_045235.flac,1,speech,Tortoise,ATADD_T2_Train_045235.flac
/root/atadd_track2_subset_v1/train/ATADD_T2_Train_045308.flac,1,speech,Tortoise,ATADD_T2_Train_045308.flac
/root/atadd_track2_subset_v1/train/ATADD_T2_Train_045490.flac,1,speech,Tortoise,ATADD_T2_Train_045490.flac
/root/atadd_track2_subset_v1/train/ATADD_T2_Train_045523.flac,1,speech,Tortoise,ATADD_T2_Train_045523.flac
/root/atadd_track2_subset_v1/train/ATADD_T2_Train_045593.flac,1,speech,Tortoise,ATADD_T2_Train_045593.flac
/root/atadd_track2_subset_v1/train/ATADD_T2_Train_045629.flac,1,speech,Tortoise,ATADD_T2_Train_045629.flac
/root/atadd_track2_subset_v1/train/ATADD_T2_Train_045685.flac,1,speech,Tortoise,ATADD_T2_Train_045685.flac
/root/atadd_track2_subset_v1/train/ATADD_T2_Train_045805.flac,1,speech,Llasa1B,ATADD_T2_Train_045805.flac
/root/atadd_track2_subset_v1/train/ATADD_T2_Train_045806.flac,1,speech,Llasa1B,ATADD_T2_Train_045806.flac
/root/atadd_track2_subset_v1/train/ATADD_T2_Train_045819.flac,1,speech,Llasa1B,ATADD_T2_Train_045819.flac
/root/atadd_track2_subset_v1/train/ATADD_T2_Train_045868.flac,1,speech,Llasa1B,ATADD_T2_Train_045868.flac
/root/atadd_track2_subset_v1/train/ATADD_T2_Train_046052.flac,1,speech,Llasa1B,ATADD_T2_Train_046052.flac
/root/atadd_track2_subset_v1/train/ATADD_T2_Train_046089.flac,1,speech,Llasa1B,ATADD_T2_Train_046089.flac
/root/atadd_track2_subset_v1/train/ATADD_T2_Train_046232.flac,1,speech,Llasa1B,ATADD_T2_Train_046232.flac
/root/atadd_track2_subset_v1/train/ATADD_T2_Train_046247.flac,1,speech,Llasa1B,ATADD_T2_Train_046247.flac
/root/atadd_track2_subset_v1/train/ATADD_T2_Train_046267.flac,1,speech,Llasa1B,ATADD_T2_Train_046267.flac
/root/atadd_track2_subset_v1/train/ATADD_T2_Train_046434.flac,1,speech,Llasa1B,ATADD_T2_Train_046434.flac
/root/atadd_track2_subset_v1/train/ATADD_T2_Train_046915.flac,1,speech,Llasa1B,ATADD_T2_Train_046915.flac
/root/atadd_track2_subset_v1/train/ATADD_T2_Train_046949.flac,1,speech,Llasa1B,ATADD_T2_Train_046949.flac
/root/atadd_track2_subset_v1/train/ATADD_T2_Train_047102.flac,1,speech,Llasa1B,ATADD_T2_Train_047102.flac
/root/atadd_track2_subset_v1/train/ATADD_T2_Train_047151.flac,1,speech,Llasa1B,ATADD_T2_Train_047151.flac
/root/atadd_track2_subset_v1/train/ATADD_T2_Train_047212.flac,1,speech,Llasa1B,ATADD_T2_Train_047212.flac
/root/atadd_track2_subset_v1/train/ATADD_T2_Train_047249.flac,1,speech,Llasa1B,ATADD_T2_Train_047249.flac
/root/atadd_track2_subset_v1/train/ATADD_T2_Train_047360.flac,1,speech,Llasa1B,ATADD_T2_Train_047360.flac
/root/atadd_track2_subset_v1/train/ATADD_T2_Train_047456.flac,1,speech,Llasa1B,ATADD_T2_Train_047456.flac
/root/atadd_track2_subset_v1/train/ATADD_T2_Train_047534.flac,1,speech,Llasa1B,ATADD_T2_Train_047534.flac
/root/atadd_track2_subset_v1/train/ATADD_T2_Train_047610.flac,1,speech,IndexTTS1,ATADD_T2_Train_047610.flac
/root/atadd_track2_subset_v1/train/ATADD_T2_Train_047611.flac,1,speech,IndexTTS1,ATADD_T2_Train_047611.flac
/root/atadd_track2_subset_v1/train/ATADD_T2_Train_047791.flac,1,speech,IndexTTS1,ATADD_T2_Train_047791.flac
/root/atadd_track2_subset_v1/train/ATADD_T2_Train_047842.flac,1,speech,IndexTTS1,ATADD_T2_Train_047842.flac
/root/atadd_track2_subset_v1/train/ATADD_T2_Train_047875.flac,1,speech,IndexTTS1,ATADD_T2_Train_047875.flac
/root/atadd_track2_subset_v1/train/ATADD_T2_Train_048061.flac,1,speech,IndexTTS1,ATADD_T2_Train_048061.flac
/root/atadd_track2_subset_v1/train/ATADD_T2_Train_048139.flac,1,speech,IndexTTS1,ATADD_T2_Train_048139.flac
/root/atadd_track2_subset_v1/train/ATADD_T2_Train_048163.flac,1,speech,IndexTTS1,ATADD_T2_Train_048163.flac
/root/atadd_track2_subset_v1/train/ATADD_T2_Train_048319.flac,1,speech,IndexTTS1,ATADD_T2_Train_048319.flac
/root/atadd_track2_subset_v1/train/ATADD_T2_Train_048411.flac,1,speech,IndexTTS1,ATADD_T2_Train_048411.flac
/root/atadd_track2_subset_v1/train/ATADD_T2_Train_048432.flac,1,speech,IndexTTS1,ATADD_T2_Train_048432.flac
/root/atadd_track2_subset_v1/train/ATADD_T2_Train_048493.flac,1,speech,IndexTTS1,ATADD_T2_Train_048493.flac
/root/atadd_track2_subset_v1/train/ATADD_T2_Train_048530.flac,1,speech,IndexTTS1,ATADD_T2_Train_048530.flac
/root/atadd_track2_subset_v1/train/ATADD_T2_Train_048638.flac,1,speech,IndexTTS1,ATADD_T2_Train_048638.flac
/root/atadd_track2_subset_v1/train/ATADD_T2_Train_048777.flac,1,speech,IndexTTS1,ATADD_T2_Train_048777.flac
/root/atadd_track2_subset_v1/train/ATADD_T2_Train_048790.flac,1,speech,IndexTTS1,ATADD_T2_Train_048790.flac
/root/atadd_track2_subset_v1/train/ATADD_T2_Train_048907.flac,1,speech,IndexTTS1,ATADD_T2_Train_048907.flac
/root/atadd_track2_subset_v1/train/ATADD_T2_Train_048923.flac,1,speech,IndexTTS1,ATADD_T2_Train_048923.flac
/root/atadd_track2_subset_v1/train/ATADD_T2_Train_049115.flac,1,speech,IndexTTS1,ATADD_T2_Train_049115.flac
/root/atadd_track2_subset_v1/train/ATADD_T2_Train_049322.flac,1,speech,IndexTTS1,ATADD_T2_Train_049322.flac
/root/atadd_track2_subset_v1/train/ATADD_T2_Train_049387.flac,1,speech,IndexTTS1,ATADD_T2_Train_049387.flac
/root/atadd_track2_subset_v1/train/ATADD_T2_Train_049538.flac,1,speech,IndexTTS1,ATADD_T2_Train_049538.flac
/root/atadd_track2_subset_v1/train/ATADD_T2_Train_049648.flac,0,sound,-,ATADD_T2_Train_049648.flac
/root/atadd_track2_subset_v1/train/ATADD_T2_Train_049661.flac,0,sound,-,ATADD_T2_Train_049661.flac
/root/atadd_track2_subset_v1/train/ATADD_T2_Train_049680.flac,0,sound,-,ATADD_T2_Train_049680.flac
/root/atadd_track2_subset_v1/train/ATADD_T2_Train_049684.flac,0,sound,-,ATADD_T2_Train_049684.flac
/root/atadd_track2_subset_v1/train/ATADD_T2_Train_049686.flac,0,sound,-,ATADD_T2_Train_049686.flac
/root/atadd_track2_subset_v1/train/ATADD_T2_Train_049725.flac,0,sound,-,ATADD_T2_Train_049725.flac
/root/atadd_track2_subset_v1/train/ATADD_T2_Train_049730.flac,0,sound,-,ATADD_T2_Train_049730.flac
/root/atadd_track2_subset_v1/train/ATADD_T2_Train_049733.flac,0,sound,-,ATADD_T2_Train_049733.flac
/root/atadd_track2_subset_v1/train/ATADD_T2_Train_049748.flac,0,sound,-,ATADD_T2_Train_049748.flac
/root/atadd_track2_subset_v1/train/ATADD_T2_Train_049770.flac,0,sound,-,ATADD_T2_Train_049770.flac
/root/atadd_track2_subset_v1/train/ATADD_T2_Train_049778.flac,0,sound,-,ATADD_T2_Train_049778.flac
/root/atadd_track2_subset_v1/train/ATADD_T2_Train_049827.flac,0,sound,-,ATADD_T2_Train_049827.flac
/root/atadd_track2_subset_v1/train/ATADD_T2_Train_049832.flac,0,sound,-,ATADD_T2_Train_049832.flac
/root/atadd_track2_subset_v1/train/ATADD_T2_Train_049833.flac,0,sound,-,ATADD_T2_Train_049833.flac
/root/atadd_track2_subset_v1/train/ATADD_T2_Train_049841.flac,0,sound,-,ATADD_T2_Train_049841.flac
/root/atadd_track2_subset_v1/train/ATADD_T2_Train_049850.flac,0,sound,-,ATADD_T2_Train_049850.flac
/root/atadd_track2_subset_v1/train/ATADD_T2_Train_049856.flac,0,sound,-,ATADD_T2_Train_049856.flac
/root/atadd_track2_subset_v1/train/ATADD_T2_Train_049946.flac,0,sound,-,ATADD_T2_Train_049946.flac
/root/atadd_track2_subset_v1/train/ATADD_T2_Train_049978.flac,0,sound,-,ATADD_T2_Train_049978.flac
/root/atadd_track2_subset_v1/train/ATADD_T2_Train_050006.flac,0,sound,-,ATADD_T2_Train_050006.flac
/root/atadd_track2_subset_v1/train/ATADD_T2_Train_050016.flac,0,sound,-,ATADD_T2_Train_050016.flac
/root/atadd_track2_subset_v1/train/ATADD_T2_Train_050054.flac,0,sound,-,ATADD_T2_Train_050054.flac
/root/atadd_track2_subset_v1/train/ATADD_T2_Train_050061.flac,0,sound,-,ATADD_T2_Train_050061.flac
/root/atadd_track2_subset_v1/train/ATADD_T2_Train_050081.flac,0,sound,-,ATADD_T2_Train_050081.flac
/root/atadd_track2_subset_v1/train/ATADD_T2_Train_050095.flac,0,sound,-,ATADD_T2_Train_050095.flac
/root/atadd_track2_subset_v1/train/ATADD_T2_Train_050111.flac,0,sound,-,ATADD_T2_Train_050111.flac
/root/atadd_track2_subset_v1/train/ATADD_T2_Train_050115.flac,0,sound,-,ATADD_T2_Train_050115.flac
/root/atadd_track2_subset_v1/train/ATADD_T2_Train_050130.flac,0,sound,-,ATADD_T2_Train_050130.flac
/root/atadd_track2_subset_v1/train/ATADD_T2_Train_050178.flac,0,sound,-,ATADD_T2_Train_050178.flac
/root/atadd_track2_subset_v1/train/ATADD_T2_Train_050223.flac,0,sound,-,ATADD_T2_Train_050223.flac
/root/atadd_track2_subset_v1/train/ATADD_T2_Train_050273.flac,0,sound,-,ATADD_T2_Train_050273.flac
/root/atadd_track2_subset_v1/train/ATADD_T2_Train_050301.flac,0,sound,-,ATADD_T2_Train_050301.flac
/root/atadd_track2_subset_v1/train/ATADD_T2_Train_050308.flac,0,sound,-,ATADD_T2_Train_050308.flac
/root/atadd_track2_subset_v1/train/ATADD_T2_Train_050325.flac,0,sound,-,ATADD_T2_Train_050325.flac
/root/atadd_track2_subset_v1/train/ATADD_T2_Train_050338.flac,0,sound,-,ATADD_T2_Train_050338.flac
/root/atadd_track2_subset_v1/train/ATADD_T2_Train_050370.flac,0,sound,-,ATADD_T2_Train_050370.flac
/root/atadd_track2_subset_v1/train/ATADD_T2_Train_050420.flac,0,sound,-,ATADD_T2_Train_050420.flac
/root/atadd_track2_subset_v1/train/ATADD_T2_Train_050454.flac,0,sound,-,ATADD_T2_Train_050454.flac
/root/atadd_track2_subset_v1/train/ATADD_T2_Train_050455.flac,0,sound,-,ATADD_T2_Train_050455.flac
/root/atadd_track2_subset_v1/train/ATADD_T2_Train_050495.flac,0,sound,-,ATADD_T2_Train_050495.flac
/root/atadd_track2_subset_v1/train/ATADD_T2_Train_050538.flac,0,sound,-,ATADD_T2_Train_050538.flac
/root/atadd_track2_subset_v1/train/ATADD_T2_Train_050566.flac,0,sound,-,ATADD_T2_Train_050566.flac
/root/atadd_track2_subset_v1/train/ATADD_T2_Train_050601.flac,0,sound,-,ATADD_T2_Train_050601.flac
/root/atadd_track2_subset_v1/train/ATADD_T2_Train_050612.flac,0,sound,-,ATADD_T2_Train_050612.flac
/root/atadd_track2_subset_v1/train/ATADD_T2_Train_050676.flac,0,sound,-,ATADD_T2_Train_050676.flac
/root/atadd_track2_subset_v1/train/ATADD_T2_Train_050689.flac,0,sound,-,ATADD_T2_Train_050689.flac
/root/atadd_track2_subset_v1/train/ATADD_T2_Train_050709.flac,0,sound,-,ATADD_T2_Train_050709.flac
/root/atadd_track2_subset_v1/train/ATADD_T2_Train_050768.flac,0,sound,-,ATADD_T2_Train_050768.flac
/root/atadd_track2_subset_v1/train/ATADD_T2_Train_050780.flac,0,sound,-,ATADD_T2_Train_050780.flac
/root/atadd_track2_subset_v1/train/ATADD_T2_Train_050787.flac,0,sound,-,ATADD_T2_Train_050787.flac
/root/atadd_track2_subset_v1/train/ATADD_T2_Train_050793.flac,0,sound,-,ATADD_T2_Train_050793.flac
/root/atadd_track2_subset_v1/train/ATADD_T2_Train_050794.flac,0,sound,-,ATADD_T2_Train_050794.flac
/root/atadd_track2_subset_v1/train/ATADD_T2_Train_050821.flac,0,sound,-,ATADD_T2_Train_050821.flac
/root/atadd_track2_subset_v1/train/ATADD_T2_Train_050836.flac,0,sound,-,ATADD_T2_Train_050836.flac
/root/atadd_track2_subset_v1/train/ATADD_T2_Train_050860.flac,0,sound,-,ATADD_T2_Train_050860.flac
/root/atadd_track2_subset_v1/train/ATADD_T2_Train_050870.flac,0,sound,-,ATADD_T2_Train_050870.flac
/root/atadd_track2_subset_v1/train/ATADD_T2_Train_050871.flac,0,sound,-,ATADD_T2_Train_050871.flac
/root/atadd_track2_subset_v1/train/ATADD_T2_Train_050896.flac,0,sound,-,ATADD_T2_Train_050896.flac
/root/atadd_track2_subset_v1/train/ATADD_T2_Train_050920.flac,0,sound,-,ATADD_T2_Train_050920.flac
/root/atadd_track2_subset_v1/train/ATADD_T2_Train_050930.flac,0,sound,-,ATADD_T2_Train_050930.flac
/root/atadd_track2_subset_v1/train/ATADD_T2_Train_050963.flac,0,sound,-,ATADD_T2_Train_050963.flac
/root/atadd_track2_subset_v1/train/ATADD_T2_Train_050964.flac,0,sound,-,ATADD_T2_Train_050964.flac
/root/atadd_track2_subset_v1/train/ATADD_T2_Train_050968.flac,0,sound,-,ATADD_T2_Train_050968.flac
/root/atadd_track2_subset_v1/train/ATADD_T2_Train_050980.flac,0,sound,-,ATADD_T2_Train_050980.flac
/root/atadd_track2_subset_v1/train/ATADD_T2_Train_050982.flac,0,sound,-,ATADD_T2_Train_050982.flac
/root/atadd_track2_subset_v1/train/ATADD_T2_Train_051006.flac,0,sound,-,ATADD_T2_Train_051006.flac
/root/atadd_track2_subset_v1/train/ATADD_T2_Train_051044.flac,0,sound,-,ATADD_T2_Train_051044.flac
/root/atadd_track2_subset_v1/train/ATADD_T2_Train_051075.flac,0,sound,-,ATADD_T2_Train_051075.flac
/root/atadd_track2_subset_v1/train/ATADD_T2_Train_051090.flac,0,sound,-,ATADD_T2_Train_051090.flac
/root/atadd_track2_subset_v1/train/ATADD_T2_Train_051100.flac,0,sound,-,ATADD_T2_Train_051100.flac
/root/atadd_track2_subset_v1/train/ATADD_T2_Train_051107.flac,0,sound,-,ATADD_T2_Train_051107.flac
/root/atadd_track2_subset_v1/train/ATADD_T2_Train_051138.flac,0,sound,-,ATADD_T2_Train_051138.flac
/root/atadd_track2_subset_v1/train/ATADD_T2_Train_051154.flac,0,sound,-,ATADD_T2_Train_051154.flac
/root/atadd_track2_subset_v1/train/ATADD_T2_Train_051175.flac,0,sound,-,ATADD_T2_Train_051175.flac
/root/atadd_track2_subset_v1/train/ATADD_T2_Train_051176.flac,0,sound,-,ATADD_T2_Train_051176.flac
/root/atadd_track2_subset_v1/train/ATADD_T2_Train_051191.flac,0,sound,-,ATADD_T2_Train_051191.flac
/root/atadd_track2_subset_v1/train/ATADD_T2_Train_051243.flac,0,sound,-,ATADD_T2_Train_051243.flac
/root/atadd_track2_subset_v1/train/ATADD_T2_Train_051250.flac,0,sound,-,ATADD_T2_Train_051250.flac
/root/atadd_track2_subset_v1/train/ATADD_T2_Train_051268.flac,0,sound,-,ATADD_T2_Train_051268.flac
/root/atadd_track2_subset_v1/train/ATADD_T2_Train_051288.flac,0,sound,-,ATADD_T2_Train_051288.flac
/root/atadd_track2_subset_v1/train/ATADD_T2_Train_051311.flac,0,sound,-,ATADD_T2_Train_051311.flac
/root/atadd_track2_subset_v1/train/ATADD_T2_Train_051321.flac,0,sound,-,ATADD_T2_Train_051321.flac
/root/atadd_track2_subset_v1/train/ATADD_T2_Train_051328.flac,0,sound,-,ATADD_T2_Train_051328.flac
/root/atadd_track2_subset_v1/train/ATADD_T2_Train_051329.flac,0,sound,-,ATADD_T2_Train_051329.flac
/root/atadd_track2_subset_v1/train/ATADD_T2_Train_051367.flac,0,sound,-,ATADD_T2_Train_051367.flac
/root/atadd_track2_subset_v1/train/ATADD_T2_Train_051430.flac,0,sound,-,ATADD_T2_Train_051430.flac
/root/atadd_track2_subset_v1/train/ATADD_T2_Train_051441.flac,0,sound,-,ATADD_T2_Train_051441.flac
/root/atadd_track2_subset_v1/train/ATADD_T2_Train_051443.flac,0,sound,-,ATADD_T2_Train_051443.flac
/root/atadd_track2_subset_v1/train/ATADD_T2_Train_051447.flac,0,sound,-,ATADD_T2_Train_051447.flac
/root/atadd_track2_subset_v1/train/ATADD_T2_Train_051461.flac,0,sound,-,ATADD_T2_Train_051461.flac
/root/atadd_track2_subset_v1/train/ATADD_T2_Train_051477.flac,0,sound,-,ATADD_T2_Train_051477.flac
/root/atadd_track2_subset_v1/train/ATADD_T2_Train_051492.flac,0,sound,-,ATADD_T2_Train_051492.flac
/root/atadd_track2_subset_v1/train/ATADD_T2_Train_051498.flac,0,sound,-,ATADD_T2_Train_051498.flac
/root/atadd_track2_subset_v1/train/ATADD_T2_Train_051507.flac,0,sound,-,ATADD_T2_Train_051507.flac
/root/atadd_track2_subset_v1/train/ATADD_T2_Train_051746.flac,0,sound,-,ATADD_T2_Train_051746.flac
/root/atadd_track2_subset_v1/train/ATADD_T2_Train_051770.flac,0,sound,-,ATADD_T2_Train_051770.flac
/root/atadd_track2_subset_v1/train/ATADD_T2_Train_051795.flac,0,sound,-,ATADD_T2_Train_051795.flac
/root/atadd_track2_subset_v1/train/ATADD_T2_Train_051806.flac,0,sound,-,ATADD_T2_Train_051806.flac
/root/atadd_track2_subset_v1/train/ATADD_T2_Train_051812.flac,0,sound,-,ATADD_T2_Train_051812.flac
/root/atadd_track2_subset_v1/train/ATADD_T2_Train_051828.flac,0,sound,-,ATADD_T2_Train_051828.flac
/root/atadd_track2_subset_v1/train/ATADD_T2_Train_051834.flac,0,sound,-,ATADD_T2_Train_051834.flac
/root/atadd_track2_subset_v1/train/ATADD_T2_Train_051850.flac,0,sound,-,ATADD_T2_Train_051850.flac
/root/atadd_track2_subset_v1/train/ATADD_T2_Train_051856.flac,0,sound,-,ATADD_T2_Train_051856.flac
/root/atadd_track2_subset_v1/train/ATADD_T2_Train_051868.flac,0,sound,-,ATADD_T2_Train_051868.flac
/root/atadd_track2_subset_v1/train/ATADD_T2_Train_051869.flac,0,sound,-,ATADD_T2_Train_051869.flac
/root/atadd_track2_subset_v1/train/ATADD_T2_Train_051874.flac,0,sound,-,ATADD_T2_Train_051874.flac
/root/atadd_track2_subset_v1/train/ATADD_T2_Train_051892.flac,0,sound,-,ATADD_T2_Train_051892.flac
/root/atadd_track2_subset_v1/train/ATADD_T2_Train_051897.flac,0,sound,-,ATADD_T2_Train_051897.flac
/root/atadd_track2_subset_v1/train/ATADD_T2_Train_051938.flac,0,sound,-,ATADD_T2_Train_051938.flac
/root/atadd_track2_subset_v1/train/ATADD_T2_Train_051966.flac,0,sound,-,ATADD_T2_Train_051966.flac
/root/atadd_track2_subset_v1/train/ATADD_T2_Train_052015.flac,0,sound,-,ATADD_T2_Train_052015.flac
/root/atadd_track2_subset_v1/train/ATADD_T2_Train_052045.flac,0,sound,-,ATADD_T2_Train_052045.flac
/root/atadd_track2_subset_v1/train/ATADD_T2_Train_052050.flac,0,sound,-,ATADD_T2_Train_052050.flac
/root/atadd_track2_subset_v1/train/ATADD_T2_Train_052073.flac,0,sound,-,ATADD_T2_Train_052073.flac
/root/atadd_track2_subset_v1/train/ATADD_T2_Train_052101.flac,0,sound,-,ATADD_T2_Train_052101.flac
/root/atadd_track2_subset_v1/train/ATADD_T2_Train_052102.flac,0,sound,-,ATADD_T2_Train_052102.flac
/root/atadd_track2_subset_v1/train/ATADD_T2_Train_052103.flac,0,sound,-,ATADD_T2_Train_052103.flac
/root/atadd_track2_subset_v1/train/ATADD_T2_Train_052199.flac,0,sound,-,ATADD_T2_Train_052199.flac
/root/atadd_track2_subset_v1/train/ATADD_T2_Train_052237.flac,0,sound,-,ATADD_T2_Train_052237.flac
/root/atadd_track2_subset_v1/train/ATADD_T2_Train_052268.flac,0,sound,-,ATADD_T2_Train_052268.flac
/root/atadd_track2_subset_v1/train/ATADD_T2_Train_052301.flac,0,sound,-,ATADD_T2_Train_052301.flac
/root/atadd_track2_subset_v1/train/ATADD_T2_Train_052309.flac,0,sound,-,ATADD_T2_Train_052309.flac
/root/atadd_track2_subset_v1/train/ATADD_T2_Train_052315.flac,0,sound,-,ATADD_T2_Train_052315.flac
/root/atadd_track2_subset_v1/train/ATADD_T2_Train_052316.flac,0,sound,-,ATADD_T2_Train_052316.flac
/root/atadd_track2_subset_v1/train/ATADD_T2_Train_052331.flac,0,sound,-,ATADD_T2_Train_052331.flac
/root/atadd_track2_subset_v1/train/ATADD_T2_Train_052332.flac,0,sound,-,ATADD_T2_Train_052332.flac
/root/atadd_track2_subset_v1/train/ATADD_T2_Train_052349.flac,0,sound,-,ATADD_T2_Train_052349.flac
/root/atadd_track2_subset_v1/train/ATADD_T2_Train_052353.flac,0,sound,-,ATADD_T2_Train_052353.flac
/root/atadd_track2_subset_v1/train/ATADD_T2_Train_052354.flac,0,sound,-,ATADD_T2_Train_052354.flac
/root/atadd_track2_subset_v1/train/ATADD_T2_Train_052383.flac,0,sound,-,ATADD_T2_Train_052383.flac
/root/atadd_track2_subset_v1/train/ATADD_T2_Train_052402.flac,0,sound,-,ATADD_T2_Train_052402.flac
/root/atadd_track2_subset_v1/train/ATADD_T2_Train_052414.flac,0,sound,-,ATADD_T2_Train_052414.flac
/root/atadd_track2_subset_v1/train/ATADD_T2_Train_052434.flac,0,sound,-,ATADD_T2_Train_052434.flac
/root/atadd_track2_subset_v1/train/ATADD_T2_Train_052486.flac,0,sound,-,ATADD_T2_Train_052486.flac
/root/atadd_track2_subset_v1/train/ATADD_T2_Train_052513.flac,0,sound,-,ATADD_T2_Train_052513.flac
/root/atadd_track2_subset_v1/train/ATADD_T2_Train_052514.flac,0,sound,-,ATADD_T2_Train_052514.flac
/root/atadd_track2_subset_v1/train/ATADD_T2_Train_052523.flac,0,sound,-,ATADD_T2_Train_052523.flac
/root/atadd_track2_subset_v1/train/ATADD_T2_Train_052575.flac,0,sound,-,ATADD_T2_Train_052575.flac
/root/atadd_track2_subset_v1/train/ATADD_T2_Train_052591.flac,0,sound,-,ATADD_T2_Train_052591.flac
/root/atadd_track2_subset_v1/train/ATADD_T2_Train_052598.flac,0,sound,-,ATADD_T2_Train_052598.flac
/root/atadd_track2_subset_v1/train/ATADD_T2_Train_052619.flac,0,sound,-,ATADD_T2_Train_052619.flac
/root/atadd_track2_subset_v1/train/ATADD_T2_Train_052629.flac,0,sound,-,ATADD_T2_Train_052629.flac
/root/atadd_track2_subset_v1/train/ATADD_T2_Train_052639.flac,0,sound,-,ATADD_T2_Train_052639.flac
/root/atadd_track2_subset_v1/train/ATADD_T2_Train_052641.flac,0,sound,-,ATADD_T2_Train_052641.flac
/root/atadd_track2_subset_v1/train/ATADD_T2_Train_052646.flac,0,sound,-,ATADD_T2_Train_052646.flac
/root/atadd_track2_subset_v1/train/ATADD_T2_Train_052658.flac,0,sound,-,ATADD_T2_Train_052658.flac
/root/atadd_track2_subset_v1/train/ATADD_T2_Train_052689.flac,0,sound,-,ATADD_T2_Train_052689.flac
/root/atadd_track2_subset_v1/train/ATADD_T2_Train_052696.flac,0,sound,-,ATADD_T2_Train_052696.flac
/root/atadd_track2_subset_v1/train/ATADD_T2_Train_052720.flac,0,sound,-,ATADD_T2_Train_052720.flac
/root/atadd_track2_subset_v1/train/ATADD_T2_Train_052772.flac,0,sound,-,ATADD_T2_Train_052772.flac
/root/atadd_track2_subset_v1/train/ATADD_T2_Train_052779.flac,0,sound,-,ATADD_T2_Train_052779.flac
/root/atadd_track2_subset_v1/train/ATADD_T2_Train_052790.flac,0,sound,-,ATADD_T2_Train_052790.flac
/root/atadd_track2_subset_v1/train/ATADD_T2_Train_052804.flac,0,sound,-,ATADD_T2_Train_052804.flac
/root/atadd_track2_subset_v1/train/ATADD_T2_Train_052808.flac,0,sound,-,ATADD_T2_Train_052808.flac
/root/atadd_track2_subset_v1/train/ATADD_T2_Train_052849.flac,0,sound,-,ATADD_T2_Train_052849.flac
/root/atadd_track2_subset_v1/train/ATADD_T2_Train_052866.flac,0,sound,-,ATADD_T2_Train_052866.flac
/root/atadd_track2_subset_v1/train/ATADD_T2_Train_052904.flac,0,sound,-,ATADD_T2_Train_052904.flac
/root/atadd_track2_subset_v1/train/ATADD_T2_Train_052926.flac,0,sound,-,ATADD_T2_Train_052926.flac
/root/atadd_track2_subset_v1/train/ATADD_T2_Train_052947.flac,0,sound,-,ATADD_T2_Train_052947.flac
/root/atadd_track2_subset_v1/train/ATADD_T2_Train_052965.flac,0,sound,-,ATADD_T2_Train_052965.flac
/root/atadd_track2_subset_v1/train/ATADD_T2_Train_052970.flac,0,sound,-,ATADD_T2_Train_052970.flac
/root/atadd_track2_subset_v1/train/ATADD_T2_Train_052998.flac,0,sound,-,ATADD_T2_Train_052998.flac
/root/atadd_track2_subset_v1/train/ATADD_T2_Train_053010.flac,0,sound,-,ATADD_T2_Train_053010.flac
/root/atadd_track2_subset_v1/train/ATADD_T2_Train_053039.flac,0,sound,-,ATADD_T2_Train_053039.flac
/root/atadd_track2_subset_v1/train/ATADD_T2_Train_053046.flac,0,sound,-,ATADD_T2_Train_053046.flac
/root/atadd_track2_subset_v1/train/ATADD_T2_Train_053095.flac,0,sound,-,ATADD_T2_Train_053095.flac
/root/atadd_track2_subset_v1/train/ATADD_T2_Train_053131.flac,0,sound,-,ATADD_T2_Train_053131.flac
/root/atadd_track2_subset_v1/train/ATADD_T2_Train_053159.flac,0,sound,-,ATADD_T2_Train_053159.flac
/root/atadd_track2_subset_v1/train/ATADD_T2_Train_053189.flac,0,sound,-,ATADD_T2_Train_053189.flac
/root/atadd_track2_subset_v1/train/ATADD_T2_Train_053197.flac,0,sound,-,ATADD_T2_Train_053197.flac
/root/atadd_track2_subset_v1/train/ATADD_T2_Train_053201.flac,0,sound,-,ATADD_T2_Train_053201.flac
/root/atadd_track2_subset_v1/train/ATADD_T2_Train_053213.flac,0,sound,-,ATADD_T2_Train_053213.flac
/root/atadd_track2_subset_v1/train/ATADD_T2_Train_053259.flac,0,sound,-,ATADD_T2_Train_053259.flac
/root/atadd_track2_subset_v1/train/ATADD_T2_Train_053276.flac,0,sound,-,ATADD_T2_Train_053276.flac
/root/atadd_track2_subset_v1/train/ATADD_T2_Train_053313.flac,0,sound,-,ATADD_T2_Train_053313.flac
/root/atadd_track2_subset_v1/train/ATADD_T2_Train_053340.flac,0,sound,-,ATADD_T2_Train_053340.flac
/root/atadd_track2_subset_v1/train/ATADD_T2_Train_053344.flac,0,sound,-,ATADD_T2_Train_053344.flac
/root/atadd_track2_subset_v1/train/ATADD_T2_Train_053367.flac,0,sound,-,ATADD_T2_Train_053367.flac
/root/atadd_track2_subset_v1/train/ATADD_T2_Train_053374.flac,0,sound,-,ATADD_T2_Train_053374.flac
/root/atadd_track2_subset_v1/train/ATADD_T2_Train_053379.flac,0,sound,-,ATADD_T2_Train_053379.flac
/root/atadd_track2_subset_v1/train/ATADD_T2_Train_053484.flac,0,sound,-,ATADD_T2_Train_053484.flac
/root/atadd_track2_subset_v1/train/ATADD_T2_Train_053497.flac,0,sound,-,ATADD_T2_Train_053497.flac
/root/atadd_track2_subset_v1/train/ATADD_T2_Train_053515.flac,0,sound,-,ATADD_T2_Train_053515.flac
/root/atadd_track2_subset_v1/train/ATADD_T2_Train_053524.flac,0,sound,-,ATADD_T2_Train_053524.flac
/root/atadd_track2_subset_v1/train/ATADD_T2_Train_053541.flac,0,sound,-,ATADD_T2_Train_053541.flac
/root/atadd_track2_subset_v1/train/ATADD_T2_Train_053547.flac,0,sound,-,ATADD_T2_Train_053547.flac
/root/atadd_track2_subset_v1/train/ATADD_T2_Train_053550.flac,0,sound,-,ATADD_T2_Train_053550.flac
/root/atadd_track2_subset_v1/train/ATADD_T2_Train_053553.flac,0,sound,-,ATADD_T2_Train_053553.flac
/root/atadd_track2_subset_v1/train/ATADD_T2_Train_053560.flac,0,sound,-,ATADD_T2_Train_053560.flac
/root/atadd_track2_subset_v1/train/ATADD_T2_Train_053572.flac,0,sound,-,ATADD_T2_Train_053572.flac
/root/atadd_track2_subset_v1/train/ATADD_T2_Train_053602.flac,0,sound,-,ATADD_T2_Train_053602.flac
/root/atadd_track2_subset_v1/train/ATADD_T2_Train_053613.flac,0,sound,-,ATADD_T2_Train_053613.flac
/root/atadd_track2_subset_v1/train/ATADD_T2_Train_053616.flac,0,sound,-,ATADD_T2_Train_053616.flac
/root/atadd_track2_subset_v1/train/ATADD_T2_Train_053643.flac,0,sound,-,ATADD_T2_Train_053643.flac
/root/atadd_track2_subset_v1/train/ATADD_T2_Train_053699.flac,0,sound,-,ATADD_T2_Train_053699.flac
/root/atadd_track2_subset_v1/train/ATADD_T2_Train_053711.flac,0,sound,-,ATADD_T2_Train_053711.flac
/root/atadd_track2_subset_v1/train/ATADD_T2_Train_053715.flac,0,sound,-,ATADD_T2_Train_053715.flac
/root/atadd_track2_subset_v1/train/ATADD_T2_Train_053792.flac,0,sound,-,ATADD_T2_Train_053792.flac
/root/atadd_track2_subset_v1/train/ATADD_T2_Train_053815.flac,0,sound,-,ATADD_T2_Train_053815.flac
/root/atadd_track2_subset_v1/train/ATADD_T2_Train_053848.flac,0,sound,-,ATADD_T2_Train_053848.flac
/root/atadd_track2_subset_v1/train/ATADD_T2_Train_053861.flac,0,sound,-,ATADD_T2_Train_053861.flac
/root/atadd_track2_subset_v1/train/ATADD_T2_Train_053874.flac,0,sound,-,ATADD_T2_Train_053874.flac
/root/atadd_track2_subset_v1/train/ATADD_T2_Train_053955.flac,0,sound,-,ATADD_T2_Train_053955.flac
/root/atadd_track2_subset_v1/train/ATADD_T2_Train_053966.flac,0,sound,-,ATADD_T2_Train_053966.flac
/root/atadd_track2_subset_v1/train/ATADD_T2_Train_053973.flac,0,sound,-,ATADD_T2_Train_053973.flac
/root/atadd_track2_subset_v1/train/ATADD_T2_Train_053974.flac,0,sound,-,ATADD_T2_Train_053974.flac
/root/atadd_track2_subset_v1/train/ATADD_T2_Train_053981.flac,0,sound,-,ATADD_T2_Train_053981.flac
/root/atadd_track2_subset_v1/train/ATADD_T2_Train_053995.flac,0,sound,-,ATADD_T2_Train_053995.flac
/root/atadd_track2_subset_v1/train/ATADD_T2_Train_054017.flac,0,sound,-,ATADD_T2_Train_054017.flac
/root/atadd_track2_subset_v1/train/ATADD_T2_Train_054054.flac,0,sound,-,ATADD_T2_Train_054054.flac
/root/atadd_track2_subset_v1/train/ATADD_T2_Train_054077.flac,0,sound,-,ATADD_T2_Train_054077.flac
/root/atadd_track2_subset_v1/train/ATADD_T2_Train_054079.flac,0,sound,-,ATADD_T2_Train_054079.flac
/root/atadd_track2_subset_v1/train/ATADD_T2_Train_054097.flac,0,sound,-,ATADD_T2_Train_054097.flac
/root/atadd_track2_subset_v1/train/ATADD_T2_Train_054136.flac,0,sound,-,ATADD_T2_Train_054136.flac
/root/atadd_track2_subset_v1/train/ATADD_T2_Train_054168.flac,0,sound,-,ATADD_T2_Train_054168.flac
/root/atadd_track2_subset_v1/train/ATADD_T2_Train_054169.flac,0,sound,-,ATADD_T2_Train_054169.flac
/root/atadd_track2_subset_v1/train/ATADD_T2_Train_054213.flac,0,sound,-,ATADD_T2_Train_054213.flac
/root/atadd_track2_subset_v1/train/ATADD_T2_Train_054273.flac,0,sound,-,ATADD_T2_Train_054273.flac
/root/atadd_track2_subset_v1/train/ATADD_T2_Train_054305.flac,0,sound,-,ATADD_T2_Train_054305.flac
/root/atadd_track2_subset_v1/train/ATADD_T2_Train_054308.flac,0,sound,-,ATADD_T2_Train_054308.flac
/root/atadd_track2_subset_v1/train/ATADD_T2_Train_054349.flac,0,sound,-,ATADD_T2_Train_054349.flac
/root/atadd_track2_subset_v1/train/ATADD_T2_Train_054351.flac,0,sound,-,ATADD_T2_Train_054351.flac
/root/atadd_track2_subset_v1/train/ATADD_T2_Train_054357.flac,0,sound,-,ATADD_T2_Train_054357.flac
/root/atadd_track2_subset_v1/train/ATADD_T2_Train_054361.flac,0,sound,-,ATADD_T2_Train_054361.flac
/root/atadd_track2_subset_v1/train/ATADD_T2_Train_054412.flac,0,sound,-,ATADD_T2_Train_054412.flac
/root/atadd_track2_subset_v1/train/ATADD_T2_Train_054415.flac,0,sound,-,ATADD_T2_Train_054415.flac
/root/atadd_track2_subset_v1/train/ATADD_T2_Train_054416.flac,0,sound,-,ATADD_T2_Train_054416.flac
/root/atadd_track2_subset_v1/train/ATADD_T2_Train_054449.flac,0,sound,-,ATADD_T2_Train_054449.flac
/root/atadd_track2_subset_v1/train/ATADD_T2_Train_054479.flac,0,sound,-,ATADD_T2_Train_054479.flac
/root/atadd_track2_subset_v1/train/ATADD_T2_Train_054487.flac,0,sound,-,ATADD_T2_Train_054487.flac
/root/atadd_track2_subset_v1/train/ATADD_T2_Train_054490.flac,0,sound,-,ATADD_T2_Train_054490.flac
/root/atadd_track2_subset_v1/train/ATADD_T2_Train_054495.flac,0,sound,-,ATADD_T2_Train_054495.flac
/root/atadd_track2_subset_v1/train/ATADD_T2_Train_054498.flac,0,sound,-,ATADD_T2_Train_054498.flac
/root/atadd_track2_subset_v1/train/ATADD_T2_Train_054509.flac,0,sound,-,ATADD_T2_Train_054509.flac
/root/atadd_track2_subset_v1/train/ATADD_T2_Train_054537.flac,0,sound,-,ATADD_T2_Train_054537.flac
/root/atadd_track2_subset_v1/train/ATADD_T2_Train_054543.flac,0,sound,-,ATADD_T2_Train_054543.flac
/root/atadd_track2_subset_v1/train/ATADD_T2_Train_054567.flac,0,sound,-,ATADD_T2_Train_054567.flac
/root/atadd_track2_subset_v1/train/ATADD_T2_Train_054579.flac,0,sound,-,ATADD_T2_Train_054579.flac
/root/atadd_track2_subset_v1/train/ATADD_T2_Train_054626.flac,0,sound,-,ATADD_T2_Train_054626.flac
/root/atadd_track2_subset_v1/train/ATADD_T2_Train_054629.flac,0,sound,-,ATADD_T2_Train_054629.flac
/root/atadd_track2_subset_v1/train/ATADD_T2_Train_054686.flac,0,sound,-,ATADD_T2_Train_054686.flac
/root/atadd_track2_subset_v1/train/ATADD_T2_Train_054702.flac,0,sound,-,ATADD_T2_Train_054702.flac
/root/atadd_track2_subset_v1/train/ATADD_T2_Train_054707.flac,0,sound,-,ATADD_T2_Train_054707.flac
/root/atadd_track2_subset_v1/train/ATADD_T2_Train_054710.flac,0,sound,-,ATADD_T2_Train_054710.flac
/root/atadd_track2_subset_v1/train/ATADD_T2_Train_054723.flac,0,sound,-,ATADD_T2_Train_054723.flac
/root/atadd_track2_subset_v1/train/ATADD_T2_Train_054728.flac,0,sound,-,ATADD_T2_Train_054728.flac
/root/atadd_track2_subset_v1/train/ATADD_T2_Train_054730.flac,0,sound,-,ATADD_T2_Train_054730.flac
/root/atadd_track2_subset_v1/train/ATADD_T2_Train_054764.flac,0,sound,-,ATADD_T2_Train_054764.flac
/root/atadd_track2_subset_v1/train/ATADD_T2_Train_054801.flac,0,sound,-,ATADD_T2_Train_054801.flac
/root/atadd_track2_subset_v1/train/ATADD_T2_Train_054804.flac,0,sound,-,ATADD_T2_Train_054804.flac
/root/atadd_track2_subset_v1/train/ATADD_T2_Train_054822.flac,0,sound,-,ATADD_T2_Train_054822.flac
/root/atadd_track2_subset_v1/train/ATADD_T2_Train_054829.flac,0,sound,-,ATADD_T2_Train_054829.flac
/root/atadd_track2_subset_v1/train/ATADD_T2_Train_054845.flac,0,sound,-,ATADD_T2_Train_054845.flac
/root/atadd_track2_subset_v1/train/ATADD_T2_Train_054891.flac,0,sound,-,ATADD_T2_Train_054891.flac
/root/atadd_track2_subset_v1/train/ATADD_T2_Train_054915.flac,0,sound,-,ATADD_T2_Train_054915.flac
/root/atadd_track2_subset_v1/train/ATADD_T2_Train_054916.flac,0,sound,-,ATADD_T2_Train_054916.flac
/root/atadd_track2_subset_v1/train/ATADD_T2_Train_054923.flac,0,sound,-,ATADD_T2_Train_054923.flac
/root/atadd_track2_subset_v1/train/ATADD_T2_Train_054975.flac,0,sound,-,ATADD_T2_Train_054975.flac
/root/atadd_track2_subset_v1/train/ATADD_T2_Train_054980.flac,0,sound,-,ATADD_T2_Train_054980.flac
/root/atadd_track2_subset_v1/train/ATADD_T2_Train_054998.flac,0,sound,-,ATADD_T2_Train_054998.flac
/root/atadd_track2_subset_v1/train/ATADD_T2_Train_055003.flac,0,sound,-,ATADD_T2_Train_055003.flac
/root/atadd_track2_subset_v1/train/ATADD_T2_Train_055008.flac,0,sound,-,ATADD_T2_Train_055008.flac
/root/atadd_track2_subset_v1/train/ATADD_T2_Train_055011.flac,0,sound,-,ATADD_T2_Train_055011.flac
/root/atadd_track2_subset_v1/train/ATADD_T2_Train_055019.flac,0,sound,-,ATADD_T2_Train_055019.flac
/root/atadd_track2_subset_v1/train/ATADD_T2_Train_055031.flac,0,sound,-,ATADD_T2_Train_055031.flac
/root/atadd_track2_subset_v1/train/ATADD_T2_Train_055060.flac,0,sound,-,ATADD_T2_Train_055060.flac
/root/atadd_track2_subset_v1/train/ATADD_T2_Train_055106.flac,0,sound,-,ATADD_T2_Train_055106.flac
/root/atadd_track2_subset_v1/train/ATADD_T2_Train_055156.flac,0,sound,-,ATADD_T2_Train_055156.flac
/root/atadd_track2_subset_v1/train/ATADD_T2_Train_055196.flac,0,sound,-,ATADD_T2_Train_055196.flac
/root/atadd_track2_subset_v1/train/ATADD_T2_Train_055227.flac,0,sound,-,ATADD_T2_Train_055227.flac
/root/atadd_track2_subset_v1/train/ATADD_T2_Train_055242.flac,0,sound,-,ATADD_T2_Train_055242.flac
/root/atadd_track2_subset_v1/train/ATADD_T2_Train_055276.flac,0,sound,-,ATADD_T2_Train_055276.flac
/root/atadd_track2_subset_v1/train/ATADD_T2_Train_055282.flac,0,sound,-,ATADD_T2_Train_055282.flac
/root/atadd_track2_subset_v1/train/ATADD_T2_Train_055283.flac,0,sound,-,ATADD_T2_Train_055283.flac
/root/atadd_track2_subset_v1/train/ATADD_T2_Train_055342.flac,0,sound,-,ATADD_T2_Train_055342.flac
/root/atadd_track2_subset_v1/train/ATADD_T2_Train_055346.flac,0,sound,-,ATADD_T2_Train_055346.flac
/root/atadd_track2_subset_v1/train/ATADD_T2_Train_055374.flac,0,sound,-,ATADD_T2_Train_055374.flac
/root/atadd_track2_subset_v1/train/ATADD_T2_Train_055383.flac,0,sound,-,ATADD_T2_Train_055383.flac
/root/atadd_track2_subset_v1/train/ATADD_T2_Train_055392.flac,0,sound,-,ATADD_T2_Train_055392.flac
/root/atadd_track2_subset_v1/train/ATADD_T2_Train_055405.flac,0,sound,-,ATADD_T2_Train_055405.flac
/root/atadd_track2_subset_v1/train/ATADD_T2_Train_055458.flac,0,sound,-,ATADD_T2_Train_055458.flac
/root/atadd_track2_subset_v1/train/ATADD_T2_Train_055462.flac,0,sound,-,ATADD_T2_Train_055462.flac
/root/atadd_track2_subset_v1/train/ATADD_T2_Train_055466.flac,0,sound,-,ATADD_T2_Train_055466.flac
/root/atadd_track2_subset_v1/train/ATADD_T2_Train_055468.flac,0,sound,-,ATADD_T2_Train_055468.flac
/root/atadd_track2_subset_v1/train/ATADD_T2_Train_055472.flac,0,sound,-,ATADD_T2_Train_055472.flac
/root/atadd_track2_subset_v1/train/ATADD_T2_Train_055485.flac,0,sound,-,ATADD_T2_Train_055485.flac
/root/atadd_track2_subset_v1/train/ATADD_T2_Train_055492.flac,0,sound,-,ATADD_T2_Train_055492.flac
/root/atadd_track2_subset_v1/train/ATADD_T2_Train_055556.flac,0,sound,-,ATADD_T2_Train_055556.flac
/root/atadd_track2_subset_v1/train/ATADD_T2_Train_055569.flac,0,sound,-,ATADD_T2_Train_055569.flac
/root/atadd_track2_subset_v1/train/ATADD_T2_Train_055649.flac,0,sound,-,ATADD_T2_Train_055649.flac
/root/atadd_track2_subset_v1/train/ATADD_T2_Train_055655.flac,0,sound,-,ATADD_T2_Train_055655.flac
/root/atadd_track2_subset_v1/train/ATADD_T2_Train_055688.flac,0,sound,-,ATADD_T2_Train_055688.flac
/root/atadd_track2_subset_v1/train/ATADD_T2_Train_055690.flac,0,sound,-,ATADD_T2_Train_055690.flac
/root/atadd_track2_subset_v1/train/ATADD_T2_Train_055692.flac,0,sound,-,ATADD_T2_Train_055692.flac
/root/atadd_track2_subset_v1/train/ATADD_T2_Train_055705.flac,0,sound,-,ATADD_T2_Train_055705.flac
/root/atadd_track2_subset_v1/train/ATADD_T2_Train_055726.flac,0,sound,-,ATADD_T2_Train_055726.flac
/root/atadd_track2_subset_v1/train/ATADD_T2_Train_055737.flac,0,sound,-,ATADD_T2_Train_055737.flac
/root/atadd_track2_subset_v1/train/ATADD_T2_Train_055752.flac,0,sound,-,ATADD_T2_Train_055752.flac
/root/atadd_track2_subset_v1/train/ATADD_T2_Train_055755.flac,0,sound,-,ATADD_T2_Train_055755.flac
/root/atadd_track2_subset_v1/train/ATADD_T2_Train_055789.flac,0,sound,-,ATADD_T2_Train_055789.flac
/root/atadd_track2_subset_v1/train/ATADD_T2_Train_055799.flac,0,sound,-,ATADD_T2_Train_055799.flac
/root/atadd_track2_subset_v1/train/ATADD_T2_Train_055800.flac,0,sound,-,ATADD_T2_Train_055800.flac
/root/atadd_track2_subset_v1/train/ATADD_T2_Train_055801.flac,0,sound,-,ATADD_T2_Train_055801.flac
/root/atadd_track2_subset_v1/train/ATADD_T2_Train_055803.flac,0,sound,-,ATADD_T2_Train_055803.flac
/root/atadd_track2_subset_v1/train/ATADD_T2_Train_055812.flac,0,sound,-,ATADD_T2_Train_055812.flac
/root/atadd_track2_subset_v1/train/ATADD_T2_Train_055813.flac,0,sound,-,ATADD_T2_Train_055813.flac
/root/atadd_track2_subset_v1/train/ATADD_T2_Train_055862.flac,0,sound,-,ATADD_T2_Train_055862.flac
/root/atadd_track2_subset_v1/train/ATADD_T2_Train_055864.flac,0,sound,-,ATADD_T2_Train_055864.flac
/root/atadd_track2_subset_v1/train/ATADD_T2_Train_055866.flac,0,sound,-,ATADD_T2_Train_055866.flac
/root/atadd_track2_subset_v1/train/ATADD_T2_Train_055887.flac,0,sound,-,ATADD_T2_Train_055887.flac
/root/atadd_track2_subset_v1/train/ATADD_T2_Train_055929.flac,0,sound,-,ATADD_T2_Train_055929.flac
/root/atadd_track2_subset_v1/train/ATADD_T2_Train_055940.flac,0,sound,-,ATADD_T2_Train_055940.flac
/root/atadd_track2_subset_v1/train/ATADD_T2_Train_055943.flac,0,sound,-,ATADD_T2_Train_055943.flac
/root/atadd_track2_subset_v1/train/ATADD_T2_Train_055946.flac,0,sound,-,ATADD_T2_Train_055946.flac
/root/atadd_track2_subset_v1/train/ATADD_T2_Train_055951.flac,0,sound,-,ATADD_T2_Train_055951.flac
/root/atadd_track2_subset_v1/train/ATADD_T2_Train_055959.flac,0,sound,-,ATADD_T2_Train_055959.flac
/root/atadd_track2_subset_v1/train/ATADD_T2_Train_055984.flac,0,sound,-,ATADD_T2_Train_055984.flac
/root/atadd_track2_subset_v1/train/ATADD_T2_Train_056007.flac,0,sound,-,ATADD_T2_Train_056007.flac
/root/atadd_track2_subset_v1/train/ATADD_T2_Train_056013.flac,0,sound,-,ATADD_T2_Train_056013.flac
/root/atadd_track2_subset_v1/train/ATADD_T2_Train_056057.flac,0,sound,-,ATADD_T2_Train_056057.flac
/root/atadd_track2_subset_v1/train/ATADD_T2_Train_056059.flac,0,sound,-,ATADD_T2_Train_056059.flac
/root/atadd_track2_subset_v1/train/ATADD_T2_Train_056074.flac,0,sound,-,ATADD_T2_Train_056074.flac
/root/atadd_track2_subset_v1/train/ATADD_T2_Train_056075.flac,0,sound,-,ATADD_T2_Train_056075.flac
/root/atadd_track2_subset_v1/train/ATADD_T2_Train_056078.flac,0,sound,-,ATADD_T2_Train_056078.flac
/root/atadd_track2_subset_v1/train/ATADD_T2_Train_056100.flac,0,sound,-,ATADD_T2_Train_056100.flac
/root/atadd_track2_subset_v1/train/ATADD_T2_Train_056101.flac,0,sound,-,ATADD_T2_Train_056101.flac
/root/atadd_track2_subset_v1/train/ATADD_T2_Train_056123.flac,0,sound,-,ATADD_T2_Train_056123.flac
/root/atadd_track2_subset_v1/train/ATADD_T2_Train_056142.flac,0,sound,-,ATADD_T2_Train_056142.flac
/root/atadd_track2_subset_v1/train/ATADD_T2_Train_056212.flac,0,sound,-,ATADD_T2_Train_056212.flac
/root/atadd_track2_subset_v1/train/ATADD_T2_Train_056216.flac,0,sound,-,ATADD_T2_Train_056216.flac
/root/atadd_track2_subset_v1/train/ATADD_T2_Train_056228.flac,0,sound,-,ATADD_T2_Train_056228.flac
/root/atadd_track2_subset_v1/train/ATADD_T2_Train_056261.flac,0,sound,-,ATADD_T2_Train_056261.flac
/root/atadd_track2_subset_v1/train/ATADD_T2_Train_056279.flac,0,sound,-,ATADD_T2_Train_056279.flac
/root/atadd_track2_subset_v1/train/ATADD_T2_Train_056315.flac,0,sound,-,ATADD_T2_Train_056315.flac
/root/atadd_track2_subset_v1/train/ATADD_T2_Train_056332.flac,0,sound,-,ATADD_T2_Train_056332.flac
/root/atadd_track2_subset_v1/train/ATADD_T2_Train_056355.flac,0,sound,-,ATADD_T2_Train_056355.flac
/root/atadd_track2_subset_v1/train/ATADD_T2_Train_056357.flac,0,sound,-,ATADD_T2_Train_056357.flac
/root/atadd_track2_subset_v1/train/ATADD_T2_Train_056385.flac,0,sound,-,ATADD_T2_Train_056385.flac
/root/atadd_track2_subset_v1/train/ATADD_T2_Train_056391.flac,0,sound,-,ATADD_T2_Train_056391.flac
/root/atadd_track2_subset_v1/train/ATADD_T2_Train_056417.flac,0,sound,-,ATADD_T2_Train_056417.flac
/root/atadd_track2_subset_v1/train/ATADD_T2_Train_056428.flac,0,sound,-,ATADD_T2_Train_056428.flac
/root/atadd_track2_subset_v1/train/ATADD_T2_Train_056429.flac,0,sound,-,ATADD_T2_Train_056429.flac
/root/atadd_track2_subset_v1/train/ATADD_T2_Train_056475.flac,0,sound,-,ATADD_T2_Train_056475.flac
/root/atadd_track2_subset_v1/train/ATADD_T2_Train_056507.flac,0,sound,-,ATADD_T2_Train_056507.flac
/root/atadd_track2_subset_v1/train/ATADD_T2_Train_056508.flac,0,sound,-,ATADD_T2_Train_056508.flac
/root/atadd_track2_subset_v1/train/ATADD_T2_Train_056561.flac,0,sound,-,ATADD_T2_Train_056561.flac
/root/atadd_track2_subset_v1/train/ATADD_T2_Train_056613.flac,0,sound,-,ATADD_T2_Train_056613.flac
/root/atadd_track2_subset_v1/train/ATADD_T2_Train_056628.flac,0,sound,-,ATADD_T2_Train_056628.flac
/root/atadd_track2_subset_v1/train/ATADD_T2_Train_056630.flac,0,sound,-,ATADD_T2_Train_056630.flac
/root/atadd_track2_subset_v1/train/ATADD_T2_Train_056631.flac,0,sound,-,ATADD_T2_Train_056631.flac
/root/atadd_track2_subset_v1/train/ATADD_T2_Train_056637.flac,0,sound,-,ATADD_T2_Train_056637.flac
/root/atadd_track2_subset_v1/train/ATADD_T2_Train_056651.flac,0,sound,-,ATADD_T2_Train_056651.flac
/root/atadd_track2_subset_v1/train/ATADD_T2_Train_056656.flac,0,sound,-,ATADD_T2_Train_056656.flac
/root/atadd_track2_subset_v1/train/ATADD_T2_Train_056685.flac,0,sound,-,ATADD_T2_Train_056685.flac
/root/atadd_track2_subset_v1/train/ATADD_T2_Train_056697.flac,0,sound,-,ATADD_T2_Train_056697.flac
/root/atadd_track2_subset_v1/train/ATADD_T2_Train_056737.flac,0,sound,-,ATADD_T2_Train_056737.flac
/root/atadd_track2_subset_v1/train/ATADD_T2_Train_056754.flac,0,sound,-,ATADD_T2_Train_056754.flac
/root/atadd_track2_subset_v1/train/ATADD_T2_Train_056759.flac,0,sound,-,ATADD_T2_Train_056759.flac
/root/atadd_track2_subset_v1/train/ATADD_T2_Train_056788.flac,0,sound,-,ATADD_T2_Train_056788.flac
/root/atadd_track2_subset_v1/train/ATADD_T2_Train_056848.flac,0,sound,-,ATADD_T2_Train_056848.flac
/root/atadd_track2_subset_v1/train/ATADD_T2_Train_056862.flac,0,sound,-,ATADD_T2_Train_056862.flac
/root/atadd_track2_subset_v1/train/ATADD_T2_Train_056879.flac,0,sound,-,ATADD_T2_Train_056879.flac
/root/atadd_track2_subset_v1/train/ATADD_T2_Train_056929.flac,0,sound,-,ATADD_T2_Train_056929.flac
/root/atadd_track2_subset_v1/train/ATADD_T2_Train_056933.flac,0,sound,-,ATADD_T2_Train_056933.flac
/root/atadd_track2_subset_v1/train/ATADD_T2_Train_056941.flac,0,sound,-,ATADD_T2_Train_056941.flac
/root/atadd_track2_subset_v1/train/ATADD_T2_Train_056945.flac,0,sound,-,ATADD_T2_Train_056945.flac
/root/atadd_track2_subset_v1/train/ATADD_T2_Train_056957.flac,0,sound,-,ATADD_T2_Train_056957.flac
/root/atadd_track2_subset_v1/train/ATADD_T2_Train_056965.flac,0,sound,-,ATADD_T2_Train_056965.flac
/root/atadd_track2_subset_v1/train/ATADD_T2_Train_056988.flac,0,sound,-,ATADD_T2_Train_056988.flac
/root/atadd_track2_subset_v1/train/ATADD_T2_Train_057036.flac,0,sound,-,ATADD_T2_Train_057036.flac
/root/atadd_track2_subset_v1/train/ATADD_T2_Train_057047.flac,0,sound,-,ATADD_T2_Train_057047.flac
/root/atadd_track2_subset_v1/train/ATADD_T2_Train_057068.flac,0,sound,-,ATADD_T2_Train_057068.flac
/root/atadd_track2_subset_v1/train/ATADD_T2_Train_057072.flac,0,sound,-,ATADD_T2_Train_057072.flac
/root/atadd_track2_subset_v1/train/ATADD_T2_Train_057077.flac,0,sound,-,ATADD_T2_Train_057077.flac
/root/atadd_track2_subset_v1/train/ATADD_T2_Train_057096.flac,0,sound,-,ATADD_T2_Train_057096.flac
/root/atadd_track2_subset_v1/train/ATADD_T2_Train_057126.flac,0,sound,-,ATADD_T2_Train_057126.flac
/root/atadd_track2_subset_v1/train/ATADD_T2_Train_057139.flac,0,sound,-,ATADD_T2_Train_057139.flac
/root/atadd_track2_subset_v1/train/ATADD_T2_Train_057146.flac,0,sound,-,ATADD_T2_Train_057146.flac
/root/atadd_track2_subset_v1/train/ATADD_T2_Train_057162.flac,0,sound,-,ATADD_T2_Train_057162.flac
/root/atadd_track2_subset_v1/train/ATADD_T2_Train_057211.flac,0,sound,-,ATADD_T2_Train_057211.flac
/root/atadd_track2_subset_v1/train/ATADD_T2_Train_057215.flac,0,sound,-,ATADD_T2_Train_057215.flac
/root/atadd_track2_subset_v1/train/ATADD_T2_Train_057268.flac,0,sound,-,ATADD_T2_Train_057268.flac
/root/atadd_track2_subset_v1/train/ATADD_T2_Train_057366.flac,0,sound,-,ATADD_T2_Train_057366.flac
/root/atadd_track2_subset_v1/train/ATADD_T2_Train_057374.flac,0,sound,-,ATADD_T2_Train_057374.flac
/root/atadd_track2_subset_v1/train/ATADD_T2_Train_057377.flac,0,sound,-,ATADD_T2_Train_057377.flac
/root/atadd_track2_subset_v1/train/ATADD_T2_Train_057422.flac,0,sound,-,ATADD_T2_Train_057422.flac
/root/atadd_track2_subset_v1/train/ATADD_T2_Train_057424.flac,0,sound,-,ATADD_T2_Train_057424.flac
/root/atadd_track2_subset_v1/train/ATADD_T2_Train_057427.flac,0,sound,-,ATADD_T2_Train_057427.flac
/root/atadd_track2_subset_v1/train/ATADD_T2_Train_057430.flac,0,sound,-,ATADD_T2_Train_057430.flac
/root/atadd_track2_subset_v1/train/ATADD_T2_Train_057485.flac,0,sound,-,ATADD_T2_Train_057485.flac
/root/atadd_track2_subset_v1/train/ATADD_T2_Train_057488.flac,0,sound,-,ATADD_T2_Train_057488.flac
/root/atadd_track2_subset_v1/train/ATADD_T2_Train_057492.flac,0,sound,-,ATADD_T2_Train_057492.flac
/root/atadd_track2_subset_v1/train/ATADD_T2_Train_057509.flac,0,sound,-,ATADD_T2_Train_057509.flac
/root/atadd_track2_subset_v1/train/ATADD_T2_Train_057515.flac,0,sound,-,ATADD_T2_Train_057515.flac
/root/atadd_track2_subset_v1/train/ATADD_T2_Train_057549.flac,0,sound,-,ATADD_T2_Train_057549.flac
/root/atadd_track2_subset_v1/train/ATADD_T2_Train_057569.flac,0,sound,-,ATADD_T2_Train_057569.flac
/root/atadd_track2_subset_v1/train/ATADD_T2_Train_057576.flac,0,sound,-,ATADD_T2_Train_057576.flac
/root/atadd_track2_subset_v1/train/ATADD_T2_Train_057581.flac,0,sound,-,ATADD_T2_Train_057581.flac
/root/atadd_track2_subset_v1/train/ATADD_T2_Train_057582.flac,0,sound,-,ATADD_T2_Train_057582.flac
/root/atadd_track2_subset_v1/train/ATADD_T2_Train_057595.flac,0,sound,-,ATADD_T2_Train_057595.flac
/root/atadd_track2_subset_v1/train/ATADD_T2_Train_057598.flac,0,sound,-,ATADD_T2_Train_057598.flac
/root/atadd_track2_subset_v1/train/ATADD_T2_Train_057613.flac,0,sound,-,ATADD_T2_Train_057613.flac
/root/atadd_track2_subset_v1/train/ATADD_T2_Train_057614.flac,0,sound,-,ATADD_T2_Train_057614.flac
/root/atadd_track2_subset_v1/train/ATADD_T2_Train_057620.flac,0,sound,-,ATADD_T2_Train_057620.flac
/root/atadd_track2_subset_v1/train/ATADD_T2_Train_057632.flac,0,sound,-,ATADD_T2_Train_057632.flac
/root/atadd_track2_subset_v1/train/ATADD_T2_Train_057655.flac,0,sound,-,ATADD_T2_Train_057655.flac
/root/atadd_track2_subset_v1/train/ATADD_T2_Train_057685.flac,0,sound,-,ATADD_T2_Train_057685.flac
/root/atadd_track2_subset_v1/train/ATADD_T2_Train_057691.flac,0,sound,-,ATADD_T2_Train_057691.flac
/root/atadd_track2_subset_v1/train/ATADD_T2_Train_057699.flac,0,sound,-,ATADD_T2_Train_057699.flac
/root/atadd_track2_subset_v1/train/ATADD_T2_Train_057723.flac,0,sound,-,ATADD_T2_Train_057723.flac
/root/atadd_track2_subset_v1/train/ATADD_T2_Train_057756.flac,0,sound,-,ATADD_T2_Train_057756.flac
/root/atadd_track2_subset_v1/train/ATADD_T2_Train_057765.flac,0,sound,-,ATADD_T2_Train_057765.flac
/root/atadd_track2_subset_v1/train/ATADD_T2_Train_057775.flac,0,sound,-,ATADD_T2_Train_057775.flac
/root/atadd_track2_subset_v1/train/ATADD_T2_Train_057780.flac,0,sound,-,ATADD_T2_Train_057780.flac
/root/atadd_track2_subset_v1/train/ATADD_T2_Train_057804.flac,0,sound,-,ATADD_T2_Train_057804.flac
/root/atadd_track2_subset_v1/train/ATADD_T2_Train_057857.flac,0,sound,-,ATADD_T2_Train_057857.flac
/root/atadd_track2_subset_v1/train/ATADD_T2_Train_057861.flac,0,sound,-,ATADD_T2_Train_057861.flac
/root/atadd_track2_subset_v1/train/ATADD_T2_Train_057876.flac,0,sound,-,ATADD_T2_Train_057876.flac
/root/atadd_track2_subset_v1/train/ATADD_T2_Train_057942.flac,0,sound,-,ATADD_T2_Train_057942.flac
/root/atadd_track2_subset_v1/train/ATADD_T2_Train_057945.flac,0,sound,-,ATADD_T2_Train_057945.flac
/root/atadd_track2_subset_v1/train/ATADD_T2_Train_057971.flac,0,sound,-,ATADD_T2_Train_057971.flac
/root/atadd_track2_subset_v1/train/ATADD_T2_Train_057977.flac,0,sound,-,ATADD_T2_Train_057977.flac
/root/atadd_track2_subset_v1/train/ATADD_T2_Train_058030.flac,0,sound,-,ATADD_T2_Train_058030.flac
/root/atadd_track2_subset_v1/train/ATADD_T2_Train_058075.flac,0,sound,-,ATADD_T2_Train_058075.flac
/root/atadd_track2_subset_v1/train/ATADD_T2_Train_058113.flac,0,sound,-,ATADD_T2_Train_058113.flac
/root/atadd_track2_subset_v1/train/ATADD_T2_Train_058160.flac,0,sound,-,ATADD_T2_Train_058160.flac
/root/atadd_track2_subset_v1/train/ATADD_T2_Train_058167.flac,0,sound,-,ATADD_T2_Train_058167.flac
/root/atadd_track2_subset_v1/train/ATADD_T2_Train_058201.flac,0,sound,-,ATADD_T2_Train_058201.flac
/root/atadd_track2_subset_v1/train/ATADD_T2_Train_058222.flac,0,sound,-,ATADD_T2_Train_058222.flac
/root/atadd_track2_subset_v1/train/ATADD_T2_Train_058229.flac,0,sound,-,ATADD_T2_Train_058229.flac
/root/atadd_track2_subset_v1/train/ATADD_T2_Train_058249.flac,0,sound,-,ATADD_T2_Train_058249.flac
/root/atadd_track2_subset_v1/train/ATADD_T2_Train_058295.flac,0,sound,-,ATADD_T2_Train_058295.flac
/root/atadd_track2_subset_v1/train/ATADD_T2_Train_058319.flac,0,sound,-,ATADD_T2_Train_058319.flac
/root/atadd_track2_subset_v1/train/ATADD_T2_Train_058331.flac,0,sound,-,ATADD_T2_Train_058331.flac
/root/atadd_track2_subset_v1/train/ATADD_T2_Train_058351.flac,0,sound,-,ATADD_T2_Train_058351.flac
/root/atadd_track2_subset_v1/train/ATADD_T2_Train_058353.flac,0,sound,-,ATADD_T2_Train_058353.flac
/root/atadd_track2_subset_v1/train/ATADD_T2_Train_058372.flac,0,sound,-,ATADD_T2_Train_058372.flac
/root/atadd_track2_subset_v1/train/ATADD_T2_Train_058380.flac,0,sound,-,ATADD_T2_Train_058380.flac
/root/atadd_track2_subset_v1/train/ATADD_T2_Train_058384.flac,0,sound,-,ATADD_T2_Train_058384.flac
/root/atadd_track2_subset_v1/train/ATADD_T2_Train_058432.flac,0,sound,-,ATADD_T2_Train_058432.flac
/root/atadd_track2_subset_v1/train/ATADD_T2_Train_058458.flac,0,sound,-,ATADD_T2_Train_058458.flac
/root/atadd_track2_subset_v1/train/ATADD_T2_Train_058473.flac,0,sound,-,ATADD_T2_Train_058473.flac
/root/atadd_track2_subset_v1/train/ATADD_T2_Train_058483.flac,0,sound,-,ATADD_T2_Train_058483.flac
/root/atadd_track2_subset_v1/train/ATADD_T2_Train_058515.flac,0,sound,-,ATADD_T2_Train_058515.flac
/root/atadd_track2_subset_v1/train/ATADD_T2_Train_058530.flac,0,sound,-,ATADD_T2_Train_058530.flac
/root/atadd_track2_subset_v1/train/ATADD_T2_Train_058582.flac,0,sound,-,ATADD_T2_Train_058582.flac
/root/atadd_track2_subset_v1/train/ATADD_T2_Train_058588.flac,0,sound,-,ATADD_T2_Train_058588.flac
/root/atadd_track2_subset_v1/train/ATADD_T2_Train_058597.flac,0,sound,-,ATADD_T2_Train_058597.flac
/root/atadd_track2_subset_v1/train/ATADD_T2_Train_058614.flac,0,sound,-,ATADD_T2_Train_058614.flac
/root/atadd_track2_subset_v1/train/ATADD_T2_Train_058618.flac,0,sound,-,ATADD_T2_Train_058618.flac
/root/atadd_track2_subset_v1/train/ATADD_T2_Train_058621.flac,0,sound,-,ATADD_T2_Train_058621.flac
/root/atadd_track2_subset_v1/train/ATADD_T2_Train_058631.flac,0,sound,-,ATADD_T2_Train_058631.flac
/root/atadd_track2_subset_v1/train/ATADD_T2_Train_058636.flac,0,sound,-,ATADD_T2_Train_058636.flac
/root/atadd_track2_subset_v1/train/ATADD_T2_Train_058641.flac,0,sound,-,ATADD_T2_Train_058641.flac
/root/atadd_track2_subset_v1/train/ATADD_T2_Train_058656.flac,0,sound,-,ATADD_T2_Train_058656.flac
/root/atadd_track2_subset_v1/train/ATADD_T2_Train_058664.flac,0,sound,-,ATADD_T2_Train_058664.flac
/root/atadd_track2_subset_v1/train/ATADD_T2_Train_058667.flac,0,sound,-,ATADD_T2_Train_058667.flac
/root/atadd_track2_subset_v1/train/ATADD_T2_Train_058701.flac,0,sound,-,ATADD_T2_Train_058701.flac
/root/atadd_track2_subset_v1/train/ATADD_T2_Train_058718.flac,0,sound,-,ATADD_T2_Train_058718.flac
/root/atadd_track2_subset_v1/train/ATADD_T2_Train_058732.flac,0,sound,-,ATADD_T2_Train_058732.flac
/root/atadd_track2_subset_v1/train/ATADD_T2_Train_058743.flac,0,sound,-,ATADD_T2_Train_058743.flac
/root/atadd_track2_subset_v1/train/ATADD_T2_Train_058748.flac,0,sound,-,ATADD_T2_Train_058748.flac
/root/atadd_track2_subset_v1/train/ATADD_T2_Train_058776.flac,0,sound,-,ATADD_T2_Train_058776.flac
/root/atadd_track2_subset_v1/train/ATADD_T2_Train_058792.flac,0,sound,-,ATADD_T2_Train_058792.flac
/root/atadd_track2_subset_v1/train/ATADD_T2_Train_058803.flac,0,sound,-,ATADD_T2_Train_058803.flac
/root/atadd_track2_subset_v1/train/ATADD_T2_Train_058808.flac,0,sound,-,ATADD_T2_Train_058808.flac
/root/atadd_track2_subset_v1/train/ATADD_T2_Train_058814.flac,0,sound,-,ATADD_T2_Train_058814.flac
/root/atadd_track2_subset_v1/train/ATADD_T2_Train_058815.flac,0,sound,-,ATADD_T2_Train_058815.flac
/root/atadd_track2_subset_v1/train/ATADD_T2_Train_058832.flac,0,sound,-,ATADD_T2_Train_058832.flac
/root/atadd_track2_subset_v1/train/ATADD_T2_Train_058839.flac,0,sound,-,ATADD_T2_Train_058839.flac
/root/atadd_track2_subset_v1/train/ATADD_T2_Train_058843.flac,0,sound,-,ATADD_T2_Train_058843.flac
/root/atadd_track2_subset_v1/train/ATADD_T2_Train_058846.flac,0,sound,-,ATADD_T2_Train_058846.flac
/root/atadd_track2_subset_v1/train/ATADD_T2_Train_058860.flac,0,sound,-,ATADD_T2_Train_058860.flac
/root/atadd_track2_subset_v1/train/ATADD_T2_Train_058862.flac,0,sound,-,ATADD_T2_Train_058862.flac
/root/atadd_track2_subset_v1/train/ATADD_T2_Train_058911.flac,0,sound,-,ATADD_T2_Train_058911.flac
/root/atadd_track2_subset_v1/train/ATADD_T2_Train_058946.flac,0,sound,-,ATADD_T2_Train_058946.flac
/root/atadd_track2_subset_v1/train/ATADD_T2_Train_058959.flac,0,sound,-,ATADD_T2_Train_058959.flac
/root/atadd_track2_subset_v1/train/ATADD_T2_Train_058993.flac,0,sound,-,ATADD_T2_Train_058993.flac
/root/atadd_track2_subset_v1/train/ATADD_T2_Train_059000.flac,0,sound,-,ATADD_T2_Train_059000.flac
/root/atadd_track2_subset_v1/train/ATADD_T2_Train_059011.flac,0,sound,-,ATADD_T2_Train_059011.flac
/root/atadd_track2_subset_v1/train/ATADD_T2_Train_059035.flac,0,sound,-,ATADD_T2_Train_059035.flac
/root/atadd_track2_subset_v1/train/ATADD_T2_Train_059064.flac,0,sound,-,ATADD_T2_Train_059064.flac
/root/atadd_track2_subset_v1/train/ATADD_T2_Train_059087.flac,0,sound,-,ATADD_T2_Train_059087.flac
/root/atadd_track2_subset_v1/train/ATADD_T2_Train_059115.flac,0,sound,-,ATADD_T2_Train_059115.flac
/root/atadd_track2_subset_v1/train/ATADD_T2_Train_059144.flac,0,sound,-,ATADD_T2_Train_059144.flac
/root/atadd_track2_subset_v1/train/ATADD_T2_Train_059174.flac,0,sound,-,ATADD_T2_Train_059174.flac
/root/atadd_track2_subset_v1/train/ATADD_T2_Train_059193.flac,0,sound,-,ATADD_T2_Train_059193.flac
/root/atadd_track2_subset_v1/train/ATADD_T2_Train_059202.flac,0,sound,-,ATADD_T2_Train_059202.flac
/root/atadd_track2_subset_v1/train/ATADD_T2_Train_059219.flac,0,sound,-,ATADD_T2_Train_059219.flac
/root/atadd_track2_subset_v1/train/ATADD_T2_Train_059245.flac,0,sound,-,ATADD_T2_Train_059245.flac
/root/atadd_track2_subset_v1/train/ATADD_T2_Train_059278.flac,0,sound,-,ATADD_T2_Train_059278.flac
/root/atadd_track2_subset_v1/train/ATADD_T2_Train_059279.flac,0,sound,-,ATADD_T2_Train_059279.flac
/root/atadd_track2_subset_v1/train/ATADD_T2_Train_059304.flac,0,sound,-,ATADD_T2_Train_059304.flac
/root/atadd_track2_subset_v1/train/ATADD_T2_Train_059305.flac,0,sound,-,ATADD_T2_Train_059305.flac
/root/atadd_track2_subset_v1/train/ATADD_T2_Train_059314.flac,0,sound,-,ATADD_T2_Train_059314.flac
/root/atadd_track2_subset_v1/train/ATADD_T2_Train_059334.flac,0,sound,-,ATADD_T2_Train_059334.flac
/root/atadd_track2_subset_v1/train/ATADD_T2_Train_059347.flac,0,sound,-,ATADD_T2_Train_059347.flac
/root/atadd_track2_subset_v1/train/ATADD_T2_Train_059356.flac,0,sound,-,ATADD_T2_Train_059356.flac
/root/atadd_track2_subset_v1/train/ATADD_T2_Train_059372.flac,0,sound,-,ATADD_T2_Train_059372.flac
/root/atadd_track2_subset_v1/train/ATADD_T2_Train_059374.flac,0,sound,-,ATADD_T2_Train_059374.flac
/root/atadd_track2_subset_v1/train/ATADD_T2_Train_059528.flac,1,sound,AudioLDM,ATADD_T2_Train_059528.flac
/root/atadd_track2_subset_v1/train/ATADD_T2_Train_059543.flac,1,sound,AudioLDM,ATADD_T2_Train_059543.flac
/root/atadd_track2_subset_v1/train/ATADD_T2_Train_059599.flac,1,sound,AudioLDM,ATADD_T2_Train_059599.flac
/root/atadd_track2_subset_v1/train/ATADD_T2_Train_059653.flac,1,sound,AudioLDM,ATADD_T2_Train_059653.flac
/root/atadd_track2_subset_v1/train/ATADD_T2_Train_059733.flac,1,sound,AudioLDM,ATADD_T2_Train_059733.flac
/root/atadd_track2_subset_v1/train/ATADD_T2_Train_059804.flac,1,sound,AudioLDM,ATADD_T2_Train_059804.flac
/root/atadd_track2_subset_v1/train/ATADD_T2_Train_059891.flac,1,sound,AudioLDM,ATADD_T2_Train_059891.flac
/root/atadd_track2_subset_v1/train/ATADD_T2_Train_059942.flac,1,sound,AudioLDM,ATADD_T2_Train_059942.flac
/root/atadd_track2_subset_v1/train/ATADD_T2_Train_060143.flac,1,sound,AudioLDM,ATADD_T2_Train_060143.flac
/root/atadd_track2_subset_v1/train/ATADD_T2_Train_060174.flac,1,sound,AudioLDM,ATADD_T2_Train_060174.flac
/root/atadd_track2_subset_v1/train/ATADD_T2_Train_060469.flac,1,sound,AudioLDM,ATADD_T2_Train_060469.flac
/root/atadd_track2_subset_v1/train/ATADD_T2_Train_060485.flac,1,sound,AudioLDM,ATADD_T2_Train_060485.flac
/root/atadd_track2_subset_v1/train/ATADD_T2_Train_060530.flac,1,sound,AudioLDM,ATADD_T2_Train_060530.flac
/root/atadd_track2_subset_v1/train/ATADD_T2_Train_060620.flac,1,sound,AudioLDM,ATADD_T2_Train_060620.flac
/root/atadd_track2_subset_v1/train/ATADD_T2_Train_060652.flac,1,sound,AudioLDM,ATADD_T2_Train_060652.flac
/root/atadd_track2_subset_v1/train/ATADD_T2_Train_060657.flac,1,sound,AudioLDM,ATADD_T2_Train_060657.flac
/root/atadd_track2_subset_v1/train/ATADD_T2_Train_060808.flac,1,sound,AudioLDM,ATADD_T2_Train_060808.flac
/root/atadd_track2_subset_v1/train/ATADD_T2_Train_060879.flac,1,sound,AudioLDM,ATADD_T2_Train_060879.flac
/root/atadd_track2_subset_v1/train/ATADD_T2_Train_060914.flac,1,sound,AudioLDM,ATADD_T2_Train_060914.flac
/root/atadd_track2_subset_v1/train/ATADD_T2_Train_060966.flac,1,sound,AudioLDM,ATADD_T2_Train_060966.flac
/root/atadd_track2_subset_v1/train/ATADD_T2_Train_061025.flac,1,sound,AudioLDM,ATADD_T2_Train_061025.flac
/root/atadd_track2_subset_v1/train/ATADD_T2_Train_061093.flac,1,sound,AudioLDM,ATADD_T2_Train_061093.flac
/root/atadd_track2_subset_v1/train/ATADD_T2_Train_061150.flac,1,sound,AudioLDM,ATADD_T2_Train_061150.flac
/root/atadd_track2_subset_v1/train/ATADD_T2_Train_061253.flac,1,sound,AudioLDM,ATADD_T2_Train_061253.flac
/root/atadd_track2_subset_v1/train/ATADD_T2_Train_061279.flac,1,sound,AudioLDM,ATADD_T2_Train_061279.flac
/root/atadd_track2_subset_v1/train/ATADD_T2_Train_061318.flac,1,sound,AudioLDM,ATADD_T2_Train_061318.flac
/root/atadd_track2_subset_v1/train/ATADD_T2_Train_061321.flac,1,sound,AudioLDM,ATADD_T2_Train_061321.flac
/root/atadd_track2_subset_v1/train/ATADD_T2_Train_061368.flac,1,sound,AudioLDM,ATADD_T2_Train_061368.flac
/root/atadd_track2_subset_v1/train/ATADD_T2_Train_061404.flac,1,sound,AudioLDM,ATADD_T2_Train_061404.flac
/root/atadd_track2_subset_v1/train/ATADD_T2_Train_061427.flac,1,sound,AudioLDM,ATADD_T2_Train_061427.flac
/root/atadd_track2_subset_v1/train/ATADD_T2_Train_061453.flac,1,sound,AudioLDM,ATADD_T2_Train_061453.flac
/root/atadd_track2_subset_v1/train/ATADD_T2_Train_061465.flac,1,sound,AudioLDM,ATADD_T2_Train_061465.flac
/root/atadd_track2_subset_v1/train/ATADD_T2_Train_061519.flac,1,sound,AudioLDM,ATADD_T2_Train_061519.flac
/root/atadd_track2_subset_v1/train/ATADD_T2_Train_061634.flac,1,sound,AudioLDM,ATADD_T2_Train_061634.flac
/root/atadd_track2_subset_v1/train/ATADD_T2_Train_061691.flac,1,sound,AudioLDM,ATADD_T2_Train_061691.flac
/root/atadd_track2_subset_v1/train/ATADD_T2_Train_061823.flac,1,sound,AudioLDM,ATADD_T2_Train_061823.flac
/root/atadd_track2_subset_v1/train/ATADD_T2_Train_061989.flac,1,sound,AudioLDM,ATADD_T2_Train_061989.flac
/root/atadd_track2_subset_v1/train/ATADD_T2_Train_062019.flac,1,sound,AudioLDM,ATADD_T2_Train_062019.flac
/root/atadd_track2_subset_v1/train/ATADD_T2_Train_062059.flac,1,sound,AudioLDM,ATADD_T2_Train_062059.flac
/root/atadd_track2_subset_v1/train/ATADD_T2_Train_062112.flac,1,sound,AudioLDM,ATADD_T2_Train_062112.flac
/root/atadd_track2_subset_v1/train/ATADD_T2_Train_062272.flac,1,sound,AudioLDM,ATADD_T2_Train_062272.flac
/root/atadd_track2_subset_v1/train/ATADD_T2_Train_062361.flac,1,sound,AudioLDM,ATADD_T2_Train_062361.flac
/root/atadd_track2_subset_v1/train/ATADD_T2_Train_062409.flac,1,sound,AudioLDM,ATADD_T2_Train_062409.flac
/root/atadd_track2_subset_v1/train/ATADD_T2_Train_062555.flac,1,sound,AudioLDM,ATADD_T2_Train_062555.flac
/root/atadd_track2_subset_v1/train/ATADD_T2_Train_062713.flac,1,sound,AudioLDM,ATADD_T2_Train_062713.flac
/root/atadd_track2_subset_v1/train/ATADD_T2_Train_062724.flac,1,sound,AudioLDM,ATADD_T2_Train_062724.flac
/root/atadd_track2_subset_v1/train/ATADD_T2_Train_062736.flac,1,sound,AudioLDM,ATADD_T2_Train_062736.flac
/root/atadd_track2_subset_v1/train/ATADD_T2_Train_062946.flac,1,sound,AudioLDM,ATADD_T2_Train_062946.flac
/root/atadd_track2_subset_v1/train/ATADD_T2_Train_063009.flac,1,sound,AudioLDM,ATADD_T2_Train_063009.flac
/root/atadd_track2_subset_v1/train/ATADD_T2_Train_063106.flac,1,sound,AudioLDM,ATADD_T2_Train_063106.flac
/root/atadd_track2_subset_v1/train/ATADD_T2_Train_063121.flac,1,sound,AudioLDM,ATADD_T2_Train_063121.flac
/root/atadd_track2_subset_v1/train/ATADD_T2_Train_063127.flac,1,sound,AudioLDM,ATADD_T2_Train_063127.flac
/root/atadd_track2_subset_v1/train/ATADD_T2_Train_063238.flac,1,sound,AudioLDM,ATADD_T2_Train_063238.flac
/root/atadd_track2_subset_v1/train/ATADD_T2_Train_063277.flac,1,sound,AudioLDM,ATADD_T2_Train_063277.flac
/root/atadd_track2_subset_v1/train/ATADD_T2_Train_063303.flac,1,sound,AudioLDM,ATADD_T2_Train_063303.flac
/root/atadd_track2_subset_v1/train/ATADD_T2_Train_063317.flac,1,sound,AudioLDM,ATADD_T2_Train_063317.flac
/root/atadd_track2_subset_v1/train/ATADD_T2_Train_063423.flac,1,sound,AudioLDM,ATADD_T2_Train_063423.flac
/root/atadd_track2_subset_v1/train/ATADD_T2_Train_063602.flac,1,sound,AudioLDM,ATADD_T2_Train_063602.flac
/root/atadd_track2_subset_v1/train/ATADD_T2_Train_063753.flac,1,sound,AudioLDM,ATADD_T2_Train_063753.flac
/root/atadd_track2_subset_v1/train/ATADD_T2_Train_063787.flac,1,sound,AudioLDM,ATADD_T2_Train_063787.flac
/root/atadd_track2_subset_v1/train/ATADD_T2_Train_063806.flac,1,sound,AudioLDM,ATADD_T2_Train_063806.flac
/root/atadd_track2_subset_v1/train/ATADD_T2_Train_063823.flac,1,sound,AudioLDM,ATADD_T2_Train_063823.flac
/root/atadd_track2_subset_v1/train/ATADD_T2_Train_063827.flac,1,sound,AudioLDM,ATADD_T2_Train_063827.flac
/root/atadd_track2_subset_v1/train/ATADD_T2_Train_063867.flac,1,sound,AudioLDM,ATADD_T2_Train_063867.flac
/root/atadd_track2_subset_v1/train/ATADD_T2_Train_063928.flac,1,sound,AudioLDM,ATADD_T2_Train_063928.flac
/root/atadd_track2_subset_v1/train/ATADD_T2_Train_063934.flac,1,sound,AudioLDM,ATADD_T2_Train_063934.flac
/root/atadd_track2_subset_v1/train/ATADD_T2_Train_064021.flac,1,sound,AudioLDM,ATADD_T2_Train_064021.flac
/root/atadd_track2_subset_v1/train/ATADD_T2_Train_064037.flac,1,sound,AudioLDM,ATADD_T2_Train_064037.flac
/root/atadd_track2_subset_v1/train/ATADD_T2_Train_064124.flac,1,sound,AudioLDM,ATADD_T2_Train_064124.flac
/root/atadd_track2_subset_v1/train/ATADD_T2_Train_064160.flac,1,sound,AudioLDM,ATADD_T2_Train_064160.flac
/root/atadd_track2_subset_v1/train/ATADD_T2_Train_064229.flac,1,sound,AudioLDM,ATADD_T2_Train_064229.flac
/root/atadd_track2_subset_v1/train/ATADD_T2_Train_064319.flac,1,sound,AudioLDM,ATADD_T2_Train_064319.flac
/root/atadd_track2_subset_v1/train/ATADD_T2_Train_064340.flac,1,sound,AudioLDM,ATADD_T2_Train_064340.flac
/root/atadd_track2_subset_v1/train/ATADD_T2_Train_064449.flac,1,sound,AudioLDM,ATADD_T2_Train_064449.flac
/root/atadd_track2_subset_v1/train/ATADD_T2_Train_064513.flac,1,sound,AudioLDM,ATADD_T2_Train_064513.flac
/root/atadd_track2_subset_v1/train/ATADD_T2_Train_064605.flac,1,sound,AudioLDM,ATADD_T2_Train_064605.flac
/root/atadd_track2_subset_v1/train/ATADD_T2_Train_064663.flac,1,sound,AudioLDM,ATADD_T2_Train_064663.flac
/root/atadd_track2_subset_v1/train/ATADD_T2_Train_064754.flac,1,sound,AudioLDM,ATADD_T2_Train_064754.flac
/root/atadd_track2_subset_v1/train/ATADD_T2_Train_064821.flac,1,sound,AudioLDM,ATADD_T2_Train_064821.flac
/root/atadd_track2_subset_v1/train/ATADD_T2_Train_065104.flac,1,sound,AudioLDM,ATADD_T2_Train_065104.flac
/root/atadd_track2_subset_v1/train/ATADD_T2_Train_065166.flac,1,sound,AudioLDM,ATADD_T2_Train_065166.flac
/root/atadd_track2_subset_v1/train/ATADD_T2_Train_065168.flac,1,sound,AudioLDM,ATADD_T2_Train_065168.flac
/root/atadd_track2_subset_v1/train/ATADD_T2_Train_065180.flac,1,sound,AudioLDM,ATADD_T2_Train_065180.flac
/root/atadd_track2_subset_v1/train/ATADD_T2_Train_065190.flac,1,sound,AudioLDM,ATADD_T2_Train_065190.flac
/root/atadd_track2_subset_v1/train/ATADD_T2_Train_065278.flac,1,sound,AudioLDM,ATADD_T2_Train_065278.flac
/root/atadd_track2_subset_v1/train/ATADD_T2_Train_065327.flac,1,sound,AudioLDM,ATADD_T2_Train_065327.flac
/root/atadd_track2_subset_v1/train/ATADD_T2_Train_065455.flac,1,sound,AudioLDM,ATADD_T2_Train_065455.flac
/root/atadd_track2_subset_v1/train/ATADD_T2_Train_065484.flac,1,sound,AudioLDM,ATADD_T2_Train_065484.flac
/root/atadd_track2_subset_v1/train/ATADD_T2_Train_065531.flac,1,sound,AudioLDM,ATADD_T2_Train_065531.flac
/root/atadd_track2_subset_v1/train/ATADD_T2_Train_065535.flac,1,sound,AudioLDM,ATADD_T2_Train_065535.flac
/root/atadd_track2_subset_v1/train/ATADD_T2_Train_065606.flac,1,sound,AudioLDM,ATADD_T2_Train_065606.flac
/root/atadd_track2_subset_v1/train/ATADD_T2_Train_065730.flac,1,sound,AudioLDM,ATADD_T2_Train_065730.flac
/root/atadd_track2_subset_v1/train/ATADD_T2_Train_065748.flac,1,sound,AudioLDM,ATADD_T2_Train_065748.flac
/root/atadd_track2_subset_v1/train/ATADD_T2_Train_065759.flac,1,sound,AudioLDM,ATADD_T2_Train_065759.flac
/root/atadd_track2_subset_v1/train/ATADD_T2_Train_065965.flac,1,sound,AudioLDM,ATADD_T2_Train_065965.flac
/root/atadd_track2_subset_v1/train/ATADD_T2_Train_066051.flac,1,sound,AudioLDM,ATADD_T2_Train_066051.flac
/root/atadd_track2_subset_v1/train/ATADD_T2_Train_066054.flac,1,sound,AudioLDM,ATADD_T2_Train_066054.flac
/root/atadd_track2_subset_v1/train/ATADD_T2_Train_066092.flac,1,sound,AudioLDM,ATADD_T2_Train_066092.flac
/root/atadd_track2_subset_v1/train/ATADD_T2_Train_066160.flac,1,sound,AudioLDM,ATADD_T2_Train_066160.flac
/root/atadd_track2_subset_v1/train/ATADD_T2_Train_066182.flac,1,sound,AudioLDM,ATADD_T2_Train_066182.flac
/root/atadd_track2_subset_v1/train/ATADD_T2_Train_066222.flac,1,sound,AudioLDM,ATADD_T2_Train_066222.flac
/root/atadd_track2_subset_v1/train/ATADD_T2_Train_066441.flac,1,sound,AudioLDM,ATADD_T2_Train_066441.flac
/root/atadd_track2_subset_v1/train/ATADD_T2_Train_066549.flac,1,sound,AudioLDM,ATADD_T2_Train_066549.flac
/root/atadd_track2_subset_v1/train/ATADD_T2_Train_066570.flac,1,sound,AudioLDM,ATADD_T2_Train_066570.flac
/root/atadd_track2_subset_v1/train/ATADD_T2_Train_066586.flac,1,sound,AudioLDM,ATADD_T2_Train_066586.flac
/root/atadd_track2_subset_v1/train/ATADD_T2_Train_066610.flac,1,sound,AudioLDM,ATADD_T2_Train_066610.flac
/root/atadd_track2_subset_v1/train/ATADD_T2_Train_066666.flac,1,sound,AudioLDM,ATADD_T2_Train_066666.flac
/root/atadd_track2_subset_v1/train/ATADD_T2_Train_066673.flac,1,sound,AudioLDM,ATADD_T2_Train_066673.flac
/root/atadd_track2_subset_v1/train/ATADD_T2_Train_066727.flac,1,sound,AudioLDM,ATADD_T2_Train_066727.flac
/root/atadd_track2_subset_v1/train/ATADD_T2_Train_066798.flac,1,sound,AudioLDM,ATADD_T2_Train_066798.flac
/root/atadd_track2_subset_v1/train/ATADD_T2_Train_066814.flac,1,sound,AudioLDM,ATADD_T2_Train_066814.flac
/root/atadd_track2_subset_v1/train/ATADD_T2_Train_066824.flac,1,sound,AudioLDM,ATADD_T2_Train_066824.flac
/root/atadd_track2_subset_v1/train/ATADD_T2_Train_066955.flac,1,sound,AudioLDM,ATADD_T2_Train_066955.flac
/root/atadd_track2_subset_v1/train/ATADD_T2_Train_067039.flac,1,sound,AudioLDM,ATADD_T2_Train_067039.flac
/root/atadd_track2_subset_v1/train/ATADD_T2_Train_067059.flac,1,sound,AudioLDM,ATADD_T2_Train_067059.flac
/root/atadd_track2_subset_v1/train/ATADD_T2_Train_067103.flac,1,sound,AudioLDM,ATADD_T2_Train_067103.flac
/root/atadd_track2_subset_v1/train/ATADD_T2_Train_067108.flac,1,sound,AudioLDM,ATADD_T2_Train_067108.flac
/root/atadd_track2_subset_v1/train/ATADD_T2_Train_067147.flac,1,sound,AudioLDM,ATADD_T2_Train_067147.flac
/root/atadd_track2_subset_v1/train/ATADD_T2_Train_067173.flac,1,sound,AudioLDM,ATADD_T2_Train_067173.flac
/root/atadd_track2_subset_v1/train/ATADD_T2_Train_067192.flac,1,sound,AudioLDM,ATADD_T2_Train_067192.flac
/root/atadd_track2_subset_v1/train/ATADD_T2_Train_067270.flac,1,sound,AudioLDM,ATADD_T2_Train_067270.flac
/root/atadd_track2_subset_v1/train/ATADD_T2_Train_067316.flac,1,sound,AudioLDM,ATADD_T2_Train_067316.flac
/root/atadd_track2_subset_v1/train/ATADD_T2_Train_067326.flac,1,sound,AudioLDM,ATADD_T2_Train_067326.flac
/root/atadd_track2_subset_v1/train/ATADD_T2_Train_067374.flac,1,sound,AudioLDM,ATADD_T2_Train_067374.flac
/root/atadd_track2_subset_v1/train/ATADD_T2_Train_067387.flac,1,sound,AudioLDM,ATADD_T2_Train_067387.flac
/root/atadd_track2_subset_v1/train/ATADD_T2_Train_067449.flac,1,sound,AudioLDM,ATADD_T2_Train_067449.flac
/root/atadd_track2_subset_v1/train/ATADD_T2_Train_067507.flac,1,sound,AudioLDM,ATADD_T2_Train_067507.flac
/root/atadd_track2_subset_v1/train/ATADD_T2_Train_067538.flac,1,sound,AudioLDM,ATADD_T2_Train_067538.flac
/root/atadd_track2_subset_v1/train/ATADD_T2_Train_067540.flac,1,sound,AudioLDM,ATADD_T2_Train_067540.flac
/root/atadd_track2_subset_v1/train/ATADD_T2_Train_067558.flac,1,sound,AudioLDM,ATADD_T2_Train_067558.flac
/root/atadd_track2_subset_v1/train/ATADD_T2_Train_067768.flac,1,sound,AudioLDM,ATADD_T2_Train_067768.flac
/root/atadd_track2_subset_v1/train/ATADD_T2_Train_067785.flac,1,sound,AudioLDM,ATADD_T2_Train_067785.flac
/root/atadd_track2_subset_v1/train/ATADD_T2_Train_067833.flac,1,sound,AudioLDM,ATADD_T2_Train_067833.flac
/root/atadd_track2_subset_v1/train/ATADD_T2_Train_067860.flac,1,sound,AudioLDM,ATADD_T2_Train_067860.flac
/root/atadd_track2_subset_v1/train/ATADD_T2_Train_067975.flac,1,sound,AudioLDM,ATADD_T2_Train_067975.flac
/root/atadd_track2_subset_v1/train/ATADD_T2_Train_068000.flac,1,sound,AudioLDM,ATADD_T2_Train_068000.flac
/root/atadd_track2_subset_v1/train/ATADD_T2_Train_068092.flac,1,sound,AudioLDM,ATADD_T2_Train_068092.flac
/root/atadd_track2_subset_v1/train/ATADD_T2_Train_068178.flac,1,sound,AudioLDM,ATADD_T2_Train_068178.flac
/root/atadd_track2_subset_v1/train/ATADD_T2_Train_068314.flac,1,sound,AudioLDM,ATADD_T2_Train_068314.flac
/root/atadd_track2_subset_v1/train/ATADD_T2_Train_068330.flac,1,sound,AudioLDM,ATADD_T2_Train_068330.flac
/root/atadd_track2_subset_v1/train/ATADD_T2_Train_068370.flac,1,sound,AudioLDM,ATADD_T2_Train_068370.flac
/root/atadd_track2_subset_v1/train/ATADD_T2_Train_068390.flac,1,sound,AudioLDM,ATADD_T2_Train_068390.flac
/root/atadd_track2_subset_v1/train/ATADD_T2_Train_068446.flac,1,sound,AudioLDM,ATADD_T2_Train_068446.flac
/root/atadd_track2_subset_v1/train/ATADD_T2_Train_068462.flac,1,sound,AudioLDM,ATADD_T2_Train_068462.flac
/root/atadd_track2_subset_v1/train/ATADD_T2_Train_068572.flac,1,sound,AudioLDM,ATADD_T2_Train_068572.flac
/root/atadd_track2_subset_v1/train/ATADD_T2_Train_068754.flac,1,sound,AudioLDM,ATADD_T2_Train_068754.flac
/root/atadd_track2_subset_v1/train/ATADD_T2_Train_068782.flac,1,sound,AudioLDM,ATADD_T2_Train_068782.flac
/root/atadd_track2_subset_v1/train/ATADD_T2_Train_068837.flac,1,sound,AudioLDM,ATADD_T2_Train_068837.flac
/root/atadd_track2_subset_v1/train/ATADD_T2_Train_068842.flac,1,sound,AudioLDM,ATADD_T2_Train_068842.flac
/root/atadd_track2_subset_v1/train/ATADD_T2_Train_068855.flac,1,sound,AudioLDM,ATADD_T2_Train_068855.flac
/root/atadd_track2_subset_v1/train/ATADD_T2_Train_068860.flac,1,sound,AudioLDM,ATADD_T2_Train_068860.flac
/root/atadd_track2_subset_v1/train/ATADD_T2_Train_068900.flac,1,sound,AudioLDM,ATADD_T2_Train_068900.flac
/root/atadd_track2_subset_v1/train/ATADD_T2_Train_068908.flac,1,sound,AudioLDM,ATADD_T2_Train_068908.flac
/root/atadd_track2_subset_v1/train/ATADD_T2_Train_068915.flac,1,sound,AudioLDM,ATADD_T2_Train_068915.flac
/root/atadd_track2_subset_v1/train/ATADD_T2_Train_068947.flac,1,sound,AudioLDM,ATADD_T2_Train_068947.flac
/root/atadd_track2_subset_v1/train/ATADD_T2_Train_069097.flac,1,sound,AudioLDM,ATADD_T2_Train_069097.flac
/root/atadd_track2_subset_v1/train/ATADD_T2_Train_069182.flac,1,sound,AudioLDM,ATADD_T2_Train_069182.flac
/root/atadd_track2_subset_v1/train/ATADD_T2_Train_069206.flac,1,sound,AudioLDM,ATADD_T2_Train_069206.flac
/root/atadd_track2_subset_v1/train/ATADD_T2_Train_069207.flac,1,sound,AudioLDM,ATADD_T2_Train_069207.flac
/root/atadd_track2_subset_v1/train/ATADD_T2_Train_069211.flac,1,sound,AudioLDM,ATADD_T2_Train_069211.flac
/root/atadd_track2_subset_v1/train/ATADD_T2_Train_069256.flac,1,sound,AudioLDM,ATADD_T2_Train_069256.flac
/root/atadd_track2_subset_v1/train/ATADD_T2_Train_069276.flac,1,sound,AudioLDM,ATADD_T2_Train_069276.flac
/root/atadd_track2_subset_v1/train/ATADD_T2_Train_069284.flac,1,sound,AudioLDM,ATADD_T2_Train_069284.flac
/root/atadd_track2_subset_v1/train/ATADD_T2_Train_069318.flac,1,sound,AudioLDM,ATADD_T2_Train_069318.flac
/root/atadd_track2_subset_v1/train/ATADD_T2_Train_069324.flac,1,sound,AudioLDM,ATADD_T2_Train_069324.flac
/root/atadd_track2_subset_v1/train/ATADD_T2_Train_069483.flac,1,sound,AudioLDM2,ATADD_T2_Train_069483.flac
/root/atadd_track2_subset_v1/train/ATADD_T2_Train_069528.flac,1,sound,AudioLDM2,ATADD_T2_Train_069528.flac
/root/atadd_track2_subset_v1/train/ATADD_T2_Train_069620.flac,1,sound,AudioLDM2,ATADD_T2_Train_069620.flac
/root/atadd_track2_subset_v1/train/ATADD_T2_Train_069711.flac,1,sound,AudioLDM2,ATADD_T2_Train_069711.flac
/root/atadd_track2_subset_v1/train/ATADD_T2_Train_069818.flac,1,sound,AudioLDM2,ATADD_T2_Train_069818.flac
/root/atadd_track2_subset_v1/train/ATADD_T2_Train_069874.flac,1,sound,AudioLDM2,ATADD_T2_Train_069874.flac
/root/atadd_track2_subset_v1/train/ATADD_T2_Train_069879.flac,1,sound,AudioLDM2,ATADD_T2_Train_069879.flac
/root/atadd_track2_subset_v1/train/ATADD_T2_Train_069937.flac,1,sound,AudioLDM2,ATADD_T2_Train_069937.flac
/root/atadd_track2_subset_v1/train/ATADD_T2_Train_069954.flac,1,sound,AudioLDM2,ATADD_T2_Train_069954.flac
/root/atadd_track2_subset_v1/train/ATADD_T2_Train_070033.flac,1,sound,AudioLDM2,ATADD_T2_Train_070033.flac
/root/atadd_track2_subset_v1/train/ATADD_T2_Train_070081.flac,1,sound,AudioLDM2,ATADD_T2_Train_070081.flac
/root/atadd_track2_subset_v1/train/ATADD_T2_Train_070175.flac,1,sound,AudioLDM2,ATADD_T2_Train_070175.flac
/root/atadd_track2_subset_v1/train/ATADD_T2_Train_070181.flac,1,sound,AudioLDM2,ATADD_T2_Train_070181.flac
/root/atadd_track2_subset_v1/train/ATADD_T2_Train_070231.flac,1,sound,AudioLDM2,ATADD_T2_Train_070231.flac
/root/atadd_track2_subset_v1/train/ATADD_T2_Train_070252.flac,1,sound,AudioLDM2,ATADD_T2_Train_070252.flac
/root/atadd_track2_subset_v1/train/ATADD_T2_Train_070253.flac,1,sound,AudioLDM2,ATADD_T2_Train_070253.flac
/root/atadd_track2_subset_v1/train/ATADD_T2_Train_070265.flac,1,sound,AudioLDM2,ATADD_T2_Train_070265.flac
/root/atadd_track2_subset_v1/train/ATADD_T2_Train_070408.flac,1,sound,AudioLDM2,ATADD_T2_Train_070408.flac
/root/atadd_track2_subset_v1/train/ATADD_T2_Train_070476.flac,1,sound,AudioLDM2,ATADD_T2_Train_070476.flac
/root/atadd_track2_subset_v1/train/ATADD_T2_Train_070647.flac,1,sound,AudioLDM2,ATADD_T2_Train_070647.flac
/root/atadd_track2_subset_v1/train/ATADD_T2_Train_070715.flac,1,sound,AudioLDM2,ATADD_T2_Train_070715.flac
/root/atadd_track2_subset_v1/train/ATADD_T2_Train_070719.flac,1,sound,AudioLDM2,ATADD_T2_Train_070719.flac
/root/atadd_track2_subset_v1/train/ATADD_T2_Train_070739.flac,1,sound,AudioLDM2,ATADD_T2_Train_070739.flac
/root/atadd_track2_subset_v1/train/ATADD_T2_Train_070772.flac,1,sound,AudioLDM2,ATADD_T2_Train_070772.flac
/root/atadd_track2_subset_v1/train/ATADD_T2_Train_070779.flac,1,sound,AudioLDM2,ATADD_T2_Train_070779.flac
/root/atadd_track2_subset_v1/train/ATADD_T2_Train_070825.flac,1,sound,AudioLDM2,ATADD_T2_Train_070825.flac
/root/atadd_track2_subset_v1/train/ATADD_T2_Train_070859.flac,1,sound,AudioLDM2,ATADD_T2_Train_070859.flac
/root/atadd_track2_subset_v1/train/ATADD_T2_Train_071039.flac,1,sound,AudioLDM2,ATADD_T2_Train_071039.flac
/root/atadd_track2_subset_v1/train/ATADD_T2_Train_071211.flac,1,sound,AudioLDM2,ATADD_T2_Train_071211.flac
/root/atadd_track2_subset_v1/train/ATADD_T2_Train_071284.flac,1,sound,AudioLDM2,ATADD_T2_Train_071284.flac
/root/atadd_track2_subset_v1/train/ATADD_T2_Train_071473.flac,1,sound,AudioLDM2,ATADD_T2_Train_071473.flac
/root/atadd_track2_subset_v1/train/ATADD_T2_Train_071672.flac,1,sound,AudioLDM2,ATADD_T2_Train_071672.flac
/root/atadd_track2_subset_v1/train/ATADD_T2_Train_071700.flac,1,sound,AudioLDM2,ATADD_T2_Train_071700.flac
/root/atadd_track2_subset_v1/train/ATADD_T2_Train_071739.flac,1,sound,AudioLDM2,ATADD_T2_Train_071739.flac
/root/atadd_track2_subset_v1/train/ATADD_T2_Train_071765.flac,1,sound,AudioLDM2,ATADD_T2_Train_071765.flac
/root/atadd_track2_subset_v1/train/ATADD_T2_Train_071777.flac,1,sound,AudioLDM2,ATADD_T2_Train_071777.flac
/root/atadd_track2_subset_v1/train/ATADD_T2_Train_071799.flac,1,sound,AudioLDM2,ATADD_T2_Train_071799.flac
/root/atadd_track2_subset_v1/train/ATADD_T2_Train_071858.flac,1,sound,AudioLDM2,ATADD_T2_Train_071858.flac
/root/atadd_track2_subset_v1/train/ATADD_T2_Train_071871.flac,1,sound,AudioLDM2,ATADD_T2_Train_071871.flac
/root/atadd_track2_subset_v1/train/ATADD_T2_Train_071919.flac,1,sound,AudioLDM2,ATADD_T2_Train_071919.flac
/root/atadd_track2_subset_v1/train/ATADD_T2_Train_071963.flac,1,sound,AudioLDM2,ATADD_T2_Train_071963.flac
/root/atadd_track2_subset_v1/train/ATADD_T2_Train_071998.flac,1,sound,AudioLDM2,ATADD_T2_Train_071998.flac
/root/atadd_track2_subset_v1/train/ATADD_T2_Train_072157.flac,1,sound,AudioLDM2,ATADD_T2_Train_072157.flac
/root/atadd_track2_subset_v1/train/ATADD_T2_Train_072309.flac,1,sound,AudioLDM2,ATADD_T2_Train_072309.flac
/root/atadd_track2_subset_v1/train/ATADD_T2_Train_072358.flac,1,sound,AudioLDM2,ATADD_T2_Train_072358.flac
/root/atadd_track2_subset_v1/train/ATADD_T2_Train_072404.flac,1,sound,AudioLDM2,ATADD_T2_Train_072404.flac
/root/atadd_track2_subset_v1/train/ATADD_T2_Train_072438.flac,1,sound,AudioLDM2,ATADD_T2_Train_072438.flac
/root/atadd_track2_subset_v1/train/ATADD_T2_Train_072564.flac,1,sound,AudioLDM2,ATADD_T2_Train_072564.flac
/root/atadd_track2_subset_v1/train/ATADD_T2_Train_072611.flac,1,sound,AudioLDM2,ATADD_T2_Train_072611.flac
/root/atadd_track2_subset_v1/train/ATADD_T2_Train_072714.flac,1,sound,AudioLDM2,ATADD_T2_Train_072714.flac
/root/atadd_track2_subset_v1/train/ATADD_T2_Train_072717.flac,1,sound,AudioLDM2,ATADD_T2_Train_072717.flac
/root/atadd_track2_subset_v1/train/ATADD_T2_Train_072763.flac,1,sound,AudioLDM2,ATADD_T2_Train_072763.flac
/root/atadd_track2_subset_v1/train/ATADD_T2_Train_072807.flac,1,sound,AudioLDM2,ATADD_T2_Train_072807.flac
/root/atadd_track2_subset_v1/train/ATADD_T2_Train_072827.flac,1,sound,AudioLDM2,ATADD_T2_Train_072827.flac
/root/atadd_track2_subset_v1/train/ATADD_T2_Train_072952.flac,1,sound,AudioLDM2,ATADD_T2_Train_072952.flac
/root/atadd_track2_subset_v1/train/ATADD_T2_Train_072973.flac,1,sound,AudioLDM2,ATADD_T2_Train_072973.flac
/root/atadd_track2_subset_v1/train/ATADD_T2_Train_072981.flac,1,sound,AudioLDM2,ATADD_T2_Train_072981.flac
/root/atadd_track2_subset_v1/train/ATADD_T2_Train_073042.flac,1,sound,AudioLDM2,ATADD_T2_Train_073042.flac
/root/atadd_track2_subset_v1/train/ATADD_T2_Train_073056.flac,1,sound,AudioLDM2,ATADD_T2_Train_073056.flac
/root/atadd_track2_subset_v1/train/ATADD_T2_Train_073072.flac,1,sound,AudioLDM2,ATADD_T2_Train_073072.flac
/root/atadd_track2_subset_v1/train/ATADD_T2_Train_073078.flac,1,sound,AudioLDM2,ATADD_T2_Train_073078.flac
/root/atadd_track2_subset_v1/train/ATADD_T2_Train_073123.flac,1,sound,AudioLDM2,ATADD_T2_Train_073123.flac
/root/atadd_track2_subset_v1/train/ATADD_T2_Train_073167.flac,1,sound,AudioLDM2,ATADD_T2_Train_073167.flac
/root/atadd_track2_subset_v1/train/ATADD_T2_Train_073204.flac,1,sound,AudioLDM2,ATADD_T2_Train_073204.flac
/root/atadd_track2_subset_v1/train/ATADD_T2_Train_073313.flac,1,sound,AudioLDM2,ATADD_T2_Train_073313.flac
/root/atadd_track2_subset_v1/train/ATADD_T2_Train_073327.flac,1,sound,AudioLDM2,ATADD_T2_Train_073327.flac
/root/atadd_track2_subset_v1/train/ATADD_T2_Train_073428.flac,1,sound,AudioLDM2,ATADD_T2_Train_073428.flac
/root/atadd_track2_subset_v1/train/ATADD_T2_Train_073444.flac,1,sound,AudioLDM2,ATADD_T2_Train_073444.flac
/root/atadd_track2_subset_v1/train/ATADD_T2_Train_073813.flac,1,sound,AudioLDM2,ATADD_T2_Train_073813.flac
/root/atadd_track2_subset_v1/train/ATADD_T2_Train_073908.flac,1,sound,AudioLDM2,ATADD_T2_Train_073908.flac
/root/atadd_track2_subset_v1/train/ATADD_T2_Train_073925.flac,1,sound,AudioLDM2,ATADD_T2_Train_073925.flac
/root/atadd_track2_subset_v1/train/ATADD_T2_Train_074027.flac,1,sound,AudioLDM2,ATADD_T2_Train_074027.flac
/root/atadd_track2_subset_v1/train/ATADD_T2_Train_074058.flac,1,sound,AudioLDM2,ATADD_T2_Train_074058.flac
/root/atadd_track2_subset_v1/train/ATADD_T2_Train_074068.flac,1,sound,AudioLDM2,ATADD_T2_Train_074068.flac
/root/atadd_track2_subset_v1/train/ATADD_T2_Train_074069.flac,1,sound,AudioLDM2,ATADD_T2_Train_074069.flac
/root/atadd_track2_subset_v1/train/ATADD_T2_Train_074127.flac,1,sound,AudioLDM2,ATADD_T2_Train_074127.flac
/root/atadd_track2_subset_v1/train/ATADD_T2_Train_074288.flac,1,sound,AudioLDM2,ATADD_T2_Train_074288.flac
/root/atadd_track2_subset_v1/train/ATADD_T2_Train_074318.flac,1,sound,AudioLDM2,ATADD_T2_Train_074318.flac
/root/atadd_track2_subset_v1/train/ATADD_T2_Train_074338.flac,1,sound,AudioLDM2,ATADD_T2_Train_074338.flac
/root/atadd_track2_subset_v1/train/ATADD_T2_Train_074398.flac,1,sound,AudioLDM2,ATADD_T2_Train_074398.flac
/root/atadd_track2_subset_v1/train/ATADD_T2_Train_074467.flac,1,sound,AudioLDM2,ATADD_T2_Train_074467.flac
/root/atadd_track2_subset_v1/train/ATADD_T2_Train_074492.flac,1,sound,AudioLDM2,ATADD_T2_Train_074492.flac
/root/atadd_track2_subset_v1/train/ATADD_T2_Train_074523.flac,1,sound,AudioLDM2,ATADD_T2_Train_074523.flac
/root/atadd_track2_subset_v1/train/ATADD_T2_Train_074581.flac,1,sound,AudioLDM2,ATADD_T2_Train_074581.flac
/root/atadd_track2_subset_v1/train/ATADD_T2_Train_074601.flac,1,sound,AudioLDM2,ATADD_T2_Train_074601.flac
/root/atadd_track2_subset_v1/train/ATADD_T2_Train_074602.flac,1,sound,AudioLDM2,ATADD_T2_Train_074602.flac
/root/atadd_track2_subset_v1/train/ATADD_T2_Train_074680.flac,1,sound,AudioLDM2,ATADD_T2_Train_074680.flac
/root/atadd_track2_subset_v1/train/ATADD_T2_Train_074766.flac,1,sound,AudioLDM2,ATADD_T2_Train_074766.flac
/root/atadd_track2_subset_v1/train/ATADD_T2_Train_074858.flac,1,sound,AudioLDM2,ATADD_T2_Train_074858.flac
/root/atadd_track2_subset_v1/train/ATADD_T2_Train_074898.flac,1,sound,AudioLDM2,ATADD_T2_Train_074898.flac
/root/atadd_track2_subset_v1/train/ATADD_T2_Train_074909.flac,1,sound,AudioLDM2,ATADD_T2_Train_074909.flac
/root/atadd_track2_subset_v1/train/ATADD_T2_Train_074946.flac,1,sound,AudioLDM2,ATADD_T2_Train_074946.flac
/root/atadd_track2_subset_v1/train/ATADD_T2_Train_075017.flac,1,sound,AudioLDM2,ATADD_T2_Train_075017.flac
/root/atadd_track2_subset_v1/train/ATADD_T2_Train_075075.flac,1,sound,AudioLDM2,ATADD_T2_Train_075075.flac
/root/atadd_track2_subset_v1/train/ATADD_T2_Train_075099.flac,1,sound,AudioLDM2,ATADD_T2_Train_075099.flac
/root/atadd_track2_subset_v1/train/ATADD_T2_Train_075105.flac,1,sound,AudioLDM2,ATADD_T2_Train_075105.flac
/root/atadd_track2_subset_v1/train/ATADD_T2_Train_075128.flac,1,sound,AudioLDM2,ATADD_T2_Train_075128.flac
/root/atadd_track2_subset_v1/train/ATADD_T2_Train_075152.flac,1,sound,AudioLDM2,ATADD_T2_Train_075152.flac
/root/atadd_track2_subset_v1/train/ATADD_T2_Train_075295.flac,1,sound,AudioLDM2,ATADD_T2_Train_075295.flac
/root/atadd_track2_subset_v1/train/ATADD_T2_Train_075447.flac,1,sound,AudioLDM2,ATADD_T2_Train_075447.flac
/root/atadd_track2_subset_v1/train/ATADD_T2_Train_075453.flac,1,sound,AudioLDM2,ATADD_T2_Train_075453.flac
/root/atadd_track2_subset_v1/train/ATADD_T2_Train_075614.flac,1,sound,AudioLDM2,ATADD_T2_Train_075614.flac
/root/atadd_track2_subset_v1/train/ATADD_T2_Train_075662.flac,1,sound,AudioLDM2,ATADD_T2_Train_075662.flac
/root/atadd_track2_subset_v1/train/ATADD_T2_Train_075670.flac,1,sound,AudioLDM2,ATADD_T2_Train_075670.flac
/root/atadd_track2_subset_v1/train/ATADD_T2_Train_075896.flac,1,sound,AudioLDM2,ATADD_T2_Train_075896.flac
/root/atadd_track2_subset_v1/train/ATADD_T2_Train_075941.flac,1,sound,AudioLDM2,ATADD_T2_Train_075941.flac
/root/atadd_track2_subset_v1/train/ATADD_T2_Train_075952.flac,1,sound,AudioLDM2,ATADD_T2_Train_075952.flac
/root/atadd_track2_subset_v1/train/ATADD_T2_Train_075993.flac,1,sound,AudioLDM2,ATADD_T2_Train_075993.flac
/root/atadd_track2_subset_v1/train/ATADD_T2_Train_076153.flac,1,sound,AudioLDM2,ATADD_T2_Train_076153.flac
/root/atadd_track2_subset_v1/train/ATADD_T2_Train_076248.flac,1,sound,AudioLDM2,ATADD_T2_Train_076248.flac
/root/atadd_track2_subset_v1/train/ATADD_T2_Train_076314.flac,1,sound,AudioLDM2,ATADD_T2_Train_076314.flac
/root/atadd_track2_subset_v1/train/ATADD_T2_Train_076480.flac,1,sound,AudioLDM2,ATADD_T2_Train_076480.flac
/root/atadd_track2_subset_v1/train/ATADD_T2_Train_076510.flac,1,sound,AudioLDM2,ATADD_T2_Train_076510.flac
/root/atadd_track2_subset_v1/train/ATADD_T2_Train_076610.flac,1,sound,AudioLDM2,ATADD_T2_Train_076610.flac
/root/atadd_track2_subset_v1/train/ATADD_T2_Train_076615.flac,1,sound,AudioLDM2,ATADD_T2_Train_076615.flac
/root/atadd_track2_subset_v1/train/ATADD_T2_Train_076648.flac,1,sound,AudioLDM2,ATADD_T2_Train_076648.flac
/root/atadd_track2_subset_v1/train/ATADD_T2_Train_076649.flac,1,sound,AudioLDM2,ATADD_T2_Train_076649.flac
/root/atadd_track2_subset_v1/train/ATADD_T2_Train_076737.flac,1,sound,AudioLDM2,ATADD_T2_Train_076737.flac
/root/atadd_track2_subset_v1/train/ATADD_T2_Train_076759.flac,1,sound,AudioLDM2,ATADD_T2_Train_076759.flac
/root/atadd_track2_subset_v1/train/ATADD_T2_Train_076796.flac,1,sound,AudioLDM2,ATADD_T2_Train_076796.flac
/root/atadd_track2_subset_v1/train/ATADD_T2_Train_076831.flac,1,sound,AudioLDM2,ATADD_T2_Train_076831.flac
/root/atadd_track2_subset_v1/train/ATADD_T2_Train_076860.flac,1,sound,AudioLDM2,ATADD_T2_Train_076860.flac
/root/atadd_track2_subset_v1/train/ATADD_T2_Train_076899.flac,1,sound,AudioLDM2,ATADD_T2_Train_076899.flac
/root/atadd_track2_subset_v1/train/ATADD_T2_Train_076965.flac,1,sound,AudioLDM2,ATADD_T2_Train_076965.flac
/root/atadd_track2_subset_v1/train/ATADD_T2_Train_077015.flac,1,sound,AudioLDM2,ATADD_T2_Train_077015.flac
/root/atadd_track2_subset_v1/train/ATADD_T2_Train_077034.flac,1,sound,AudioLDM2,ATADD_T2_Train_077034.flac
/root/atadd_track2_subset_v1/train/ATADD_T2_Train_077043.flac,1,sound,AudioLDM2,ATADD_T2_Train_077043.flac
/root/atadd_track2_subset_v1/train/ATADD_T2_Train_077056.flac,1,sound,AudioLDM2,ATADD_T2_Train_077056.flac
/root/atadd_track2_subset_v1/train/ATADD_T2_Train_077078.flac,1,sound,AudioLDM2,ATADD_T2_Train_077078.flac
/root/atadd_track2_subset_v1/train/ATADD_T2_Train_077101.flac,1,sound,AudioLDM2,ATADD_T2_Train_077101.flac
/root/atadd_track2_subset_v1/train/ATADD_T2_Train_077116.flac,1,sound,AudioLDM2,ATADD_T2_Train_077116.flac
/root/atadd_track2_subset_v1/train/ATADD_T2_Train_077162.flac,1,sound,AudioLDM2,ATADD_T2_Train_077162.flac
/root/atadd_track2_subset_v1/train/ATADD_T2_Train_077229.flac,1,sound,AudioLDM2,ATADD_T2_Train_077229.flac
/root/atadd_track2_subset_v1/train/ATADD_T2_Train_077232.flac,1,sound,AudioLDM2,ATADD_T2_Train_077232.flac
/root/atadd_track2_subset_v1/train/ATADD_T2_Train_077270.flac,1,sound,AudioLDM2,ATADD_T2_Train_077270.flac
/root/atadd_track2_subset_v1/train/ATADD_T2_Train_077330.flac,1,sound,AudioLDM2,ATADD_T2_Train_077330.flac
/root/atadd_track2_subset_v1/train/ATADD_T2_Train_077375.flac,1,sound,AudioLDM2,ATADD_T2_Train_077375.flac
/root/atadd_track2_subset_v1/train/ATADD_T2_Train_077427.flac,1,sound,AudioLDM2,ATADD_T2_Train_077427.flac
/root/atadd_track2_subset_v1/train/ATADD_T2_Train_077463.flac,1,sound,AudioLDM2,ATADD_T2_Train_077463.flac
/root/atadd_track2_subset_v1/train/ATADD_T2_Train_077644.flac,1,sound,AudioLDM2,ATADD_T2_Train_077644.flac
/root/atadd_track2_subset_v1/train/ATADD_T2_Train_077672.flac,1,sound,AudioLDM2,ATADD_T2_Train_077672.flac
/root/atadd_track2_subset_v1/train/ATADD_T2_Train_077691.flac,1,sound,AudioLDM2,ATADD_T2_Train_077691.flac
/root/atadd_track2_subset_v1/train/ATADD_T2_Train_077717.flac,1,sound,AudioLDM2,ATADD_T2_Train_077717.flac
/root/atadd_track2_subset_v1/train/ATADD_T2_Train_077740.flac,1,sound,AudioLDM2,ATADD_T2_Train_077740.flac
/root/atadd_track2_subset_v1/train/ATADD_T2_Train_077796.flac,1,sound,AudioLDM2,ATADD_T2_Train_077796.flac
/root/atadd_track2_subset_v1/train/ATADD_T2_Train_077809.flac,1,sound,AudioLDM2,ATADD_T2_Train_077809.flac
/root/atadd_track2_subset_v1/train/ATADD_T2_Train_077846.flac,1,sound,AudioLDM2,ATADD_T2_Train_077846.flac
/root/atadd_track2_subset_v1/train/ATADD_T2_Train_077858.flac,1,sound,AudioLDM2,ATADD_T2_Train_077858.flac
/root/atadd_track2_subset_v1/train/ATADD_T2_Train_077908.flac,1,sound,AudioLDM2,ATADD_T2_Train_077908.flac
/root/atadd_track2_subset_v1/train/ATADD_T2_Train_077916.flac,1,sound,AudioLDM2,ATADD_T2_Train_077916.flac
/root/atadd_track2_subset_v1/train/ATADD_T2_Train_078035.flac,1,sound,AudioLDM2,ATADD_T2_Train_078035.flac
/root/atadd_track2_subset_v1/train/ATADD_T2_Train_078040.flac,1,sound,AudioLDM2,ATADD_T2_Train_078040.flac
/root/atadd_track2_subset_v1/train/ATADD_T2_Train_078196.flac,1,sound,AudioLDM2,ATADD_T2_Train_078196.flac
/root/atadd_track2_subset_v1/train/ATADD_T2_Train_078202.flac,1,sound,AudioLDM2,ATADD_T2_Train_078202.flac
/root/atadd_track2_subset_v1/train/ATADD_T2_Train_078221.flac,1,sound,AudioLDM2,ATADD_T2_Train_078221.flac
/root/atadd_track2_subset_v1/train/ATADD_T2_Train_078243.flac,1,sound,AudioLDM2,ATADD_T2_Train_078243.flac
/root/atadd_track2_subset_v1/train/ATADD_T2_Train_078307.flac,1,sound,AudioLDM2,ATADD_T2_Train_078307.flac
/root/atadd_track2_subset_v1/train/ATADD_T2_Train_078352.flac,1,sound,AudioLDM2,ATADD_T2_Train_078352.flac
/root/atadd_track2_subset_v1/train/ATADD_T2_Train_078380.flac,1,sound,AudioLDM2,ATADD_T2_Train_078380.flac
/root/atadd_track2_subset_v1/train/ATADD_T2_Train_078516.flac,1,sound,AudioLDM2,ATADD_T2_Train_078516.flac
/root/atadd_track2_subset_v1/train/ATADD_T2_Train_078538.flac,1,sound,AudioLDM2,ATADD_T2_Train_078538.flac
/root/atadd_track2_subset_v1/train/ATADD_T2_Train_078659.flac,1,sound,AudioLDM2,ATADD_T2_Train_078659.flac
/root/atadd_track2_subset_v1/train/ATADD_T2_Train_078817.flac,1,sound,AudioLDM2,ATADD_T2_Train_078817.flac
/root/atadd_track2_subset_v1/train/ATADD_T2_Train_078892.flac,1,sound,AudioLDM2,ATADD_T2_Train_078892.flac
/root/atadd_track2_subset_v1/train/ATADD_T2_Train_078953.flac,1,sound,AudioLDM2,ATADD_T2_Train_078953.flac
/root/atadd_track2_subset_v1/train/ATADD_T2_Train_079018.flac,1,sound,AudioLDM2,ATADD_T2_Train_079018.flac
/root/atadd_track2_subset_v1/train/ATADD_T2_Train_079022.flac,1,sound,AudioLDM2,ATADD_T2_Train_079022.flac
/root/atadd_track2_subset_v1/train/ATADD_T2_Train_079181.flac,1,sound,AudioLDM2,ATADD_T2_Train_079181.flac
/root/atadd_track2_subset_v1/train/ATADD_T2_Train_079278.flac,1,sound,AudioLDM2,ATADD_T2_Train_079278.flac
/root/atadd_track2_subset_v1/train/ATADD_T2_Train_079420.flac,1,sound,AudioLDM2,ATADD_T2_Train_079420.flac
/root/atadd_track2_subset_v1/train/ATADD_T2_Train_079449.flac,1,sound,Audiogen,ATADD_T2_Train_079449.flac
/root/atadd_track2_subset_v1/train/ATADD_T2_Train_079570.flac,1,sound,Audiogen,ATADD_T2_Train_079570.flac
/root/atadd_track2_subset_v1/train/ATADD_T2_Train_079579.flac,1,sound,Audiogen,ATADD_T2_Train_079579.flac
/root/atadd_track2_subset_v1/train/ATADD_T2_Train_079604.flac,1,sound,Audiogen,ATADD_T2_Train_079604.flac
/root/atadd_track2_subset_v1/train/ATADD_T2_Train_079942.flac,1,sound,Audiogen,ATADD_T2_Train_079942.flac
/root/atadd_track2_subset_v1/train/ATADD_T2_Train_080334.flac,1,sound,Audiogen,ATADD_T2_Train_080334.flac
/root/atadd_track2_subset_v1/train/ATADD_T2_Train_080359.flac,1,sound,Audiogen,ATADD_T2_Train_080359.flac
/root/atadd_track2_subset_v1/train/ATADD_T2_Train_080444.flac,1,sound,Audiogen,ATADD_T2_Train_080444.flac
/root/atadd_track2_subset_v1/train/ATADD_T2_Train_080451.flac,1,sound,Audiogen,ATADD_T2_Train_080451.flac
/root/atadd_track2_subset_v1/train/ATADD_T2_Train_080509.flac,1,sound,Audiogen,ATADD_T2_Train_080509.flac
/root/atadd_track2_subset_v1/train/ATADD_T2_Train_080510.flac,1,sound,Audiogen,ATADD_T2_Train_080510.flac
/root/atadd_track2_subset_v1/train/ATADD_T2_Train_080594.flac,1,sound,Audiogen,ATADD_T2_Train_080594.flac
/root/atadd_track2_subset_v1/train/ATADD_T2_Train_080621.flac,1,sound,Audiogen,ATADD_T2_Train_080621.flac
/root/atadd_track2_subset_v1/train/ATADD_T2_Train_080673.flac,1,sound,Audiogen,ATADD_T2_Train_080673.flac
/root/atadd_track2_subset_v1/train/ATADD_T2_Train_080746.flac,1,sound,Audiogen,ATADD_T2_Train_080746.flac
/root/atadd_track2_subset_v1/train/ATADD_T2_Train_080804.flac,1,sound,Audiogen,ATADD_T2_Train_080804.flac
/root/atadd_track2_subset_v1/train/ATADD_T2_Train_080823.flac,1,sound,Audiogen,ATADD_T2_Train_080823.flac
/root/atadd_track2_subset_v1/train/ATADD_T2_Train_080845.flac,1,sound,Audiogen,ATADD_T2_Train_080845.flac
/root/atadd_track2_subset_v1/train/ATADD_T2_Train_080849.flac,1,sound,Audiogen,ATADD_T2_Train_080849.flac
/root/atadd_track2_subset_v1/train/ATADD_T2_Train_080924.flac,1,sound,Audiogen,ATADD_T2_Train_080924.flac
/root/atadd_track2_subset_v1/train/ATADD_T2_Train_081063.flac,1,sound,Audiogen,ATADD_T2_Train_081063.flac
/root/atadd_track2_subset_v1/train/ATADD_T2_Train_081115.flac,1,sound,Audiogen,ATADD_T2_Train_081115.flac
/root/atadd_track2_subset_v1/train/ATADD_T2_Train_081129.flac,1,sound,Audiogen,ATADD_T2_Train_081129.flac
/root/atadd_track2_subset_v1/train/ATADD_T2_Train_081191.flac,1,sound,Audiogen,ATADD_T2_Train_081191.flac
/root/atadd_track2_subset_v1/train/ATADD_T2_Train_081312.flac,1,sound,Audiogen,ATADD_T2_Train_081312.flac
/root/atadd_track2_subset_v1/train/ATADD_T2_Train_081360.flac,1,sound,Audiogen,ATADD_T2_Train_081360.flac
/root/atadd_track2_subset_v1/train/ATADD_T2_Train_081379.flac,1,sound,Audiogen,ATADD_T2_Train_081379.flac
/root/atadd_track2_subset_v1/train/ATADD_T2_Train_081428.flac,1,sound,Audiogen,ATADD_T2_Train_081428.flac
/root/atadd_track2_subset_v1/train/ATADD_T2_Train_081450.flac,1,sound,Audiogen,ATADD_T2_Train_081450.flac
/root/atadd_track2_subset_v1/train/ATADD_T2_Train_081467.flac,1,sound,Audiogen,ATADD_T2_Train_081467.flac
/root/atadd_track2_subset_v1/train/ATADD_T2_Train_081475.flac,1,sound,Audiogen,ATADD_T2_Train_081475.flac
/root/atadd_track2_subset_v1/train/ATADD_T2_Train_081499.flac,1,sound,Audiogen,ATADD_T2_Train_081499.flac
/root/atadd_track2_subset_v1/train/ATADD_T2_Train_081528.flac,1,sound,Audiogen,ATADD_T2_Train_081528.flac
/root/atadd_track2_subset_v1/train/ATADD_T2_Train_081576.flac,1,sound,Audiogen,ATADD_T2_Train_081576.flac
/root/atadd_track2_subset_v1/train/ATADD_T2_Train_081601.flac,1,sound,Audiogen,ATADD_T2_Train_081601.flac
/root/atadd_track2_subset_v1/train/ATADD_T2_Train_081671.flac,1,sound,Audiogen,ATADD_T2_Train_081671.flac
/root/atadd_track2_subset_v1/train/ATADD_T2_Train_081721.flac,1,sound,Audiogen,ATADD_T2_Train_081721.flac
/root/atadd_track2_subset_v1/train/ATADD_T2_Train_081723.flac,1,sound,Audiogen,ATADD_T2_Train_081723.flac
/root/atadd_track2_subset_v1/train/ATADD_T2_Train_081736.flac,1,sound,Audiogen,ATADD_T2_Train_081736.flac
/root/atadd_track2_subset_v1/train/ATADD_T2_Train_081751.flac,1,sound,Audiogen,ATADD_T2_Train_081751.flac
/root/atadd_track2_subset_v1/train/ATADD_T2_Train_081801.flac,1,sound,Audiogen,ATADD_T2_Train_081801.flac
/root/atadd_track2_subset_v1/train/ATADD_T2_Train_081911.flac,1,sound,Audiogen,ATADD_T2_Train_081911.flac
/root/atadd_track2_subset_v1/train/ATADD_T2_Train_082047.flac,1,sound,Audiogen,ATADD_T2_Train_082047.flac
/root/atadd_track2_subset_v1/train/ATADD_T2_Train_082049.flac,1,sound,Audiogen,ATADD_T2_Train_082049.flac
/root/atadd_track2_subset_v1/train/ATADD_T2_Train_082130.flac,1,sound,Audiogen,ATADD_T2_Train_082130.flac
/root/atadd_track2_subset_v1/train/ATADD_T2_Train_082148.flac,1,sound,Audiogen,ATADD_T2_Train_082148.flac
/root/atadd_track2_subset_v1/train/ATADD_T2_Train_082242.flac,1,sound,Audiogen,ATADD_T2_Train_082242.flac
/root/atadd_track2_subset_v1/train/ATADD_T2_Train_082246.flac,1,sound,Audiogen,ATADD_T2_Train_082246.flac
/root/atadd_track2_subset_v1/train/ATADD_T2_Train_082380.flac,1,sound,Audiogen,ATADD_T2_Train_082380.flac
/root/atadd_track2_subset_v1/train/ATADD_T2_Train_082431.flac,1,sound,Audiogen,ATADD_T2_Train_082431.flac
/root/atadd_track2_subset_v1/train/ATADD_T2_Train_082475.flac,1,sound,Audiogen,ATADD_T2_Train_082475.flac
/root/atadd_track2_subset_v1/train/ATADD_T2_Train_082484.flac,1,sound,Audiogen,ATADD_T2_Train_082484.flac
/root/atadd_track2_subset_v1/train/ATADD_T2_Train_082491.flac,1,sound,Audiogen,ATADD_T2_Train_082491.flac
/root/atadd_track2_subset_v1/train/ATADD_T2_Train_082528.flac,1,sound,Audiogen,ATADD_T2_Train_082528.flac
/root/atadd_track2_subset_v1/train/ATADD_T2_Train_082531.flac,1,sound,Audiogen,ATADD_T2_Train_082531.flac
/root/atadd_track2_subset_v1/train/ATADD_T2_Train_082615.flac,1,sound,Audiogen,ATADD_T2_Train_082615.flac
/root/atadd_track2_subset_v1/train/ATADD_T2_Train_082830.flac,1,sound,Audiogen,ATADD_T2_Train_082830.flac
/root/atadd_track2_subset_v1/train/ATADD_T2_Train_082921.flac,1,sound,Audiogen,ATADD_T2_Train_082921.flac
/root/atadd_track2_subset_v1/train/ATADD_T2_Train_082936.flac,1,sound,Audiogen,ATADD_T2_Train_082936.flac
/root/atadd_track2_subset_v1/train/ATADD_T2_Train_082977.flac,1,sound,Audiogen,ATADD_T2_Train_082977.flac
/root/atadd_track2_subset_v1/train/ATADD_T2_Train_082993.flac,1,sound,Audiogen,ATADD_T2_Train_082993.flac
/root/atadd_track2_subset_v1/train/ATADD_T2_Train_083053.flac,1,sound,Audiogen,ATADD_T2_Train_083053.flac
/root/atadd_track2_subset_v1/train/ATADD_T2_Train_083077.flac,1,sound,Audiogen,ATADD_T2_Train_083077.flac
/root/atadd_track2_subset_v1/train/ATADD_T2_Train_083117.flac,1,sound,Audiogen,ATADD_T2_Train_083117.flac
/root/atadd_track2_subset_v1/train/ATADD_T2_Train_083125.flac,1,sound,Audiogen,ATADD_T2_Train_083125.flac
/root/atadd_track2_subset_v1/train/ATADD_T2_Train_083130.flac,1,sound,Audiogen,ATADD_T2_Train_083130.flac
/root/atadd_track2_subset_v1/train/ATADD_T2_Train_083187.flac,1,sound,Audiogen,ATADD_T2_Train_083187.flac
/root/atadd_track2_subset_v1/train/ATADD_T2_Train_083280.flac,1,sound,Audiogen,ATADD_T2_Train_083280.flac
/root/atadd_track2_subset_v1/train/ATADD_T2_Train_083327.flac,1,sound,Audiogen,ATADD_T2_Train_083327.flac
/root/atadd_track2_subset_v1/train/ATADD_T2_Train_083387.flac,1,sound,Audiogen,ATADD_T2_Train_083387.flac
/root/atadd_track2_subset_v1/train/ATADD_T2_Train_083400.flac,1,sound,Audiogen,ATADD_T2_Train_083400.flac
/root/atadd_track2_subset_v1/train/ATADD_T2_Train_083521.flac,1,sound,Audiogen,ATADD_T2_Train_083521.flac
/root/atadd_track2_subset_v1/train/ATADD_T2_Train_083567.flac,1,sound,Audiogen,ATADD_T2_Train_083567.flac
/root/atadd_track2_subset_v1/train/ATADD_T2_Train_083635.flac,1,sound,Audiogen,ATADD_T2_Train_083635.flac
/root/atadd_track2_subset_v1/train/ATADD_T2_Train_083696.flac,1,sound,Audiogen,ATADD_T2_Train_083696.flac
/root/atadd_track2_subset_v1/train/ATADD_T2_Train_083707.flac,1,sound,Audiogen,ATADD_T2_Train_083707.flac
/root/atadd_track2_subset_v1/train/ATADD_T2_Train_083868.flac,1,sound,Audiogen,ATADD_T2_Train_083868.flac
/root/atadd_track2_subset_v1/train/ATADD_T2_Train_083918.flac,1,sound,Audiogen,ATADD_T2_Train_083918.flac
/root/atadd_track2_subset_v1/train/ATADD_T2_Train_083931.flac,1,sound,Audiogen,ATADD_T2_Train_083931.flac
/root/atadd_track2_subset_v1/train/ATADD_T2_Train_083973.flac,1,sound,Audiogen,ATADD_T2_Train_083973.flac
/root/atadd_track2_subset_v1/train/ATADD_T2_Train_084129.flac,1,sound,Audiogen,ATADD_T2_Train_084129.flac
/root/atadd_track2_subset_v1/train/ATADD_T2_Train_084149.flac,1,sound,Audiogen,ATADD_T2_Train_084149.flac
/root/atadd_track2_subset_v1/train/ATADD_T2_Train_084150.flac,1,sound,Audiogen,ATADD_T2_Train_084150.flac
/root/atadd_track2_subset_v1/train/ATADD_T2_Train_084161.flac,1,sound,Audiogen,ATADD_T2_Train_084161.flac
/root/atadd_track2_subset_v1/train/ATADD_T2_Train_084199.flac,1,sound,Audiogen,ATADD_T2_Train_084199.flac
/root/atadd_track2_subset_v1/train/ATADD_T2_Train_084208.flac,1,sound,Audiogen,ATADD_T2_Train_084208.flac
/root/atadd_track2_subset_v1/train/ATADD_T2_Train_084244.flac,1,sound,Audiogen,ATADD_T2_Train_084244.flac
/root/atadd_track2_subset_v1/train/ATADD_T2_Train_084246.flac,1,sound,Audiogen,ATADD_T2_Train_084246.flac
/root/atadd_track2_subset_v1/train/ATADD_T2_Train_084394.flac,1,sound,Audiogen,ATADD_T2_Train_084394.flac
/root/atadd_track2_subset_v1/train/ATADD_T2_Train_084513.flac,1,sound,Audiogen,ATADD_T2_Train_084513.flac
/root/atadd_track2_subset_v1/train/ATADD_T2_Train_084524.flac,1,sound,Audiogen,ATADD_T2_Train_084524.flac
/root/atadd_track2_subset_v1/train/ATADD_T2_Train_084532.flac,1,sound,Audiogen,ATADD_T2_Train_084532.flac
/root/atadd_track2_subset_v1/train/ATADD_T2_Train_084619.flac,1,sound,Audiogen,ATADD_T2_Train_084619.flac
/root/atadd_track2_subset_v1/train/ATADD_T2_Train_084627.flac,1,sound,Audiogen,ATADD_T2_Train_084627.flac
/root/atadd_track2_subset_v1/train/ATADD_T2_Train_084656.flac,1,sound,Audiogen,ATADD_T2_Train_084656.flac
/root/atadd_track2_subset_v1/train/ATADD_T2_Train_084686.flac,1,sound,Audiogen,ATADD_T2_Train_084686.flac
/root/atadd_track2_subset_v1/train/ATADD_T2_Train_084699.flac,1,sound,Audiogen,ATADD_T2_Train_084699.flac
/root/atadd_track2_subset_v1/train/ATADD_T2_Train_084726.flac,1,sound,Audiogen,ATADD_T2_Train_084726.flac
/root/atadd_track2_subset_v1/train/ATADD_T2_Train_084744.flac,1,sound,Audiogen,ATADD_T2_Train_084744.flac
/root/atadd_track2_subset_v1/train/ATADD_T2_Train_084761.flac,1,sound,Audiogen,ATADD_T2_Train_084761.flac
/root/atadd_track2_subset_v1/train/ATADD_T2_Train_084860.flac,1,sound,Audiogen,ATADD_T2_Train_084860.flac
/root/atadd_track2_subset_v1/train/ATADD_T2_Train_085179.flac,1,sound,Audiogen,ATADD_T2_Train_085179.flac
/root/atadd_track2_subset_v1/train/ATADD_T2_Train_085230.flac,1,sound,Audiogen,ATADD_T2_Train_085230.flac
/root/atadd_track2_subset_v1/train/ATADD_T2_Train_085249.flac,1,sound,Audiogen,ATADD_T2_Train_085249.flac
/root/atadd_track2_subset_v1/train/ATADD_T2_Train_085341.flac,1,sound,Audiogen,ATADD_T2_Train_085341.flac
/root/atadd_track2_subset_v1/train/ATADD_T2_Train_085493.flac,1,sound,Audiogen,ATADD_T2_Train_085493.flac
/root/atadd_track2_subset_v1/train/ATADD_T2_Train_085709.flac,1,sound,Audiogen,ATADD_T2_Train_085709.flac
/root/atadd_track2_subset_v1/train/ATADD_T2_Train_085764.flac,1,sound,Audiogen,ATADD_T2_Train_085764.flac
/root/atadd_track2_subset_v1/train/ATADD_T2_Train_085795.flac,1,sound,Audiogen,ATADD_T2_Train_085795.flac
/root/atadd_track2_subset_v1/train/ATADD_T2_Train_085833.flac,1,sound,Audiogen,ATADD_T2_Train_085833.flac
/root/atadd_track2_subset_v1/train/ATADD_T2_Train_085871.flac,1,sound,Audiogen,ATADD_T2_Train_085871.flac
/root/atadd_track2_subset_v1/train/ATADD_T2_Train_085929.flac,1,sound,Audiogen,ATADD_T2_Train_085929.flac
/root/atadd_track2_subset_v1/train/ATADD_T2_Train_085933.flac,1,sound,Audiogen,ATADD_T2_Train_085933.flac
/root/atadd_track2_subset_v1/train/ATADD_T2_Train_085954.flac,1,sound,Audiogen,ATADD_T2_Train_085954.flac
/root/atadd_track2_subset_v1/train/ATADD_T2_Train_086161.flac,1,sound,Audiogen,ATADD_T2_Train_086161.flac
/root/atadd_track2_subset_v1/train/ATADD_T2_Train_086183.flac,1,sound,Audiogen,ATADD_T2_Train_086183.flac
/root/atadd_track2_subset_v1/train/ATADD_T2_Train_086246.flac,1,sound,Audiogen,ATADD_T2_Train_086246.flac
/root/atadd_track2_subset_v1/train/ATADD_T2_Train_086409.flac,1,sound,Audiogen,ATADD_T2_Train_086409.flac
/root/atadd_track2_subset_v1/train/ATADD_T2_Train_086483.flac,1,sound,Audiogen,ATADD_T2_Train_086483.flac
/root/atadd_track2_subset_v1/train/ATADD_T2_Train_086528.flac,1,sound,Audiogen,ATADD_T2_Train_086528.flac
/root/atadd_track2_subset_v1/train/ATADD_T2_Train_086560.flac,1,sound,Audiogen,ATADD_T2_Train_086560.flac
/root/atadd_track2_subset_v1/train/ATADD_T2_Train_086587.flac,1,sound,Audiogen,ATADD_T2_Train_086587.flac
/root/atadd_track2_subset_v1/train/ATADD_T2_Train_086785.flac,1,sound,Audiogen,ATADD_T2_Train_086785.flac
/root/atadd_track2_subset_v1/train/ATADD_T2_Train_086830.flac,1,sound,Audiogen,ATADD_T2_Train_086830.flac
/root/atadd_track2_subset_v1/train/ATADD_T2_Train_086876.flac,1,sound,Audiogen,ATADD_T2_Train_086876.flac
/root/atadd_track2_subset_v1/train/ATADD_T2_Train_087261.flac,1,sound,Audiogen,ATADD_T2_Train_087261.flac
/root/atadd_track2_subset_v1/train/ATADD_T2_Train_087293.flac,1,sound,Audiogen,ATADD_T2_Train_087293.flac
/root/atadd_track2_subset_v1/train/ATADD_T2_Train_087317.flac,1,sound,Audiogen,ATADD_T2_Train_087317.flac
/root/atadd_track2_subset_v1/train/ATADD_T2_Train_087429.flac,1,sound,Audiogen,ATADD_T2_Train_087429.flac
/root/atadd_track2_subset_v1/train/ATADD_T2_Train_087484.flac,1,sound,Audiogen,ATADD_T2_Train_087484.flac
/root/atadd_track2_subset_v1/train/ATADD_T2_Train_087529.flac,1,sound,Audiogen,ATADD_T2_Train_087529.flac
/root/atadd_track2_subset_v1/train/ATADD_T2_Train_087619.flac,1,sound,Audiogen,ATADD_T2_Train_087619.flac
/root/atadd_track2_subset_v1/train/ATADD_T2_Train_087732.flac,1,sound,Audiogen,ATADD_T2_Train_087732.flac
/root/atadd_track2_subset_v1/train/ATADD_T2_Train_087861.flac,1,sound,Audiogen,ATADD_T2_Train_087861.flac
/root/atadd_track2_subset_v1/train/ATADD_T2_Train_087925.flac,1,sound,Audiogen,ATADD_T2_Train_087925.flac
/root/atadd_track2_subset_v1/train/ATADD_T2_Train_088010.flac,1,sound,Audiogen,ATADD_T2_Train_088010.flac
/root/atadd_track2_subset_v1/train/ATADD_T2_Train_088013.flac,1,sound,Audiogen,ATADD_T2_Train_088013.flac
/root/atadd_track2_subset_v1/train/ATADD_T2_Train_088040.flac,1,sound,Audiogen,ATADD_T2_Train_088040.flac
/root/atadd_track2_subset_v1/train/ATADD_T2_Train_088087.flac,1,sound,Audiogen,ATADD_T2_Train_088087.flac
/root/atadd_track2_subset_v1/train/ATADD_T2_Train_088108.flac,1,sound,Audiogen,ATADD_T2_Train_088108.flac
/root/atadd_track2_subset_v1/train/ATADD_T2_Train_088143.flac,1,sound,Audiogen,ATADD_T2_Train_088143.flac
/root/atadd_track2_subset_v1/train/ATADD_T2_Train_088159.flac,1,sound,Audiogen,ATADD_T2_Train_088159.flac
/root/atadd_track2_subset_v1/train/ATADD_T2_Train_088213.flac,1,sound,Audiogen,ATADD_T2_Train_088213.flac
/root/atadd_track2_subset_v1/train/ATADD_T2_Train_088256.flac,1,sound,Audiogen,ATADD_T2_Train_088256.flac
/root/atadd_track2_subset_v1/train/ATADD_T2_Train_088287.flac,1,sound,Audiogen,ATADD_T2_Train_088287.flac
/root/atadd_track2_subset_v1/train/ATADD_T2_Train_088339.flac,1,sound,Audiogen,ATADD_T2_Train_088339.flac
/root/atadd_track2_subset_v1/train/ATADD_T2_Train_088388.flac,1,sound,Audiogen,ATADD_T2_Train_088388.flac
/root/atadd_track2_subset_v1/train/ATADD_T2_Train_088521.flac,1,sound,Audiogen,ATADD_T2_Train_088521.flac
/root/atadd_track2_subset_v1/train/ATADD_T2_Train_088562.flac,1,sound,Audiogen,ATADD_T2_Train_088562.flac
/root/atadd_track2_subset_v1/train/ATADD_T2_Train_088569.flac,1,sound,Audiogen,ATADD_T2_Train_088569.flac
/root/atadd_track2_subset_v1/train/ATADD_T2_Train_088637.flac,1,sound,Audiogen,ATADD_T2_Train_088637.flac
/root/atadd_track2_subset_v1/train/ATADD_T2_Train_088731.flac,1,sound,Audiogen,ATADD_T2_Train_088731.flac
/root/atadd_track2_subset_v1/train/ATADD_T2_Train_088761.flac,1,sound,Audiogen,ATADD_T2_Train_088761.flac
/root/atadd_track2_subset_v1/train/ATADD_T2_Train_088782.flac,1,sound,Audiogen,ATADD_T2_Train_088782.flac
/root/atadd_track2_subset_v1/train/ATADD_T2_Train_088824.flac,1,sound,Audiogen,ATADD_T2_Train_088824.flac
/root/atadd_track2_subset_v1/train/ATADD_T2_Train_088884.flac,1,sound,Audiogen,ATADD_T2_Train_088884.flac
/root/atadd_track2_subset_v1/train/ATADD_T2_Train_089015.flac,1,sound,Audiogen,ATADD_T2_Train_089015.flac
/root/atadd_track2_subset_v1/train/ATADD_T2_Train_089091.flac,1,sound,Audiogen,ATADD_T2_Train_089091.flac
/root/atadd_track2_subset_v1/train/ATADD_T2_Train_089142.flac,1,sound,Audiogen,ATADD_T2_Train_089142.flac
/root/atadd_track2_subset_v1/train/ATADD_T2_Train_089181.flac,1,sound,Audiogen,ATADD_T2_Train_089181.flac
/root/atadd_track2_subset_v1/train/ATADD_T2_Train_089300.flac,1,sound,Audiogen,ATADD_T2_Train_089300.flac
/root/atadd_track2_subset_v1/train/ATADD_T2_Train_089318.flac,1,sound,Audiogen,ATADD_T2_Train_089318.flac
/root/atadd_track2_subset_v1/train/ATADD_T2_Train_089340.flac,1,sound,Audiogen,ATADD_T2_Train_089340.flac
/root/atadd_track2_subset_v1/train/ATADD_T2_Train_089354.flac,1,sound,Audiogen,ATADD_T2_Train_089354.flac
/root/atadd_track2_subset_v1/train/ATADD_T2_Train_089404.flac,1,sound,Audiogen,ATADD_T2_Train_089404.flac
/root/atadd_track2_subset_v1/train/ATADD_T2_Train_089441.flac,0,singing,-,ATADD_T2_Train_089441.flac
/root/atadd_track2_subset_v1/train/ATADD_T2_Train_089502.flac,0,singing,-,ATADD_T2_Train_089502.flac
/root/atadd_track2_subset_v1/train/ATADD_T2_Train_089549.flac,0,singing,-,ATADD_T2_Train_089549.flac
/root/atadd_track2_subset_v1/train/ATADD_T2_Train_089682.flac,0,singing,-,ATADD_T2_Train_089682.flac
/root/atadd_track2_subset_v1/train/ATADD_T2_Train_089685.flac,0,singing,-,ATADD_T2_Train_089685.flac
/root/atadd_track2_subset_v1/train/ATADD_T2_Train_089688.flac,0,singing,-,ATADD_T2_Train_089688.flac
/root/atadd_track2_subset_v1/train/ATADD_T2_Train_089714.flac,0,singing,-,ATADD_T2_Train_089714.flac
/root/atadd_track2_subset_v1/train/ATADD_T2_Train_089726.flac,0,singing,-,ATADD_T2_Train_089726.flac
/root/atadd_track2_subset_v1/train/ATADD_T2_Train_089727.flac,0,singing,-,ATADD_T2_Train_089727.flac
/root/atadd_track2_subset_v1/train/ATADD_T2_Train_089749.flac,0,singing,-,ATADD_T2_Train_089749.flac
/root/atadd_track2_subset_v1/train/ATADD_T2_Train_089795.flac,0,singing,-,ATADD_T2_Train_089795.flac
/root/atadd_track2_subset_v1/train/ATADD_T2_Train_089840.flac,0,singing,-,ATADD_T2_Train_089840.flac
/root/atadd_track2_subset_v1/train/ATADD_T2_Train_089846.flac,0,singing,-,ATADD_T2_Train_089846.flac
/root/atadd_track2_subset_v1/train/ATADD_T2_Train_089852.flac,0,singing,-,ATADD_T2_Train_089852.flac
/root/atadd_track2_subset_v1/train/ATADD_T2_Train_089877.flac,0,singing,-,ATADD_T2_Train_089877.flac
/root/atadd_track2_subset_v1/train/ATADD_T2_Train_089880.flac,0,singing,-,ATADD_T2_Train_089880.flac
/root/atadd_track2_subset_v1/train/ATADD_T2_Train_089912.flac,0,singing,-,ATADD_T2_Train_089912.flac
/root/atadd_track2_subset_v1/train/ATADD_T2_Train_089926.flac,0,singing,-,ATADD_T2_Train_089926.flac
/root/atadd_track2_subset_v1/train/ATADD_T2_Train_089933.flac,0,singing,-,ATADD_T2_Train_089933.flac
/root/atadd_track2_subset_v1/train/ATADD_T2_Train_089946.flac,0,singing,-,ATADD_T2_Train_089946.flac
/root/atadd_track2_subset_v1/train/ATADD_T2_Train_089986.flac,0,singing,-,ATADD_T2_Train_089986.flac
/root/atadd_track2_subset_v1/train/ATADD_T2_Train_090015.flac,0,singing,-,ATADD_T2_Train_090015.flac
/root/atadd_track2_subset_v1/train/ATADD_T2_Train_090021.flac,0,singing,-,ATADD_T2_Train_090021.flac
/root/atadd_track2_subset_v1/train/ATADD_T2_Train_090034.flac,0,singing,-,ATADD_T2_Train_090034.flac
/root/atadd_track2_subset_v1/train/ATADD_T2_Train_090043.flac,0,singing,-,ATADD_T2_Train_090043.flac
/root/atadd_track2_subset_v1/train/ATADD_T2_Train_090053.flac,0,singing,-,ATADD_T2_Train_090053.flac
/root/atadd_track2_subset_v1/train/ATADD_T2_Train_090075.flac,0,singing,-,ATADD_T2_Train_090075.flac
/root/atadd_track2_subset_v1/train/ATADD_T2_Train_090090.flac,0,singing,-,ATADD_T2_Train_090090.flac
/root/atadd_track2_subset_v1/train/ATADD_T2_Train_090102.flac,0,singing,-,ATADD_T2_Train_090102.flac
/root/atadd_track2_subset_v1/train/ATADD_T2_Train_090109.flac,0,singing,-,ATADD_T2_Train_090109.flac
/root/atadd_track2_subset_v1/train/ATADD_T2_Train_090129.flac,0,singing,-,ATADD_T2_Train_090129.flac
/root/atadd_track2_subset_v1/train/ATADD_T2_Train_090131.flac,0,singing,-,ATADD_T2_Train_090131.flac
/root/atadd_track2_subset_v1/train/ATADD_T2_Train_090133.flac,0,singing,-,ATADD_T2_Train_090133.flac
/root/atadd_track2_subset_v1/train/ATADD_T2_Train_090142.flac,0,singing,-,ATADD_T2_Train_090142.flac
/root/atadd_track2_subset_v1/train/ATADD_T2_Train_090157.flac,0,singing,-,ATADD_T2_Train_090157.flac
/root/atadd_track2_subset_v1/train/ATADD_T2_Train_090158.flac,0,singing,-,ATADD_T2_Train_090158.flac
/root/atadd_track2_subset_v1/train/ATADD_T2_Train_090160.flac,0,singing,-,ATADD_T2_Train_090160.flac
/root/atadd_track2_subset_v1/train/ATADD_T2_Train_090198.flac,0,singing,-,ATADD_T2_Train_090198.flac
/root/atadd_track2_subset_v1/train/ATADD_T2_Train_090199.flac,0,singing,-,ATADD_T2_Train_090199.flac
/root/atadd_track2_subset_v1/train/ATADD_T2_Train_090213.flac,0,singing,-,ATADD_T2_Train_090213.flac
/root/atadd_track2_subset_v1/train/ATADD_T2_Train_090244.flac,0,singing,-,ATADD_T2_Train_090244.flac
/root/atadd_track2_subset_v1/train/ATADD_T2_Train_090245.flac,0,singing,-,ATADD_T2_Train_090245.flac
/root/atadd_track2_subset_v1/train/ATADD_T2_Train_090254.flac,0,singing,-,ATADD_T2_Train_090254.flac
/root/atadd_track2_subset_v1/train/ATADD_T2_Train_090257.flac,0,singing,-,ATADD_T2_Train_090257.flac
/root/atadd_track2_subset_v1/train/ATADD_T2_Train_090270.flac,0,singing,-,ATADD_T2_Train_090270.flac
/root/atadd_track2_subset_v1/train/ATADD_T2_Train_090288.flac,0,singing,-,ATADD_T2_Train_090288.flac
/root/atadd_track2_subset_v1/train/ATADD_T2_Train_090323.flac,0,singing,-,ATADD_T2_Train_090323.flac
/root/atadd_track2_subset_v1/train/ATADD_T2_Train_090355.flac,0,singing,-,ATADD_T2_Train_090355.flac
/root/atadd_track2_subset_v1/train/ATADD_T2_Train_090397.flac,0,singing,-,ATADD_T2_Train_090397.flac
/root/atadd_track2_subset_v1/train/ATADD_T2_Train_090436.flac,0,singing,-,ATADD_T2_Train_090436.flac
/root/atadd_track2_subset_v1/train/ATADD_T2_Train_090445.flac,0,singing,-,ATADD_T2_Train_090445.flac
/root/atadd_track2_subset_v1/train/ATADD_T2_Train_090449.flac,0,singing,-,ATADD_T2_Train_090449.flac
/root/atadd_track2_subset_v1/train/ATADD_T2_Train_090479.flac,0,singing,-,ATADD_T2_Train_090479.flac
/root/atadd_track2_subset_v1/train/ATADD_T2_Train_090493.flac,0,singing,-,ATADD_T2_Train_090493.flac
/root/atadd_track2_subset_v1/train/ATADD_T2_Train_090517.flac,0,singing,-,ATADD_T2_Train_090517.flac
/root/atadd_track2_subset_v1/train/ATADD_T2_Train_090522.flac,0,singing,-,ATADD_T2_Train_090522.flac
/root/atadd_track2_subset_v1/train/ATADD_T2_Train_090524.flac,0,singing,-,ATADD_T2_Train_090524.flac
/root/atadd_track2_subset_v1/train/ATADD_T2_Train_090611.flac,0,singing,-,ATADD_T2_Train_090611.flac
/root/atadd_track2_subset_v1/train/ATADD_T2_Train_090620.flac,0,singing,-,ATADD_T2_Train_090620.flac
/root/atadd_track2_subset_v1/train/ATADD_T2_Train_090624.flac,0,singing,-,ATADD_T2_Train_090624.flac
/root/atadd_track2_subset_v1/train/ATADD_T2_Train_090629.flac,0,singing,-,ATADD_T2_Train_090629.flac
/root/atadd_track2_subset_v1/train/ATADD_T2_Train_090631.flac,0,singing,-,ATADD_T2_Train_090631.flac
/root/atadd_track2_subset_v1/train/ATADD_T2_Train_090645.flac,0,singing,-,ATADD_T2_Train_090645.flac
/root/atadd_track2_subset_v1/train/ATADD_T2_Train_090675.flac,0,singing,-,ATADD_T2_Train_090675.flac
/root/atadd_track2_subset_v1/train/ATADD_T2_Train_090680.flac,0,singing,-,ATADD_T2_Train_090680.flac
/root/atadd_track2_subset_v1/train/ATADD_T2_Train_090708.flac,0,singing,-,ATADD_T2_Train_090708.flac
/root/atadd_track2_subset_v1/train/ATADD_T2_Train_090709.flac,0,singing,-,ATADD_T2_Train_090709.flac
/root/atadd_track2_subset_v1/train/ATADD_T2_Train_090714.flac,0,singing,-,ATADD_T2_Train_090714.flac
/root/atadd_track2_subset_v1/train/ATADD_T2_Train_090727.flac,0,singing,-,ATADD_T2_Train_090727.flac
/root/atadd_track2_subset_v1/train/ATADD_T2_Train_090746.flac,0,singing,-,ATADD_T2_Train_090746.flac
/root/atadd_track2_subset_v1/train/ATADD_T2_Train_090753.flac,0,singing,-,ATADD_T2_Train_090753.flac
/root/atadd_track2_subset_v1/train/ATADD_T2_Train_090769.flac,0,singing,-,ATADD_T2_Train_090769.flac
/root/atadd_track2_subset_v1/train/ATADD_T2_Train_090790.flac,0,singing,-,ATADD_T2_Train_090790.flac
/root/atadd_track2_subset_v1/train/ATADD_T2_Train_090818.flac,0,singing,-,ATADD_T2_Train_090818.flac
/root/atadd_track2_subset_v1/train/ATADD_T2_Train_090828.flac,0,singing,-,ATADD_T2_Train_090828.flac
/root/atadd_track2_subset_v1/train/ATADD_T2_Train_090854.flac,0,singing,-,ATADD_T2_Train_090854.flac
/root/atadd_track2_subset_v1/train/ATADD_T2_Train_090891.flac,0,singing,-,ATADD_T2_Train_090891.flac
/root/atadd_track2_subset_v1/train/ATADD_T2_Train_090918.flac,0,singing,-,ATADD_T2_Train_090918.flac
/root/atadd_track2_subset_v1/train/ATADD_T2_Train_090946.flac,0,singing,-,ATADD_T2_Train_090946.flac
/root/atadd_track2_subset_v1/train/ATADD_T2_Train_090947.flac,0,singing,-,ATADD_T2_Train_090947.flac
/root/atadd_track2_subset_v1/train/ATADD_T2_Train_091000.flac,0,singing,-,ATADD_T2_Train_091000.flac
/root/atadd_track2_subset_v1/train/ATADD_T2_Train_091002.flac,0,singing,-,ATADD_T2_Train_091002.flac
/root/atadd_track2_subset_v1/train/ATADD_T2_Train_091039.flac,0,singing,-,ATADD_T2_Train_091039.flac
/root/atadd_track2_subset_v1/train/ATADD_T2_Train_091073.flac,0,singing,-,ATADD_T2_Train_091073.flac
/root/atadd_track2_subset_v1/train/ATADD_T2_Train_091096.flac,0,singing,-,ATADD_T2_Train_091096.flac
/root/atadd_track2_subset_v1/train/ATADD_T2_Train_091114.flac,0,singing,-,ATADD_T2_Train_091114.flac
/root/atadd_track2_subset_v1/train/ATADD_T2_Train_091155.flac,0,singing,-,ATADD_T2_Train_091155.flac
/root/atadd_track2_subset_v1/train/ATADD_T2_Train_091177.flac,0,singing,-,ATADD_T2_Train_091177.flac
/root/atadd_track2_subset_v1/train/ATADD_T2_Train_091211.flac,0,singing,-,ATADD_T2_Train_091211.flac
/root/atadd_track2_subset_v1/train/ATADD_T2_Train_091216.flac,0,singing,-,ATADD_T2_Train_091216.flac
/root/atadd_track2_subset_v1/train/ATADD_T2_Train_091232.flac,0,singing,-,ATADD_T2_Train_091232.flac
/root/atadd_track2_subset_v1/train/ATADD_T2_Train_091237.flac,0,singing,-,ATADD_T2_Train_091237.flac
/root/atadd_track2_subset_v1/train/ATADD_T2_Train_091274.flac,0,singing,-,ATADD_T2_Train_091274.flac
/root/atadd_track2_subset_v1/train/ATADD_T2_Train_091345.flac,0,singing,-,ATADD_T2_Train_091345.flac
/root/atadd_track2_subset_v1/train/ATADD_T2_Train_091362.flac,0,singing,-,ATADD_T2_Train_091362.flac
/root/atadd_track2_subset_v1/train/ATADD_T2_Train_091404.flac,0,singing,-,ATADD_T2_Train_091404.flac
/root/atadd_track2_subset_v1/train/ATADD_T2_Train_091412.flac,0,singing,-,ATADD_T2_Train_091412.flac
/root/atadd_track2_subset_v1/train/ATADD_T2_Train_091423.flac,0,singing,-,ATADD_T2_Train_091423.flac
/root/atadd_track2_subset_v1/train/ATADD_T2_Train_091425.flac,0,singing,-,ATADD_T2_Train_091425.flac
/root/atadd_track2_subset_v1/train/ATADD_T2_Train_091450.flac,0,singing,-,ATADD_T2_Train_091450.flac
/root/atadd_track2_subset_v1/train/ATADD_T2_Train_091455.flac,0,singing,-,ATADD_T2_Train_091455.flac
/root/atadd_track2_subset_v1/train/ATADD_T2_Train_091458.flac,0,singing,-,ATADD_T2_Train_091458.flac
/root/atadd_track2_subset_v1/train/ATADD_T2_Train_091466.flac,0,singing,-,ATADD_T2_Train_091466.flac
/root/atadd_track2_subset_v1/train/ATADD_T2_Train_091469.flac,0,singing,-,ATADD_T2_Train_091469.flac
/root/atadd_track2_subset_v1/train/ATADD_T2_Train_091484.flac,0,singing,-,ATADD_T2_Train_091484.flac
/root/atadd_track2_subset_v1/train/ATADD_T2_Train_091509.flac,0,singing,-,ATADD_T2_Train_091509.flac
/root/atadd_track2_subset_v1/train/ATADD_T2_Train_091518.flac,0,singing,-,ATADD_T2_Train_091518.flac
/root/atadd_track2_subset_v1/train/ATADD_T2_Train_091524.flac,0,singing,-,ATADD_T2_Train_091524.flac
/root/atadd_track2_subset_v1/train/ATADD_T2_Train_091530.flac,0,singing,-,ATADD_T2_Train_091530.flac
/root/atadd_track2_subset_v1/train/ATADD_T2_Train_091542.flac,0,singing,-,ATADD_T2_Train_091542.flac
/root/atadd_track2_subset_v1/train/ATADD_T2_Train_091558.flac,0,singing,-,ATADD_T2_Train_091558.flac
/root/atadd_track2_subset_v1/train/ATADD_T2_Train_091563.flac,0,singing,-,ATADD_T2_Train_091563.flac
/root/atadd_track2_subset_v1/train/ATADD_T2_Train_091601.flac,0,singing,-,ATADD_T2_Train_091601.flac
/root/atadd_track2_subset_v1/train/ATADD_T2_Train_091610.flac,0,singing,-,ATADD_T2_Train_091610.flac
/root/atadd_track2_subset_v1/train/ATADD_T2_Train_091625.flac,0,singing,-,ATADD_T2_Train_091625.flac
/root/atadd_track2_subset_v1/train/ATADD_T2_Train_091639.flac,0,singing,-,ATADD_T2_Train_091639.flac
/root/atadd_track2_subset_v1/train/ATADD_T2_Train_091661.flac,0,singing,-,ATADD_T2_Train_091661.flac
/root/atadd_track2_subset_v1/train/ATADD_T2_Train_091669.flac,0,singing,-,ATADD_T2_Train_091669.flac
/root/atadd_track2_subset_v1/train/ATADD_T2_Train_091670.flac,0,singing,-,ATADD_T2_Train_091670.flac
/root/atadd_track2_subset_v1/train/ATADD_T2_Train_091671.flac,0,singing,-,ATADD_T2_Train_091671.flac
/root/atadd_track2_subset_v1/train/ATADD_T2_Train_091678.flac,0,singing,-,ATADD_T2_Train_091678.flac
/root/atadd_track2_subset_v1/train/ATADD_T2_Train_091683.flac,0,singing,-,ATADD_T2_Train_091683.flac
/root/atadd_track2_subset_v1/train/ATADD_T2_Train_091689.flac,0,singing,-,ATADD_T2_Train_091689.flac
/root/atadd_track2_subset_v1/train/ATADD_T2_Train_091691.flac,0,singing,-,ATADD_T2_Train_091691.flac
/root/atadd_track2_subset_v1/train/ATADD_T2_Train_091706.flac,0,singing,-,ATADD_T2_Train_091706.flac
/root/atadd_track2_subset_v1/train/ATADD_T2_Train_091724.flac,0,singing,-,ATADD_T2_Train_091724.flac
/root/atadd_track2_subset_v1/train/ATADD_T2_Train_091755.flac,0,singing,-,ATADD_T2_Train_091755.flac
/root/atadd_track2_subset_v1/train/ATADD_T2_Train_091768.flac,0,singing,-,ATADD_T2_Train_091768.flac
/root/atadd_track2_subset_v1/train/ATADD_T2_Train_091769.flac,0,singing,-,ATADD_T2_Train_091769.flac
/root/atadd_track2_subset_v1/train/ATADD_T2_Train_091779.flac,0,singing,-,ATADD_T2_Train_091779.flac
/root/atadd_track2_subset_v1/train/ATADD_T2_Train_091808.flac,0,singing,-,ATADD_T2_Train_091808.flac
/root/atadd_track2_subset_v1/train/ATADD_T2_Train_091830.flac,0,singing,-,ATADD_T2_Train_091830.flac
/root/atadd_track2_subset_v1/train/ATADD_T2_Train_091837.flac,0,singing,-,ATADD_T2_Train_091837.flac
/root/atadd_track2_subset_v1/train/ATADD_T2_Train_091856.flac,0,singing,-,ATADD_T2_Train_091856.flac
/root/atadd_track2_subset_v1/train/ATADD_T2_Train_091865.flac,0,singing,-,ATADD_T2_Train_091865.flac
/root/atadd_track2_subset_v1/train/ATADD_T2_Train_091897.flac,0,singing,-,ATADD_T2_Train_091897.flac
/root/atadd_track2_subset_v1/train/ATADD_T2_Train_091923.flac,0,singing,-,ATADD_T2_Train_091923.flac
/root/atadd_track2_subset_v1/train/ATADD_T2_Train_091929.flac,0,singing,-,ATADD_T2_Train_091929.flac
/root/atadd_track2_subset_v1/train/ATADD_T2_Train_091942.flac,0,singing,-,ATADD_T2_Train_091942.flac
/root/atadd_track2_subset_v1/train/ATADD_T2_Train_091943.flac,0,singing,-,ATADD_T2_Train_091943.flac
/root/atadd_track2_subset_v1/train/ATADD_T2_Train_091954.flac,0,singing,-,ATADD_T2_Train_091954.flac
/root/atadd_track2_subset_v1/train/ATADD_T2_Train_091996.flac,0,singing,-,ATADD_T2_Train_091996.flac
/root/atadd_track2_subset_v1/train/ATADD_T2_Train_092005.flac,0,singing,-,ATADD_T2_Train_092005.flac
/root/atadd_track2_subset_v1/train/ATADD_T2_Train_092026.flac,0,singing,-,ATADD_T2_Train_092026.flac
/root/atadd_track2_subset_v1/train/ATADD_T2_Train_092032.flac,0,singing,-,ATADD_T2_Train_092032.flac
/root/atadd_track2_subset_v1/train/ATADD_T2_Train_092037.flac,0,singing,-,ATADD_T2_Train_092037.flac
/root/atadd_track2_subset_v1/train/ATADD_T2_Train_092042.flac,0,singing,-,ATADD_T2_Train_092042.flac
/root/atadd_track2_subset_v1/train/ATADD_T2_Train_092069.flac,0,singing,-,ATADD_T2_Train_092069.flac
/root/atadd_track2_subset_v1/train/ATADD_T2_Train_092071.flac,0,singing,-,ATADD_T2_Train_092071.flac
/root/atadd_track2_subset_v1/train/ATADD_T2_Train_092074.flac,0,singing,-,ATADD_T2_Train_092074.flac
/root/atadd_track2_subset_v1/train/ATADD_T2_Train_092078.flac,0,singing,-,ATADD_T2_Train_092078.flac
/root/atadd_track2_subset_v1/train/ATADD_T2_Train_092113.flac,0,singing,-,ATADD_T2_Train_092113.flac
/root/atadd_track2_subset_v1/train/ATADD_T2_Train_092128.flac,0,singing,-,ATADD_T2_Train_092128.flac
/root/atadd_track2_subset_v1/train/ATADD_T2_Train_092146.flac,0,singing,-,ATADD_T2_Train_092146.flac
/root/atadd_track2_subset_v1/train/ATADD_T2_Train_092178.flac,0,singing,-,ATADD_T2_Train_092178.flac
/root/atadd_track2_subset_v1/train/ATADD_T2_Train_092209.flac,0,singing,-,ATADD_T2_Train_092209.flac
/root/atadd_track2_subset_v1/train/ATADD_T2_Train_092220.flac,0,singing,-,ATADD_T2_Train_092220.flac
/root/atadd_track2_subset_v1/train/ATADD_T2_Train_092244.flac,0,singing,-,ATADD_T2_Train_092244.flac
/root/atadd_track2_subset_v1/train/ATADD_T2_Train_092268.flac,0,singing,-,ATADD_T2_Train_092268.flac
/root/atadd_track2_subset_v1/train/ATADD_T2_Train_092284.flac,0,singing,-,ATADD_T2_Train_092284.flac
/root/atadd_track2_subset_v1/train/ATADD_T2_Train_092369.flac,0,singing,-,ATADD_T2_Train_092369.flac
/root/atadd_track2_subset_v1/train/ATADD_T2_Train_092372.flac,0,singing,-,ATADD_T2_Train_092372.flac
/root/atadd_track2_subset_v1/train/ATADD_T2_Train_092378.flac,0,singing,-,ATADD_T2_Train_092378.flac
/root/atadd_track2_subset_v1/train/ATADD_T2_Train_092397.flac,0,singing,-,ATADD_T2_Train_092397.flac
/root/atadd_track2_subset_v1/train/ATADD_T2_Train_092402.flac,0,singing,-,ATADD_T2_Train_092402.flac
/root/atadd_track2_subset_v1/train/ATADD_T2_Train_092464.flac,0,singing,-,ATADD_T2_Train_092464.flac
/root/atadd_track2_subset_v1/train/ATADD_T2_Train_092476.flac,0,singing,-,ATADD_T2_Train_092476.flac
/root/atadd_track2_subset_v1/train/ATADD_T2_Train_092484.flac,0,singing,-,ATADD_T2_Train_092484.flac
/root/atadd_track2_subset_v1/train/ATADD_T2_Train_092526.flac,0,singing,-,ATADD_T2_Train_092526.flac
/root/atadd_track2_subset_v1/train/ATADD_T2_Train_092541.flac,0,singing,-,ATADD_T2_Train_092541.flac
/root/atadd_track2_subset_v1/train/ATADD_T2_Train_092547.flac,0,singing,-,ATADD_T2_Train_092547.flac
/root/atadd_track2_subset_v1/train/ATADD_T2_Train_092561.flac,0,singing,-,ATADD_T2_Train_092561.flac
/root/atadd_track2_subset_v1/train/ATADD_T2_Train_092594.flac,0,singing,-,ATADD_T2_Train_092594.flac
/root/atadd_track2_subset_v1/train/ATADD_T2_Train_092605.flac,0,singing,-,ATADD_T2_Train_092605.flac
/root/atadd_track2_subset_v1/train/ATADD_T2_Train_092632.flac,0,singing,-,ATADD_T2_Train_092632.flac
/root/atadd_track2_subset_v1/train/ATADD_T2_Train_092677.flac,0,singing,-,ATADD_T2_Train_092677.flac
/root/atadd_track2_subset_v1/train/ATADD_T2_Train_092684.flac,0,singing,-,ATADD_T2_Train_092684.flac
/root/atadd_track2_subset_v1/train/ATADD_T2_Train_092687.flac,0,singing,-,ATADD_T2_Train_092687.flac
/root/atadd_track2_subset_v1/train/ATADD_T2_Train_092695.flac,0,singing,-,ATADD_T2_Train_092695.flac
/root/atadd_track2_subset_v1/train/ATADD_T2_Train_092708.flac,0,singing,-,ATADD_T2_Train_092708.flac
/root/atadd_track2_subset_v1/train/ATADD_T2_Train_092718.flac,0,singing,-,ATADD_T2_Train_092718.flac
/root/atadd_track2_subset_v1/train/ATADD_T2_Train_092756.flac,0,singing,-,ATADD_T2_Train_092756.flac
/root/atadd_track2_subset_v1/train/ATADD_T2_Train_092758.flac,0,singing,-,ATADD_T2_Train_092758.flac
/root/atadd_track2_subset_v1/train/ATADD_T2_Train_092813.flac,0,singing,-,ATADD_T2_Train_092813.flac
/root/atadd_track2_subset_v1/train/ATADD_T2_Train_092869.flac,0,singing,-,ATADD_T2_Train_092869.flac
/root/atadd_track2_subset_v1/train/ATADD_T2_Train_092925.flac,0,singing,-,ATADD_T2_Train_092925.flac
/root/atadd_track2_subset_v1/train/ATADD_T2_Train_092931.flac,0,singing,-,ATADD_T2_Train_092931.flac
/root/atadd_track2_subset_v1/train/ATADD_T2_Train_092940.flac,0,singing,-,ATADD_T2_Train_092940.flac
/root/atadd_track2_subset_v1/train/ATADD_T2_Train_092949.flac,0,singing,-,ATADD_T2_Train_092949.flac
/root/atadd_track2_subset_v1/train/ATADD_T2_Train_093053.flac,0,singing,-,ATADD_T2_Train_093053.flac
/root/atadd_track2_subset_v1/train/ATADD_T2_Train_093089.flac,0,singing,-,ATADD_T2_Train_093089.flac
/root/atadd_track2_subset_v1/train/ATADD_T2_Train_093094.flac,0,singing,-,ATADD_T2_Train_093094.flac
/root/atadd_track2_subset_v1/train/ATADD_T2_Train_093110.flac,0,singing,-,ATADD_T2_Train_093110.flac
/root/atadd_track2_subset_v1/train/ATADD_T2_Train_093127.flac,0,singing,-,ATADD_T2_Train_093127.flac
/root/atadd_track2_subset_v1/train/ATADD_T2_Train_093144.flac,0,singing,-,ATADD_T2_Train_093144.flac
/root/atadd_track2_subset_v1/train/ATADD_T2_Train_093249.flac,0,singing,-,ATADD_T2_Train_093249.flac
/root/atadd_track2_subset_v1/train/ATADD_T2_Train_093278.flac,0,singing,-,ATADD_T2_Train_093278.flac
/root/atadd_track2_subset_v1/train/ATADD_T2_Train_093282.flac,0,singing,-,ATADD_T2_Train_093282.flac
/root/atadd_track2_subset_v1/train/ATADD_T2_Train_093294.flac,0,singing,-,ATADD_T2_Train_093294.flac
/root/atadd_track2_subset_v1/train/ATADD_T2_Train_093307.flac,0,singing,-,ATADD_T2_Train_093307.flac
/root/atadd_track2_subset_v1/train/ATADD_T2_Train_093309.flac,0,singing,-,ATADD_T2_Train_093309.flac
/root/atadd_track2_subset_v1/train/ATADD_T2_Train_093322.flac,0,singing,-,ATADD_T2_Train_093322.flac
/root/atadd_track2_subset_v1/train/ATADD_T2_Train_093334.flac,0,singing,-,ATADD_T2_Train_093334.flac
/root/atadd_track2_subset_v1/train/ATADD_T2_Train_093357.flac,0,singing,-,ATADD_T2_Train_093357.flac
/root/atadd_track2_subset_v1/train/ATADD_T2_Train_093360.flac,0,singing,-,ATADD_T2_Train_093360.flac
/root/atadd_track2_subset_v1/train/ATADD_T2_Train_093366.flac,0,singing,-,ATADD_T2_Train_093366.flac
/root/atadd_track2_subset_v1/train/ATADD_T2_Train_093376.flac,0,singing,-,ATADD_T2_Train_093376.flac
/root/atadd_track2_subset_v1/train/ATADD_T2_Train_093379.flac,0,singing,-,ATADD_T2_Train_093379.flac
/root/atadd_track2_subset_v1/train/ATADD_T2_Train_093384.flac,0,singing,-,ATADD_T2_Train_093384.flac
/root/atadd_track2_subset_v1/train/ATADD_T2_Train_093428.flac,0,singing,-,ATADD_T2_Train_093428.flac
/root/atadd_track2_subset_v1/train/ATADD_T2_Train_093477.flac,0,singing,-,ATADD_T2_Train_093477.flac
/root/atadd_track2_subset_v1/train/ATADD_T2_Train_093483.flac,0,singing,-,ATADD_T2_Train_093483.flac
/root/atadd_track2_subset_v1/train/ATADD_T2_Train_093505.flac,0,singing,-,ATADD_T2_Train_093505.flac
/root/atadd_track2_subset_v1/train/ATADD_T2_Train_093512.flac,0,singing,-,ATADD_T2_Train_093512.flac
/root/atadd_track2_subset_v1/train/ATADD_T2_Train_093521.flac,0,singing,-,ATADD_T2_Train_093521.flac
/root/atadd_track2_subset_v1/train/ATADD_T2_Train_093566.flac,0,singing,-,ATADD_T2_Train_093566.flac
/root/atadd_track2_subset_v1/train/ATADD_T2_Train_093571.flac,0,singing,-,ATADD_T2_Train_093571.flac
/root/atadd_track2_subset_v1/train/ATADD_T2_Train_093609.flac,0,singing,-,ATADD_T2_Train_093609.flac
/root/atadd_track2_subset_v1/train/ATADD_T2_Train_093680.flac,0,singing,-,ATADD_T2_Train_093680.flac
/root/atadd_track2_subset_v1/train/ATADD_T2_Train_093704.flac,0,singing,-,ATADD_T2_Train_093704.flac
/root/atadd_track2_subset_v1/train/ATADD_T2_Train_093749.flac,0,singing,-,ATADD_T2_Train_093749.flac
/root/atadd_track2_subset_v1/train/ATADD_T2_Train_093752.flac,0,singing,-,ATADD_T2_Train_093752.flac
/root/atadd_track2_subset_v1/train/ATADD_T2_Train_093766.flac,0,singing,-,ATADD_T2_Train_093766.flac
/root/atadd_track2_subset_v1/train/ATADD_T2_Train_093785.flac,0,singing,-,ATADD_T2_Train_093785.flac
/root/atadd_track2_subset_v1/train/ATADD_T2_Train_093798.flac,0,singing,-,ATADD_T2_Train_093798.flac
/root/atadd_track2_subset_v1/train/ATADD_T2_Train_093885.flac,0,singing,-,ATADD_T2_Train_093885.flac
/root/atadd_track2_subset_v1/train/ATADD_T2_Train_093892.flac,0,singing,-,ATADD_T2_Train_093892.flac
/root/atadd_track2_subset_v1/train/ATADD_T2_Train_093912.flac,0,singing,-,ATADD_T2_Train_093912.flac
/root/atadd_track2_subset_v1/train/ATADD_T2_Train_093914.flac,0,singing,-,ATADD_T2_Train_093914.flac
/root/atadd_track2_subset_v1/train/ATADD_T2_Train_093982.flac,0,singing,-,ATADD_T2_Train_093982.flac
/root/atadd_track2_subset_v1/train/ATADD_T2_Train_093998.flac,0,singing,-,ATADD_T2_Train_093998.flac
/root/atadd_track2_subset_v1/train/ATADD_T2_Train_094025.flac,0,singing,-,ATADD_T2_Train_094025.flac
/root/atadd_track2_subset_v1/train/ATADD_T2_Train_094032.flac,0,singing,-,ATADD_T2_Train_094032.flac
/root/atadd_track2_subset_v1/train/ATADD_T2_Train_094069.flac,0,singing,-,ATADD_T2_Train_094069.flac
/root/atadd_track2_subset_v1/train/ATADD_T2_Train_094084.flac,0,singing,-,ATADD_T2_Train_094084.flac
/root/atadd_track2_subset_v1/train/ATADD_T2_Train_094086.flac,0,singing,-,ATADD_T2_Train_094086.flac
/root/atadd_track2_subset_v1/train/ATADD_T2_Train_094094.flac,0,singing,-,ATADD_T2_Train_094094.flac
/root/atadd_track2_subset_v1/train/ATADD_T2_Train_094097.flac,0,singing,-,ATADD_T2_Train_094097.flac
/root/atadd_track2_subset_v1/train/ATADD_T2_Train_094103.flac,0,singing,-,ATADD_T2_Train_094103.flac
/root/atadd_track2_subset_v1/train/ATADD_T2_Train_094116.flac,0,singing,-,ATADD_T2_Train_094116.flac
/root/atadd_track2_subset_v1/train/ATADD_T2_Train_094136.flac,0,singing,-,ATADD_T2_Train_094136.flac
/root/atadd_track2_subset_v1/train/ATADD_T2_Train_094144.flac,0,singing,-,ATADD_T2_Train_094144.flac
/root/atadd_track2_subset_v1/train/ATADD_T2_Train_094161.flac,0,singing,-,ATADD_T2_Train_094161.flac
/root/atadd_track2_subset_v1/train/ATADD_T2_Train_094170.flac,0,singing,-,ATADD_T2_Train_094170.flac
/root/atadd_track2_subset_v1/train/ATADD_T2_Train_094173.flac,0,singing,-,ATADD_T2_Train_094173.flac
/root/atadd_track2_subset_v1/train/ATADD_T2_Train_094188.flac,0,singing,-,ATADD_T2_Train_094188.flac
/root/atadd_track2_subset_v1/train/ATADD_T2_Train_094223.flac,0,singing,-,ATADD_T2_Train_094223.flac
/root/atadd_track2_subset_v1/train/ATADD_T2_Train_094229.flac,0,singing,-,ATADD_T2_Train_094229.flac
/root/atadd_track2_subset_v1/train/ATADD_T2_Train_094259.flac,0,singing,-,ATADD_T2_Train_094259.flac
/root/atadd_track2_subset_v1/train/ATADD_T2_Train_094262.flac,0,singing,-,ATADD_T2_Train_094262.flac
/root/atadd_track2_subset_v1/train/ATADD_T2_Train_094289.flac,0,singing,-,ATADD_T2_Train_094289.flac
/root/atadd_track2_subset_v1/train/ATADD_T2_Train_094318.flac,0,singing,-,ATADD_T2_Train_094318.flac
/root/atadd_track2_subset_v1/train/ATADD_T2_Train_094327.flac,0,singing,-,ATADD_T2_Train_094327.flac
/root/atadd_track2_subset_v1/train/ATADD_T2_Train_094330.flac,0,singing,-,ATADD_T2_Train_094330.flac
/root/atadd_track2_subset_v1/train/ATADD_T2_Train_094350.flac,0,singing,-,ATADD_T2_Train_094350.flac
/root/atadd_track2_subset_v1/train/ATADD_T2_Train_094365.flac,0,singing,-,ATADD_T2_Train_094365.flac
/root/atadd_track2_subset_v1/train/ATADD_T2_Train_094377.flac,0,singing,-,ATADD_T2_Train_094377.flac
/root/atadd_track2_subset_v1/train/ATADD_T2_Train_094398.flac,0,singing,-,ATADD_T2_Train_094398.flac
/root/atadd_track2_subset_v1/train/ATADD_T2_Train_094437.flac,0,singing,-,ATADD_T2_Train_094437.flac
/root/atadd_track2_subset_v1/train/ATADD_T2_Train_094456.flac,0,singing,-,ATADD_T2_Train_094456.flac
/root/atadd_track2_subset_v1/train/ATADD_T2_Train_094471.flac,0,singing,-,ATADD_T2_Train_094471.flac
/root/atadd_track2_subset_v1/train/ATADD_T2_Train_094476.flac,0,singing,-,ATADD_T2_Train_094476.flac
/root/atadd_track2_subset_v1/train/ATADD_T2_Train_094483.flac,0,singing,-,ATADD_T2_Train_094483.flac
/root/atadd_track2_subset_v1/train/ATADD_T2_Train_094486.flac,0,singing,-,ATADD_T2_Train_094486.flac
/root/atadd_track2_subset_v1/train/ATADD_T2_Train_094496.flac,0,singing,-,ATADD_T2_Train_094496.flac
/root/atadd_track2_subset_v1/train/ATADD_T2_Train_094537.flac,0,singing,-,ATADD_T2_Train_094537.flac
/root/atadd_track2_subset_v1/train/ATADD_T2_Train_094539.flac,0,singing,-,ATADD_T2_Train_094539.flac
/root/atadd_track2_subset_v1/train/ATADD_T2_Train_094555.flac,0,singing,-,ATADD_T2_Train_094555.flac
/root/atadd_track2_subset_v1/train/ATADD_T2_Train_094566.flac,0,singing,-,ATADD_T2_Train_094566.flac
/root/atadd_track2_subset_v1/train/ATADD_T2_Train_094586.flac,0,singing,-,ATADD_T2_Train_094586.flac
/root/atadd_track2_subset_v1/train/ATADD_T2_Train_094610.flac,0,singing,-,ATADD_T2_Train_094610.flac
/root/atadd_track2_subset_v1/train/ATADD_T2_Train_094634.flac,0,singing,-,ATADD_T2_Train_094634.flac
/root/atadd_track2_subset_v1/train/ATADD_T2_Train_094637.flac,0,singing,-,ATADD_T2_Train_094637.flac
/root/atadd_track2_subset_v1/train/ATADD_T2_Train_094644.flac,0,singing,-,ATADD_T2_Train_094644.flac
/root/atadd_track2_subset_v1/train/ATADD_T2_Train_094647.flac,0,singing,-,ATADD_T2_Train_094647.flac
/root/atadd_track2_subset_v1/train/ATADD_T2_Train_094652.flac,0,singing,-,ATADD_T2_Train_094652.flac
/root/atadd_track2_subset_v1/train/ATADD_T2_Train_094678.flac,0,singing,-,ATADD_T2_Train_094678.flac
/root/atadd_track2_subset_v1/train/ATADD_T2_Train_094702.flac,0,singing,-,ATADD_T2_Train_094702.flac
/root/atadd_track2_subset_v1/train/ATADD_T2_Train_094780.flac,0,singing,-,ATADD_T2_Train_094780.flac
/root/atadd_track2_subset_v1/train/ATADD_T2_Train_094788.flac,0,singing,-,ATADD_T2_Train_094788.flac
/root/atadd_track2_subset_v1/train/ATADD_T2_Train_094789.flac,0,singing,-,ATADD_T2_Train_094789.flac
/root/atadd_track2_subset_v1/train/ATADD_T2_Train_094797.flac,0,singing,-,ATADD_T2_Train_094797.flac
/root/atadd_track2_subset_v1/train/ATADD_T2_Train_094843.flac,0,singing,-,ATADD_T2_Train_094843.flac
/root/atadd_track2_subset_v1/train/ATADD_T2_Train_094854.flac,0,singing,-,ATADD_T2_Train_094854.flac
/root/atadd_track2_subset_v1/train/ATADD_T2_Train_094863.flac,0,singing,-,ATADD_T2_Train_094863.flac
/root/atadd_track2_subset_v1/train/ATADD_T2_Train_094872.flac,0,singing,-,ATADD_T2_Train_094872.flac
/root/atadd_track2_subset_v1/train/ATADD_T2_Train_094909.flac,0,singing,-,ATADD_T2_Train_094909.flac
/root/atadd_track2_subset_v1/train/ATADD_T2_Train_094927.flac,0,singing,-,ATADD_T2_Train_094927.flac
/root/atadd_track2_subset_v1/train/ATADD_T2_Train_094933.flac,0,singing,-,ATADD_T2_Train_094933.flac
/root/atadd_track2_subset_v1/train/ATADD_T2_Train_094947.flac,0,singing,-,ATADD_T2_Train_094947.flac
/root/atadd_track2_subset_v1/train/ATADD_T2_Train_094962.flac,0,singing,-,ATADD_T2_Train_094962.flac
/root/atadd_track2_subset_v1/train/ATADD_T2_Train_094970.flac,0,singing,-,ATADD_T2_Train_094970.flac
/root/atadd_track2_subset_v1/train/ATADD_T2_Train_094971.flac,0,singing,-,ATADD_T2_Train_094971.flac
/root/atadd_track2_subset_v1/train/ATADD_T2_Train_094989.flac,0,singing,-,ATADD_T2_Train_094989.flac
/root/atadd_track2_subset_v1/train/ATADD_T2_Train_095014.flac,0,singing,-,ATADD_T2_Train_095014.flac
/root/atadd_track2_subset_v1/train/ATADD_T2_Train_095060.flac,0,singing,-,ATADD_T2_Train_095060.flac
/root/atadd_track2_subset_v1/train/ATADD_T2_Train_095065.flac,0,singing,-,ATADD_T2_Train_095065.flac
/root/atadd_track2_subset_v1/train/ATADD_T2_Train_095074.flac,0,singing,-,ATADD_T2_Train_095074.flac
/root/atadd_track2_subset_v1/train/ATADD_T2_Train_095085.flac,0,singing,-,ATADD_T2_Train_095085.flac
/root/atadd_track2_subset_v1/train/ATADD_T2_Train_095108.flac,0,singing,-,ATADD_T2_Train_095108.flac
/root/atadd_track2_subset_v1/train/ATADD_T2_Train_095143.flac,0,singing,-,ATADD_T2_Train_095143.flac
/root/atadd_track2_subset_v1/train/ATADD_T2_Train_095175.flac,0,singing,-,ATADD_T2_Train_095175.flac
/root/atadd_track2_subset_v1/train/ATADD_T2_Train_095188.flac,0,singing,-,ATADD_T2_Train_095188.flac
/root/atadd_track2_subset_v1/train/ATADD_T2_Train_095192.flac,0,singing,-,ATADD_T2_Train_095192.flac
/root/atadd_track2_subset_v1/train/ATADD_T2_Train_095196.flac,0,singing,-,ATADD_T2_Train_095196.flac
/root/atadd_track2_subset_v1/train/ATADD_T2_Train_095197.flac,0,singing,-,ATADD_T2_Train_095197.flac
/root/atadd_track2_subset_v1/train/ATADD_T2_Train_095264.flac,0,singing,-,ATADD_T2_Train_095264.flac
/root/atadd_track2_subset_v1/train/ATADD_T2_Train_095266.flac,0,singing,-,ATADD_T2_Train_095266.flac
/root/atadd_track2_subset_v1/train/ATADD_T2_Train_095324.flac,0,singing,-,ATADD_T2_Train_095324.flac
/root/atadd_track2_subset_v1/train/ATADD_T2_Train_095328.flac,0,singing,-,ATADD_T2_Train_095328.flac
/root/atadd_track2_subset_v1/train/ATADD_T2_Train_095338.flac,0,singing,-,ATADD_T2_Train_095338.flac
/root/atadd_track2_subset_v1/train/ATADD_T2_Train_095344.flac,0,singing,-,ATADD_T2_Train_095344.flac
/root/atadd_track2_subset_v1/train/ATADD_T2_Train_095349.flac,0,singing,-,ATADD_T2_Train_095349.flac
/root/atadd_track2_subset_v1/train/ATADD_T2_Train_095355.flac,0,singing,-,ATADD_T2_Train_095355.flac
/root/atadd_track2_subset_v1/train/ATADD_T2_Train_095356.flac,0,singing,-,ATADD_T2_Train_095356.flac
/root/atadd_track2_subset_v1/train/ATADD_T2_Train_095368.flac,0,singing,-,ATADD_T2_Train_095368.flac
/root/atadd_track2_subset_v1/train/ATADD_T2_Train_095384.flac,0,singing,-,ATADD_T2_Train_095384.flac
/root/atadd_track2_subset_v1/train/ATADD_T2_Train_095406.flac,0,singing,-,ATADD_T2_Train_095406.flac
/root/atadd_track2_subset_v1/train/ATADD_T2_Train_095408.flac,0,singing,-,ATADD_T2_Train_095408.flac
/root/atadd_track2_subset_v1/train/ATADD_T2_Train_095411.flac,0,singing,-,ATADD_T2_Train_095411.flac
/root/atadd_track2_subset_v1/train/ATADD_T2_Train_095417.flac,0,singing,-,ATADD_T2_Train_095417.flac
/root/atadd_track2_subset_v1/train/ATADD_T2_Train_095428.flac,0,singing,-,ATADD_T2_Train_095428.flac
/root/atadd_track2_subset_v1/train/ATADD_T2_Train_095434.flac,0,singing,-,ATADD_T2_Train_095434.flac
/root/atadd_track2_subset_v1/train/ATADD_T2_Train_095442.flac,0,singing,-,ATADD_T2_Train_095442.flac
/root/atadd_track2_subset_v1/train/ATADD_T2_Train_095445.flac,0,singing,-,ATADD_T2_Train_095445.flac
/root/atadd_track2_subset_v1/train/ATADD_T2_Train_095451.flac,0,singing,-,ATADD_T2_Train_095451.flac
/root/atadd_track2_subset_v1/train/ATADD_T2_Train_095460.flac,0,singing,-,ATADD_T2_Train_095460.flac
/root/atadd_track2_subset_v1/train/ATADD_T2_Train_095486.flac,0,singing,-,ATADD_T2_Train_095486.flac
/root/atadd_track2_subset_v1/train/ATADD_T2_Train_095493.flac,0,singing,-,ATADD_T2_Train_095493.flac
/root/atadd_track2_subset_v1/train/ATADD_T2_Train_095497.flac,0,singing,-,ATADD_T2_Train_095497.flac
/root/atadd_track2_subset_v1/train/ATADD_T2_Train_095511.flac,0,singing,-,ATADD_T2_Train_095511.flac
/root/atadd_track2_subset_v1/train/ATADD_T2_Train_095530.flac,0,singing,-,ATADD_T2_Train_095530.flac
/root/atadd_track2_subset_v1/train/ATADD_T2_Train_095532.flac,0,singing,-,ATADD_T2_Train_095532.flac
/root/atadd_track2_subset_v1/train/ATADD_T2_Train_095542.flac,0,singing,-,ATADD_T2_Train_095542.flac
/root/atadd_track2_subset_v1/train/ATADD_T2_Train_095558.flac,0,singing,-,ATADD_T2_Train_095558.flac
/root/atadd_track2_subset_v1/train/ATADD_T2_Train_095588.flac,0,singing,-,ATADD_T2_Train_095588.flac
/root/atadd_track2_subset_v1/train/ATADD_T2_Train_095645.flac,0,singing,-,ATADD_T2_Train_095645.flac
/root/atadd_track2_subset_v1/train/ATADD_T2_Train_095672.flac,0,singing,-,ATADD_T2_Train_095672.flac
/root/atadd_track2_subset_v1/train/ATADD_T2_Train_095688.flac,0,singing,-,ATADD_T2_Train_095688.flac
/root/atadd_track2_subset_v1/train/ATADD_T2_Train_095709.flac,0,singing,-,ATADD_T2_Train_095709.flac
/root/atadd_track2_subset_v1/train/ATADD_T2_Train_095742.flac,0,singing,-,ATADD_T2_Train_095742.flac
/root/atadd_track2_subset_v1/train/ATADD_T2_Train_095745.flac,0,singing,-,ATADD_T2_Train_095745.flac
/root/atadd_track2_subset_v1/train/ATADD_T2_Train_095750.flac,0,singing,-,ATADD_T2_Train_095750.flac
/root/atadd_track2_subset_v1/train/ATADD_T2_Train_095754.flac,0,singing,-,ATADD_T2_Train_095754.flac
/root/atadd_track2_subset_v1/train/ATADD_T2_Train_095756.flac,0,singing,-,ATADD_T2_Train_095756.flac
/root/atadd_track2_subset_v1/train/ATADD_T2_Train_095813.flac,0,singing,-,ATADD_T2_Train_095813.flac
/root/atadd_track2_subset_v1/train/ATADD_T2_Train_095854.flac,0,singing,-,ATADD_T2_Train_095854.flac
/root/atadd_track2_subset_v1/train/ATADD_T2_Train_095858.flac,0,singing,-,ATADD_T2_Train_095858.flac
/root/atadd_track2_subset_v1/train/ATADD_T2_Train_095869.flac,0,singing,-,ATADD_T2_Train_095869.flac
/root/atadd_track2_subset_v1/train/ATADD_T2_Train_095911.flac,0,singing,-,ATADD_T2_Train_095911.flac
/root/atadd_track2_subset_v1/train/ATADD_T2_Train_095937.flac,0,singing,-,ATADD_T2_Train_095937.flac
/root/atadd_track2_subset_v1/train/ATADD_T2_Train_095939.flac,0,singing,-,ATADD_T2_Train_095939.flac
/root/atadd_track2_subset_v1/train/ATADD_T2_Train_095940.flac,0,singing,-,ATADD_T2_Train_095940.flac
/root/atadd_track2_subset_v1/train/ATADD_T2_Train_095948.flac,0,singing,-,ATADD_T2_Train_095948.flac
/root/atadd_track2_subset_v1/train/ATADD_T2_Train_095969.flac,0,singing,-,ATADD_T2_Train_095969.flac
/root/atadd_track2_subset_v1/train/ATADD_T2_Train_095979.flac,0,singing,-,ATADD_T2_Train_095979.flac
/root/atadd_track2_subset_v1/train/ATADD_T2_Train_095992.flac,0,singing,-,ATADD_T2_Train_095992.flac
/root/atadd_track2_subset_v1/train/ATADD_T2_Train_096022.flac,0,singing,-,ATADD_T2_Train_096022.flac
/root/atadd_track2_subset_v1/train/ATADD_T2_Train_096069.flac,0,singing,-,ATADD_T2_Train_096069.flac
/root/atadd_track2_subset_v1/train/ATADD_T2_Train_096071.flac,0,singing,-,ATADD_T2_Train_096071.flac
/root/atadd_track2_subset_v1/train/ATADD_T2_Train_096124.flac,0,singing,-,ATADD_T2_Train_096124.flac
/root/atadd_track2_subset_v1/train/ATADD_T2_Train_096139.flac,0,singing,-,ATADD_T2_Train_096139.flac
/root/atadd_track2_subset_v1/train/ATADD_T2_Train_096146.flac,0,singing,-,ATADD_T2_Train_096146.flac
/root/atadd_track2_subset_v1/train/ATADD_T2_Train_096147.flac,0,singing,-,ATADD_T2_Train_096147.flac
/root/atadd_track2_subset_v1/train/ATADD_T2_Train_096181.flac,0,singing,-,ATADD_T2_Train_096181.flac
/root/atadd_track2_subset_v1/train/ATADD_T2_Train_096213.flac,0,singing,-,ATADD_T2_Train_096213.flac
/root/atadd_track2_subset_v1/train/ATADD_T2_Train_096225.flac,0,singing,-,ATADD_T2_Train_096225.flac
/root/atadd_track2_subset_v1/train/ATADD_T2_Train_096240.flac,0,singing,-,ATADD_T2_Train_096240.flac
/root/atadd_track2_subset_v1/train/ATADD_T2_Train_096241.flac,0,singing,-,ATADD_T2_Train_096241.flac
/root/atadd_track2_subset_v1/train/ATADD_T2_Train_096266.flac,0,singing,-,ATADD_T2_Train_096266.flac
/root/atadd_track2_subset_v1/train/ATADD_T2_Train_096275.flac,0,singing,-,ATADD_T2_Train_096275.flac
/root/atadd_track2_subset_v1/train/ATADD_T2_Train_096277.flac,0,singing,-,ATADD_T2_Train_096277.flac
/root/atadd_track2_subset_v1/train/ATADD_T2_Train_096294.flac,0,singing,-,ATADD_T2_Train_096294.flac
/root/atadd_track2_subset_v1/train/ATADD_T2_Train_096350.flac,0,singing,-,ATADD_T2_Train_096350.flac
/root/atadd_track2_subset_v1/train/ATADD_T2_Train_096353.flac,0,singing,-,ATADD_T2_Train_096353.flac
/root/atadd_track2_subset_v1/train/ATADD_T2_Train_096371.flac,0,singing,-,ATADD_T2_Train_096371.flac
/root/atadd_track2_subset_v1/train/ATADD_T2_Train_096397.flac,0,singing,-,ATADD_T2_Train_096397.flac
/root/atadd_track2_subset_v1/train/ATADD_T2_Train_096448.flac,0,singing,-,ATADD_T2_Train_096448.flac
/root/atadd_track2_subset_v1/train/ATADD_T2_Train_096471.flac,0,singing,-,ATADD_T2_Train_096471.flac
/root/atadd_track2_subset_v1/train/ATADD_T2_Train_096476.flac,0,singing,-,ATADD_T2_Train_096476.flac
/root/atadd_track2_subset_v1/train/ATADD_T2_Train_096504.flac,0,singing,-,ATADD_T2_Train_096504.flac
/root/atadd_track2_subset_v1/train/ATADD_T2_Train_096542.flac,0,singing,-,ATADD_T2_Train_096542.flac
/root/atadd_track2_subset_v1/train/ATADD_T2_Train_096575.flac,0,singing,-,ATADD_T2_Train_096575.flac
/root/atadd_track2_subset_v1/train/ATADD_T2_Train_096583.flac,0,singing,-,ATADD_T2_Train_096583.flac
/root/atadd_track2_subset_v1/train/ATADD_T2_Train_096586.flac,0,singing,-,ATADD_T2_Train_096586.flac
/root/atadd_track2_subset_v1/train/ATADD_T2_Train_096595.flac,0,singing,-,ATADD_T2_Train_096595.flac
/root/atadd_track2_subset_v1/train/ATADD_T2_Train_096618.flac,0,singing,-,ATADD_T2_Train_096618.flac
/root/atadd_track2_subset_v1/train/ATADD_T2_Train_096620.flac,0,singing,-,ATADD_T2_Train_096620.flac
/root/atadd_track2_subset_v1/train/ATADD_T2_Train_096634.flac,0,singing,-,ATADD_T2_Train_096634.flac
/root/atadd_track2_subset_v1/train/ATADD_T2_Train_096641.flac,0,singing,-,ATADD_T2_Train_096641.flac
/root/atadd_track2_subset_v1/train/ATADD_T2_Train_096688.flac,0,singing,-,ATADD_T2_Train_096688.flac
/root/atadd_track2_subset_v1/train/ATADD_T2_Train_096689.flac,0,singing,-,ATADD_T2_Train_096689.flac
/root/atadd_track2_subset_v1/train/ATADD_T2_Train_096693.flac,0,singing,-,ATADD_T2_Train_096693.flac
/root/atadd_track2_subset_v1/train/ATADD_T2_Train_096708.flac,0,singing,-,ATADD_T2_Train_096708.flac
/root/atadd_track2_subset_v1/train/ATADD_T2_Train_096721.flac,0,singing,-,ATADD_T2_Train_096721.flac
/root/atadd_track2_subset_v1/train/ATADD_T2_Train_096727.flac,0,singing,-,ATADD_T2_Train_096727.flac
/root/atadd_track2_subset_v1/train/ATADD_T2_Train_096741.flac,0,singing,-,ATADD_T2_Train_096741.flac
/root/atadd_track2_subset_v1/train/ATADD_T2_Train_096765.flac,0,singing,-,ATADD_T2_Train_096765.flac
/root/atadd_track2_subset_v1/train/ATADD_T2_Train_096771.flac,0,singing,-,ATADD_T2_Train_096771.flac
/root/atadd_track2_subset_v1/train/ATADD_T2_Train_096777.flac,0,singing,-,ATADD_T2_Train_096777.flac
/root/atadd_track2_subset_v1/train/ATADD_T2_Train_096782.flac,0,singing,-,ATADD_T2_Train_096782.flac
/root/atadd_track2_subset_v1/train/ATADD_T2_Train_096787.flac,0,singing,-,ATADD_T2_Train_096787.flac
/root/atadd_track2_subset_v1/train/ATADD_T2_Train_096788.flac,0,singing,-,ATADD_T2_Train_096788.flac
/root/atadd_track2_subset_v1/train/ATADD_T2_Train_096794.flac,0,singing,-,ATADD_T2_Train_096794.flac
/root/atadd_track2_subset_v1/train/ATADD_T2_Train_096807.flac,0,singing,-,ATADD_T2_Train_096807.flac
/root/atadd_track2_subset_v1/train/ATADD_T2_Train_096822.flac,0,singing,-,ATADD_T2_Train_096822.flac
/root/atadd_track2_subset_v1/train/ATADD_T2_Train_096846.flac,0,singing,-,ATADD_T2_Train_096846.flac
/root/atadd_track2_subset_v1/train/ATADD_T2_Train_096903.flac,0,singing,-,ATADD_T2_Train_096903.flac
/root/atadd_track2_subset_v1/train/ATADD_T2_Train_096905.flac,0,singing,-,ATADD_T2_Train_096905.flac
/root/atadd_track2_subset_v1/train/ATADD_T2_Train_096907.flac,0,singing,-,ATADD_T2_Train_096907.flac
/root/atadd_track2_subset_v1/train/ATADD_T2_Train_096914.flac,0,singing,-,ATADD_T2_Train_096914.flac
/root/atadd_track2_subset_v1/train/ATADD_T2_Train_096980.flac,0,singing,-,ATADD_T2_Train_096980.flac
/root/atadd_track2_subset_v1/train/ATADD_T2_Train_097025.flac,0,singing,-,ATADD_T2_Train_097025.flac
/root/atadd_track2_subset_v1/train/ATADD_T2_Train_097028.flac,0,singing,-,ATADD_T2_Train_097028.flac
/root/atadd_track2_subset_v1/train/ATADD_T2_Train_097048.flac,0,singing,-,ATADD_T2_Train_097048.flac
/root/atadd_track2_subset_v1/train/ATADD_T2_Train_097058.flac,0,singing,-,ATADD_T2_Train_097058.flac
/root/atadd_track2_subset_v1/train/ATADD_T2_Train_097064.flac,0,singing,-,ATADD_T2_Train_097064.flac
/root/atadd_track2_subset_v1/train/ATADD_T2_Train_097073.flac,0,singing,-,ATADD_T2_Train_097073.flac
/root/atadd_track2_subset_v1/train/ATADD_T2_Train_097100.flac,0,singing,-,ATADD_T2_Train_097100.flac
/root/atadd_track2_subset_v1/train/ATADD_T2_Train_097101.flac,0,singing,-,ATADD_T2_Train_097101.flac
/root/atadd_track2_subset_v1/train/ATADD_T2_Train_097118.flac,0,singing,-,ATADD_T2_Train_097118.flac
/root/atadd_track2_subset_v1/train/ATADD_T2_Train_097126.flac,0,singing,-,ATADD_T2_Train_097126.flac
/root/atadd_track2_subset_v1/train/ATADD_T2_Train_097142.flac,0,singing,-,ATADD_T2_Train_097142.flac
/root/atadd_track2_subset_v1/train/ATADD_T2_Train_097156.flac,0,singing,-,ATADD_T2_Train_097156.flac
/root/atadd_track2_subset_v1/train/ATADD_T2_Train_097172.flac,0,singing,-,ATADD_T2_Train_097172.flac
/root/atadd_track2_subset_v1/train/ATADD_T2_Train_097177.flac,0,singing,-,ATADD_T2_Train_097177.flac
/root/atadd_track2_subset_v1/train/ATADD_T2_Train_097191.flac,0,singing,-,ATADD_T2_Train_097191.flac
/root/atadd_track2_subset_v1/train/ATADD_T2_Train_097196.flac,0,singing,-,ATADD_T2_Train_097196.flac
/root/atadd_track2_subset_v1/train/ATADD_T2_Train_097256.flac,0,singing,-,ATADD_T2_Train_097256.flac
/root/atadd_track2_subset_v1/train/ATADD_T2_Train_097258.flac,0,singing,-,ATADD_T2_Train_097258.flac
/root/atadd_track2_subset_v1/train/ATADD_T2_Train_097287.flac,0,singing,-,ATADD_T2_Train_097287.flac
/root/atadd_track2_subset_v1/train/ATADD_T2_Train_097289.flac,0,singing,-,ATADD_T2_Train_097289.flac
/root/atadd_track2_subset_v1/train/ATADD_T2_Train_097328.flac,0,singing,-,ATADD_T2_Train_097328.flac
/root/atadd_track2_subset_v1/train/ATADD_T2_Train_097349.flac,0,singing,-,ATADD_T2_Train_097349.flac
/root/atadd_track2_subset_v1/train/ATADD_T2_Train_097383.flac,0,singing,-,ATADD_T2_Train_097383.flac
/root/atadd_track2_subset_v1/train/ATADD_T2_Train_097441.flac,0,singing,-,ATADD_T2_Train_097441.flac
/root/atadd_track2_subset_v1/train/ATADD_T2_Train_097463.flac,0,singing,-,ATADD_T2_Train_097463.flac
/root/atadd_track2_subset_v1/train/ATADD_T2_Train_097510.flac,0,singing,-,ATADD_T2_Train_097510.flac
/root/atadd_track2_subset_v1/train/ATADD_T2_Train_097524.flac,0,singing,-,ATADD_T2_Train_097524.flac
/root/atadd_track2_subset_v1/train/ATADD_T2_Train_097545.flac,0,singing,-,ATADD_T2_Train_097545.flac
/root/atadd_track2_subset_v1/train/ATADD_T2_Train_097564.flac,0,singing,-,ATADD_T2_Train_097564.flac
/root/atadd_track2_subset_v1/train/ATADD_T2_Train_097567.flac,0,singing,-,ATADD_T2_Train_097567.flac
/root/atadd_track2_subset_v1/train/ATADD_T2_Train_097575.flac,0,singing,-,ATADD_T2_Train_097575.flac
/root/atadd_track2_subset_v1/train/ATADD_T2_Train_097579.flac,0,singing,-,ATADD_T2_Train_097579.flac
/root/atadd_track2_subset_v1/train/ATADD_T2_Train_097587.flac,0,singing,-,ATADD_T2_Train_097587.flac
/root/atadd_track2_subset_v1/train/ATADD_T2_Train_097592.flac,0,singing,-,ATADD_T2_Train_097592.flac
/root/atadd_track2_subset_v1/train/ATADD_T2_Train_097605.flac,0,singing,-,ATADD_T2_Train_097605.flac
/root/atadd_track2_subset_v1/train/ATADD_T2_Train_097609.flac,0,singing,-,ATADD_T2_Train_097609.flac
/root/atadd_track2_subset_v1/train/ATADD_T2_Train_097637.flac,0,singing,-,ATADD_T2_Train_097637.flac
/root/atadd_track2_subset_v1/train/ATADD_T2_Train_097640.flac,0,singing,-,ATADD_T2_Train_097640.flac
/root/atadd_track2_subset_v1/train/ATADD_T2_Train_097650.flac,0,singing,-,ATADD_T2_Train_097650.flac
/root/atadd_track2_subset_v1/train/ATADD_T2_Train_097654.flac,0,singing,-,ATADD_T2_Train_097654.flac
/root/atadd_track2_subset_v1/train/ATADD_T2_Train_097655.flac,0,singing,-,ATADD_T2_Train_097655.flac
/root/atadd_track2_subset_v1/train/ATADD_T2_Train_097677.flac,0,singing,-,ATADD_T2_Train_097677.flac
/root/atadd_track2_subset_v1/train/ATADD_T2_Train_097697.flac,0,singing,-,ATADD_T2_Train_097697.flac
/root/atadd_track2_subset_v1/train/ATADD_T2_Train_097727.flac,0,singing,-,ATADD_T2_Train_097727.flac
/root/atadd_track2_subset_v1/train/ATADD_T2_Train_097728.flac,0,singing,-,ATADD_T2_Train_097728.flac
/root/atadd_track2_subset_v1/train/ATADD_T2_Train_097732.flac,0,singing,-,ATADD_T2_Train_097732.flac
/root/atadd_track2_subset_v1/train/ATADD_T2_Train_097733.flac,0,singing,-,ATADD_T2_Train_097733.flac
/root/atadd_track2_subset_v1/train/ATADD_T2_Train_097747.flac,0,singing,-,ATADD_T2_Train_097747.flac
/root/atadd_track2_subset_v1/train/ATADD_T2_Train_097751.flac,0,singing,-,ATADD_T2_Train_097751.flac
/root/atadd_track2_subset_v1/train/ATADD_T2_Train_097757.flac,0,singing,-,ATADD_T2_Train_097757.flac
/root/atadd_track2_subset_v1/train/ATADD_T2_Train_097767.flac,0,singing,-,ATADD_T2_Train_097767.flac
/root/atadd_track2_subset_v1/train/ATADD_T2_Train_097822.flac,0,singing,-,ATADD_T2_Train_097822.flac
/root/atadd_track2_subset_v1/train/ATADD_T2_Train_097826.flac,0,singing,-,ATADD_T2_Train_097826.flac
/root/atadd_track2_subset_v1/train/ATADD_T2_Train_097849.flac,0,singing,-,ATADD_T2_Train_097849.flac
/root/atadd_track2_subset_v1/train/ATADD_T2_Train_097853.flac,0,singing,-,ATADD_T2_Train_097853.flac
/root/atadd_track2_subset_v1/train/ATADD_T2_Train_097859.flac,0,singing,-,ATADD_T2_Train_097859.flac
/root/atadd_track2_subset_v1/train/ATADD_T2_Train_097860.flac,0,singing,-,ATADD_T2_Train_097860.flac
/root/atadd_track2_subset_v1/train/ATADD_T2_Train_097862.flac,0,singing,-,ATADD_T2_Train_097862.flac
/root/atadd_track2_subset_v1/train/ATADD_T2_Train_097868.flac,0,singing,-,ATADD_T2_Train_097868.flac
/root/atadd_track2_subset_v1/train/ATADD_T2_Train_097892.flac,0,singing,-,ATADD_T2_Train_097892.flac
/root/atadd_track2_subset_v1/train/ATADD_T2_Train_097898.flac,0,singing,-,ATADD_T2_Train_097898.flac
/root/atadd_track2_subset_v1/train/ATADD_T2_Train_097904.flac,0,singing,-,ATADD_T2_Train_097904.flac
/root/atadd_track2_subset_v1/train/ATADD_T2_Train_097914.flac,0,singing,-,ATADD_T2_Train_097914.flac
/root/atadd_track2_subset_v1/train/ATADD_T2_Train_097917.flac,0,singing,-,ATADD_T2_Train_097917.flac
/root/atadd_track2_subset_v1/train/ATADD_T2_Train_097923.flac,0,singing,-,ATADD_T2_Train_097923.flac
/root/atadd_track2_subset_v1/train/ATADD_T2_Train_097924.flac,0,singing,-,ATADD_T2_Train_097924.flac
/root/atadd_track2_subset_v1/train/ATADD_T2_Train_097992.flac,0,singing,-,ATADD_T2_Train_097992.flac
/root/atadd_track2_subset_v1/train/ATADD_T2_Train_098005.flac,0,singing,-,ATADD_T2_Train_098005.flac
/root/atadd_track2_subset_v1/train/ATADD_T2_Train_098028.flac,0,singing,-,ATADD_T2_Train_098028.flac
/root/atadd_track2_subset_v1/train/ATADD_T2_Train_098034.flac,0,singing,-,ATADD_T2_Train_098034.flac
/root/atadd_track2_subset_v1/train/ATADD_T2_Train_098040.flac,0,singing,-,ATADD_T2_Train_098040.flac
/root/atadd_track2_subset_v1/train/ATADD_T2_Train_098042.flac,0,singing,-,ATADD_T2_Train_098042.flac
/root/atadd_track2_subset_v1/train/ATADD_T2_Train_098057.flac,0,singing,-,ATADD_T2_Train_098057.flac
/root/atadd_track2_subset_v1/train/ATADD_T2_Train_098063.flac,0,singing,-,ATADD_T2_Train_098063.flac
/root/atadd_track2_subset_v1/train/ATADD_T2_Train_098090.flac,0,singing,-,ATADD_T2_Train_098090.flac
/root/atadd_track2_subset_v1/train/ATADD_T2_Train_098137.flac,0,singing,-,ATADD_T2_Train_098137.flac
/root/atadd_track2_subset_v1/train/ATADD_T2_Train_098156.flac,0,singing,-,ATADD_T2_Train_098156.flac
/root/atadd_track2_subset_v1/train/ATADD_T2_Train_098165.flac,0,singing,-,ATADD_T2_Train_098165.flac
/root/atadd_track2_subset_v1/train/ATADD_T2_Train_098198.flac,0,singing,-,ATADD_T2_Train_098198.flac
/root/atadd_track2_subset_v1/train/ATADD_T2_Train_098209.flac,0,singing,-,ATADD_T2_Train_098209.flac
/root/atadd_track2_subset_v1/train/ATADD_T2_Train_098259.flac,0,singing,-,ATADD_T2_Train_098259.flac
/root/atadd_track2_subset_v1/train/ATADD_T2_Train_098298.flac,0,singing,-,ATADD_T2_Train_098298.flac
/root/atadd_track2_subset_v1/train/ATADD_T2_Train_098313.flac,0,singing,-,ATADD_T2_Train_098313.flac
/root/atadd_track2_subset_v1/train/ATADD_T2_Train_098330.flac,0,singing,-,ATADD_T2_Train_098330.flac
/root/atadd_track2_subset_v1/train/ATADD_T2_Train_098353.flac,0,singing,-,ATADD_T2_Train_098353.flac
/root/atadd_track2_subset_v1/train/ATADD_T2_Train_098354.flac,0,singing,-,ATADD_T2_Train_098354.flac
/root/atadd_track2_subset_v1/train/ATADD_T2_Train_098361.flac,0,singing,-,ATADD_T2_Train_098361.flac
/root/atadd_track2_subset_v1/train/ATADD_T2_Train_098407.flac,0,singing,-,ATADD_T2_Train_098407.flac
/root/atadd_track2_subset_v1/train/ATADD_T2_Train_098508.flac,1,singing,So-VITS-SVC_inhouse,ATADD_T2_Train_098508.flac
/root/atadd_track2_subset_v1/train/ATADD_T2_Train_098616.flac,1,singing,So-VITS-SVC_inhouse,ATADD_T2_Train_098616.flac
/root/atadd_track2_subset_v1/train/ATADD_T2_Train_098667.flac,1,singing,So-VITS-SVC_inhouse,ATADD_T2_Train_098667.flac
/root/atadd_track2_subset_v1/train/ATADD_T2_Train_098669.flac,1,singing,So-VITS-SVC_inhouse,ATADD_T2_Train_098669.flac
/root/atadd_track2_subset_v1/train/ATADD_T2_Train_098902.flac,1,singing,So-VITS-SVC_inhouse,ATADD_T2_Train_098902.flac
/root/atadd_track2_subset_v1/train/ATADD_T2_Train_098933.flac,1,singing,So-VITS-SVC_inhouse,ATADD_T2_Train_098933.flac
/root/atadd_track2_subset_v1/train/ATADD_T2_Train_099030.flac,1,singing,So-VITS-SVC_inhouse,ATADD_T2_Train_099030.flac
/root/atadd_track2_subset_v1/train/ATADD_T2_Train_099099.flac,1,singing,So-VITS-SVC_inhouse,ATADD_T2_Train_099099.flac
/root/atadd_track2_subset_v1/train/ATADD_T2_Train_099115.flac,1,singing,So-VITS-SVC_inhouse,ATADD_T2_Train_099115.flac
/root/atadd_track2_subset_v1/train/ATADD_T2_Train_099260.flac,1,singing,So-VITS-SVC_inhouse,ATADD_T2_Train_099260.flac
/root/atadd_track2_subset_v1/train/ATADD_T2_Train_099276.flac,1,singing,So-VITS-SVC_inhouse,ATADD_T2_Train_099276.flac
/root/atadd_track2_subset_v1/train/ATADD_T2_Train_099364.flac,1,singing,So-VITS-SVC_inhouse,ATADD_T2_Train_099364.flac
/root/atadd_track2_subset_v1/train/ATADD_T2_Train_099420.flac,1,singing,So-VITS-SVC_inhouse,ATADD_T2_Train_099420.flac
/root/atadd_track2_subset_v1/train/ATADD_T2_Train_099436.flac,1,singing,So-VITS-SVC_inhouse,ATADD_T2_Train_099436.flac
/root/atadd_track2_subset_v1/train/ATADD_T2_Train_099648.flac,1,singing,So-VITS-SVC_inhouse,ATADD_T2_Train_099648.flac
/root/atadd_track2_subset_v1/train/ATADD_T2_Train_099698.flac,1,singing,So-VITS-SVC_inhouse,ATADD_T2_Train_099698.flac
/root/atadd_track2_subset_v1/train/ATADD_T2_Train_099760.flac,1,singing,So-VITS-SVC_inhouse,ATADD_T2_Train_099760.flac
/root/atadd_track2_subset_v1/train/ATADD_T2_Train_099802.flac,1,singing,So-VITS-SVC_inhouse,ATADD_T2_Train_099802.flac
/root/atadd_track2_subset_v1/train/ATADD_T2_Train_099836.flac,1,singing,So-VITS-SVC_inhouse,ATADD_T2_Train_099836.flac
/root/atadd_track2_subset_v1/train/ATADD_T2_Train_099904.flac,1,singing,So-VITS-SVC_inhouse,ATADD_T2_Train_099904.flac
/root/atadd_track2_subset_v1/train/ATADD_T2_Train_100046.flac,1,singing,So-VITS-SVC_inhouse,ATADD_T2_Train_100046.flac
/root/atadd_track2_subset_v1/train/ATADD_T2_Train_100073.flac,1,singing,So-VITS-SVC_inhouse,ATADD_T2_Train_100073.flac
/root/atadd_track2_subset_v1/train/ATADD_T2_Train_100101.flac,1,singing,So-VITS-SVC_inhouse,ATADD_T2_Train_100101.flac
/root/atadd_track2_subset_v1/train/ATADD_T2_Train_100131.flac,1,singing,So-VITS-SVC_inhouse,ATADD_T2_Train_100131.flac
/root/atadd_track2_subset_v1/train/ATADD_T2_Train_100133.flac,1,singing,So-VITS-SVC_inhouse,ATADD_T2_Train_100133.flac
/root/atadd_track2_subset_v1/train/ATADD_T2_Train_100139.flac,1,singing,So-VITS-SVC_inhouse,ATADD_T2_Train_100139.flac
/root/atadd_track2_subset_v1/train/ATADD_T2_Train_100211.flac,1,singing,So-VITS-SVC_inhouse,ATADD_T2_Train_100211.flac
/root/atadd_track2_subset_v1/train/ATADD_T2_Train_100256.flac,1,singing,So-VITS-SVC_inhouse,ATADD_T2_Train_100256.flac
/root/atadd_track2_subset_v1/train/ATADD_T2_Train_100280.flac,1,singing,So-VITS-SVC_inhouse,ATADD_T2_Train_100280.flac
/root/atadd_track2_subset_v1/train/ATADD_T2_Train_100381.flac,1,singing,So-VITS-SVC_inhouse,ATADD_T2_Train_100381.flac
/root/atadd_track2_subset_v1/train/ATADD_T2_Train_100400.flac,1,singing,So-VITS-SVC_inhouse,ATADD_T2_Train_100400.flac
/root/atadd_track2_subset_v1/train/ATADD_T2_Train_100409.flac,1,singing,So-VITS-SVC_inhouse,ATADD_T2_Train_100409.flac
/root/atadd_track2_subset_v1/train/ATADD_T2_Train_100443.flac,1,singing,So-VITS-SVC_inhouse,ATADD_T2_Train_100443.flac
/root/atadd_track2_subset_v1/train/ATADD_T2_Train_100498.flac,1,singing,So-VITS-SVC_inhouse,ATADD_T2_Train_100498.flac
/root/atadd_track2_subset_v1/train/ATADD_T2_Train_100568.flac,1,singing,So-VITS-SVC_inhouse,ATADD_T2_Train_100568.flac
/root/atadd_track2_subset_v1/train/ATADD_T2_Train_100575.flac,1,singing,So-VITS-SVC_inhouse,ATADD_T2_Train_100575.flac
/root/atadd_track2_subset_v1/train/ATADD_T2_Train_100615.flac,1,singing,So-VITS-SVC_inhouse,ATADD_T2_Train_100615.flac
/root/atadd_track2_subset_v1/train/ATADD_T2_Train_100653.flac,1,singing,So-VITS-SVC_inhouse,ATADD_T2_Train_100653.flac
/root/atadd_track2_subset_v1/train/ATADD_T2_Train_100664.flac,1,singing,So-VITS-SVC_inhouse,ATADD_T2_Train_100664.flac
/root/atadd_track2_subset_v1/train/ATADD_T2_Train_100696.flac,1,singing,So-VITS-SVC_inhouse,ATADD_T2_Train_100696.flac
/root/atadd_track2_subset_v1/train/ATADD_T2_Train_100777.flac,1,singing,So-VITS-SVC_inhouse,ATADD_T2_Train_100777.flac
/root/atadd_track2_subset_v1/train/ATADD_T2_Train_100824.flac,1,singing,So-VITS-SVC_inhouse,ATADD_T2_Train_100824.flac
/root/atadd_track2_subset_v1/train/ATADD_T2_Train_100847.flac,1,singing,So-VITS-SVC_inhouse,ATADD_T2_Train_100847.flac
/root/atadd_track2_subset_v1/train/ATADD_T2_Train_100885.flac,1,singing,So-VITS-SVC_inhouse,ATADD_T2_Train_100885.flac
/root/atadd_track2_subset_v1/train/ATADD_T2_Train_100918.flac,1,singing,So-VITS-SVC_inhouse,ATADD_T2_Train_100918.flac
/root/atadd_track2_subset_v1/train/ATADD_T2_Train_100930.flac,1,singing,So-VITS-SVC_inhouse,ATADD_T2_Train_100930.flac
/root/atadd_track2_subset_v1/train/ATADD_T2_Train_100967.flac,1,singing,So-VITS-SVC_inhouse,ATADD_T2_Train_100967.flac
/root/atadd_track2_subset_v1/train/ATADD_T2_Train_100993.flac,1,singing,So-VITS-SVC_inhouse,ATADD_T2_Train_100993.flac
/root/atadd_track2_subset_v1/train/ATADD_T2_Train_101063.flac,1,singing,So-VITS-SVC_inhouse,ATADD_T2_Train_101063.flac
/root/atadd_track2_subset_v1/train/ATADD_T2_Train_101086.flac,1,singing,So-VITS-SVC_inhouse,ATADD_T2_Train_101086.flac
/root/atadd_track2_subset_v1/train/ATADD_T2_Train_101089.flac,1,singing,So-VITS-SVC_inhouse,ATADD_T2_Train_101089.flac
/root/atadd_track2_subset_v1/train/ATADD_T2_Train_101179.flac,1,singing,So-VITS-SVC_inhouse,ATADD_T2_Train_101179.flac
/root/atadd_track2_subset_v1/train/ATADD_T2_Train_101192.flac,1,singing,So-VITS-SVC_inhouse,ATADD_T2_Train_101192.flac
/root/atadd_track2_subset_v1/train/ATADD_T2_Train_101199.flac,1,singing,So-VITS-SVC_inhouse,ATADD_T2_Train_101199.flac
/root/atadd_track2_subset_v1/train/ATADD_T2_Train_101213.flac,1,singing,So-VITS-SVC_inhouse,ATADD_T2_Train_101213.flac
/root/atadd_track2_subset_v1/train/ATADD_T2_Train_101303.flac,1,singing,So-VITS-SVC_inhouse,ATADD_T2_Train_101303.flac
/root/atadd_track2_subset_v1/train/ATADD_T2_Train_101374.flac,1,singing,So-VITS-SVC_inhouse,ATADD_T2_Train_101374.flac
/root/atadd_track2_subset_v1/train/ATADD_T2_Train_101405.flac,1,singing,So-VITS-SVC_inhouse,ATADD_T2_Train_101405.flac
/root/atadd_track2_subset_v1/train/ATADD_T2_Train_101419.flac,1,singing,So-VITS-SVC_inhouse,ATADD_T2_Train_101419.flac
/root/atadd_track2_subset_v1/train/ATADD_T2_Train_101422.flac,1,singing,So-VITS-SVC_inhouse,ATADD_T2_Train_101422.flac
/root/atadd_track2_subset_v1/train/ATADD_T2_Train_101470.flac,1,singing,So-VITS-SVC_inhouse,ATADD_T2_Train_101470.flac
/root/atadd_track2_subset_v1/train/ATADD_T2_Train_101512.flac,1,singing,So-VITS-SVC_inhouse,ATADD_T2_Train_101512.flac
/root/atadd_track2_subset_v1/train/ATADD_T2_Train_101531.flac,1,singing,So-VITS-SVC_inhouse,ATADD_T2_Train_101531.flac
/root/atadd_track2_subset_v1/train/ATADD_T2_Train_101580.flac,1,singing,So-VITS-SVC_inhouse,ATADD_T2_Train_101580.flac
/root/atadd_track2_subset_v1/train/ATADD_T2_Train_101665.flac,1,singing,So-VITS-SVC_inhouse,ATADD_T2_Train_101665.flac
/root/atadd_track2_subset_v1/train/ATADD_T2_Train_101784.flac,1,singing,So-VITS-SVC_inhouse,ATADD_T2_Train_101784.flac
/root/atadd_track2_subset_v1/train/ATADD_T2_Train_101807.flac,1,singing,So-VITS-SVC_inhouse,ATADD_T2_Train_101807.flac
/root/atadd_track2_subset_v1/train/ATADD_T2_Train_101810.flac,1,singing,So-VITS-SVC_inhouse,ATADD_T2_Train_101810.flac
/root/atadd_track2_subset_v1/train/ATADD_T2_Train_101884.flac,1,singing,So-VITS-SVC_inhouse,ATADD_T2_Train_101884.flac
/root/atadd_track2_subset_v1/train/ATADD_T2_Train_101953.flac,1,singing,So-VITS-SVC_inhouse,ATADD_T2_Train_101953.flac
/root/atadd_track2_subset_v1/train/ATADD_T2_Train_101962.flac,1,singing,So-VITS-SVC_inhouse,ATADD_T2_Train_101962.flac
/root/atadd_track2_subset_v1/train/ATADD_T2_Train_101989.flac,1,singing,So-VITS-SVC_inhouse,ATADD_T2_Train_101989.flac
/root/atadd_track2_subset_v1/train/ATADD_T2_Train_102018.flac,1,singing,So-VITS-SVC_inhouse,ATADD_T2_Train_102018.flac
/root/atadd_track2_subset_v1/train/ATADD_T2_Train_102049.flac,1,singing,So-VITS-SVC_inhouse,ATADD_T2_Train_102049.flac
/root/atadd_track2_subset_v1/train/ATADD_T2_Train_102140.flac,1,singing,So-VITS-SVC_inhouse,ATADD_T2_Train_102140.flac
/root/atadd_track2_subset_v1/train/ATADD_T2_Train_102145.flac,1,singing,So-VITS-SVC_inhouse,ATADD_T2_Train_102145.flac
/root/atadd_track2_subset_v1/train/ATADD_T2_Train_102152.flac,1,singing,So-VITS-SVC_inhouse,ATADD_T2_Train_102152.flac
/root/atadd_track2_subset_v1/train/ATADD_T2_Train_102165.flac,1,singing,So-VITS-SVC_inhouse,ATADD_T2_Train_102165.flac
/root/atadd_track2_subset_v1/train/ATADD_T2_Train_102180.flac,1,singing,So-VITS-SVC_inhouse,ATADD_T2_Train_102180.flac
/root/atadd_track2_subset_v1/train/ATADD_T2_Train_102190.flac,1,singing,So-VITS-SVC_inhouse,ATADD_T2_Train_102190.flac
/root/atadd_track2_subset_v1/train/ATADD_T2_Train_102347.flac,1,singing,So-VITS-SVC_inhouse,ATADD_T2_Train_102347.flac
/root/atadd_track2_subset_v1/train/ATADD_T2_Train_102418.flac,1,singing,So-VITS-SVC_inhouse,ATADD_T2_Train_102418.flac
/root/atadd_track2_subset_v1/train/ATADD_T2_Train_102421.flac,1,singing,So-VITS-SVC_inhouse,ATADD_T2_Train_102421.flac
/root/atadd_track2_subset_v1/train/ATADD_T2_Train_102542.flac,1,singing,So-VITS-SVC_inhouse,ATADD_T2_Train_102542.flac
/root/atadd_track2_subset_v1/train/ATADD_T2_Train_102551.flac,1,singing,So-VITS-SVC_inhouse,ATADD_T2_Train_102551.flac
/root/atadd_track2_subset_v1/train/ATADD_T2_Train_102569.flac,1,singing,So-VITS-SVC_inhouse,ATADD_T2_Train_102569.flac
/root/atadd_track2_subset_v1/train/ATADD_T2_Train_102641.flac,1,singing,So-VITS-SVC_inhouse,ATADD_T2_Train_102641.flac
/root/atadd_track2_subset_v1/train/ATADD_T2_Train_102649.flac,1,singing,So-VITS-SVC_inhouse,ATADD_T2_Train_102649.flac
/root/atadd_track2_subset_v1/train/ATADD_T2_Train_102675.flac,1,singing,So-VITS-SVC_inhouse,ATADD_T2_Train_102675.flac
/root/atadd_track2_subset_v1/train/ATADD_T2_Train_102679.flac,1,singing,So-VITS-SVC_inhouse,ATADD_T2_Train_102679.flac
/root/atadd_track2_subset_v1/train/ATADD_T2_Train_102734.flac,1,singing,So-VITS-SVC_inhouse,ATADD_T2_Train_102734.flac
/root/atadd_track2_subset_v1/train/ATADD_T2_Train_102912.flac,1,singing,So-VITS-SVC_inhouse,ATADD_T2_Train_102912.flac
/root/atadd_track2_subset_v1/train/ATADD_T2_Train_103050.flac,1,singing,So-VITS-SVC_inhouse,ATADD_T2_Train_103050.flac
/root/atadd_track2_subset_v1/train/ATADD_T2_Train_103064.flac,1,singing,So-VITS-SVC_inhouse,ATADD_T2_Train_103064.flac
/root/atadd_track2_subset_v1/train/ATADD_T2_Train_103110.flac,1,singing,So-VITS-SVC_inhouse,ATADD_T2_Train_103110.flac
/root/atadd_track2_subset_v1/train/ATADD_T2_Train_103157.flac,1,singing,So-VITS-SVC_inhouse,ATADD_T2_Train_103157.flac
/root/atadd_track2_subset_v1/train/ATADD_T2_Train_103214.flac,1,singing,So-VITS-SVC_inhouse,ATADD_T2_Train_103214.flac
/root/atadd_track2_subset_v1/train/ATADD_T2_Train_103251.flac,1,singing,So-VITS-SVC_inhouse,ATADD_T2_Train_103251.flac
/root/atadd_track2_subset_v1/train/ATADD_T2_Train_103255.flac,1,singing,So-VITS-SVC_inhouse,ATADD_T2_Train_103255.flac
/root/atadd_track2_subset_v1/train/ATADD_T2_Train_103276.flac,1,singing,So-VITS-SVC_inhouse,ATADD_T2_Train_103276.flac
/root/atadd_track2_subset_v1/train/ATADD_T2_Train_103343.flac,1,singing,So-VITS-SVC_inhouse,ATADD_T2_Train_103343.flac
/root/atadd_track2_subset_v1/train/ATADD_T2_Train_103359.flac,1,singing,So-VITS-SVC_inhouse,ATADD_T2_Train_103359.flac
/root/atadd_track2_subset_v1/train/ATADD_T2_Train_103362.flac,1,singing,So-VITS-SVC_inhouse,ATADD_T2_Train_103362.flac
/root/atadd_track2_subset_v1/train/ATADD_T2_Train_103417.flac,1,singing,So-VITS-SVC_inhouse,ATADD_T2_Train_103417.flac
/root/atadd_track2_subset_v1/train/ATADD_T2_Train_103425.flac,1,singing,So-VITS-SVC_inhouse,ATADD_T2_Train_103425.flac
/root/atadd_track2_subset_v1/train/ATADD_T2_Train_103486.flac,1,singing,So-VITS-SVC_inhouse,ATADD_T2_Train_103486.flac
/root/atadd_track2_subset_v1/train/ATADD_T2_Train_103514.flac,1,singing,So-VITS-SVC_inhouse,ATADD_T2_Train_103514.flac
/root/atadd_track2_subset_v1/train/ATADD_T2_Train_103573.flac,1,singing,So-VITS-SVC_inhouse,ATADD_T2_Train_103573.flac
/root/atadd_track2_subset_v1/train/ATADD_T2_Train_103574.flac,1,singing,So-VITS-SVC_inhouse,ATADD_T2_Train_103574.flac
/root/atadd_track2_subset_v1/train/ATADD_T2_Train_103617.flac,1,singing,So-VITS-SVC_inhouse,ATADD_T2_Train_103617.flac
/root/atadd_track2_subset_v1/train/ATADD_T2_Train_103925.flac,1,singing,So-VITS-SVC_inhouse,ATADD_T2_Train_103925.flac
/root/atadd_track2_subset_v1/train/ATADD_T2_Train_104047.flac,1,singing,So-VITS-SVC_inhouse,ATADD_T2_Train_104047.flac
/root/atadd_track2_subset_v1/train/ATADD_T2_Train_104070.flac,1,singing,So-VITS-SVC_inhouse,ATADD_T2_Train_104070.flac
/root/atadd_track2_subset_v1/train/ATADD_T2_Train_104101.flac,1,singing,So-VITS-SVC_inhouse,ATADD_T2_Train_104101.flac
/root/atadd_track2_subset_v1/train/ATADD_T2_Train_104125.flac,1,singing,So-VITS-SVC_inhouse,ATADD_T2_Train_104125.flac
/root/atadd_track2_subset_v1/train/ATADD_T2_Train_104133.flac,1,singing,So-VITS-SVC_inhouse,ATADD_T2_Train_104133.flac
/root/atadd_track2_subset_v1/train/ATADD_T2_Train_104173.flac,1,singing,So-VITS-SVC_inhouse,ATADD_T2_Train_104173.flac
/root/atadd_track2_subset_v1/train/ATADD_T2_Train_104220.flac,1,singing,So-VITS-SVC_inhouse,ATADD_T2_Train_104220.flac
/root/atadd_track2_subset_v1/train/ATADD_T2_Train_104327.flac,1,singing,So-VITS-SVC_inhouse,ATADD_T2_Train_104327.flac
/root/atadd_track2_subset_v1/train/ATADD_T2_Train_104360.flac,1,singing,So-VITS-SVC_inhouse,ATADD_T2_Train_104360.flac
/root/atadd_track2_subset_v1/train/ATADD_T2_Train_104584.flac,1,singing,So-VITS-SVC_inhouse,ATADD_T2_Train_104584.flac
/root/atadd_track2_subset_v1/train/ATADD_T2_Train_104635.flac,1,singing,So-VITS-SVC_inhouse,ATADD_T2_Train_104635.flac
/root/atadd_track2_subset_v1/train/ATADD_T2_Train_104769.flac,1,singing,So-VITS-SVC_inhouse,ATADD_T2_Train_104769.flac
/root/atadd_track2_subset_v1/train/ATADD_T2_Train_104880.flac,1,singing,So-VITS-SVC_inhouse,ATADD_T2_Train_104880.flac
/root/atadd_track2_subset_v1/train/ATADD_T2_Train_105114.flac,1,singing,So-VITS-SVC_inhouse,ATADD_T2_Train_105114.flac
/root/atadd_track2_subset_v1/train/ATADD_T2_Train_105140.flac,1,singing,So-VITS-SVC_inhouse,ATADD_T2_Train_105140.flac
/root/atadd_track2_subset_v1/train/ATADD_T2_Train_105204.flac,1,singing,So-VITS-SVC_inhouse,ATADD_T2_Train_105204.flac
/root/atadd_track2_subset_v1/train/ATADD_T2_Train_105337.flac,1,singing,So-VITS-SVC_inhouse,ATADD_T2_Train_105337.flac
/root/atadd_track2_subset_v1/train/ATADD_T2_Train_105366.flac,1,singing,So-VITS-SVC_inhouse,ATADD_T2_Train_105366.flac
/root/atadd_track2_subset_v1/train/ATADD_T2_Train_105387.flac,1,singing,So-VITS-SVC_inhouse,ATADD_T2_Train_105387.flac
/root/atadd_track2_subset_v1/train/ATADD_T2_Train_105461.flac,1,singing,So-VITS-SVC_inhouse,ATADD_T2_Train_105461.flac
/root/atadd_track2_subset_v1/train/ATADD_T2_Train_105465.flac,1,singing,So-VITS-SVC_inhouse,ATADD_T2_Train_105465.flac
/root/atadd_track2_subset_v1/train/ATADD_T2_Train_105479.flac,1,singing,So-VITS-SVC_inhouse,ATADD_T2_Train_105479.flac
/root/atadd_track2_subset_v1/train/ATADD_T2_Train_105492.flac,1,singing,So-VITS-SVC_inhouse,ATADD_T2_Train_105492.flac
/root/atadd_track2_subset_v1/train/ATADD_T2_Train_105641.flac,1,singing,So-VITS-SVC_inhouse,ATADD_T2_Train_105641.flac
/root/atadd_track2_subset_v1/train/ATADD_T2_Train_105675.flac,1,singing,So-VITS-SVC_inhouse,ATADD_T2_Train_105675.flac
/root/atadd_track2_subset_v1/train/ATADD_T2_Train_105676.flac,1,singing,So-VITS-SVC_inhouse,ATADD_T2_Train_105676.flac
/root/atadd_track2_subset_v1/train/ATADD_T2_Train_105764.flac,1,singing,So-VITS-SVC_inhouse,ATADD_T2_Train_105764.flac
/root/atadd_track2_subset_v1/train/ATADD_T2_Train_105826.flac,1,singing,So-VITS-SVC_inhouse,ATADD_T2_Train_105826.flac
/root/atadd_track2_subset_v1/train/ATADD_T2_Train_105903.flac,1,singing,So-VITS-SVC_inhouse,ATADD_T2_Train_105903.flac
/root/atadd_track2_subset_v1/train/ATADD_T2_Train_105956.flac,1,singing,So-VITS-SVC_inhouse,ATADD_T2_Train_105956.flac
/root/atadd_track2_subset_v1/train/ATADD_T2_Train_106050.flac,1,singing,So-VITS-SVC_inhouse,ATADD_T2_Train_106050.flac
/root/atadd_track2_subset_v1/train/ATADD_T2_Train_106158.flac,1,singing,So-VITS-SVC_inhouse,ATADD_T2_Train_106158.flac
/root/atadd_track2_subset_v1/train/ATADD_T2_Train_106212.flac,1,singing,So-VITS-SVC_inhouse,ATADD_T2_Train_106212.flac
/root/atadd_track2_subset_v1/train/ATADD_T2_Train_106388.flac,1,singing,So-VITS-SVC_inhouse,ATADD_T2_Train_106388.flac
/root/atadd_track2_subset_v1/train/ATADD_T2_Train_106397.flac,1,singing,So-VITS-SVC_inhouse,ATADD_T2_Train_106397.flac
/root/atadd_track2_subset_v1/train/ATADD_T2_Train_106534.flac,1,singing,So-VITS-SVC_inhouse,ATADD_T2_Train_106534.flac
/root/atadd_track2_subset_v1/train/ATADD_T2_Train_106629.flac,1,singing,So-VITS-SVC_inhouse,ATADD_T2_Train_106629.flac
/root/atadd_track2_subset_v1/train/ATADD_T2_Train_106673.flac,1,singing,So-VITS-SVC_inhouse,ATADD_T2_Train_106673.flac
/root/atadd_track2_subset_v1/train/ATADD_T2_Train_106768.flac,1,singing,So-VITS-SVC_inhouse,ATADD_T2_Train_106768.flac
/root/atadd_track2_subset_v1/train/ATADD_T2_Train_106788.flac,1,singing,So-VITS-SVC_inhouse,ATADD_T2_Train_106788.flac
/root/atadd_track2_subset_v1/train/ATADD_T2_Train_106803.flac,1,singing,So-VITS-SVC_inhouse,ATADD_T2_Train_106803.flac
/root/atadd_track2_subset_v1/train/ATADD_T2_Train_107111.flac,1,singing,So-VITS-SVC_inhouse,ATADD_T2_Train_107111.flac
/root/atadd_track2_subset_v1/train/ATADD_T2_Train_107179.flac,1,singing,So-VITS-SVC_inhouse,ATADD_T2_Train_107179.flac
/root/atadd_track2_subset_v1/train/ATADD_T2_Train_107332.flac,1,singing,So-VITS-SVC_inhouse,ATADD_T2_Train_107332.flac
/root/atadd_track2_subset_v1/train/ATADD_T2_Train_107367.flac,1,singing,So-VITS-SVC_inhouse,ATADD_T2_Train_107367.flac
/root/atadd_track2_subset_v1/train/ATADD_T2_Train_107370.flac,1,singing,So-VITS-SVC_inhouse,ATADD_T2_Train_107370.flac
/root/atadd_track2_subset_v1/train/ATADD_T2_Train_107416.flac,1,singing,NeuCoSVC_inhouse,ATADD_T2_Train_107416.flac
/root/atadd_track2_subset_v1/train/ATADD_T2_Train_107427.flac,1,singing,NeuCoSVC_inhouse,ATADD_T2_Train_107427.flac
/root/atadd_track2_subset_v1/train/ATADD_T2_Train_107456.flac,1,singing,NeuCoSVC_inhouse,ATADD_T2_Train_107456.flac
/root/atadd_track2_subset_v1/train/ATADD_T2_Train_107501.flac,1,singing,NeuCoSVC_inhouse,ATADD_T2_Train_107501.flac
/root/atadd_track2_subset_v1/train/ATADD_T2_Train_107544.flac,1,singing,NeuCoSVC_inhouse,ATADD_T2_Train_107544.flac
/root/atadd_track2_subset_v1/train/ATADD_T2_Train_107685.flac,1,singing,NeuCoSVC_inhouse,ATADD_T2_Train_107685.flac
/root/atadd_track2_subset_v1/train/ATADD_T2_Train_107697.flac,1,singing,NeuCoSVC_inhouse,ATADD_T2_Train_107697.flac
/root/atadd_track2_subset_v1/train/ATADD_T2_Train_107726.flac,1,singing,NeuCoSVC_inhouse,ATADD_T2_Train_107726.flac
/root/atadd_track2_subset_v1/train/ATADD_T2_Train_107822.flac,1,singing,NeuCoSVC_inhouse,ATADD_T2_Train_107822.flac
/root/atadd_track2_subset_v1/train/ATADD_T2_Train_107841.flac,1,singing,NeuCoSVC_inhouse,ATADD_T2_Train_107841.flac
/root/atadd_track2_subset_v1/train/ATADD_T2_Train_107900.flac,1,singing,NeuCoSVC_inhouse,ATADD_T2_Train_107900.flac
/root/atadd_track2_subset_v1/train/ATADD_T2_Train_107902.flac,1,singing,NeuCoSVC_inhouse,ATADD_T2_Train_107902.flac
/root/atadd_track2_subset_v1/train/ATADD_T2_Train_108079.flac,1,singing,NeuCoSVC_inhouse,ATADD_T2_Train_108079.flac
/root/atadd_track2_subset_v1/train/ATADD_T2_Train_108292.flac,1,singing,NeuCoSVC_inhouse,ATADD_T2_Train_108292.flac
/root/atadd_track2_subset_v1/train/ATADD_T2_Train_108299.flac,1,singing,NeuCoSVC_inhouse,ATADD_T2_Train_108299.flac
/root/atadd_track2_subset_v1/train/ATADD_T2_Train_108338.flac,1,singing,NeuCoSVC_inhouse,ATADD_T2_Train_108338.flac
/root/atadd_track2_subset_v1/train/ATADD_T2_Train_108522.flac,1,singing,NeuCoSVC_inhouse,ATADD_T2_Train_108522.flac
/root/atadd_track2_subset_v1/train/ATADD_T2_Train_108540.flac,1,singing,NeuCoSVC_inhouse,ATADD_T2_Train_108540.flac
/root/atadd_track2_subset_v1/train/ATADD_T2_Train_108560.flac,1,singing,NeuCoSVC_inhouse,ATADD_T2_Train_108560.flac
/root/atadd_track2_subset_v1/train/ATADD_T2_Train_108581.flac,1,singing,NeuCoSVC_inhouse,ATADD_T2_Train_108581.flac
/root/atadd_track2_subset_v1/train/ATADD_T2_Train_108583.flac,1,singing,NeuCoSVC_inhouse,ATADD_T2_Train_108583.flac
/root/atadd_track2_subset_v1/train/ATADD_T2_Train_108587.flac,1,singing,NeuCoSVC_inhouse,ATADD_T2_Train_108587.flac
/root/atadd_track2_subset_v1/train/ATADD_T2_Train_108627.flac,1,singing,NeuCoSVC_inhouse,ATADD_T2_Train_108627.flac
/root/atadd_track2_subset_v1/train/ATADD_T2_Train_108654.flac,1,singing,NeuCoSVC_inhouse,ATADD_T2_Train_108654.flac
/root/atadd_track2_subset_v1/train/ATADD_T2_Train_108656.flac,1,singing,NeuCoSVC_inhouse,ATADD_T2_Train_108656.flac
/root/atadd_track2_subset_v1/train/ATADD_T2_Train_108657.flac,1,singing,NeuCoSVC_inhouse,ATADD_T2_Train_108657.flac
/root/atadd_track2_subset_v1/train/ATADD_T2_Train_108674.flac,1,singing,NeuCoSVC_inhouse,ATADD_T2_Train_108674.flac
/root/atadd_track2_subset_v1/train/ATADD_T2_Train_108775.flac,1,singing,NeuCoSVC_inhouse,ATADD_T2_Train_108775.flac
/root/atadd_track2_subset_v1/train/ATADD_T2_Train_108951.flac,1,singing,NeuCoSVC_inhouse,ATADD_T2_Train_108951.flac
/root/atadd_track2_subset_v1/train/ATADD_T2_Train_108970.flac,1,singing,NeuCoSVC_inhouse,ATADD_T2_Train_108970.flac
/root/atadd_track2_subset_v1/train/ATADD_T2_Train_109006.flac,1,singing,NeuCoSVC_inhouse,ATADD_T2_Train_109006.flac
/root/atadd_track2_subset_v1/train/ATADD_T2_Train_109025.flac,1,singing,NeuCoSVC_inhouse,ATADD_T2_Train_109025.flac
/root/atadd_track2_subset_v1/train/ATADD_T2_Train_109045.flac,1,singing,NeuCoSVC_inhouse,ATADD_T2_Train_109045.flac
/root/atadd_track2_subset_v1/train/ATADD_T2_Train_109058.flac,1,singing,NeuCoSVC_inhouse,ATADD_T2_Train_109058.flac
/root/atadd_track2_subset_v1/train/ATADD_T2_Train_109071.flac,1,singing,NeuCoSVC_inhouse,ATADD_T2_Train_109071.flac
/root/atadd_track2_subset_v1/train/ATADD_T2_Train_109167.flac,1,singing,NeuCoSVC_inhouse,ATADD_T2_Train_109167.flac
/root/atadd_track2_subset_v1/train/ATADD_T2_Train_109182.flac,1,singing,NeuCoSVC_inhouse,ATADD_T2_Train_109182.flac
/root/atadd_track2_subset_v1/train/ATADD_T2_Train_109217.flac,1,singing,NeuCoSVC_inhouse,ATADD_T2_Train_109217.flac
/root/atadd_track2_subset_v1/train/ATADD_T2_Train_109219.flac,1,singing,NeuCoSVC_inhouse,ATADD_T2_Train_109219.flac
/root/atadd_track2_subset_v1/train/ATADD_T2_Train_109329.flac,1,singing,NeuCoSVC_inhouse,ATADD_T2_Train_109329.flac
/root/atadd_track2_subset_v1/train/ATADD_T2_Train_109339.flac,1,singing,NeuCoSVC_inhouse,ATADD_T2_Train_109339.flac
/root/atadd_track2_subset_v1/train/ATADD_T2_Train_109344.flac,1,singing,NeuCoSVC_inhouse,ATADD_T2_Train_109344.flac
/root/atadd_track2_subset_v1/train/ATADD_T2_Train_109381.flac,1,singing,NeuCoSVC_inhouse,ATADD_T2_Train_109381.flac
/root/atadd_track2_subset_v1/train/ATADD_T2_Train_109503.flac,1,singing,NeuCoSVC_inhouse,ATADD_T2_Train_109503.flac
/root/atadd_track2_subset_v1/train/ATADD_T2_Train_109522.flac,1,singing,NeuCoSVC_inhouse,ATADD_T2_Train_109522.flac
/root/atadd_track2_subset_v1/train/ATADD_T2_Train_109541.flac,1,singing,NeuCoSVC_inhouse,ATADD_T2_Train_109541.flac
/root/atadd_track2_subset_v1/train/ATADD_T2_Train_109551.flac,1,singing,NeuCoSVC_inhouse,ATADD_T2_Train_109551.flac
/root/atadd_track2_subset_v1/train/ATADD_T2_Train_109586.flac,1,singing,NeuCoSVC_inhouse,ATADD_T2_Train_109586.flac
/root/atadd_track2_subset_v1/train/ATADD_T2_Train_109669.flac,1,singing,NeuCoSVC_inhouse,ATADD_T2_Train_109669.flac
/root/atadd_track2_subset_v1/train/ATADD_T2_Train_109726.flac,1,singing,NeuCoSVC_inhouse,ATADD_T2_Train_109726.flac
/root/atadd_track2_subset_v1/train/ATADD_T2_Train_109864.flac,1,singing,NeuCoSVC_inhouse,ATADD_T2_Train_109864.flac
/root/atadd_track2_subset_v1/train/ATADD_T2_Train_109878.flac,1,singing,NeuCoSVC_inhouse,ATADD_T2_Train_109878.flac
/root/atadd_track2_subset_v1/train/ATADD_T2_Train_109888.flac,1,singing,NeuCoSVC_inhouse,ATADD_T2_Train_109888.flac
/root/atadd_track2_subset_v1/train/ATADD_T2_Train_109918.flac,1,singing,NeuCoSVC_inhouse,ATADD_T2_Train_109918.flac
/root/atadd_track2_subset_v1/train/ATADD_T2_Train_109920.flac,1,singing,NeuCoSVC_inhouse,ATADD_T2_Train_109920.flac
/root/atadd_track2_subset_v1/train/ATADD_T2_Train_109938.flac,1,singing,NeuCoSVC_inhouse,ATADD_T2_Train_109938.flac
/root/atadd_track2_subset_v1/train/ATADD_T2_Train_109948.flac,1,singing,NeuCoSVC_inhouse,ATADD_T2_Train_109948.flac
/root/atadd_track2_subset_v1/train/ATADD_T2_Train_110002.flac,1,singing,NeuCoSVC_inhouse,ATADD_T2_Train_110002.flac
/root/atadd_track2_subset_v1/train/ATADD_T2_Train_110021.flac,1,singing,NeuCoSVC_inhouse,ATADD_T2_Train_110021.flac
/root/atadd_track2_subset_v1/train/ATADD_T2_Train_110154.flac,1,singing,NeuCoSVC_inhouse,ATADD_T2_Train_110154.flac
/root/atadd_track2_subset_v1/train/ATADD_T2_Train_110273.flac,1,singing,NeuCoSVC_inhouse,ATADD_T2_Train_110273.flac
/root/atadd_track2_subset_v1/train/ATADD_T2_Train_110279.flac,1,singing,NeuCoSVC_inhouse,ATADD_T2_Train_110279.flac
/root/atadd_track2_subset_v1/train/ATADD_T2_Train_110340.flac,1,singing,NeuCoSVC_inhouse,ATADD_T2_Train_110340.flac
/root/atadd_track2_subset_v1/train/ATADD_T2_Train_110460.flac,1,singing,NeuCoSVC_inhouse,ATADD_T2_Train_110460.flac
/root/atadd_track2_subset_v1/train/ATADD_T2_Train_110498.flac,1,singing,NeuCoSVC_inhouse,ATADD_T2_Train_110498.flac
/root/atadd_track2_subset_v1/train/ATADD_T2_Train_110541.flac,1,singing,NeuCoSVC_inhouse,ATADD_T2_Train_110541.flac
/root/atadd_track2_subset_v1/train/ATADD_T2_Train_110626.flac,1,singing,NeuCoSVC_inhouse,ATADD_T2_Train_110626.flac
/root/atadd_track2_subset_v1/train/ATADD_T2_Train_110633.flac,1,singing,NeuCoSVC_inhouse,ATADD_T2_Train_110633.flac
/root/atadd_track2_subset_v1/train/ATADD_T2_Train_110681.flac,1,singing,NeuCoSVC_inhouse,ATADD_T2_Train_110681.flac
/root/atadd_track2_subset_v1/train/ATADD_T2_Train_110743.flac,1,singing,NeuCoSVC_inhouse,ATADD_T2_Train_110743.flac
/root/atadd_track2_subset_v1/train/ATADD_T2_Train_110759.flac,1,singing,NeuCoSVC_inhouse,ATADD_T2_Train_110759.flac
/root/atadd_track2_subset_v1/train/ATADD_T2_Train_110874.flac,1,singing,NeuCoSVC_inhouse,ATADD_T2_Train_110874.flac
/root/atadd_track2_subset_v1/train/ATADD_T2_Train_110897.flac,1,singing,NeuCoSVC_inhouse,ATADD_T2_Train_110897.flac
/root/atadd_track2_subset_v1/train/ATADD_T2_Train_111014.flac,1,singing,NeuCoSVC_inhouse,ATADD_T2_Train_111014.flac
/root/atadd_track2_subset_v1/train/ATADD_T2_Train_111082.flac,1,singing,NeuCoSVC_inhouse,ATADD_T2_Train_111082.flac
/root/atadd_track2_subset_v1/train/ATADD_T2_Train_111110.flac,1,singing,NeuCoSVC_inhouse,ATADD_T2_Train_111110.flac
/root/atadd_track2_subset_v1/train/ATADD_T2_Train_111259.flac,1,singing,NeuCoSVC_inhouse,ATADD_T2_Train_111259.flac
/root/atadd_track2_subset_v1/train/ATADD_T2_Train_111367.flac,1,singing,NeuCoSVC_inhouse,ATADD_T2_Train_111367.flac
/root/atadd_track2_subset_v1/train/ATADD_T2_Train_111384.flac,1,singing,NeuCoSVC_inhouse,ATADD_T2_Train_111384.flac
/root/atadd_track2_subset_v1/train/ATADD_T2_Train_111427.flac,1,singing,NeuCoSVC_inhouse,ATADD_T2_Train_111427.flac
/root/atadd_track2_subset_v1/train/ATADD_T2_Train_111462.flac,1,singing,NeuCoSVC_inhouse,ATADD_T2_Train_111462.flac
/root/atadd_track2_subset_v1/train/ATADD_T2_Train_111481.flac,1,singing,NeuCoSVC_inhouse,ATADD_T2_Train_111481.flac
/root/atadd_track2_subset_v1/train/ATADD_T2_Train_111537.flac,1,singing,NeuCoSVC_inhouse,ATADD_T2_Train_111537.flac
/root/atadd_track2_subset_v1/train/ATADD_T2_Train_111548.flac,1,singing,NeuCoSVC_inhouse,ATADD_T2_Train_111548.flac
/root/atadd_track2_subset_v1/train/ATADD_T2_Train_111576.flac,1,singing,NeuCoSVC_inhouse,ATADD_T2_Train_111576.flac
/root/atadd_track2_subset_v1/train/ATADD_T2_Train_111668.flac,1,singing,NeuCoSVC_inhouse,ATADD_T2_Train_111668.flac
/root/atadd_track2_subset_v1/train/ATADD_T2_Train_111688.flac,1,singing,NeuCoSVC_inhouse,ATADD_T2_Train_111688.flac
/root/atadd_track2_subset_v1/train/ATADD_T2_Train_111810.flac,1,singing,NeuCoSVC_inhouse,ATADD_T2_Train_111810.flac
/root/atadd_track2_subset_v1/train/ATADD_T2_Train_111877.flac,1,singing,NeuCoSVC_inhouse,ATADD_T2_Train_111877.flac
/root/atadd_track2_subset_v1/train/ATADD_T2_Train_111975.flac,1,singing,NeuCoSVC_inhouse,ATADD_T2_Train_111975.flac
/root/atadd_track2_subset_v1/train/ATADD_T2_Train_111987.flac,1,singing,NeuCoSVC_inhouse,ATADD_T2_Train_111987.flac
/root/atadd_track2_subset_v1/train/ATADD_T2_Train_112047.flac,1,singing,NeuCoSVC_inhouse,ATADD_T2_Train_112047.flac
/root/atadd_track2_subset_v1/train/ATADD_T2_Train_112102.flac,1,singing,NeuCoSVC_inhouse,ATADD_T2_Train_112102.flac
/root/atadd_track2_subset_v1/train/ATADD_T2_Train_112173.flac,1,singing,NeuCoSVC_inhouse,ATADD_T2_Train_112173.flac
/root/atadd_track2_subset_v1/train/ATADD_T2_Train_112210.flac,1,singing,NeuCoSVC_inhouse,ATADD_T2_Train_112210.flac
/root/atadd_track2_subset_v1/train/ATADD_T2_Train_112274.flac,1,singing,NeuCoSVC_inhouse,ATADD_T2_Train_112274.flac
/root/atadd_track2_subset_v1/train/ATADD_T2_Train_112310.flac,1,singing,NeuCoSVC_inhouse,ATADD_T2_Train_112310.flac
/root/atadd_track2_subset_v1/train/ATADD_T2_Train_112384.flac,1,singing,NeuCoSVC_inhouse,ATADD_T2_Train_112384.flac
/root/atadd_track2_subset_v1/train/ATADD_T2_Train_112400.flac,1,singing,NeuCoSVC_inhouse,ATADD_T2_Train_112400.flac
/root/atadd_track2_subset_v1/train/ATADD_T2_Train_112477.flac,1,singing,NeuCoSVC_inhouse,ATADD_T2_Train_112477.flac
/root/atadd_track2_subset_v1/train/ATADD_T2_Train_112482.flac,1,singing,NeuCoSVC_inhouse,ATADD_T2_Train_112482.flac
/root/atadd_track2_subset_v1/train/ATADD_T2_Train_112503.flac,1,singing,NeuCoSVC_inhouse,ATADD_T2_Train_112503.flac
/root/atadd_track2_subset_v1/train/ATADD_T2_Train_112508.flac,1,singing,NeuCoSVC_inhouse,ATADD_T2_Train_112508.flac
/root/atadd_track2_subset_v1/train/ATADD_T2_Train_112512.flac,1,singing,NeuCoSVC_inhouse,ATADD_T2_Train_112512.flac
/root/atadd_track2_subset_v1/train/ATADD_T2_Train_112527.flac,1,singing,NeuCoSVC_inhouse,ATADD_T2_Train_112527.flac
/root/atadd_track2_subset_v1/train/ATADD_T2_Train_112567.flac,1,singing,NeuCoSVC_inhouse,ATADD_T2_Train_112567.flac
/root/atadd_track2_subset_v1/train/ATADD_T2_Train_112692.flac,1,singing,NeuCoSVC_inhouse,ATADD_T2_Train_112692.flac
/root/atadd_track2_subset_v1/train/ATADD_T2_Train_112710.flac,1,singing,NeuCoSVC_inhouse,ATADD_T2_Train_112710.flac
/root/atadd_track2_subset_v1/train/ATADD_T2_Train_112726.flac,1,singing,NeuCoSVC_inhouse,ATADD_T2_Train_112726.flac
/root/atadd_track2_subset_v1/train/ATADD_T2_Train_112760.flac,1,singing,NeuCoSVC_inhouse,ATADD_T2_Train_112760.flac
/root/atadd_track2_subset_v1/train/ATADD_T2_Train_112814.flac,1,singing,NeuCoSVC_inhouse,ATADD_T2_Train_112814.flac
/root/atadd_track2_subset_v1/train/ATADD_T2_Train_112826.flac,1,singing,NeuCoSVC_inhouse,ATADD_T2_Train_112826.flac
/root/atadd_track2_subset_v1/train/ATADD_T2_Train_112900.flac,1,singing,NeuCoSVC_inhouse,ATADD_T2_Train_112900.flac
/root/atadd_track2_subset_v1/train/ATADD_T2_Train_112906.flac,1,singing,NeuCoSVC_inhouse,ATADD_T2_Train_112906.flac
/root/atadd_track2_subset_v1/train/ATADD_T2_Train_112935.flac,1,singing,NeuCoSVC_inhouse,ATADD_T2_Train_112935.flac
/root/atadd_track2_subset_v1/train/ATADD_T2_Train_112950.flac,1,singing,NeuCoSVC_inhouse,ATADD_T2_Train_112950.flac
/root/atadd_track2_subset_v1/train/ATADD_T2_Train_113105.flac,1,singing,NeuCoSVC_inhouse,ATADD_T2_Train_113105.flac
/root/atadd_track2_subset_v1/train/ATADD_T2_Train_113125.flac,1,singing,NeuCoSVC_inhouse,ATADD_T2_Train_113125.flac
/root/atadd_track2_subset_v1/train/ATADD_T2_Train_113152.flac,1,singing,NeuCoSVC_inhouse,ATADD_T2_Train_113152.flac
/root/atadd_track2_subset_v1/train/ATADD_T2_Train_113178.flac,1,singing,NeuCoSVC_inhouse,ATADD_T2_Train_113178.flac
/root/atadd_track2_subset_v1/train/ATADD_T2_Train_113212.flac,1,singing,NeuCoSVC_inhouse,ATADD_T2_Train_113212.flac
/root/atadd_track2_subset_v1/train/ATADD_T2_Train_113224.flac,1,singing,NeuCoSVC_inhouse,ATADD_T2_Train_113224.flac
/root/atadd_track2_subset_v1/train/ATADD_T2_Train_113227.flac,1,singing,NeuCoSVC_inhouse,ATADD_T2_Train_113227.flac
/root/atadd_track2_subset_v1/train/ATADD_T2_Train_113276.flac,1,singing,NeuCoSVC_inhouse,ATADD_T2_Train_113276.flac
/root/atadd_track2_subset_v1/train/ATADD_T2_Train_113281.flac,1,singing,NeuCoSVC_inhouse,ATADD_T2_Train_113281.flac
/root/atadd_track2_subset_v1/train/ATADD_T2_Train_113283.flac,1,singing,NeuCoSVC_inhouse,ATADD_T2_Train_113283.flac
/root/atadd_track2_subset_v1/train/ATADD_T2_Train_113316.flac,1,singing,NeuCoSVC_inhouse,ATADD_T2_Train_113316.flac
/root/atadd_track2_subset_v1/train/ATADD_T2_Train_113425.flac,1,singing,NeuCoSVC_inhouse,ATADD_T2_Train_113425.flac
/root/atadd_track2_subset_v1/train/ATADD_T2_Train_113481.flac,1,singing,NeuCoSVC_inhouse,ATADD_T2_Train_113481.flac
/root/atadd_track2_subset_v1/train/ATADD_T2_Train_113492.flac,1,singing,NeuCoSVC_inhouse,ATADD_T2_Train_113492.flac
/root/atadd_track2_subset_v1/train/ATADD_T2_Train_113546.flac,1,singing,NeuCoSVC_inhouse,ATADD_T2_Train_113546.flac
/root/atadd_track2_subset_v1/train/ATADD_T2_Train_113578.flac,1,singing,NeuCoSVC_inhouse,ATADD_T2_Train_113578.flac
/root/atadd_track2_subset_v1/train/ATADD_T2_Train_113618.flac,1,singing,NeuCoSVC_inhouse,ATADD_T2_Train_113618.flac
/root/atadd_track2_subset_v1/train/ATADD_T2_Train_113781.flac,1,singing,NeuCoSVC_inhouse,ATADD_T2_Train_113781.flac
/root/atadd_track2_subset_v1/train/ATADD_T2_Train_113956.flac,1,singing,NeuCoSVC_inhouse,ATADD_T2_Train_113956.flac
/root/atadd_track2_subset_v1/train/ATADD_T2_Train_114001.flac,1,singing,NeuCoSVC_inhouse,ATADD_T2_Train_114001.flac
/root/atadd_track2_subset_v1/train/ATADD_T2_Train_114021.flac,1,singing,NeuCoSVC_inhouse,ATADD_T2_Train_114021.flac
/root/atadd_track2_subset_v1/train/ATADD_T2_Train_114111.flac,1,singing,NeuCoSVC_inhouse,ATADD_T2_Train_114111.flac
/root/atadd_track2_subset_v1/train/ATADD_T2_Train_114216.flac,1,singing,NeuCoSVC_inhouse,ATADD_T2_Train_114216.flac
/root/atadd_track2_subset_v1/train/ATADD_T2_Train_114330.flac,1,singing,NeuCoSVC_inhouse,ATADD_T2_Train_114330.flac
/root/atadd_track2_subset_v1/train/ATADD_T2_Train_114361.flac,1,singing,NeuCoSVC_inhouse,ATADD_T2_Train_114361.flac
/root/atadd_track2_subset_v1/train/ATADD_T2_Train_114481.flac,1,singing,NeuCoSVC_inhouse,ATADD_T2_Train_114481.flac
/root/atadd_track2_subset_v1/train/ATADD_T2_Train_114607.flac,1,singing,NeuCoSVC_inhouse,ATADD_T2_Train_114607.flac
/root/atadd_track2_subset_v1/train/ATADD_T2_Train_114714.flac,1,singing,NeuCoSVC_inhouse,ATADD_T2_Train_114714.flac
/root/atadd_track2_subset_v1/train/ATADD_T2_Train_114808.flac,1,singing,NeuCoSVC_inhouse,ATADD_T2_Train_114808.flac
/root/atadd_track2_subset_v1/train/ATADD_T2_Train_114844.flac,1,singing,NeuCoSVC_inhouse,ATADD_T2_Train_114844.flac
/root/atadd_track2_subset_v1/train/ATADD_T2_Train_114925.flac,1,singing,NeuCoSVC_inhouse,ATADD_T2_Train_114925.flac
/root/atadd_track2_subset_v1/train/ATADD_T2_Train_114949.flac,1,singing,NeuCoSVC_inhouse,ATADD_T2_Train_114949.flac
/root/atadd_track2_subset_v1/train/ATADD_T2_Train_114981.flac,1,singing,NeuCoSVC_inhouse,ATADD_T2_Train_114981.flac
/root/atadd_track2_subset_v1/train/ATADD_T2_Train_115031.flac,1,singing,NeuCoSVC_inhouse,ATADD_T2_Train_115031.flac
/root/atadd_track2_subset_v1/train/ATADD_T2_Train_115040.flac,1,singing,NeuCoSVC_inhouse,ATADD_T2_Train_115040.flac
/root/atadd_track2_subset_v1/train/ATADD_T2_Train_115042.flac,1,singing,NeuCoSVC_inhouse,ATADD_T2_Train_115042.flac
/root/atadd_track2_subset_v1/train/ATADD_T2_Train_115126.flac,1,singing,NeuCoSVC_inhouse,ATADD_T2_Train_115126.flac
/root/atadd_track2_subset_v1/train/ATADD_T2_Train_115143.flac,1,singing,NeuCoSVC_inhouse,ATADD_T2_Train_115143.flac
/root/atadd_track2_subset_v1/train/ATADD_T2_Train_115204.flac,1,singing,NeuCoSVC_inhouse,ATADD_T2_Train_115204.flac
/root/atadd_track2_subset_v1/train/ATADD_T2_Train_115233.flac,1,singing,NeuCoSVC_inhouse,ATADD_T2_Train_115233.flac
/root/atadd_track2_subset_v1/train/ATADD_T2_Train_115502.flac,1,singing,NeuCoSVC_inhouse,ATADD_T2_Train_115502.flac
/root/atadd_track2_subset_v1/train/ATADD_T2_Train_115545.flac,1,singing,NeuCoSVC_inhouse,ATADD_T2_Train_115545.flac
/root/atadd_track2_subset_v1/train/ATADD_T2_Train_115585.flac,1,singing,NeuCoSVC_inhouse,ATADD_T2_Train_115585.flac
/root/atadd_track2_subset_v1/train/ATADD_T2_Train_115588.flac,1,singing,NeuCoSVC_inhouse,ATADD_T2_Train_115588.flac
/root/atadd_track2_subset_v1/train/ATADD_T2_Train_115654.flac,1,singing,NeuCoSVC_inhouse,ATADD_T2_Train_115654.flac
/root/atadd_track2_subset_v1/train/ATADD_T2_Train_115682.flac,1,singing,NeuCoSVC_inhouse,ATADD_T2_Train_115682.flac
/root/atadd_track2_subset_v1/train/ATADD_T2_Train_115798.flac,1,singing,NeuCoSVC_inhouse,ATADD_T2_Train_115798.flac
/root/atadd_track2_subset_v1/train/ATADD_T2_Train_115801.flac,1,singing,NeuCoSVC_inhouse,ATADD_T2_Train_115801.flac
/root/atadd_track2_subset_v1/train/ATADD_T2_Train_115802.flac,1,singing,NeuCoSVC_inhouse,ATADD_T2_Train_115802.flac
/root/atadd_track2_subset_v1/train/ATADD_T2_Train_115867.flac,1,singing,NeuCoSVC_inhouse,ATADD_T2_Train_115867.flac
/root/atadd_track2_subset_v1/train/ATADD_T2_Train_116117.flac,1,singing,NeuCoSVC_inhouse,ATADD_T2_Train_116117.flac
/root/atadd_track2_subset_v1/train/ATADD_T2_Train_116384.flac,1,singing,NeuCoSVC_inhouse,ATADD_T2_Train_116384.flac
/root/atadd_track2_subset_v1/train/ATADD_T2_Train_116482.flac,1,singing,SeedVC,ATADD_T2_Train_116482.flac
/root/atadd_track2_subset_v1/train/ATADD_T2_Train_116576.flac,1,singing,SeedVC,ATADD_T2_Train_116576.flac
/root/atadd_track2_subset_v1/train/ATADD_T2_Train_116579.flac,1,singing,SeedVC,ATADD_T2_Train_116579.flac
/root/atadd_track2_subset_v1/train/ATADD_T2_Train_116643.flac,1,singing,SeedVC,ATADD_T2_Train_116643.flac
/root/atadd_track2_subset_v1/train/ATADD_T2_Train_116647.flac,1,singing,SeedVC,ATADD_T2_Train_116647.flac
/root/atadd_track2_subset_v1/train/ATADD_T2_Train_116659.flac,1,singing,SeedVC,ATADD_T2_Train_116659.flac
/root/atadd_track2_subset_v1/train/ATADD_T2_Train_116699.flac,1,singing,SeedVC,ATADD_T2_Train_116699.flac
/root/atadd_track2_subset_v1/train/ATADD_T2_Train_116724.flac,1,singing,SeedVC,ATADD_T2_Train_116724.flac
/root/atadd_track2_subset_v1/train/ATADD_T2_Train_116730.flac,1,singing,SeedVC,ATADD_T2_Train_116730.flac
/root/atadd_track2_subset_v1/train/ATADD_T2_Train_116797.flac,1,singing,SeedVC,ATADD_T2_Train_116797.flac
/root/atadd_track2_subset_v1/train/ATADD_T2_Train_116818.flac,1,singing,SeedVC,ATADD_T2_Train_116818.flac
/root/atadd_track2_subset_v1/train/ATADD_T2_Train_116821.flac,1,singing,SeedVC,ATADD_T2_Train_116821.flac
/root/atadd_track2_subset_v1/train/ATADD_T2_Train_116888.flac,1,singing,SeedVC,ATADD_T2_Train_116888.flac
/root/atadd_track2_subset_v1/train/ATADD_T2_Train_116913.flac,1,singing,SeedVC,ATADD_T2_Train_116913.flac
/root/atadd_track2_subset_v1/train/ATADD_T2_Train_116916.flac,1,singing,SeedVC,ATADD_T2_Train_116916.flac
/root/atadd_track2_subset_v1/train/ATADD_T2_Train_116973.flac,1,singing,SeedVC,ATADD_T2_Train_116973.flac
/root/atadd_track2_subset_v1/train/ATADD_T2_Train_117014.flac,1,singing,SeedVC,ATADD_T2_Train_117014.flac
/root/atadd_track2_subset_v1/train/ATADD_T2_Train_117148.flac,1,singing,SeedVC,ATADD_T2_Train_117148.flac
/root/atadd_track2_subset_v1/train/ATADD_T2_Train_117205.flac,1,singing,SeedVC,ATADD_T2_Train_117205.flac
/root/atadd_track2_subset_v1/train/ATADD_T2_Train_117228.flac,1,singing,SeedVC,ATADD_T2_Train_117228.flac
/root/atadd_track2_subset_v1/train/ATADD_T2_Train_117282.flac,1,singing,SeedVC,ATADD_T2_Train_117282.flac
/root/atadd_track2_subset_v1/train/ATADD_T2_Train_117353.flac,1,singing,SeedVC,ATADD_T2_Train_117353.flac
/root/atadd_track2_subset_v1/train/ATADD_T2_Train_117404.flac,1,singing,SeedVC,ATADD_T2_Train_117404.flac
/root/atadd_track2_subset_v1/train/ATADD_T2_Train_117432.flac,1,singing,SeedVC,ATADD_T2_Train_117432.flac
/root/atadd_track2_subset_v1/train/ATADD_T2_Train_117511.flac,1,singing,SeedVC,ATADD_T2_Train_117511.flac
/root/atadd_track2_subset_v1/train/ATADD_T2_Train_117597.flac,1,singing,SeedVC,ATADD_T2_Train_117597.flac
/root/atadd_track2_subset_v1/train/ATADD_T2_Train_117630.flac,1,singing,SeedVC,ATADD_T2_Train_117630.flac
/root/atadd_track2_subset_v1/train/ATADD_T2_Train_117633.flac,1,singing,SeedVC,ATADD_T2_Train_117633.flac
/root/atadd_track2_subset_v1/train/ATADD_T2_Train_117711.flac,1,singing,SeedVC,ATADD_T2_Train_117711.flac
/root/atadd_track2_subset_v1/train/ATADD_T2_Train_117712.flac,1,singing,SeedVC,ATADD_T2_Train_117712.flac
/root/atadd_track2_subset_v1/train/ATADD_T2_Train_117795.flac,1,singing,SeedVC,ATADD_T2_Train_117795.flac
/root/atadd_track2_subset_v1/train/ATADD_T2_Train_117851.flac,1,singing,SeedVC,ATADD_T2_Train_117851.flac
/root/atadd_track2_subset_v1/train/ATADD_T2_Train_117869.flac,1,singing,SeedVC,ATADD_T2_Train_117869.flac
/root/atadd_track2_subset_v1/train/ATADD_T2_Train_117882.flac,1,singing,SeedVC,ATADD_T2_Train_117882.flac
/root/atadd_track2_subset_v1/train/ATADD_T2_Train_117914.flac,1,singing,SeedVC,ATADD_T2_Train_117914.flac
/root/atadd_track2_subset_v1/train/ATADD_T2_Train_117945.flac,1,singing,SeedVC,ATADD_T2_Train_117945.flac
/root/atadd_track2_subset_v1/train/ATADD_T2_Train_117953.flac,1,singing,SeedVC,ATADD_T2_Train_117953.flac
/root/atadd_track2_subset_v1/train/ATADD_T2_Train_117983.flac,1,singing,SeedVC,ATADD_T2_Train_117983.flac
/root/atadd_track2_subset_v1/train/ATADD_T2_Train_117991.flac,1,singing,SeedVC,ATADD_T2_Train_117991.flac
/root/atadd_track2_subset_v1/train/ATADD_T2_Train_118007.flac,1,singing,SeedVC,ATADD_T2_Train_118007.flac
/root/atadd_track2_subset_v1/train/ATADD_T2_Train_118054.flac,1,singing,SeedVC,ATADD_T2_Train_118054.flac
/root/atadd_track2_subset_v1/train/ATADD_T2_Train_118090.flac,1,singing,SeedVC,ATADD_T2_Train_118090.flac
/root/atadd_track2_subset_v1/train/ATADD_T2_Train_118155.flac,1,singing,SeedVC,ATADD_T2_Train_118155.flac
/root/atadd_track2_subset_v1/train/ATADD_T2_Train_118165.flac,1,singing,SeedVC,ATADD_T2_Train_118165.flac
/root/atadd_track2_subset_v1/train/ATADD_T2_Train_118240.flac,1,singing,SeedVC,ATADD_T2_Train_118240.flac
/root/atadd_track2_subset_v1/train/ATADD_T2_Train_118254.flac,1,singing,SeedVC,ATADD_T2_Train_118254.flac
/root/atadd_track2_subset_v1/train/ATADD_T2_Train_118308.flac,1,singing,SeedVC,ATADD_T2_Train_118308.flac
/root/atadd_track2_subset_v1/train/ATADD_T2_Train_118348.flac,1,singing,SeedVC,ATADD_T2_Train_118348.flac
/root/atadd_track2_subset_v1/train/ATADD_T2_Train_118371.flac,1,singing,SeedVC,ATADD_T2_Train_118371.flac
/root/atadd_track2_subset_v1/train/ATADD_T2_Train_118398.flac,1,singing,SeedVC,ATADD_T2_Train_118398.flac
/root/atadd_track2_subset_v1/train/ATADD_T2_Train_118521.flac,1,singing,SeedVC,ATADD_T2_Train_118521.flac
/root/atadd_track2_subset_v1/train/ATADD_T2_Train_118568.flac,1,singing,SeedVC,ATADD_T2_Train_118568.flac
/root/atadd_track2_subset_v1/train/ATADD_T2_Train_118571.flac,1,singing,SeedVC,ATADD_T2_Train_118571.flac
/root/atadd_track2_subset_v1/train/ATADD_T2_Train_118661.flac,1,singing,SeedVC,ATADD_T2_Train_118661.flac
/root/atadd_track2_subset_v1/train/ATADD_T2_Train_118670.flac,1,singing,SeedVC,ATADD_T2_Train_118670.flac
/root/atadd_track2_subset_v1/train/ATADD_T2_Train_118788.flac,1,singing,SeedVC,ATADD_T2_Train_118788.flac
/root/atadd_track2_subset_v1/train/ATADD_T2_Train_118873.flac,1,singing,SeedVC,ATADD_T2_Train_118873.flac
/root/atadd_track2_subset_v1/train/ATADD_T2_Train_118880.flac,1,singing,SeedVC,ATADD_T2_Train_118880.flac
/root/atadd_track2_subset_v1/train/ATADD_T2_Train_118968.flac,1,singing,SeedVC,ATADD_T2_Train_118968.flac
/root/atadd_track2_subset_v1/train/ATADD_T2_Train_118992.flac,1,singing,SeedVC,ATADD_T2_Train_118992.flac
/root/atadd_track2_subset_v1/train/ATADD_T2_Train_119088.flac,1,singing,SeedVC,ATADD_T2_Train_119088.flac
/root/atadd_track2_subset_v1/train/ATADD_T2_Train_119105.flac,1,singing,SeedVC,ATADD_T2_Train_119105.flac
/root/atadd_track2_subset_v1/train/ATADD_T2_Train_119160.flac,1,singing,SeedVC,ATADD_T2_Train_119160.flac
/root/atadd_track2_subset_v1/train/ATADD_T2_Train_119163.flac,1,singing,SeedVC,ATADD_T2_Train_119163.flac
/root/atadd_track2_subset_v1/train/ATADD_T2_Train_119165.flac,1,singing,SeedVC,ATADD_T2_Train_119165.flac
/root/atadd_track2_subset_v1/train/ATADD_T2_Train_119233.flac,1,singing,SeedVC,ATADD_T2_Train_119233.flac
/root/atadd_track2_subset_v1/train/ATADD_T2_Train_119370.flac,1,singing,SeedVC,ATADD_T2_Train_119370.flac
/root/atadd_track2_subset_v1/train/ATADD_T2_Train_119392.flac,1,singing,SeedVC,ATADD_T2_Train_119392.flac
/root/atadd_track2_subset_v1/train/ATADD_T2_Train_119443.flac,1,singing,SeedVC,ATADD_T2_Train_119443.flac
/root/atadd_track2_subset_v1/train/ATADD_T2_Train_119475.flac,1,singing,SeedVC,ATADD_T2_Train_119475.flac
/root/atadd_track2_subset_v1/train/ATADD_T2_Train_119485.flac,1,singing,SeedVC,ATADD_T2_Train_119485.flac
/root/atadd_track2_subset_v1/train/ATADD_T2_Train_119496.flac,1,singing,SeedVC,ATADD_T2_Train_119496.flac
/root/atadd_track2_subset_v1/train/ATADD_T2_Train_119540.flac,1,singing,SeedVC,ATADD_T2_Train_119540.flac
/root/atadd_track2_subset_v1/train/ATADD_T2_Train_119565.flac,1,singing,SeedVC,ATADD_T2_Train_119565.flac
/root/atadd_track2_subset_v1/train/ATADD_T2_Train_119588.flac,1,singing,SeedVC,ATADD_T2_Train_119588.flac
/root/atadd_track2_subset_v1/train/ATADD_T2_Train_119626.flac,1,singing,SeedVC,ATADD_T2_Train_119626.flac
/root/atadd_track2_subset_v1/train/ATADD_T2_Train_119745.flac,1,singing,SeedVC,ATADD_T2_Train_119745.flac
/root/atadd_track2_subset_v1/train/ATADD_T2_Train_119775.flac,1,singing,SeedVC,ATADD_T2_Train_119775.flac
/root/atadd_track2_subset_v1/train/ATADD_T2_Train_119869.flac,1,singing,SeedVC,ATADD_T2_Train_119869.flac
/root/atadd_track2_subset_v1/train/ATADD_T2_Train_119895.flac,1,singing,SeedVC,ATADD_T2_Train_119895.flac
/root/atadd_track2_subset_v1/train/ATADD_T2_Train_119913.flac,1,singing,SeedVC,ATADD_T2_Train_119913.flac
/root/atadd_track2_subset_v1/train/ATADD_T2_Train_119930.flac,1,singing,SeedVC,ATADD_T2_Train_119930.flac
/root/atadd_track2_subset_v1/train/ATADD_T2_Train_119935.flac,1,singing,SeedVC,ATADD_T2_Train_119935.flac
/root/atadd_track2_subset_v1/train/ATADD_T2_Train_119955.flac,1,singing,SeedVC,ATADD_T2_Train_119955.flac
/root/atadd_track2_subset_v1/train/ATADD_T2_Train_119971.flac,1,singing,SeedVC,ATADD_T2_Train_119971.flac
/root/atadd_track2_subset_v1/train/ATADD_T2_Train_120006.flac,1,singing,SeedVC,ATADD_T2_Train_120006.flac
/root/atadd_track2_subset_v1/train/ATADD_T2_Train_120077.flac,1,singing,SeedVC,ATADD_T2_Train_120077.flac
/root/atadd_track2_subset_v1/train/ATADD_T2_Train_120106.flac,1,singing,SeedVC,ATADD_T2_Train_120106.flac
/root/atadd_track2_subset_v1/train/ATADD_T2_Train_120112.flac,1,singing,SeedVC,ATADD_T2_Train_120112.flac
/root/atadd_track2_subset_v1/train/ATADD_T2_Train_120133.flac,1,singing,SeedVC,ATADD_T2_Train_120133.flac
/root/atadd_track2_subset_v1/train/ATADD_T2_Train_120161.flac,1,singing,SeedVC,ATADD_T2_Train_120161.flac
/root/atadd_track2_subset_v1/train/ATADD_T2_Train_120210.flac,1,singing,SeedVC,ATADD_T2_Train_120210.flac
/root/atadd_track2_subset_v1/train/ATADD_T2_Train_120217.flac,1,singing,SeedVC,ATADD_T2_Train_120217.flac
/root/atadd_track2_subset_v1/train/ATADD_T2_Train_120276.flac,1,singing,SeedVC,ATADD_T2_Train_120276.flac
/root/atadd_track2_subset_v1/train/ATADD_T2_Train_120306.flac,1,singing,SeedVC,ATADD_T2_Train_120306.flac
/root/atadd_track2_subset_v1/train/ATADD_T2_Train_120370.flac,1,singing,SeedVC,ATADD_T2_Train_120370.flac
/root/atadd_track2_subset_v1/train/ATADD_T2_Train_120500.flac,1,singing,SeedVC,ATADD_T2_Train_120500.flac
/root/atadd_track2_subset_v1/train/ATADD_T2_Train_120533.flac,1,singing,SeedVC,ATADD_T2_Train_120533.flac
/root/atadd_track2_subset_v1/train/ATADD_T2_Train_120639.flac,1,singing,SeedVC,ATADD_T2_Train_120639.flac
/root/atadd_track2_subset_v1/train/ATADD_T2_Train_120645.flac,1,singing,SeedVC,ATADD_T2_Train_120645.flac
/root/atadd_track2_subset_v1/train/ATADD_T2_Train_120648.flac,1,singing,SeedVC,ATADD_T2_Train_120648.flac
/root/atadd_track2_subset_v1/train/ATADD_T2_Train_120662.flac,1,singing,SeedVC,ATADD_T2_Train_120662.flac
/root/atadd_track2_subset_v1/train/ATADD_T2_Train_120735.flac,1,singing,SeedVC,ATADD_T2_Train_120735.flac
/root/atadd_track2_subset_v1/train/ATADD_T2_Train_120898.flac,1,singing,SeedVC,ATADD_T2_Train_120898.flac
/root/atadd_track2_subset_v1/train/ATADD_T2_Train_120921.flac,1,singing,SeedVC,ATADD_T2_Train_120921.flac
/root/atadd_track2_subset_v1/train/ATADD_T2_Train_121013.flac,1,singing,SeedVC,ATADD_T2_Train_121013.flac
/root/atadd_track2_subset_v1/train/ATADD_T2_Train_121139.flac,1,singing,SeedVC,ATADD_T2_Train_121139.flac
/root/atadd_track2_subset_v1/train/ATADD_T2_Train_121303.flac,1,singing,SeedVC,ATADD_T2_Train_121303.flac
/root/atadd_track2_subset_v1/train/ATADD_T2_Train_121411.flac,1,singing,SeedVC,ATADD_T2_Train_121411.flac
/root/atadd_track2_subset_v1/train/ATADD_T2_Train_121442.flac,1,singing,SeedVC,ATADD_T2_Train_121442.flac
/root/atadd_track2_subset_v1/train/ATADD_T2_Train_121473.flac,1,singing,SeedVC,ATADD_T2_Train_121473.flac
/root/atadd_track2_subset_v1/train/ATADD_T2_Train_121603.flac,1,singing,SeedVC,ATADD_T2_Train_121603.flac
/root/atadd_track2_subset_v1/train/ATADD_T2_Train_121643.flac,1,singing,SeedVC,ATADD_T2_Train_121643.flac
/root/atadd_track2_subset_v1/train/ATADD_T2_Train_121664.flac,1,singing,SeedVC,ATADD_T2_Train_121664.flac
/root/atadd_track2_subset_v1/train/ATADD_T2_Train_121751.flac,1,singing,SeedVC,ATADD_T2_Train_121751.flac
/root/atadd_track2_subset_v1/train/ATADD_T2_Train_121759.flac,1,singing,SeedVC,ATADD_T2_Train_121759.flac
/root/atadd_track2_subset_v1/train/ATADD_T2_Train_121822.flac,1,singing,SeedVC,ATADD_T2_Train_121822.flac
/root/atadd_track2_subset_v1/train/ATADD_T2_Train_122036.flac,1,singing,SeedVC,ATADD_T2_Train_122036.flac
/root/atadd_track2_subset_v1/train/ATADD_T2_Train_122043.flac,1,singing,SeedVC,ATADD_T2_Train_122043.flac
/root/atadd_track2_subset_v1/train/ATADD_T2_Train_122061.flac,1,singing,SeedVC,ATADD_T2_Train_122061.flac
/root/atadd_track2_subset_v1/train/ATADD_T2_Train_122131.flac,1,singing,SeedVC,ATADD_T2_Train_122131.flac
/root/atadd_track2_subset_v1/train/ATADD_T2_Train_122246.flac,1,singing,SeedVC,ATADD_T2_Train_122246.flac
/root/atadd_track2_subset_v1/train/ATADD_T2_Train_122250.flac,1,singing,SeedVC,ATADD_T2_Train_122250.flac
/root/atadd_track2_subset_v1/train/ATADD_T2_Train_122323.flac,1,singing,SeedVC,ATADD_T2_Train_122323.flac
/root/atadd_track2_subset_v1/train/ATADD_T2_Train_122624.flac,1,singing,SeedVC,ATADD_T2_Train_122624.flac
/root/atadd_track2_subset_v1/train/ATADD_T2_Train_122628.flac,1,singing,SeedVC,ATADD_T2_Train_122628.flac
/root/atadd_track2_subset_v1/train/ATADD_T2_Train_122696.flac,1,singing,SeedVC,ATADD_T2_Train_122696.flac
/root/atadd_track2_subset_v1/train/ATADD_T2_Train_122720.flac,1,singing,SeedVC,ATADD_T2_Train_122720.flac
/root/atadd_track2_subset_v1/train/ATADD_T2_Train_122731.flac,1,singing,SeedVC,ATADD_T2_Train_122731.flac
/root/atadd_track2_subset_v1/train/ATADD_T2_Train_122814.flac,1,singing,SeedVC,ATADD_T2_Train_122814.flac
/root/atadd_track2_subset_v1/train/ATADD_T2_Train_122849.flac,1,singing,SeedVC,ATADD_T2_Train_122849.flac
/root/atadd_track2_subset_v1/train/ATADD_T2_Train_122854.flac,1,singing,SeedVC,ATADD_T2_Train_122854.flac
/root/atadd_track2_subset_v1/train/ATADD_T2_Train_122864.flac,1,singing,SeedVC,ATADD_T2_Train_122864.flac
/root/atadd_track2_subset_v1/train/ATADD_T2_Train_122894.flac,1,singing,SeedVC,ATADD_T2_Train_122894.flac
/root/atadd_track2_subset_v1/train/ATADD_T2_Train_123001.flac,1,singing,SeedVC,ATADD_T2_Train_123001.flac
/root/atadd_track2_subset_v1/train/ATADD_T2_Train_123137.flac,1,singing,SeedVC,ATADD_T2_Train_123137.flac
/root/atadd_track2_subset_v1/train/ATADD_T2_Train_123153.flac,1,singing,SeedVC,ATADD_T2_Train_123153.flac
/root/atadd_track2_subset_v1/train/ATADD_T2_Train_123291.flac,1,singing,SeedVC,ATADD_T2_Train_123291.flac
/root/atadd_track2_subset_v1/train/ATADD_T2_Train_123315.flac,1,singing,SeedVC,ATADD_T2_Train_123315.flac
/root/atadd_track2_subset_v1/train/ATADD_T2_Train_123326.flac,1,singing,SeedVC,ATADD_T2_Train_123326.flac
/root/atadd_track2_subset_v1/train/ATADD_T2_Train_123398.flac,1,singing,SeedVC,ATADD_T2_Train_123398.flac
/root/atadd_track2_subset_v1/train/ATADD_T2_Train_123405.flac,1,singing,SeedVC,ATADD_T2_Train_123405.flac
/root/atadd_track2_subset_v1/train/ATADD_T2_Train_123456.flac,1,singing,SeedVC,ATADD_T2_Train_123456.flac
/root/atadd_track2_subset_v1/train/ATADD_T2_Train_123488.flac,1,singing,SeedVC,ATADD_T2_Train_123488.flac
/root/atadd_track2_subset_v1/train/ATADD_T2_Train_123560.flac,1,singing,SeedVC,ATADD_T2_Train_123560.flac
/root/atadd_track2_subset_v1/train/ATADD_T2_Train_123563.flac,1,singing,SeedVC,ATADD_T2_Train_123563.flac
/root/atadd_track2_subset_v1/train/ATADD_T2_Train_123613.flac,1,singing,SeedVC,ATADD_T2_Train_123613.flac
/root/atadd_track2_subset_v1/train/ATADD_T2_Train_123740.flac,1,singing,SeedVC,ATADD_T2_Train_123740.flac
/root/atadd_track2_subset_v1/train/ATADD_T2_Train_123790.flac,1,singing,SeedVC,ATADD_T2_Train_123790.flac
/root/atadd_track2_subset_v1/train/ATADD_T2_Train_123793.flac,1,singing,SeedVC,ATADD_T2_Train_123793.flac
/root/atadd_track2_subset_v1/train/ATADD_T2_Train_123851.flac,1,singing,SeedVC,ATADD_T2_Train_123851.flac
/root/atadd_track2_subset_v1/train/ATADD_T2_Train_123871.flac,1,singing,SeedVC,ATADD_T2_Train_123871.flac
/root/atadd_track2_subset_v1/train/ATADD_T2_Train_123910.flac,1,singing,SeedVC,ATADD_T2_Train_123910.flac
/root/atadd_track2_subset_v1/train/ATADD_T2_Train_123946.flac,1,singing,SeedVC,ATADD_T2_Train_123946.flac
/root/atadd_track2_subset_v1/train/ATADD_T2_Train_124080.flac,1,singing,SeedVC,ATADD_T2_Train_124080.flac
/root/atadd_track2_subset_v1/train/ATADD_T2_Train_124197.flac,1,singing,SeedVC,ATADD_T2_Train_124197.flac
/root/atadd_track2_subset_v1/train/ATADD_T2_Train_124203.flac,1,singing,SeedVC,ATADD_T2_Train_124203.flac
/root/atadd_track2_subset_v1/train/ATADD_T2_Train_124251.flac,1,singing,SeedVC,ATADD_T2_Train_124251.flac
/root/atadd_track2_subset_v1/train/ATADD_T2_Train_124258.flac,1,singing,SeedVC,ATADD_T2_Train_124258.flac
/root/atadd_track2_subset_v1/train/ATADD_T2_Train_124277.flac,1,singing,SeedVC,ATADD_T2_Train_124277.flac
/root/atadd_track2_subset_v1/train/ATADD_T2_Train_124302.flac,1,singing,SeedVC,ATADD_T2_Train_124302.flac
/root/atadd_track2_subset_v1/train/ATADD_T2_Train_124362.flac,1,singing,SeedVC,ATADD_T2_Train_124362.flac
/root/atadd_track2_subset_v1/train/ATADD_T2_Train_124404.flac,1,singing,SeedVC,ATADD_T2_Train_124404.flac
/root/atadd_track2_subset_v1/train/ATADD_T2_Train_124510.flac,1,singing,SeedVC,ATADD_T2_Train_124510.flac
/root/atadd_track2_subset_v1/train/ATADD_T2_Train_124581.flac,1,singing,SeedVC,ATADD_T2_Train_124581.flac
/root/atadd_track2_subset_v1/train/ATADD_T2_Train_124673.flac,1,singing,SeedVC,ATADD_T2_Train_124673.flac
/root/atadd_track2_subset_v1/train/ATADD_T2_Train_124833.flac,1,singing,SeedVC,ATADD_T2_Train_124833.flac
/root/atadd_track2_subset_v1/train/ATADD_T2_Train_124867.flac,1,singing,SeedVC,ATADD_T2_Train_124867.flac
/root/atadd_track2_subset_v1/train/ATADD_T2_Train_124952.flac,1,singing,SeedVC,ATADD_T2_Train_124952.flac
/root/atadd_track2_subset_v1/train/ATADD_T2_Train_124989.flac,1,singing,SeedVC,ATADD_T2_Train_124989.flac
/root/atadd_track2_subset_v1/train/ATADD_T2_Train_125016.flac,1,singing,SeedVC,ATADD_T2_Train_125016.flac
/root/atadd_track2_subset_v1/train/ATADD_T2_Train_125058.flac,1,singing,SeedVC,ATADD_T2_Train_125058.flac
/root/atadd_track2_subset_v1/train/ATADD_T2_Train_125123.flac,1,singing,SeedVC,ATADD_T2_Train_125123.flac
/root/atadd_track2_subset_v1/train/ATADD_T2_Train_125234.flac,1,singing,SeedVC,ATADD_T2_Train_125234.flac
/root/atadd_track2_subset_v1/train/ATADD_T2_Train_125251.flac,1,singing,SeedVC,ATADD_T2_Train_125251.flac
/root/atadd_track2_subset_v1/train/ATADD_T2_Train_125425.flac,0,music,-,ATADD_T2_Train_125425.flac
/root/atadd_track2_subset_v1/train/ATADD_T2_Train_125437.flac,0,music,-,ATADD_T2_Train_125437.flac
/root/atadd_track2_subset_v1/train/ATADD_T2_Train_125482.flac,0,music,-,ATADD_T2_Train_125482.flac
/root/atadd_track2_subset_v1/train/ATADD_T2_Train_125492.flac,0,music,-,ATADD_T2_Train_125492.flac
/root/atadd_track2_subset_v1/train/ATADD_T2_Train_125499.flac,0,music,-,ATADD_T2_Train_125499.flac
/root/atadd_track2_subset_v1/train/ATADD_T2_Train_125516.flac,0,music,-,ATADD_T2_Train_125516.flac
/root/atadd_track2_subset_v1/train/ATADD_T2_Train_125519.flac,0,music,-,ATADD_T2_Train_125519.flac
/root/atadd_track2_subset_v1/train/ATADD_T2_Train_125528.flac,0,music,-,ATADD_T2_Train_125528.flac
/root/atadd_track2_subset_v1/train/ATADD_T2_Train_125530.flac,0,music,-,ATADD_T2_Train_125530.flac
/root/atadd_track2_subset_v1/train/ATADD_T2_Train_125531.flac,0,music,-,ATADD_T2_Train_125531.flac
/root/atadd_track2_subset_v1/train/ATADD_T2_Train_125541.flac,0,music,-,ATADD_T2_Train_125541.flac
/root/atadd_track2_subset_v1/train/ATADD_T2_Train_125557.flac,0,music,-,ATADD_T2_Train_125557.flac
/root/atadd_track2_subset_v1/train/ATADD_T2_Train_125574.flac,0,music,-,ATADD_T2_Train_125574.flac
/root/atadd_track2_subset_v1/train/ATADD_T2_Train_125582.flac,0,music,-,ATADD_T2_Train_125582.flac
/root/atadd_track2_subset_v1/train/ATADD_T2_Train_125585.flac,0,music,-,ATADD_T2_Train_125585.flac
/root/atadd_track2_subset_v1/train/ATADD_T2_Train_125595.flac,0,music,-,ATADD_T2_Train_125595.flac
/root/atadd_track2_subset_v1/train/ATADD_T2_Train_125621.flac,0,music,-,ATADD_T2_Train_125621.flac
/root/atadd_track2_subset_v1/train/ATADD_T2_Train_125626.flac,0,music,-,ATADD_T2_Train_125626.flac
/root/atadd_track2_subset_v1/train/ATADD_T2_Train_125627.flac,0,music,-,ATADD_T2_Train_125627.flac
/root/atadd_track2_subset_v1/train/ATADD_T2_Train_125636.flac,0,music,-,ATADD_T2_Train_125636.flac
/root/atadd_track2_subset_v1/train/ATADD_T2_Train_125638.flac,0,music,-,ATADD_T2_Train_125638.flac
/root/atadd_track2_subset_v1/train/ATADD_T2_Train_125651.flac,0,music,-,ATADD_T2_Train_125651.flac
/root/atadd_track2_subset_v1/train/ATADD_T2_Train_125652.flac,0,music,-,ATADD_T2_Train_125652.flac
/root/atadd_track2_subset_v1/train/ATADD_T2_Train_125653.flac,0,music,-,ATADD_T2_Train_125653.flac
/root/atadd_track2_subset_v1/train/ATADD_T2_Train_125670.flac,0,music,-,ATADD_T2_Train_125670.flac
/root/atadd_track2_subset_v1/train/ATADD_T2_Train_125683.flac,0,music,-,ATADD_T2_Train_125683.flac
/root/atadd_track2_subset_v1/train/ATADD_T2_Train_125684.flac,0,music,-,ATADD_T2_Train_125684.flac
/root/atadd_track2_subset_v1/train/ATADD_T2_Train_125689.flac,0,music,-,ATADD_T2_Train_125689.flac
/root/atadd_track2_subset_v1/train/ATADD_T2_Train_125710.flac,0,music,-,ATADD_T2_Train_125710.flac
/root/atadd_track2_subset_v1/train/ATADD_T2_Train_125716.flac,0,music,-,ATADD_T2_Train_125716.flac
/root/atadd_track2_subset_v1/train/ATADD_T2_Train_125719.flac,0,music,-,ATADD_T2_Train_125719.flac
/root/atadd_track2_subset_v1/train/ATADD_T2_Train_125720.flac,0,music,-,ATADD_T2_Train_125720.flac
/root/atadd_track2_subset_v1/train/ATADD_T2_Train_125738.flac,0,music,-,ATADD_T2_Train_125738.flac
/root/atadd_track2_subset_v1/train/ATADD_T2_Train_125742.flac,0,music,-,ATADD_T2_Train_125742.flac
/root/atadd_track2_subset_v1/train/ATADD_T2_Train_125745.flac,0,music,-,ATADD_T2_Train_125745.flac
/root/atadd_track2_subset_v1/train/ATADD_T2_Train_125752.flac,0,music,-,ATADD_T2_Train_125752.flac
/root/atadd_track2_subset_v1/train/ATADD_T2_Train_125773.flac,0,music,-,ATADD_T2_Train_125773.flac
/root/atadd_track2_subset_v1/train/ATADD_T2_Train_125787.flac,0,music,-,ATADD_T2_Train_125787.flac
/root/atadd_track2_subset_v1/train/ATADD_T2_Train_125788.flac,0,music,-,ATADD_T2_Train_125788.flac
/root/atadd_track2_subset_v1/train/ATADD_T2_Train_125792.flac,0,music,-,ATADD_T2_Train_125792.flac
/root/atadd_track2_subset_v1/train/ATADD_T2_Train_125817.flac,0,music,-,ATADD_T2_Train_125817.flac
/root/atadd_track2_subset_v1/train/ATADD_T2_Train_125827.flac,0,music,-,ATADD_T2_Train_125827.flac
/root/atadd_track2_subset_v1/train/ATADD_T2_Train_125836.flac,0,music,-,ATADD_T2_Train_125836.flac
/root/atadd_track2_subset_v1/train/ATADD_T2_Train_125838.flac,0,music,-,ATADD_T2_Train_125838.flac
/root/atadd_track2_subset_v1/train/ATADD_T2_Train_125842.flac,0,music,-,ATADD_T2_Train_125842.flac
/root/atadd_track2_subset_v1/train/ATADD_T2_Train_125855.flac,0,music,-,ATADD_T2_Train_125855.flac
/root/atadd_track2_subset_v1/train/ATADD_T2_Train_125860.flac,0,music,-,ATADD_T2_Train_125860.flac
/root/atadd_track2_subset_v1/train/ATADD_T2_Train_125862.flac,0,music,-,ATADD_T2_Train_125862.flac
/root/atadd_track2_subset_v1/train/ATADD_T2_Train_125875.flac,0,music,-,ATADD_T2_Train_125875.flac
/root/atadd_track2_subset_v1/train/ATADD_T2_Train_125904.flac,0,music,-,ATADD_T2_Train_125904.flac
/root/atadd_track2_subset_v1/train/ATADD_T2_Train_125909.flac,0,music,-,ATADD_T2_Train_125909.flac
/root/atadd_track2_subset_v1/train/ATADD_T2_Train_125933.flac,0,music,-,ATADD_T2_Train_125933.flac
/root/atadd_track2_subset_v1/train/ATADD_T2_Train_125951.flac,0,music,-,ATADD_T2_Train_125951.flac
/root/atadd_track2_subset_v1/train/ATADD_T2_Train_125976.flac,0,music,-,ATADD_T2_Train_125976.flac
/root/atadd_track2_subset_v1/train/ATADD_T2_Train_125978.flac,0,music,-,ATADD_T2_Train_125978.flac
/root/atadd_track2_subset_v1/train/ATADD_T2_Train_125980.flac,0,music,-,ATADD_T2_Train_125980.flac
/root/atadd_track2_subset_v1/train/ATADD_T2_Train_125987.flac,0,music,-,ATADD_T2_Train_125987.flac
/root/atadd_track2_subset_v1/train/ATADD_T2_Train_125999.flac,0,music,-,ATADD_T2_Train_125999.flac
/root/atadd_track2_subset_v1/train/ATADD_T2_Train_126000.flac,0,music,-,ATADD_T2_Train_126000.flac
/root/atadd_track2_subset_v1/train/ATADD_T2_Train_126021.flac,0,music,-,ATADD_T2_Train_126021.flac
/root/atadd_track2_subset_v1/train/ATADD_T2_Train_126022.flac,0,music,-,ATADD_T2_Train_126022.flac
/root/atadd_track2_subset_v1/train/ATADD_T2_Train_126028.flac,0,music,-,ATADD_T2_Train_126028.flac
/root/atadd_track2_subset_v1/train/ATADD_T2_Train_126030.flac,0,music,-,ATADD_T2_Train_126030.flac
/root/atadd_track2_subset_v1/train/ATADD_T2_Train_126032.flac,0,music,-,ATADD_T2_Train_126032.flac
/root/atadd_track2_subset_v1/train/ATADD_T2_Train_126038.flac,0,music,-,ATADD_T2_Train_126038.flac
/root/atadd_track2_subset_v1/train/ATADD_T2_Train_126062.flac,0,music,-,ATADD_T2_Train_126062.flac
/root/atadd_track2_subset_v1/train/ATADD_T2_Train_126073.flac,0,music,-,ATADD_T2_Train_126073.flac
/root/atadd_track2_subset_v1/train/ATADD_T2_Train_126074.flac,0,music,-,ATADD_T2_Train_126074.flac
/root/atadd_track2_subset_v1/train/ATADD_T2_Train_126081.flac,0,music,-,ATADD_T2_Train_126081.flac
/root/atadd_track2_subset_v1/train/ATADD_T2_Train_126086.flac,0,music,-,ATADD_T2_Train_126086.flac
/root/atadd_track2_subset_v1/train/ATADD_T2_Train_126103.flac,0,music,-,ATADD_T2_Train_126103.flac
/root/atadd_track2_subset_v1/train/ATADD_T2_Train_126113.flac,0,music,-,ATADD_T2_Train_126113.flac
/root/atadd_track2_subset_v1/train/ATADD_T2_Train_126117.flac,0,music,-,ATADD_T2_Train_126117.flac
/root/atadd_track2_subset_v1/train/ATADD_T2_Train_126125.flac,0,music,-,ATADD_T2_Train_126125.flac
/root/atadd_track2_subset_v1/train/ATADD_T2_Train_126137.flac,0,music,-,ATADD_T2_Train_126137.flac
/root/atadd_track2_subset_v1/train/ATADD_T2_Train_126154.flac,0,music,-,ATADD_T2_Train_126154.flac
/root/atadd_track2_subset_v1/train/ATADD_T2_Train_126155.flac,0,music,-,ATADD_T2_Train_126155.flac
/root/atadd_track2_subset_v1/train/ATADD_T2_Train_126156.flac,0,music,-,ATADD_T2_Train_126156.flac
/root/atadd_track2_subset_v1/train/ATADD_T2_Train_126163.flac,0,music,-,ATADD_T2_Train_126163.flac
/root/atadd_track2_subset_v1/train/ATADD_T2_Train_126164.flac,0,music,-,ATADD_T2_Train_126164.flac
/root/atadd_track2_subset_v1/train/ATADD_T2_Train_126178.flac,0,music,-,ATADD_T2_Train_126178.flac
/root/atadd_track2_subset_v1/train/ATADD_T2_Train_126179.flac,0,music,-,ATADD_T2_Train_126179.flac
/root/atadd_track2_subset_v1/train/ATADD_T2_Train_126211.flac,0,music,-,ATADD_T2_Train_126211.flac
/root/atadd_track2_subset_v1/train/ATADD_T2_Train_126212.flac,0,music,-,ATADD_T2_Train_126212.flac
/root/atadd_track2_subset_v1/train/ATADD_T2_Train_126222.flac,0,music,-,ATADD_T2_Train_126222.flac
/root/atadd_track2_subset_v1/train/ATADD_T2_Train_126227.flac,0,music,-,ATADD_T2_Train_126227.flac
/root/atadd_track2_subset_v1/train/ATADD_T2_Train_126228.flac,0,music,-,ATADD_T2_Train_126228.flac
/root/atadd_track2_subset_v1/train/ATADD_T2_Train_126229.flac,0,music,-,ATADD_T2_Train_126229.flac
/root/atadd_track2_subset_v1/train/ATADD_T2_Train_126232.flac,0,music,-,ATADD_T2_Train_126232.flac
/root/atadd_track2_subset_v1/train/ATADD_T2_Train_126238.flac,0,music,-,ATADD_T2_Train_126238.flac
/root/atadd_track2_subset_v1/train/ATADD_T2_Train_126239.flac,0,music,-,ATADD_T2_Train_126239.flac
/root/atadd_track2_subset_v1/train/ATADD_T2_Train_126250.flac,0,music,-,ATADD_T2_Train_126250.flac
/root/atadd_track2_subset_v1/train/ATADD_T2_Train_126256.flac,0,music,-,ATADD_T2_Train_126256.flac
/root/atadd_track2_subset_v1/train/ATADD_T2_Train_126272.flac,0,music,-,ATADD_T2_Train_126272.flac
/root/atadd_track2_subset_v1/train/ATADD_T2_Train_126280.flac,0,music,-,ATADD_T2_Train_126280.flac
/root/atadd_track2_subset_v1/train/ATADD_T2_Train_126289.flac,0,music,-,ATADD_T2_Train_126289.flac
/root/atadd_track2_subset_v1/train/ATADD_T2_Train_126301.flac,0,music,-,ATADD_T2_Train_126301.flac
/root/atadd_track2_subset_v1/train/ATADD_T2_Train_126303.flac,0,music,-,ATADD_T2_Train_126303.flac
/root/atadd_track2_subset_v1/train/ATADD_T2_Train_126345.flac,0,music,-,ATADD_T2_Train_126345.flac
/root/atadd_track2_subset_v1/train/ATADD_T2_Train_126350.flac,0,music,-,ATADD_T2_Train_126350.flac
/root/atadd_track2_subset_v1/train/ATADD_T2_Train_126353.flac,0,music,-,ATADD_T2_Train_126353.flac
/root/atadd_track2_subset_v1/train/ATADD_T2_Train_126354.flac,0,music,-,ATADD_T2_Train_126354.flac
/root/atadd_track2_subset_v1/train/ATADD_T2_Train_126356.flac,0,music,-,ATADD_T2_Train_126356.flac
/root/atadd_track2_subset_v1/train/ATADD_T2_Train_126359.flac,0,music,-,ATADD_T2_Train_126359.flac
/root/atadd_track2_subset_v1/train/ATADD_T2_Train_126365.flac,0,music,-,ATADD_T2_Train_126365.flac
/root/atadd_track2_subset_v1/train/ATADD_T2_Train_126367.flac,0,music,-,ATADD_T2_Train_126367.flac
/root/atadd_track2_subset_v1/train/ATADD_T2_Train_126371.flac,0,music,-,ATADD_T2_Train_126371.flac
/root/atadd_track2_subset_v1/train/ATADD_T2_Train_126378.flac,0,music,-,ATADD_T2_Train_126378.flac
/root/atadd_track2_subset_v1/train/ATADD_T2_Train_126386.flac,0,music,-,ATADD_T2_Train_126386.flac
/root/atadd_track2_subset_v1/train/ATADD_T2_Train_126395.flac,0,music,-,ATADD_T2_Train_126395.flac
/root/atadd_track2_subset_v1/train/ATADD_T2_Train_126404.flac,0,music,-,ATADD_T2_Train_126404.flac
/root/atadd_track2_subset_v1/train/ATADD_T2_Train_126407.flac,0,music,-,ATADD_T2_Train_126407.flac
/root/atadd_track2_subset_v1/train/ATADD_T2_Train_126410.flac,0,music,-,ATADD_T2_Train_126410.flac
/root/atadd_track2_subset_v1/train/ATADD_T2_Train_126428.flac,0,music,-,ATADD_T2_Train_126428.flac
/root/atadd_track2_subset_v1/train/ATADD_T2_Train_126434.flac,0,music,-,ATADD_T2_Train_126434.flac
/root/atadd_track2_subset_v1/train/ATADD_T2_Train_126450.flac,0,music,-,ATADD_T2_Train_126450.flac
/root/atadd_track2_subset_v1/train/ATADD_T2_Train_126452.flac,0,music,-,ATADD_T2_Train_126452.flac
/root/atadd_track2_subset_v1/train/ATADD_T2_Train_126461.flac,0,music,-,ATADD_T2_Train_126461.flac
/root/atadd_track2_subset_v1/train/ATADD_T2_Train_126489.flac,0,music,-,ATADD_T2_Train_126489.flac
/root/atadd_track2_subset_v1/train/ATADD_T2_Train_126492.flac,0,music,-,ATADD_T2_Train_126492.flac
/root/atadd_track2_subset_v1/train/ATADD_T2_Train_126498.flac,0,music,-,ATADD_T2_Train_126498.flac
/root/atadd_track2_subset_v1/train/ATADD_T2_Train_126527.flac,0,music,-,ATADD_T2_Train_126527.flac
/root/atadd_track2_subset_v1/train/ATADD_T2_Train_126534.flac,0,music,-,ATADD_T2_Train_126534.flac
/root/atadd_track2_subset_v1/train/ATADD_T2_Train_126536.flac,0,music,-,ATADD_T2_Train_126536.flac
/root/atadd_track2_subset_v1/train/ATADD_T2_Train_126561.flac,0,music,-,ATADD_T2_Train_126561.flac
/root/atadd_track2_subset_v1/train/ATADD_T2_Train_126569.flac,0,music,-,ATADD_T2_Train_126569.flac
/root/atadd_track2_subset_v1/train/ATADD_T2_Train_126581.flac,0,music,-,ATADD_T2_Train_126581.flac
/root/atadd_track2_subset_v1/train/ATADD_T2_Train_126588.flac,0,music,-,ATADD_T2_Train_126588.flac
/root/atadd_track2_subset_v1/train/ATADD_T2_Train_126596.flac,0,music,-,ATADD_T2_Train_126596.flac
/root/atadd_track2_subset_v1/train/ATADD_T2_Train_126600.flac,0,music,-,ATADD_T2_Train_126600.flac
/root/atadd_track2_subset_v1/train/ATADD_T2_Train_126608.flac,0,music,-,ATADD_T2_Train_126608.flac
/root/atadd_track2_subset_v1/train/ATADD_T2_Train_126633.flac,0,music,-,ATADD_T2_Train_126633.flac
/root/atadd_track2_subset_v1/train/ATADD_T2_Train_126636.flac,0,music,-,ATADD_T2_Train_126636.flac
/root/atadd_track2_subset_v1/train/ATADD_T2_Train_126638.flac,0,music,-,ATADD_T2_Train_126638.flac
/root/atadd_track2_subset_v1/train/ATADD_T2_Train_126658.flac,0,music,-,ATADD_T2_Train_126658.flac
/root/atadd_track2_subset_v1/train/ATADD_T2_Train_126662.flac,0,music,-,ATADD_T2_Train_126662.flac
/root/atadd_track2_subset_v1/train/ATADD_T2_Train_126664.flac,0,music,-,ATADD_T2_Train_126664.flac
/root/atadd_track2_subset_v1/train/ATADD_T2_Train_126669.flac,0,music,-,ATADD_T2_Train_126669.flac
/root/atadd_track2_subset_v1/train/ATADD_T2_Train_126677.flac,0,music,-,ATADD_T2_Train_126677.flac
/root/atadd_track2_subset_v1/train/ATADD_T2_Train_126680.flac,0,music,-,ATADD_T2_Train_126680.flac
/root/atadd_track2_subset_v1/train/ATADD_T2_Train_126681.flac,0,music,-,ATADD_T2_Train_126681.flac
/root/atadd_track2_subset_v1/train/ATADD_T2_Train_126698.flac,0,music,-,ATADD_T2_Train_126698.flac
/root/atadd_track2_subset_v1/train/ATADD_T2_Train_126702.flac,0,music,-,ATADD_T2_Train_126702.flac
/root/atadd_track2_subset_v1/train/ATADD_T2_Train_126710.flac,0,music,-,ATADD_T2_Train_126710.flac
/root/atadd_track2_subset_v1/train/ATADD_T2_Train_126713.flac,0,music,-,ATADD_T2_Train_126713.flac
/root/atadd_track2_subset_v1/train/ATADD_T2_Train_126733.flac,0,music,-,ATADD_T2_Train_126733.flac
/root/atadd_track2_subset_v1/train/ATADD_T2_Train_126757.flac,0,music,-,ATADD_T2_Train_126757.flac
/root/atadd_track2_subset_v1/train/ATADD_T2_Train_126763.flac,0,music,-,ATADD_T2_Train_126763.flac
/root/atadd_track2_subset_v1/train/ATADD_T2_Train_126768.flac,0,music,-,ATADD_T2_Train_126768.flac
/root/atadd_track2_subset_v1/train/ATADD_T2_Train_126775.flac,0,music,-,ATADD_T2_Train_126775.flac
/root/atadd_track2_subset_v1/train/ATADD_T2_Train_126778.flac,0,music,-,ATADD_T2_Train_126778.flac
/root/atadd_track2_subset_v1/train/ATADD_T2_Train_126790.flac,0,music,-,ATADD_T2_Train_126790.flac
/root/atadd_track2_subset_v1/train/ATADD_T2_Train_126808.flac,0,music,-,ATADD_T2_Train_126808.flac
/root/atadd_track2_subset_v1/train/ATADD_T2_Train_126839.flac,0,music,-,ATADD_T2_Train_126839.flac
/root/atadd_track2_subset_v1/train/ATADD_T2_Train_126850.flac,0,music,-,ATADD_T2_Train_126850.flac
/root/atadd_track2_subset_v1/train/ATADD_T2_Train_126851.flac,0,music,-,ATADD_T2_Train_126851.flac
/root/atadd_track2_subset_v1/train/ATADD_T2_Train_126854.flac,0,music,-,ATADD_T2_Train_126854.flac
/root/atadd_track2_subset_v1/train/ATADD_T2_Train_126858.flac,0,music,-,ATADD_T2_Train_126858.flac
/root/atadd_track2_subset_v1/train/ATADD_T2_Train_126885.flac,0,music,-,ATADD_T2_Train_126885.flac
/root/atadd_track2_subset_v1/train/ATADD_T2_Train_126891.flac,0,music,-,ATADD_T2_Train_126891.flac
/root/atadd_track2_subset_v1/train/ATADD_T2_Train_126902.flac,0,music,-,ATADD_T2_Train_126902.flac
/root/atadd_track2_subset_v1/train/ATADD_T2_Train_126904.flac,0,music,-,ATADD_T2_Train_126904.flac
/root/atadd_track2_subset_v1/train/ATADD_T2_Train_126905.flac,0,music,-,ATADD_T2_Train_126905.flac
/root/atadd_track2_subset_v1/train/ATADD_T2_Train_126926.flac,0,music,-,ATADD_T2_Train_126926.flac
/root/atadd_track2_subset_v1/train/ATADD_T2_Train_126932.flac,0,music,-,ATADD_T2_Train_126932.flac
/root/atadd_track2_subset_v1/train/ATADD_T2_Train_126952.flac,0,music,-,ATADD_T2_Train_126952.flac
/root/atadd_track2_subset_v1/train/ATADD_T2_Train_126961.flac,0,music,-,ATADD_T2_Train_126961.flac
/root/atadd_track2_subset_v1/train/ATADD_T2_Train_126973.flac,0,music,-,ATADD_T2_Train_126973.flac
/root/atadd_track2_subset_v1/train/ATADD_T2_Train_126977.flac,0,music,-,ATADD_T2_Train_126977.flac
/root/atadd_track2_subset_v1/train/ATADD_T2_Train_126981.flac,0,music,-,ATADD_T2_Train_126981.flac
/root/atadd_track2_subset_v1/train/ATADD_T2_Train_126985.flac,0,music,-,ATADD_T2_Train_126985.flac
/root/atadd_track2_subset_v1/train/ATADD_T2_Train_126993.flac,0,music,-,ATADD_T2_Train_126993.flac
/root/atadd_track2_subset_v1/train/ATADD_T2_Train_127006.flac,0,music,-,ATADD_T2_Train_127006.flac
/root/atadd_track2_subset_v1/train/ATADD_T2_Train_127036.flac,0,music,-,ATADD_T2_Train_127036.flac
/root/atadd_track2_subset_v1/train/ATADD_T2_Train_127040.flac,0,music,-,ATADD_T2_Train_127040.flac
/root/atadd_track2_subset_v1/train/ATADD_T2_Train_127047.flac,0,music,-,ATADD_T2_Train_127047.flac
/root/atadd_track2_subset_v1/train/ATADD_T2_Train_127049.flac,0,music,-,ATADD_T2_Train_127049.flac
/root/atadd_track2_subset_v1/train/ATADD_T2_Train_127060.flac,0,music,-,ATADD_T2_Train_127060.flac
/root/atadd_track2_subset_v1/train/ATADD_T2_Train_127083.flac,0,music,-,ATADD_T2_Train_127083.flac
/root/atadd_track2_subset_v1/train/ATADD_T2_Train_127118.flac,0,music,-,ATADD_T2_Train_127118.flac
/root/atadd_track2_subset_v1/train/ATADD_T2_Train_127144.flac,0,music,-,ATADD_T2_Train_127144.flac
/root/atadd_track2_subset_v1/train/ATADD_T2_Train_127149.flac,0,music,-,ATADD_T2_Train_127149.flac
/root/atadd_track2_subset_v1/train/ATADD_T2_Train_127153.flac,0,music,-,ATADD_T2_Train_127153.flac
/root/atadd_track2_subset_v1/train/ATADD_T2_Train_127188.flac,0,music,-,ATADD_T2_Train_127188.flac
/root/atadd_track2_subset_v1/train/ATADD_T2_Train_127195.flac,0,music,-,ATADD_T2_Train_127195.flac
/root/atadd_track2_subset_v1/train/ATADD_T2_Train_127201.flac,0,music,-,ATADD_T2_Train_127201.flac
/root/atadd_track2_subset_v1/train/ATADD_T2_Train_127210.flac,0,music,-,ATADD_T2_Train_127210.flac
/root/atadd_track2_subset_v1/train/ATADD_T2_Train_127229.flac,0,music,-,ATADD_T2_Train_127229.flac
/root/atadd_track2_subset_v1/train/ATADD_T2_Train_127231.flac,0,music,-,ATADD_T2_Train_127231.flac
/root/atadd_track2_subset_v1/train/ATADD_T2_Train_127252.flac,0,music,-,ATADD_T2_Train_127252.flac
/root/atadd_track2_subset_v1/train/ATADD_T2_Train_127256.flac,0,music,-,ATADD_T2_Train_127256.flac
/root/atadd_track2_subset_v1/train/ATADD_T2_Train_127257.flac,0,music,-,ATADD_T2_Train_127257.flac
/root/atadd_track2_subset_v1/train/ATADD_T2_Train_127264.flac,0,music,-,ATADD_T2_Train_127264.flac
/root/atadd_track2_subset_v1/train/ATADD_T2_Train_127279.flac,0,music,-,ATADD_T2_Train_127279.flac
/root/atadd_track2_subset_v1/train/ATADD_T2_Train_127291.flac,0,music,-,ATADD_T2_Train_127291.flac
/root/atadd_track2_subset_v1/train/ATADD_T2_Train_127301.flac,0,music,-,ATADD_T2_Train_127301.flac
/root/atadd_track2_subset_v1/train/ATADD_T2_Train_127304.flac,0,music,-,ATADD_T2_Train_127304.flac
/root/atadd_track2_subset_v1/train/ATADD_T2_Train_127312.flac,0,music,-,ATADD_T2_Train_127312.flac
/root/atadd_track2_subset_v1/train/ATADD_T2_Train_127318.flac,0,music,-,ATADD_T2_Train_127318.flac
/root/atadd_track2_subset_v1/train/ATADD_T2_Train_127328.flac,0,music,-,ATADD_T2_Train_127328.flac
/root/atadd_track2_subset_v1/train/ATADD_T2_Train_127329.flac,0,music,-,ATADD_T2_Train_127329.flac
/root/atadd_track2_subset_v1/train/ATADD_T2_Train_127331.flac,0,music,-,ATADD_T2_Train_127331.flac
/root/atadd_track2_subset_v1/train/ATADD_T2_Train_127339.flac,0,music,-,ATADD_T2_Train_127339.flac
/root/atadd_track2_subset_v1/train/ATADD_T2_Train_127350.flac,0,music,-,ATADD_T2_Train_127350.flac
/root/atadd_track2_subset_v1/train/ATADD_T2_Train_127359.flac,0,music,-,ATADD_T2_Train_127359.flac
/root/atadd_track2_subset_v1/train/ATADD_T2_Train_127370.flac,0,music,-,ATADD_T2_Train_127370.flac
/root/atadd_track2_subset_v1/train/ATADD_T2_Train_127372.flac,0,music,-,ATADD_T2_Train_127372.flac
/root/atadd_track2_subset_v1/train/ATADD_T2_Train_127376.flac,0,music,-,ATADD_T2_Train_127376.flac
/root/atadd_track2_subset_v1/train/ATADD_T2_Train_127380.flac,0,music,-,ATADD_T2_Train_127380.flac
/root/atadd_track2_subset_v1/train/ATADD_T2_Train_127384.flac,0,music,-,ATADD_T2_Train_127384.flac
/root/atadd_track2_subset_v1/train/ATADD_T2_Train_127388.flac,0,music,-,ATADD_T2_Train_127388.flac
/root/atadd_track2_subset_v1/train/ATADD_T2_Train_127393.flac,0,music,-,ATADD_T2_Train_127393.flac
/root/atadd_track2_subset_v1/train/ATADD_T2_Train_127405.flac,0,music,-,ATADD_T2_Train_127405.flac
/root/atadd_track2_subset_v1/train/ATADD_T2_Train_127409.flac,0,music,-,ATADD_T2_Train_127409.flac
/root/atadd_track2_subset_v1/train/ATADD_T2_Train_127412.flac,0,music,-,ATADD_T2_Train_127412.flac
/root/atadd_track2_subset_v1/train/ATADD_T2_Train_127413.flac,0,music,-,ATADD_T2_Train_127413.flac
/root/atadd_track2_subset_v1/train/ATADD_T2_Train_127416.flac,0,music,-,ATADD_T2_Train_127416.flac
/root/atadd_track2_subset_v1/train/ATADD_T2_Train_127427.flac,0,music,-,ATADD_T2_Train_127427.flac
/root/atadd_track2_subset_v1/train/ATADD_T2_Train_127441.flac,0,music,-,ATADD_T2_Train_127441.flac
/root/atadd_track2_subset_v1/train/ATADD_T2_Train_127449.flac,0,music,-,ATADD_T2_Train_127449.flac
/root/atadd_track2_subset_v1/train/ATADD_T2_Train_127464.flac,0,music,-,ATADD_T2_Train_127464.flac
/root/atadd_track2_subset_v1/train/ATADD_T2_Train_127467.flac,0,music,-,ATADD_T2_Train_127467.flac
/root/atadd_track2_subset_v1/train/ATADD_T2_Train_127469.flac,0,music,-,ATADD_T2_Train_127469.flac
/root/atadd_track2_subset_v1/train/ATADD_T2_Train_127475.flac,0,music,-,ATADD_T2_Train_127475.flac
/root/atadd_track2_subset_v1/train/ATADD_T2_Train_127482.flac,0,music,-,ATADD_T2_Train_127482.flac
/root/atadd_track2_subset_v1/train/ATADD_T2_Train_127483.flac,0,music,-,ATADD_T2_Train_127483.flac
/root/atadd_track2_subset_v1/train/ATADD_T2_Train_127484.flac,0,music,-,ATADD_T2_Train_127484.flac
/root/atadd_track2_subset_v1/train/ATADD_T2_Train_127496.flac,0,music,-,ATADD_T2_Train_127496.flac
/root/atadd_track2_subset_v1/train/ATADD_T2_Train_127507.flac,0,music,-,ATADD_T2_Train_127507.flac
/root/atadd_track2_subset_v1/train/ATADD_T2_Train_127515.flac,0,music,-,ATADD_T2_Train_127515.flac
/root/atadd_track2_subset_v1/train/ATADD_T2_Train_127521.flac,0,music,-,ATADD_T2_Train_127521.flac
/root/atadd_track2_subset_v1/train/ATADD_T2_Train_127532.flac,0,music,-,ATADD_T2_Train_127532.flac
/root/atadd_track2_subset_v1/train/ATADD_T2_Train_127547.flac,0,music,-,ATADD_T2_Train_127547.flac
/root/atadd_track2_subset_v1/train/ATADD_T2_Train_127563.flac,0,music,-,ATADD_T2_Train_127563.flac
/root/atadd_track2_subset_v1/train/ATADD_T2_Train_127582.flac,0,music,-,ATADD_T2_Train_127582.flac
/root/atadd_track2_subset_v1/train/ATADD_T2_Train_127583.flac,0,music,-,ATADD_T2_Train_127583.flac
/root/atadd_track2_subset_v1/train/ATADD_T2_Train_127587.flac,0,music,-,ATADD_T2_Train_127587.flac
/root/atadd_track2_subset_v1/train/ATADD_T2_Train_127592.flac,0,music,-,ATADD_T2_Train_127592.flac
/root/atadd_track2_subset_v1/train/ATADD_T2_Train_127603.flac,0,music,-,ATADD_T2_Train_127603.flac
/root/atadd_track2_subset_v1/train/ATADD_T2_Train_127604.flac,0,music,-,ATADD_T2_Train_127604.flac
/root/atadd_track2_subset_v1/train/ATADD_T2_Train_127614.flac,0,music,-,ATADD_T2_Train_127614.flac
/root/atadd_track2_subset_v1/train/ATADD_T2_Train_127623.flac,0,music,-,ATADD_T2_Train_127623.flac
/root/atadd_track2_subset_v1/train/ATADD_T2_Train_127628.flac,0,music,-,ATADD_T2_Train_127628.flac
/root/atadd_track2_subset_v1/train/ATADD_T2_Train_127635.flac,0,music,-,ATADD_T2_Train_127635.flac
/root/atadd_track2_subset_v1/train/ATADD_T2_Train_127646.flac,0,music,-,ATADD_T2_Train_127646.flac
/root/atadd_track2_subset_v1/train/ATADD_T2_Train_127648.flac,0,music,-,ATADD_T2_Train_127648.flac
/root/atadd_track2_subset_v1/train/ATADD_T2_Train_127655.flac,0,music,-,ATADD_T2_Train_127655.flac
/root/atadd_track2_subset_v1/train/ATADD_T2_Train_127663.flac,0,music,-,ATADD_T2_Train_127663.flac
/root/atadd_track2_subset_v1/train/ATADD_T2_Train_127664.flac,0,music,-,ATADD_T2_Train_127664.flac
/root/atadd_track2_subset_v1/train/ATADD_T2_Train_127679.flac,0,music,-,ATADD_T2_Train_127679.flac
/root/atadd_track2_subset_v1/train/ATADD_T2_Train_127681.flac,0,music,-,ATADD_T2_Train_127681.flac
/root/atadd_track2_subset_v1/train/ATADD_T2_Train_127694.flac,0,music,-,ATADD_T2_Train_127694.flac
/root/atadd_track2_subset_v1/train/ATADD_T2_Train_127695.flac,0,music,-,ATADD_T2_Train_127695.flac
/root/atadd_track2_subset_v1/train/ATADD_T2_Train_127700.flac,0,music,-,ATADD_T2_Train_127700.flac
/root/atadd_track2_subset_v1/train/ATADD_T2_Train_127706.flac,0,music,-,ATADD_T2_Train_127706.flac
/root/atadd_track2_subset_v1/train/ATADD_T2_Train_127707.flac,0,music,-,ATADD_T2_Train_127707.flac
/root/atadd_track2_subset_v1/train/ATADD_T2_Train_127732.flac,0,music,-,ATADD_T2_Train_127732.flac
/root/atadd_track2_subset_v1/train/ATADD_T2_Train_127733.flac,0,music,-,ATADD_T2_Train_127733.flac
/root/atadd_track2_subset_v1/train/ATADD_T2_Train_127734.flac,0,music,-,ATADD_T2_Train_127734.flac
/root/atadd_track2_subset_v1/train/ATADD_T2_Train_127745.flac,0,music,-,ATADD_T2_Train_127745.flac
/root/atadd_track2_subset_v1/train/ATADD_T2_Train_127760.flac,0,music,-,ATADD_T2_Train_127760.flac
/root/atadd_track2_subset_v1/train/ATADD_T2_Train_127770.flac,0,music,-,ATADD_T2_Train_127770.flac
/root/atadd_track2_subset_v1/train/ATADD_T2_Train_127772.flac,0,music,-,ATADD_T2_Train_127772.flac
/root/atadd_track2_subset_v1/train/ATADD_T2_Train_127775.flac,0,music,-,ATADD_T2_Train_127775.flac
/root/atadd_track2_subset_v1/train/ATADD_T2_Train_127776.flac,0,music,-,ATADD_T2_Train_127776.flac
/root/atadd_track2_subset_v1/train/ATADD_T2_Train_127777.flac,0,music,-,ATADD_T2_Train_127777.flac
/root/atadd_track2_subset_v1/train/ATADD_T2_Train_127780.flac,0,music,-,ATADD_T2_Train_127780.flac
/root/atadd_track2_subset_v1/train/ATADD_T2_Train_127801.flac,0,music,-,ATADD_T2_Train_127801.flac
/root/atadd_track2_subset_v1/train/ATADD_T2_Train_127806.flac,0,music,-,ATADD_T2_Train_127806.flac
/root/atadd_track2_subset_v1/train/ATADD_T2_Train_127809.flac,0,music,-,ATADD_T2_Train_127809.flac
/root/atadd_track2_subset_v1/train/ATADD_T2_Train_127819.flac,0,music,-,ATADD_T2_Train_127819.flac
/root/atadd_track2_subset_v1/train/ATADD_T2_Train_127826.flac,0,music,-,ATADD_T2_Train_127826.flac
/root/atadd_track2_subset_v1/train/ATADD_T2_Train_127833.flac,0,music,-,ATADD_T2_Train_127833.flac
/root/atadd_track2_subset_v1/train/ATADD_T2_Train_127834.flac,0,music,-,ATADD_T2_Train_127834.flac
/root/atadd_track2_subset_v1/train/ATADD_T2_Train_127839.flac,0,music,-,ATADD_T2_Train_127839.flac
/root/atadd_track2_subset_v1/train/ATADD_T2_Train_127842.flac,0,music,-,ATADD_T2_Train_127842.flac
/root/atadd_track2_subset_v1/train/ATADD_T2_Train_127851.flac,0,music,-,ATADD_T2_Train_127851.flac
/root/atadd_track2_subset_v1/train/ATADD_T2_Train_127861.flac,0,music,-,ATADD_T2_Train_127861.flac
/root/atadd_track2_subset_v1/train/ATADD_T2_Train_127866.flac,0,music,-,ATADD_T2_Train_127866.flac
/root/atadd_track2_subset_v1/train/ATADD_T2_Train_127869.flac,0,music,-,ATADD_T2_Train_127869.flac
/root/atadd_track2_subset_v1/train/ATADD_T2_Train_127886.flac,0,music,-,ATADD_T2_Train_127886.flac
/root/atadd_track2_subset_v1/train/ATADD_T2_Train_127890.flac,0,music,-,ATADD_T2_Train_127890.flac
/root/atadd_track2_subset_v1/train/ATADD_T2_Train_127891.flac,0,music,-,ATADD_T2_Train_127891.flac
/root/atadd_track2_subset_v1/train/ATADD_T2_Train_127892.flac,0,music,-,ATADD_T2_Train_127892.flac
/root/atadd_track2_subset_v1/train/ATADD_T2_Train_127905.flac,0,music,-,ATADD_T2_Train_127905.flac
/root/atadd_track2_subset_v1/train/ATADD_T2_Train_127907.flac,0,music,-,ATADD_T2_Train_127907.flac
/root/atadd_track2_subset_v1/train/ATADD_T2_Train_127909.flac,0,music,-,ATADD_T2_Train_127909.flac
/root/atadd_track2_subset_v1/train/ATADD_T2_Train_127917.flac,0,music,-,ATADD_T2_Train_127917.flac
/root/atadd_track2_subset_v1/train/ATADD_T2_Train_127924.flac,0,music,-,ATADD_T2_Train_127924.flac
/root/atadd_track2_subset_v1/train/ATADD_T2_Train_127927.flac,0,music,-,ATADD_T2_Train_127927.flac
/root/atadd_track2_subset_v1/train/ATADD_T2_Train_127935.flac,0,music,-,ATADD_T2_Train_127935.flac
/root/atadd_track2_subset_v1/train/ATADD_T2_Train_127946.flac,0,music,-,ATADD_T2_Train_127946.flac
/root/atadd_track2_subset_v1/train/ATADD_T2_Train_127961.flac,0,music,-,ATADD_T2_Train_127961.flac
/root/atadd_track2_subset_v1/train/ATADD_T2_Train_127964.flac,0,music,-,ATADD_T2_Train_127964.flac
/root/atadd_track2_subset_v1/train/ATADD_T2_Train_127971.flac,0,music,-,ATADD_T2_Train_127971.flac
/root/atadd_track2_subset_v1/train/ATADD_T2_Train_127992.flac,0,music,-,ATADD_T2_Train_127992.flac
/root/atadd_track2_subset_v1/train/ATADD_T2_Train_128000.flac,0,music,-,ATADD_T2_Train_128000.flac
/root/atadd_track2_subset_v1/train/ATADD_T2_Train_128010.flac,0,music,-,ATADD_T2_Train_128010.flac
/root/atadd_track2_subset_v1/train/ATADD_T2_Train_128022.flac,0,music,-,ATADD_T2_Train_128022.flac
/root/atadd_track2_subset_v1/train/ATADD_T2_Train_128046.flac,0,music,-,ATADD_T2_Train_128046.flac
/root/atadd_track2_subset_v1/train/ATADD_T2_Train_128052.flac,0,music,-,ATADD_T2_Train_128052.flac
/root/atadd_track2_subset_v1/train/ATADD_T2_Train_128056.flac,0,music,-,ATADD_T2_Train_128056.flac
/root/atadd_track2_subset_v1/train/ATADD_T2_Train_128064.flac,0,music,-,ATADD_T2_Train_128064.flac
/root/atadd_track2_subset_v1/train/ATADD_T2_Train_128073.flac,0,music,-,ATADD_T2_Train_128073.flac
/root/atadd_track2_subset_v1/train/ATADD_T2_Train_128078.flac,0,music,-,ATADD_T2_Train_128078.flac
/root/atadd_track2_subset_v1/train/ATADD_T2_Train_128092.flac,0,music,-,ATADD_T2_Train_128092.flac
/root/atadd_track2_subset_v1/train/ATADD_T2_Train_128093.flac,0,music,-,ATADD_T2_Train_128093.flac
/root/atadd_track2_subset_v1/train/ATADD_T2_Train_128097.flac,0,music,-,ATADD_T2_Train_128097.flac
/root/atadd_track2_subset_v1/train/ATADD_T2_Train_128103.flac,0,music,-,ATADD_T2_Train_128103.flac
/root/atadd_track2_subset_v1/train/ATADD_T2_Train_128107.flac,0,music,-,ATADD_T2_Train_128107.flac
/root/atadd_track2_subset_v1/train/ATADD_T2_Train_128117.flac,0,music,-,ATADD_T2_Train_128117.flac
/root/atadd_track2_subset_v1/train/ATADD_T2_Train_128125.flac,0,music,-,ATADD_T2_Train_128125.flac
/root/atadd_track2_subset_v1/train/ATADD_T2_Train_128135.flac,0,music,-,ATADD_T2_Train_128135.flac
/root/atadd_track2_subset_v1/train/ATADD_T2_Train_128139.flac,0,music,-,ATADD_T2_Train_128139.flac
/root/atadd_track2_subset_v1/train/ATADD_T2_Train_128146.flac,0,music,-,ATADD_T2_Train_128146.flac
/root/atadd_track2_subset_v1/train/ATADD_T2_Train_128169.flac,0,music,-,ATADD_T2_Train_128169.flac
/root/atadd_track2_subset_v1/train/ATADD_T2_Train_128171.flac,0,music,-,ATADD_T2_Train_128171.flac
/root/atadd_track2_subset_v1/train/ATADD_T2_Train_128180.flac,0,music,-,ATADD_T2_Train_128180.flac
/root/atadd_track2_subset_v1/train/ATADD_T2_Train_128189.flac,0,music,-,ATADD_T2_Train_128189.flac
/root/atadd_track2_subset_v1/train/ATADD_T2_Train_128190.flac,0,music,-,ATADD_T2_Train_128190.flac
/root/atadd_track2_subset_v1/train/ATADD_T2_Train_128200.flac,0,music,-,ATADD_T2_Train_128200.flac
/root/atadd_track2_subset_v1/train/ATADD_T2_Train_128204.flac,0,music,-,ATADD_T2_Train_128204.flac
/root/atadd_track2_subset_v1/train/ATADD_T2_Train_128207.flac,0,music,-,ATADD_T2_Train_128207.flac
/root/atadd_track2_subset_v1/train/ATADD_T2_Train_128211.flac,0,music,-,ATADD_T2_Train_128211.flac
/root/atadd_track2_subset_v1/train/ATADD_T2_Train_128232.flac,0,music,-,ATADD_T2_Train_128232.flac
/root/atadd_track2_subset_v1/train/ATADD_T2_Train_128243.flac,0,music,-,ATADD_T2_Train_128243.flac
/root/atadd_track2_subset_v1/train/ATADD_T2_Train_128246.flac,0,music,-,ATADD_T2_Train_128246.flac
/root/atadd_track2_subset_v1/train/ATADD_T2_Train_128260.flac,0,music,-,ATADD_T2_Train_128260.flac
/root/atadd_track2_subset_v1/train/ATADD_T2_Train_128266.flac,0,music,-,ATADD_T2_Train_128266.flac
/root/atadd_track2_subset_v1/train/ATADD_T2_Train_128282.flac,0,music,-,ATADD_T2_Train_128282.flac
/root/atadd_track2_subset_v1/train/ATADD_T2_Train_128298.flac,0,music,-,ATADD_T2_Train_128298.flac
/root/atadd_track2_subset_v1/train/ATADD_T2_Train_128302.flac,0,music,-,ATADD_T2_Train_128302.flac
/root/atadd_track2_subset_v1/train/ATADD_T2_Train_128322.flac,0,music,-,ATADD_T2_Train_128322.flac
/root/atadd_track2_subset_v1/train/ATADD_T2_Train_128352.flac,0,music,-,ATADD_T2_Train_128352.flac
/root/atadd_track2_subset_v1/train/ATADD_T2_Train_128354.flac,0,music,-,ATADD_T2_Train_128354.flac
/root/atadd_track2_subset_v1/train/ATADD_T2_Train_128356.flac,0,music,-,ATADD_T2_Train_128356.flac
/root/atadd_track2_subset_v1/train/ATADD_T2_Train_128372.flac,0,music,-,ATADD_T2_Train_128372.flac
/root/atadd_track2_subset_v1/train/ATADD_T2_Train_128379.flac,0,music,-,ATADD_T2_Train_128379.flac
/root/atadd_track2_subset_v1/train/ATADD_T2_Train_128383.flac,0,music,-,ATADD_T2_Train_128383.flac
/root/atadd_track2_subset_v1/train/ATADD_T2_Train_128387.flac,0,music,-,ATADD_T2_Train_128387.flac
/root/atadd_track2_subset_v1/train/ATADD_T2_Train_128404.flac,0,music,-,ATADD_T2_Train_128404.flac
/root/atadd_track2_subset_v1/train/ATADD_T2_Train_128412.flac,0,music,-,ATADD_T2_Train_128412.flac
/root/atadd_track2_subset_v1/train/ATADD_T2_Train_128413.flac,0,music,-,ATADD_T2_Train_128413.flac
/root/atadd_track2_subset_v1/train/ATADD_T2_Train_128425.flac,0,music,-,ATADD_T2_Train_128425.flac
/root/atadd_track2_subset_v1/train/ATADD_T2_Train_128435.flac,0,music,-,ATADD_T2_Train_128435.flac
/root/atadd_track2_subset_v1/train/ATADD_T2_Train_128437.flac,0,music,-,ATADD_T2_Train_128437.flac
/root/atadd_track2_subset_v1/train/ATADD_T2_Train_128439.flac,0,music,-,ATADD_T2_Train_128439.flac
/root/atadd_track2_subset_v1/train/ATADD_T2_Train_128451.flac,0,music,-,ATADD_T2_Train_128451.flac
/root/atadd_track2_subset_v1/train/ATADD_T2_Train_128455.flac,0,music,-,ATADD_T2_Train_128455.flac
/root/atadd_track2_subset_v1/train/ATADD_T2_Train_128459.flac,0,music,-,ATADD_T2_Train_128459.flac
/root/atadd_track2_subset_v1/train/ATADD_T2_Train_128486.flac,0,music,-,ATADD_T2_Train_128486.flac
/root/atadd_track2_subset_v1/train/ATADD_T2_Train_128490.flac,0,music,-,ATADD_T2_Train_128490.flac
/root/atadd_track2_subset_v1/train/ATADD_T2_Train_128506.flac,0,music,-,ATADD_T2_Train_128506.flac
/root/atadd_track2_subset_v1/train/ATADD_T2_Train_128520.flac,0,music,-,ATADD_T2_Train_128520.flac
/root/atadd_track2_subset_v1/train/ATADD_T2_Train_128521.flac,0,music,-,ATADD_T2_Train_128521.flac
/root/atadd_track2_subset_v1/train/ATADD_T2_Train_128529.flac,0,music,-,ATADD_T2_Train_128529.flac
/root/atadd_track2_subset_v1/train/ATADD_T2_Train_128532.flac,0,music,-,ATADD_T2_Train_128532.flac
/root/atadd_track2_subset_v1/train/ATADD_T2_Train_128537.flac,0,music,-,ATADD_T2_Train_128537.flac
/root/atadd_track2_subset_v1/train/ATADD_T2_Train_128539.flac,0,music,-,ATADD_T2_Train_128539.flac
/root/atadd_track2_subset_v1/train/ATADD_T2_Train_128540.flac,0,music,-,ATADD_T2_Train_128540.flac
/root/atadd_track2_subset_v1/train/ATADD_T2_Train_128549.flac,0,music,-,ATADD_T2_Train_128549.flac
/root/atadd_track2_subset_v1/train/ATADD_T2_Train_128553.flac,0,music,-,ATADD_T2_Train_128553.flac
/root/atadd_track2_subset_v1/train/ATADD_T2_Train_128558.flac,0,music,-,ATADD_T2_Train_128558.flac
/root/atadd_track2_subset_v1/train/ATADD_T2_Train_128567.flac,0,music,-,ATADD_T2_Train_128567.flac
/root/atadd_track2_subset_v1/train/ATADD_T2_Train_128578.flac,0,music,-,ATADD_T2_Train_128578.flac
/root/atadd_track2_subset_v1/train/ATADD_T2_Train_128599.flac,0,music,-,ATADD_T2_Train_128599.flac
/root/atadd_track2_subset_v1/train/ATADD_T2_Train_128643.flac,0,music,-,ATADD_T2_Train_128643.flac
/root/atadd_track2_subset_v1/train/ATADD_T2_Train_128648.flac,0,music,-,ATADD_T2_Train_128648.flac
/root/atadd_track2_subset_v1/train/ATADD_T2_Train_128658.flac,0,music,-,ATADD_T2_Train_128658.flac
/root/atadd_track2_subset_v1/train/ATADD_T2_Train_128665.flac,0,music,-,ATADD_T2_Train_128665.flac
/root/atadd_track2_subset_v1/train/ATADD_T2_Train_128671.flac,0,music,-,ATADD_T2_Train_128671.flac
/root/atadd_track2_subset_v1/train/ATADD_T2_Train_128672.flac,0,music,-,ATADD_T2_Train_128672.flac
/root/atadd_track2_subset_v1/train/ATADD_T2_Train_128696.flac,0,music,-,ATADD_T2_Train_128696.flac
/root/atadd_track2_subset_v1/train/ATADD_T2_Train_128698.flac,0,music,-,ATADD_T2_Train_128698.flac
/root/atadd_track2_subset_v1/train/ATADD_T2_Train_128713.flac,0,music,-,ATADD_T2_Train_128713.flac
/root/atadd_track2_subset_v1/train/ATADD_T2_Train_128727.flac,0,music,-,ATADD_T2_Train_128727.flac
/root/atadd_track2_subset_v1/train/ATADD_T2_Train_128728.flac,0,music,-,ATADD_T2_Train_128728.flac
/root/atadd_track2_subset_v1/train/ATADD_T2_Train_128745.flac,0,music,-,ATADD_T2_Train_128745.flac
/root/atadd_track2_subset_v1/train/ATADD_T2_Train_128758.flac,0,music,-,ATADD_T2_Train_128758.flac
/root/atadd_track2_subset_v1/train/ATADD_T2_Train_128759.flac,0,music,-,ATADD_T2_Train_128759.flac
/root/atadd_track2_subset_v1/train/ATADD_T2_Train_128760.flac,0,music,-,ATADD_T2_Train_128760.flac
/root/atadd_track2_subset_v1/train/ATADD_T2_Train_128761.flac,0,music,-,ATADD_T2_Train_128761.flac
/root/atadd_track2_subset_v1/train/ATADD_T2_Train_128762.flac,0,music,-,ATADD_T2_Train_128762.flac
/root/atadd_track2_subset_v1/train/ATADD_T2_Train_128774.flac,0,music,-,ATADD_T2_Train_128774.flac
/root/atadd_track2_subset_v1/train/ATADD_T2_Train_128781.flac,0,music,-,ATADD_T2_Train_128781.flac
/root/atadd_track2_subset_v1/train/ATADD_T2_Train_128788.flac,0,music,-,ATADD_T2_Train_128788.flac
/root/atadd_track2_subset_v1/train/ATADD_T2_Train_128791.flac,0,music,-,ATADD_T2_Train_128791.flac
/root/atadd_track2_subset_v1/train/ATADD_T2_Train_128801.flac,0,music,-,ATADD_T2_Train_128801.flac
/root/atadd_track2_subset_v1/train/ATADD_T2_Train_128814.flac,0,music,-,ATADD_T2_Train_128814.flac
/root/atadd_track2_subset_v1/train/ATADD_T2_Train_128815.flac,0,music,-,ATADD_T2_Train_128815.flac
/root/atadd_track2_subset_v1/train/ATADD_T2_Train_128819.flac,0,music,-,ATADD_T2_Train_128819.flac
/root/atadd_track2_subset_v1/train/ATADD_T2_Train_128825.flac,0,music,-,ATADD_T2_Train_128825.flac
/root/atadd_track2_subset_v1/train/ATADD_T2_Train_128849.flac,0,music,-,ATADD_T2_Train_128849.flac
/root/atadd_track2_subset_v1/train/ATADD_T2_Train_128857.flac,0,music,-,ATADD_T2_Train_128857.flac
/root/atadd_track2_subset_v1/train/ATADD_T2_Train_128869.flac,0,music,-,ATADD_T2_Train_128869.flac
/root/atadd_track2_subset_v1/train/ATADD_T2_Train_128891.flac,0,music,-,ATADD_T2_Train_128891.flac
/root/atadd_track2_subset_v1/train/ATADD_T2_Train_128898.flac,0,music,-,ATADD_T2_Train_128898.flac
/root/atadd_track2_subset_v1/train/ATADD_T2_Train_128901.flac,0,music,-,ATADD_T2_Train_128901.flac
/root/atadd_track2_subset_v1/train/ATADD_T2_Train_128925.flac,0,music,-,ATADD_T2_Train_128925.flac
/root/atadd_track2_subset_v1/train/ATADD_T2_Train_128927.flac,0,music,-,ATADD_T2_Train_128927.flac
/root/atadd_track2_subset_v1/train/ATADD_T2_Train_128928.flac,0,music,-,ATADD_T2_Train_128928.flac
/root/atadd_track2_subset_v1/train/ATADD_T2_Train_128944.flac,0,music,-,ATADD_T2_Train_128944.flac
/root/atadd_track2_subset_v1/train/ATADD_T2_Train_128955.flac,0,music,-,ATADD_T2_Train_128955.flac
/root/atadd_track2_subset_v1/train/ATADD_T2_Train_128967.flac,0,music,-,ATADD_T2_Train_128967.flac
/root/atadd_track2_subset_v1/train/ATADD_T2_Train_128971.flac,0,music,-,ATADD_T2_Train_128971.flac
/root/atadd_track2_subset_v1/train/ATADD_T2_Train_128983.flac,0,music,-,ATADD_T2_Train_128983.flac
/root/atadd_track2_subset_v1/train/ATADD_T2_Train_128984.flac,0,music,-,ATADD_T2_Train_128984.flac
/root/atadd_track2_subset_v1/train/ATADD_T2_Train_128986.flac,0,music,-,ATADD_T2_Train_128986.flac
/root/atadd_track2_subset_v1/train/ATADD_T2_Train_129002.flac,0,music,-,ATADD_T2_Train_129002.flac
/root/atadd_track2_subset_v1/train/ATADD_T2_Train_129005.flac,0,music,-,ATADD_T2_Train_129005.flac
/root/atadd_track2_subset_v1/train/ATADD_T2_Train_129013.flac,0,music,-,ATADD_T2_Train_129013.flac
/root/atadd_track2_subset_v1/train/ATADD_T2_Train_129022.flac,0,music,-,ATADD_T2_Train_129022.flac
/root/atadd_track2_subset_v1/train/ATADD_T2_Train_129024.flac,0,music,-,ATADD_T2_Train_129024.flac
/root/atadd_track2_subset_v1/train/ATADD_T2_Train_129027.flac,0,music,-,ATADD_T2_Train_129027.flac
/root/atadd_track2_subset_v1/train/ATADD_T2_Train_129034.flac,0,music,-,ATADD_T2_Train_129034.flac
/root/atadd_track2_subset_v1/train/ATADD_T2_Train_129037.flac,0,music,-,ATADD_T2_Train_129037.flac
/root/atadd_track2_subset_v1/train/ATADD_T2_Train_129038.flac,0,music,-,ATADD_T2_Train_129038.flac
/root/atadd_track2_subset_v1/train/ATADD_T2_Train_129042.flac,0,music,-,ATADD_T2_Train_129042.flac
/root/atadd_track2_subset_v1/train/ATADD_T2_Train_129048.flac,0,music,-,ATADD_T2_Train_129048.flac
/root/atadd_track2_subset_v1/train/ATADD_T2_Train_129050.flac,0,music,-,ATADD_T2_Train_129050.flac
/root/atadd_track2_subset_v1/train/ATADD_T2_Train_129058.flac,0,music,-,ATADD_T2_Train_129058.flac
/root/atadd_track2_subset_v1/train/ATADD_T2_Train_129074.flac,0,music,-,ATADD_T2_Train_129074.flac
/root/atadd_track2_subset_v1/train/ATADD_T2_Train_129087.flac,0,music,-,ATADD_T2_Train_129087.flac
/root/atadd_track2_subset_v1/train/ATADD_T2_Train_129106.flac,0,music,-,ATADD_T2_Train_129106.flac
/root/atadd_track2_subset_v1/train/ATADD_T2_Train_129108.flac,0,music,-,ATADD_T2_Train_129108.flac
/root/atadd_track2_subset_v1/train/ATADD_T2_Train_129132.flac,0,music,-,ATADD_T2_Train_129132.flac
/root/atadd_track2_subset_v1/train/ATADD_T2_Train_129133.flac,0,music,-,ATADD_T2_Train_129133.flac
/root/atadd_track2_subset_v1/train/ATADD_T2_Train_129135.flac,0,music,-,ATADD_T2_Train_129135.flac
/root/atadd_track2_subset_v1/train/ATADD_T2_Train_129140.flac,0,music,-,ATADD_T2_Train_129140.flac
/root/atadd_track2_subset_v1/train/ATADD_T2_Train_129141.flac,0,music,-,ATADD_T2_Train_129141.flac
/root/atadd_track2_subset_v1/train/ATADD_T2_Train_129146.flac,0,music,-,ATADD_T2_Train_129146.flac
/root/atadd_track2_subset_v1/train/ATADD_T2_Train_129157.flac,0,music,-,ATADD_T2_Train_129157.flac
/root/atadd_track2_subset_v1/train/ATADD_T2_Train_129158.flac,0,music,-,ATADD_T2_Train_129158.flac
/root/atadd_track2_subset_v1/train/ATADD_T2_Train_129159.flac,0,music,-,ATADD_T2_Train_129159.flac
/root/atadd_track2_subset_v1/train/ATADD_T2_Train_129180.flac,0,music,-,ATADD_T2_Train_129180.flac
/root/atadd_track2_subset_v1/train/ATADD_T2_Train_129182.flac,0,music,-,ATADD_T2_Train_129182.flac
/root/atadd_track2_subset_v1/train/ATADD_T2_Train_129193.flac,0,music,-,ATADD_T2_Train_129193.flac
/root/atadd_track2_subset_v1/train/ATADD_T2_Train_129196.flac,0,music,-,ATADD_T2_Train_129196.flac
/root/atadd_track2_subset_v1/train/ATADD_T2_Train_129198.flac,0,music,-,ATADD_T2_Train_129198.flac
/root/atadd_track2_subset_v1/train/ATADD_T2_Train_129200.flac,0,music,-,ATADD_T2_Train_129200.flac
/root/atadd_track2_subset_v1/train/ATADD_T2_Train_129219.flac,0,music,-,ATADD_T2_Train_129219.flac
/root/atadd_track2_subset_v1/train/ATADD_T2_Train_129222.flac,0,music,-,ATADD_T2_Train_129222.flac
/root/atadd_track2_subset_v1/train/ATADD_T2_Train_129224.flac,0,music,-,ATADD_T2_Train_129224.flac
/root/atadd_track2_subset_v1/train/ATADD_T2_Train_129225.flac,0,music,-,ATADD_T2_Train_129225.flac
/root/atadd_track2_subset_v1/train/ATADD_T2_Train_129227.flac,0,music,-,ATADD_T2_Train_129227.flac
/root/atadd_track2_subset_v1/train/ATADD_T2_Train_129244.flac,0,music,-,ATADD_T2_Train_129244.flac
/root/atadd_track2_subset_v1/train/ATADD_T2_Train_129252.flac,0,music,-,ATADD_T2_Train_129252.flac
/root/atadd_track2_subset_v1/train/ATADD_T2_Train_129255.flac,0,music,-,ATADD_T2_Train_129255.flac
/root/atadd_track2_subset_v1/train/ATADD_T2_Train_129261.flac,0,music,-,ATADD_T2_Train_129261.flac
/root/atadd_track2_subset_v1/train/ATADD_T2_Train_129262.flac,0,music,-,ATADD_T2_Train_129262.flac
/root/atadd_track2_subset_v1/train/ATADD_T2_Train_129265.flac,0,music,-,ATADD_T2_Train_129265.flac
/root/atadd_track2_subset_v1/train/ATADD_T2_Train_129266.flac,0,music,-,ATADD_T2_Train_129266.flac
/root/atadd_track2_subset_v1/train/ATADD_T2_Train_129268.flac,0,music,-,ATADD_T2_Train_129268.flac
/root/atadd_track2_subset_v1/train/ATADD_T2_Train_129270.flac,0,music,-,ATADD_T2_Train_129270.flac
/root/atadd_track2_subset_v1/train/ATADD_T2_Train_129278.flac,0,music,-,ATADD_T2_Train_129278.flac
/root/atadd_track2_subset_v1/train/ATADD_T2_Train_129284.flac,0,music,-,ATADD_T2_Train_129284.flac
/root/atadd_track2_subset_v1/train/ATADD_T2_Train_129290.flac,0,music,-,ATADD_T2_Train_129290.flac
/root/atadd_track2_subset_v1/train/ATADD_T2_Train_129292.flac,0,music,-,ATADD_T2_Train_129292.flac
/root/atadd_track2_subset_v1/train/ATADD_T2_Train_129295.flac,0,music,-,ATADD_T2_Train_129295.flac
/root/atadd_track2_subset_v1/train/ATADD_T2_Train_129316.flac,0,music,-,ATADD_T2_Train_129316.flac
/root/atadd_track2_subset_v1/train/ATADD_T2_Train_129329.flac,0,music,-,ATADD_T2_Train_129329.flac
/root/atadd_track2_subset_v1/train/ATADD_T2_Train_129337.flac,0,music,-,ATADD_T2_Train_129337.flac
/root/atadd_track2_subset_v1/train/ATADD_T2_Train_129363.flac,0,music,-,ATADD_T2_Train_129363.flac
/root/atadd_track2_subset_v1/train/ATADD_T2_Train_129368.flac,0,music,-,ATADD_T2_Train_129368.flac
/root/atadd_track2_subset_v1/train/ATADD_T2_Train_129374.flac,0,music,-,ATADD_T2_Train_129374.flac
/root/atadd_track2_subset_v1/train/ATADD_T2_Train_129376.flac,0,music,-,ATADD_T2_Train_129376.flac
/root/atadd_track2_subset_v1/train/ATADD_T2_Train_129382.flac,0,music,-,ATADD_T2_Train_129382.flac
/root/atadd_track2_subset_v1/train/ATADD_T2_Train_129383.flac,0,music,-,ATADD_T2_Train_129383.flac
/root/atadd_track2_subset_v1/train/ATADD_T2_Train_129386.flac,0,music,-,ATADD_T2_Train_129386.flac
/root/atadd_track2_subset_v1/train/ATADD_T2_Train_129410.flac,0,music,-,ATADD_T2_Train_129410.flac
/root/atadd_track2_subset_v1/train/ATADD_T2_Train_129413.flac,0,music,-,ATADD_T2_Train_129413.flac
/root/atadd_track2_subset_v1/train/ATADD_T2_Train_129418.flac,0,music,-,ATADD_T2_Train_129418.flac
/root/atadd_track2_subset_v1/train/ATADD_T2_Train_129424.flac,0,music,-,ATADD_T2_Train_129424.flac
/root/atadd_track2_subset_v1/train/ATADD_T2_Train_129427.flac,0,music,-,ATADD_T2_Train_129427.flac
/root/atadd_track2_subset_v1/train/ATADD_T2_Train_129431.flac,0,music,-,ATADD_T2_Train_129431.flac
/root/atadd_track2_subset_v1/train/ATADD_T2_Train_129436.flac,0,music,-,ATADD_T2_Train_129436.flac
/root/atadd_track2_subset_v1/train/ATADD_T2_Train_129437.flac,0,music,-,ATADD_T2_Train_129437.flac
/root/atadd_track2_subset_v1/train/ATADD_T2_Train_129444.flac,0,music,-,ATADD_T2_Train_129444.flac
/root/atadd_track2_subset_v1/train/ATADD_T2_Train_129451.flac,0,music,-,ATADD_T2_Train_129451.flac
/root/atadd_track2_subset_v1/train/ATADD_T2_Train_129461.flac,0,music,-,ATADD_T2_Train_129461.flac
/root/atadd_track2_subset_v1/train/ATADD_T2_Train_129465.flac,0,music,-,ATADD_T2_Train_129465.flac
/root/atadd_track2_subset_v1/train/ATADD_T2_Train_129473.flac,0,music,-,ATADD_T2_Train_129473.flac
/root/atadd_track2_subset_v1/train/ATADD_T2_Train_129474.flac,0,music,-,ATADD_T2_Train_129474.flac
/root/atadd_track2_subset_v1/train/ATADD_T2_Train_129485.flac,0,music,-,ATADD_T2_Train_129485.flac
/root/atadd_track2_subset_v1/train/ATADD_T2_Train_129492.flac,0,music,-,ATADD_T2_Train_129492.flac
/root/atadd_track2_subset_v1/train/ATADD_T2_Train_129498.flac,0,music,-,ATADD_T2_Train_129498.flac
/root/atadd_track2_subset_v1/train/ATADD_T2_Train_129499.flac,0,music,-,ATADD_T2_Train_129499.flac
/root/atadd_track2_subset_v1/train/ATADD_T2_Train_129515.flac,0,music,-,ATADD_T2_Train_129515.flac
/root/atadd_track2_subset_v1/train/ATADD_T2_Train_129526.flac,0,music,-,ATADD_T2_Train_129526.flac
/root/atadd_track2_subset_v1/train/ATADD_T2_Train_129530.flac,0,music,-,ATADD_T2_Train_129530.flac
/root/atadd_track2_subset_v1/train/ATADD_T2_Train_129560.flac,0,music,-,ATADD_T2_Train_129560.flac
/root/atadd_track2_subset_v1/train/ATADD_T2_Train_129575.flac,0,music,-,ATADD_T2_Train_129575.flac
/root/atadd_track2_subset_v1/train/ATADD_T2_Train_129579.flac,0,music,-,ATADD_T2_Train_129579.flac
/root/atadd_track2_subset_v1/train/ATADD_T2_Train_129584.flac,0,music,-,ATADD_T2_Train_129584.flac
/root/atadd_track2_subset_v1/train/ATADD_T2_Train_129631.flac,0,music,-,ATADD_T2_Train_129631.flac
/root/atadd_track2_subset_v1/train/ATADD_T2_Train_129648.flac,0,music,-,ATADD_T2_Train_129648.flac
/root/atadd_track2_subset_v1/train/ATADD_T2_Train_129663.flac,0,music,-,ATADD_T2_Train_129663.flac
/root/atadd_track2_subset_v1/train/ATADD_T2_Train_129667.flac,0,music,-,ATADD_T2_Train_129667.flac
/root/atadd_track2_subset_v1/train/ATADD_T2_Train_129690.flac,0,music,-,ATADD_T2_Train_129690.flac
/root/atadd_track2_subset_v1/train/ATADD_T2_Train_129696.flac,0,music,-,ATADD_T2_Train_129696.flac
/root/atadd_track2_subset_v1/train/ATADD_T2_Train_129726.flac,1,music,MusicGen,ATADD_T2_Train_129726.flac
/root/atadd_track2_subset_v1/train/ATADD_T2_Train_129731.flac,1,music,MusicGen,ATADD_T2_Train_129731.flac
/root/atadd_track2_subset_v1/train/ATADD_T2_Train_129768.flac,1,music,MusicGen,ATADD_T2_Train_129768.flac
/root/atadd_track2_subset_v1/train/ATADD_T2_Train_129783.flac,1,music,MusicGen,ATADD_T2_Train_129783.flac
/root/atadd_track2_subset_v1/train/ATADD_T2_Train_129819.flac,1,music,MusicGen,ATADD_T2_Train_129819.flac
/root/atadd_track2_subset_v1/train/ATADD_T2_Train_129829.flac,1,music,MusicGen,ATADD_T2_Train_129829.flac
/root/atadd_track2_subset_v1/train/ATADD_T2_Train_129894.flac,1,music,MusicGen,ATADD_T2_Train_129894.flac
/root/atadd_track2_subset_v1/train/ATADD_T2_Train_129906.flac,1,music,MusicGen,ATADD_T2_Train_129906.flac
/root/atadd_track2_subset_v1/train/ATADD_T2_Train_129925.flac,1,music,MusicGen,ATADD_T2_Train_129925.flac
/root/atadd_track2_subset_v1/train/ATADD_T2_Train_129948.flac,1,music,MusicGen,ATADD_T2_Train_129948.flac
/root/atadd_track2_subset_v1/train/ATADD_T2_Train_129969.flac,1,music,MusicGen,ATADD_T2_Train_129969.flac
/root/atadd_track2_subset_v1/train/ATADD_T2_Train_130018.flac,1,music,MusicGen,ATADD_T2_Train_130018.flac
/root/atadd_track2_subset_v1/train/ATADD_T2_Train_130029.flac,1,music,MusicGen,ATADD_T2_Train_130029.flac
/root/atadd_track2_subset_v1/train/ATADD_T2_Train_130089.flac,1,music,MusicGen,ATADD_T2_Train_130089.flac
/root/atadd_track2_subset_v1/train/ATADD_T2_Train_130196.flac,1,music,MusicGen,ATADD_T2_Train_130196.flac
/root/atadd_track2_subset_v1/train/ATADD_T2_Train_130351.flac,1,music,MusicGen,ATADD_T2_Train_130351.flac
/root/atadd_track2_subset_v1/train/ATADD_T2_Train_130353.flac,1,music,MusicGen,ATADD_T2_Train_130353.flac
/root/atadd_track2_subset_v1/train/ATADD_T2_Train_130402.flac,1,music,MusicGen,ATADD_T2_Train_130402.flac
/root/atadd_track2_subset_v1/train/ATADD_T2_Train_130488.flac,1,music,MusicGen,ATADD_T2_Train_130488.flac
/root/atadd_track2_subset_v1/train/ATADD_T2_Train_130513.flac,1,music,MusicGen,ATADD_T2_Train_130513.flac
/root/atadd_track2_subset_v1/train/ATADD_T2_Train_130525.flac,1,music,MusicGen,ATADD_T2_Train_130525.flac
/root/atadd_track2_subset_v1/train/ATADD_T2_Train_130532.flac,1,music,MusicGen,ATADD_T2_Train_130532.flac
/root/atadd_track2_subset_v1/train/ATADD_T2_Train_130582.flac,1,music,MusicGen,ATADD_T2_Train_130582.flac
/root/atadd_track2_subset_v1/train/ATADD_T2_Train_130617.flac,1,music,MusicGen,ATADD_T2_Train_130617.flac
/root/atadd_track2_subset_v1/train/ATADD_T2_Train_130664.flac,1,music,MusicGen,ATADD_T2_Train_130664.flac
/root/atadd_track2_subset_v1/train/ATADD_T2_Train_130689.flac,1,music,MusicGen,ATADD_T2_Train_130689.flac
/root/atadd_track2_subset_v1/train/ATADD_T2_Train_130742.flac,1,music,MusicGen,ATADD_T2_Train_130742.flac
/root/atadd_track2_subset_v1/train/ATADD_T2_Train_130754.flac,1,music,MusicGen,ATADD_T2_Train_130754.flac
/root/atadd_track2_subset_v1/train/ATADD_T2_Train_130764.flac,1,music,MusicGen,ATADD_T2_Train_130764.flac
/root/atadd_track2_subset_v1/train/ATADD_T2_Train_130893.flac,1,music,MusicGen,ATADD_T2_Train_130893.flac
/root/atadd_track2_subset_v1/train/ATADD_T2_Train_130966.flac,1,music,MusicGen,ATADD_T2_Train_130966.flac
/root/atadd_track2_subset_v1/train/ATADD_T2_Train_130981.flac,1,music,MusicGen,ATADD_T2_Train_130981.flac
/root/atadd_track2_subset_v1/train/ATADD_T2_Train_131015.flac,1,music,MusicGen,ATADD_T2_Train_131015.flac
/root/atadd_track2_subset_v1/train/ATADD_T2_Train_131020.flac,1,music,MusicGen,ATADD_T2_Train_131020.flac
/root/atadd_track2_subset_v1/train/ATADD_T2_Train_131083.flac,1,music,MusicGen,ATADD_T2_Train_131083.flac
/root/atadd_track2_subset_v1/train/ATADD_T2_Train_131136.flac,1,music,MusicGen,ATADD_T2_Train_131136.flac
/root/atadd_track2_subset_v1/train/ATADD_T2_Train_131157.flac,1,music,MusicGen,ATADD_T2_Train_131157.flac
/root/atadd_track2_subset_v1/train/ATADD_T2_Train_131167.flac,1,music,MusicGen,ATADD_T2_Train_131167.flac
/root/atadd_track2_subset_v1/train/ATADD_T2_Train_131214.flac,1,music,MusicGen,ATADD_T2_Train_131214.flac
/root/atadd_track2_subset_v1/train/ATADD_T2_Train_131227.flac,1,music,MusicGen,ATADD_T2_Train_131227.flac
/root/atadd_track2_subset_v1/train/ATADD_T2_Train_131256.flac,1,music,MusicGen,ATADD_T2_Train_131256.flac
/root/atadd_track2_subset_v1/train/ATADD_T2_Train_131356.flac,1,music,MusicGen,ATADD_T2_Train_131356.flac
/root/atadd_track2_subset_v1/train/ATADD_T2_Train_131358.flac,1,music,MusicGen,ATADD_T2_Train_131358.flac
/root/atadd_track2_subset_v1/train/ATADD_T2_Train_131370.flac,1,music,MusicGen,ATADD_T2_Train_131370.flac
/root/atadd_track2_subset_v1/train/ATADD_T2_Train_131377.flac,1,music,MusicGen,ATADD_T2_Train_131377.flac
/root/atadd_track2_subset_v1/train/ATADD_T2_Train_131488.flac,1,music,MusicGen,ATADD_T2_Train_131488.flac
/root/atadd_track2_subset_v1/train/ATADD_T2_Train_131545.flac,1,music,MusicGen,ATADD_T2_Train_131545.flac
/root/atadd_track2_subset_v1/train/ATADD_T2_Train_131576.flac,1,music,MusicGen,ATADD_T2_Train_131576.flac
/root/atadd_track2_subset_v1/train/ATADD_T2_Train_131586.flac,1,music,MusicGen,ATADD_T2_Train_131586.flac
/root/atadd_track2_subset_v1/train/ATADD_T2_Train_131611.flac,1,music,MusicGen,ATADD_T2_Train_131611.flac
/root/atadd_track2_subset_v1/train/ATADD_T2_Train_131629.flac,1,music,MusicGen,ATADD_T2_Train_131629.flac
/root/atadd_track2_subset_v1/train/ATADD_T2_Train_131634.flac,1,music,MusicGen,ATADD_T2_Train_131634.flac
/root/atadd_track2_subset_v1/train/ATADD_T2_Train_131642.flac,1,music,MusicGen,ATADD_T2_Train_131642.flac
/root/atadd_track2_subset_v1/train/ATADD_T2_Train_131699.flac,1,music,MusicGen,ATADD_T2_Train_131699.flac
/root/atadd_track2_subset_v1/train/ATADD_T2_Train_131710.flac,1,music,MusicGen,ATADD_T2_Train_131710.flac
/root/atadd_track2_subset_v1/train/ATADD_T2_Train_131753.flac,1,music,MusicGen,ATADD_T2_Train_131753.flac
/root/atadd_track2_subset_v1/train/ATADD_T2_Train_131794.flac,1,music,MusicGen,ATADD_T2_Train_131794.flac
/root/atadd_track2_subset_v1/train/ATADD_T2_Train_131811.flac,1,music,MusicGen,ATADD_T2_Train_131811.flac
/root/atadd_track2_subset_v1/train/ATADD_T2_Train_131817.flac,1,music,MusicGen,ATADD_T2_Train_131817.flac
/root/atadd_track2_subset_v1/train/ATADD_T2_Train_131881.flac,1,music,MusicGen,ATADD_T2_Train_131881.flac
/root/atadd_track2_subset_v1/train/ATADD_T2_Train_131921.flac,1,music,MusicGen,ATADD_T2_Train_131921.flac
/root/atadd_track2_subset_v1/train/ATADD_T2_Train_131939.flac,1,music,MusicGen,ATADD_T2_Train_131939.flac
/root/atadd_track2_subset_v1/train/ATADD_T2_Train_131958.flac,1,music,MusicGen,ATADD_T2_Train_131958.flac
/root/atadd_track2_subset_v1/train/ATADD_T2_Train_131967.flac,1,music,MusicGen,ATADD_T2_Train_131967.flac
/root/atadd_track2_subset_v1/train/ATADD_T2_Train_131980.flac,1,music,MusicGen,ATADD_T2_Train_131980.flac
/root/atadd_track2_subset_v1/train/ATADD_T2_Train_131987.flac,1,music,MusicGen,ATADD_T2_Train_131987.flac
/root/atadd_track2_subset_v1/train/ATADD_T2_Train_131992.flac,1,music,MusicGen,ATADD_T2_Train_131992.flac
/root/atadd_track2_subset_v1/train/ATADD_T2_Train_132005.flac,1,music,MusicGen,ATADD_T2_Train_132005.flac
/root/atadd_track2_subset_v1/train/ATADD_T2_Train_132034.flac,1,music,MusicGen,ATADD_T2_Train_132034.flac
/root/atadd_track2_subset_v1/train/ATADD_T2_Train_132039.flac,1,music,MusicGen,ATADD_T2_Train_132039.flac
/root/atadd_track2_subset_v1/train/ATADD_T2_Train_132052.flac,1,music,MusicGen,ATADD_T2_Train_132052.flac
/root/atadd_track2_subset_v1/train/ATADD_T2_Train_132090.flac,1,music,MusicGen,ATADD_T2_Train_132090.flac
/root/atadd_track2_subset_v1/train/ATADD_T2_Train_132099.flac,1,music,MusicGen,ATADD_T2_Train_132099.flac
/root/atadd_track2_subset_v1/train/ATADD_T2_Train_132113.flac,1,music,MusicGen,ATADD_T2_Train_132113.flac
/root/atadd_track2_subset_v1/train/ATADD_T2_Train_132178.flac,1,music,MusicGen,ATADD_T2_Train_132178.flac
/root/atadd_track2_subset_v1/train/ATADD_T2_Train_132183.flac,1,music,MusicGen,ATADD_T2_Train_132183.flac
/root/atadd_track2_subset_v1/train/ATADD_T2_Train_132251.flac,1,music,MusicGen,ATADD_T2_Train_132251.flac
/root/atadd_track2_subset_v1/train/ATADD_T2_Train_132293.flac,1,music,MusicGen,ATADD_T2_Train_132293.flac
/root/atadd_track2_subset_v1/train/ATADD_T2_Train_132295.flac,1,music,MusicGen,ATADD_T2_Train_132295.flac
/root/atadd_track2_subset_v1/train/ATADD_T2_Train_132327.flac,1,music,MusicGen,ATADD_T2_Train_132327.flac
/root/atadd_track2_subset_v1/train/ATADD_T2_Train_132338.flac,1,music,MusicGen,ATADD_T2_Train_132338.flac
/root/atadd_track2_subset_v1/train/ATADD_T2_Train_132353.flac,1,music,MusicGen,ATADD_T2_Train_132353.flac
/root/atadd_track2_subset_v1/train/ATADD_T2_Train_132399.flac,1,music,MusicGen,ATADD_T2_Train_132399.flac
/root/atadd_track2_subset_v1/train/ATADD_T2_Train_132491.flac,1,music,MusicGen,ATADD_T2_Train_132491.flac
/root/atadd_track2_subset_v1/train/ATADD_T2_Train_132519.flac,1,music,MusicGen,ATADD_T2_Train_132519.flac
/root/atadd_track2_subset_v1/train/ATADD_T2_Train_132561.flac,1,music,MusicGen,ATADD_T2_Train_132561.flac
/root/atadd_track2_subset_v1/train/ATADD_T2_Train_132691.flac,1,music,MusicGen,ATADD_T2_Train_132691.flac
/root/atadd_track2_subset_v1/train/ATADD_T2_Train_132737.flac,1,music,MusicGen,ATADD_T2_Train_132737.flac
/root/atadd_track2_subset_v1/train/ATADD_T2_Train_132752.flac,1,music,MusicGen,ATADD_T2_Train_132752.flac
/root/atadd_track2_subset_v1/train/ATADD_T2_Train_132769.flac,1,music,MusicGen,ATADD_T2_Train_132769.flac
/root/atadd_track2_subset_v1/train/ATADD_T2_Train_132773.flac,1,music,MusicGen,ATADD_T2_Train_132773.flac
/root/atadd_track2_subset_v1/train/ATADD_T2_Train_132783.flac,1,music,MusicGen,ATADD_T2_Train_132783.flac
/root/atadd_track2_subset_v1/train/ATADD_T2_Train_132803.flac,1,music,MusicGen,ATADD_T2_Train_132803.flac
/root/atadd_track2_subset_v1/train/ATADD_T2_Train_132882.flac,1,music,MusicGen,ATADD_T2_Train_132882.flac
/root/atadd_track2_subset_v1/train/ATADD_T2_Train_132889.flac,1,music,MusicGen,ATADD_T2_Train_132889.flac
/root/atadd_track2_subset_v1/train/ATADD_T2_Train_132921.flac,1,music,MusicGen,ATADD_T2_Train_132921.flac
/root/atadd_track2_subset_v1/train/ATADD_T2_Train_132937.flac,1,music,MusicGen,ATADD_T2_Train_132937.flac
/root/atadd_track2_subset_v1/train/ATADD_T2_Train_132989.flac,1,music,MusicGen,ATADD_T2_Train_132989.flac
/root/atadd_track2_subset_v1/train/ATADD_T2_Train_133022.flac,1,music,MusicGen,ATADD_T2_Train_133022.flac
/root/atadd_track2_subset_v1/train/ATADD_T2_Train_133062.flac,1,music,MusicGen,ATADD_T2_Train_133062.flac
/root/atadd_track2_subset_v1/train/ATADD_T2_Train_133071.flac,1,music,MusicGen,ATADD_T2_Train_133071.flac
/root/atadd_track2_subset_v1/train/ATADD_T2_Train_133081.flac,1,music,MusicGen,ATADD_T2_Train_133081.flac
/root/atadd_track2_subset_v1/train/ATADD_T2_Train_133107.flac,1,music,MusicGen,ATADD_T2_Train_133107.flac
/root/atadd_track2_subset_v1/train/ATADD_T2_Train_133199.flac,1,music,MusicGen,ATADD_T2_Train_133199.flac
/root/atadd_track2_subset_v1/train/ATADD_T2_Train_133205.flac,1,music,MusicGen,ATADD_T2_Train_133205.flac
/root/atadd_track2_subset_v1/train/ATADD_T2_Train_133220.flac,1,music,MusicGen,ATADD_T2_Train_133220.flac
/root/atadd_track2_subset_v1/train/ATADD_T2_Train_133255.flac,1,music,MusicGen,ATADD_T2_Train_133255.flac
/root/atadd_track2_subset_v1/train/ATADD_T2_Train_133265.flac,1,music,MusicGen,ATADD_T2_Train_133265.flac
/root/atadd_track2_subset_v1/train/ATADD_T2_Train_133293.flac,1,music,MusicGen,ATADD_T2_Train_133293.flac
/root/atadd_track2_subset_v1/train/ATADD_T2_Train_133305.flac,1,music,MusicGen,ATADD_T2_Train_133305.flac
/root/atadd_track2_subset_v1/train/ATADD_T2_Train_133361.flac,1,music,MusicGen,ATADD_T2_Train_133361.flac
/root/atadd_track2_subset_v1/train/ATADD_T2_Train_133368.flac,1,music,MusicGen,ATADD_T2_Train_133368.flac
/root/atadd_track2_subset_v1/train/ATADD_T2_Train_133378.flac,1,music,MusicGen,ATADD_T2_Train_133378.flac
/root/atadd_track2_subset_v1/train/ATADD_T2_Train_133466.flac,1,music,MusicGen,ATADD_T2_Train_133466.flac
/root/atadd_track2_subset_v1/train/ATADD_T2_Train_133492.flac,1,music,MusicGen,ATADD_T2_Train_133492.flac
/root/atadd_track2_subset_v1/train/ATADD_T2_Train_133495.flac,1,music,MusicGen,ATADD_T2_Train_133495.flac
/root/atadd_track2_subset_v1/train/ATADD_T2_Train_133502.flac,1,music,MusicGen,ATADD_T2_Train_133502.flac
/root/atadd_track2_subset_v1/train/ATADD_T2_Train_133641.flac,1,music,MusicGen,ATADD_T2_Train_133641.flac
/root/atadd_track2_subset_v1/train/ATADD_T2_Train_133678.flac,1,music,MusicGen,ATADD_T2_Train_133678.flac
/root/atadd_track2_subset_v1/train/ATADD_T2_Train_133689.flac,1,music,MusicGen,ATADD_T2_Train_133689.flac
/root/atadd_track2_subset_v1/train/ATADD_T2_Train_133796.flac,1,music,MusicGen,ATADD_T2_Train_133796.flac
/root/atadd_track2_subset_v1/train/ATADD_T2_Train_133803.flac,1,music,MusicGen,ATADD_T2_Train_133803.flac
/root/atadd_track2_subset_v1/train/ATADD_T2_Train_133833.flac,1,music,MusicGen,ATADD_T2_Train_133833.flac
/root/atadd_track2_subset_v1/train/ATADD_T2_Train_133883.flac,1,music,MusicGen,ATADD_T2_Train_133883.flac
/root/atadd_track2_subset_v1/train/ATADD_T2_Train_133889.flac,1,music,MusicGen,ATADD_T2_Train_133889.flac
/root/atadd_track2_subset_v1/train/ATADD_T2_Train_133920.flac,1,music,MusicGen,ATADD_T2_Train_133920.flac
/root/atadd_track2_subset_v1/train/ATADD_T2_Train_133999.flac,1,music,MusicLDM,ATADD_T2_Train_133999.flac
/root/atadd_track2_subset_v1/train/ATADD_T2_Train_134001.flac,1,music,MusicLDM,ATADD_T2_Train_134001.flac
/root/atadd_track2_subset_v1/train/ATADD_T2_Train_134048.flac,1,music,MusicLDM,ATADD_T2_Train_134048.flac
/root/atadd_track2_subset_v1/train/ATADD_T2_Train_134053.flac,1,music,MusicLDM,ATADD_T2_Train_134053.flac
/root/atadd_track2_subset_v1/train/ATADD_T2_Train_134082.flac,1,music,MusicLDM,ATADD_T2_Train_134082.flac
/root/atadd_track2_subset_v1/train/ATADD_T2_Train_134113.flac,1,music,MusicLDM,ATADD_T2_Train_134113.flac
/root/atadd_track2_subset_v1/train/ATADD_T2_Train_134245.flac,1,music,MusicLDM,ATADD_T2_Train_134245.flac
/root/atadd_track2_subset_v1/train/ATADD_T2_Train_134247.flac,1,music,MusicLDM,ATADD_T2_Train_134247.flac
/root/atadd_track2_subset_v1/train/ATADD_T2_Train_134285.flac,1,music,MusicLDM,ATADD_T2_Train_134285.flac
/root/atadd_track2_subset_v1/train/ATADD_T2_Train_134288.flac,1,music,MusicLDM,ATADD_T2_Train_134288.flac
/root/atadd_track2_subset_v1/train/ATADD_T2_Train_134306.flac,1,music,MusicLDM,ATADD_T2_Train_134306.flac
/root/atadd_track2_subset_v1/train/ATADD_T2_Train_134394.flac,1,music,MusicLDM,ATADD_T2_Train_134394.flac
/root/atadd_track2_subset_v1/train/ATADD_T2_Train_134541.flac,1,music,MusicLDM,ATADD_T2_Train_134541.flac
/root/atadd_track2_subset_v1/train/ATADD_T2_Train_134548.flac,1,music,MusicLDM,ATADD_T2_Train_134548.flac
/root/atadd_track2_subset_v1/train/ATADD_T2_Train_134565.flac,1,music,MusicLDM,ATADD_T2_Train_134565.flac
/root/atadd_track2_subset_v1/train/ATADD_T2_Train_134597.flac,1,music,MusicLDM,ATADD_T2_Train_134597.flac
/root/atadd_track2_subset_v1/train/ATADD_T2_Train_134655.flac,1,music,MusicLDM,ATADD_T2_Train_134655.flac
/root/atadd_track2_subset_v1/train/ATADD_T2_Train_134720.flac,1,music,MusicLDM,ATADD_T2_Train_134720.flac
/root/atadd_track2_subset_v1/train/ATADD_T2_Train_134721.flac,1,music,MusicLDM,ATADD_T2_Train_134721.flac
/root/atadd_track2_subset_v1/train/ATADD_T2_Train_134777.flac,1,music,MusicLDM,ATADD_T2_Train_134777.flac
/root/atadd_track2_subset_v1/train/ATADD_T2_Train_134785.flac,1,music,MusicLDM,ATADD_T2_Train_134785.flac
/root/atadd_track2_subset_v1/train/ATADD_T2_Train_134806.flac,1,music,MusicLDM,ATADD_T2_Train_134806.flac
/root/atadd_track2_subset_v1/train/ATADD_T2_Train_134807.flac,1,music,MusicLDM,ATADD_T2_Train_134807.flac
/root/atadd_track2_subset_v1/train/ATADD_T2_Train_134871.flac,1,music,MusicLDM,ATADD_T2_Train_134871.flac
/root/atadd_track2_subset_v1/train/ATADD_T2_Train_134882.flac,1,music,MusicLDM,ATADD_T2_Train_134882.flac
/root/atadd_track2_subset_v1/train/ATADD_T2_Train_134895.flac,1,music,MusicLDM,ATADD_T2_Train_134895.flac
/root/atadd_track2_subset_v1/train/ATADD_T2_Train_134928.flac,1,music,MusicLDM,ATADD_T2_Train_134928.flac
/root/atadd_track2_subset_v1/train/ATADD_T2_Train_134929.flac,1,music,MusicLDM,ATADD_T2_Train_134929.flac
/root/atadd_track2_subset_v1/train/ATADD_T2_Train_134944.flac,1,music,MusicLDM,ATADD_T2_Train_134944.flac
/root/atadd_track2_subset_v1/train/ATADD_T2_Train_134955.flac,1,music,MusicLDM,ATADD_T2_Train_134955.flac
/root/atadd_track2_subset_v1/train/ATADD_T2_Train_135006.flac,1,music,MusicLDM,ATADD_T2_Train_135006.flac
/root/atadd_track2_subset_v1/train/ATADD_T2_Train_135007.flac,1,music,MusicLDM,ATADD_T2_Train_135007.flac
/root/atadd_track2_subset_v1/train/ATADD_T2_Train_135037.flac,1,music,MusicLDM,ATADD_T2_Train_135037.flac
/root/atadd_track2_subset_v1/train/ATADD_T2_Train_135042.flac,1,music,MusicLDM,ATADD_T2_Train_135042.flac
/root/atadd_track2_subset_v1/train/ATADD_T2_Train_135067.flac,1,music,MusicLDM,ATADD_T2_Train_135067.flac
/root/atadd_track2_subset_v1/train/ATADD_T2_Train_135107.flac,1,music,MusicLDM,ATADD_T2_Train_135107.flac
/root/atadd_track2_subset_v1/train/ATADD_T2_Train_135123.flac,1,music,MusicLDM,ATADD_T2_Train_135123.flac
/root/atadd_track2_subset_v1/train/ATADD_T2_Train_135162.flac,1,music,MusicLDM,ATADD_T2_Train_135162.flac
/root/atadd_track2_subset_v1/train/ATADD_T2_Train_135273.flac,1,music,MusicLDM,ATADD_T2_Train_135273.flac
/root/atadd_track2_subset_v1/train/ATADD_T2_Train_135320.flac,1,music,MusicLDM,ATADD_T2_Train_135320.flac
/root/atadd_track2_subset_v1/train/ATADD_T2_Train_135415.flac,1,music,MusicLDM,ATADD_T2_Train_135415.flac
/root/atadd_track2_subset_v1/train/ATADD_T2_Train_135476.flac,1,music,MusicLDM,ATADD_T2_Train_135476.flac
/root/atadd_track2_subset_v1/train/ATADD_T2_Train_135514.flac,1,music,MusicLDM,ATADD_T2_Train_135514.flac
/root/atadd_track2_subset_v1/train/ATADD_T2_Train_135564.flac,1,music,MusicLDM,ATADD_T2_Train_135564.flac
/root/atadd_track2_subset_v1/train/ATADD_T2_Train_135567.flac,1,music,MusicLDM,ATADD_T2_Train_135567.flac
/root/atadd_track2_subset_v1/train/ATADD_T2_Train_135590.flac,1,music,MusicLDM,ATADD_T2_Train_135590.flac
/root/atadd_track2_subset_v1/train/ATADD_T2_Train_135725.flac,1,music,MusicLDM,ATADD_T2_Train_135725.flac
/root/atadd_track2_subset_v1/train/ATADD_T2_Train_135802.flac,1,music,MusicLDM,ATADD_T2_Train_135802.flac
/root/atadd_track2_subset_v1/train/ATADD_T2_Train_135935.flac,1,music,MusicLDM,ATADD_T2_Train_135935.flac
/root/atadd_track2_subset_v1/train/ATADD_T2_Train_135941.flac,1,music,MusicLDM,ATADD_T2_Train_135941.flac
/root/atadd_track2_subset_v1/train/ATADD_T2_Train_135945.flac,1,music,MusicLDM,ATADD_T2_Train_135945.flac
/root/atadd_track2_subset_v1/train/ATADD_T2_Train_135952.flac,1,music,MusicLDM,ATADD_T2_Train_135952.flac
/root/atadd_track2_subset_v1/train/ATADD_T2_Train_135991.flac,1,music,MusicLDM,ATADD_T2_Train_135991.flac
/root/atadd_track2_subset_v1/train/ATADD_T2_Train_135999.flac,1,music,MusicLDM,ATADD_T2_Train_135999.flac
/root/atadd_track2_subset_v1/train/ATADD_T2_Train_136013.flac,1,music,MusicLDM,ATADD_T2_Train_136013.flac
/root/atadd_track2_subset_v1/train/ATADD_T2_Train_136041.flac,1,music,MusicLDM,ATADD_T2_Train_136041.flac
/root/atadd_track2_subset_v1/train/ATADD_T2_Train_136084.flac,1,music,MusicLDM,ATADD_T2_Train_136084.flac
/root/atadd_track2_subset_v1/train/ATADD_T2_Train_136169.flac,1,music,MusicLDM,ATADD_T2_Train_136169.flac
/root/atadd_track2_subset_v1/train/ATADD_T2_Train_136228.flac,1,music,MusicLDM,ATADD_T2_Train_136228.flac
/root/atadd_track2_subset_v1/train/ATADD_T2_Train_136230.flac,1,music,MusicLDM,ATADD_T2_Train_136230.flac
/root/atadd_track2_subset_v1/train/ATADD_T2_Train_136238.flac,1,music,MusicLDM,ATADD_T2_Train_136238.flac
/root/atadd_track2_subset_v1/train/ATADD_T2_Train_136252.flac,1,music,MusicLDM,ATADD_T2_Train_136252.flac
/root/atadd_track2_subset_v1/train/ATADD_T2_Train_136304.flac,1,music,MusicLDM,ATADD_T2_Train_136304.flac
/root/atadd_track2_subset_v1/train/ATADD_T2_Train_136384.flac,1,music,MusicLDM,ATADD_T2_Train_136384.flac
/root/atadd_track2_subset_v1/train/ATADD_T2_Train_136406.flac,1,music,MusicLDM,ATADD_T2_Train_136406.flac
/root/atadd_track2_subset_v1/train/ATADD_T2_Train_136490.flac,1,music,MusicLDM,ATADD_T2_Train_136490.flac
/root/atadd_track2_subset_v1/train/ATADD_T2_Train_136578.flac,1,music,MusicLDM,ATADD_T2_Train_136578.flac
/root/atadd_track2_subset_v1/train/ATADD_T2_Train_136596.flac,1,music,MusicLDM,ATADD_T2_Train_136596.flac
/root/atadd_track2_subset_v1/train/ATADD_T2_Train_136600.flac,1,music,MusicLDM,ATADD_T2_Train_136600.flac
/root/atadd_track2_subset_v1/train/ATADD_T2_Train_136614.flac,1,music,MusicLDM,ATADD_T2_Train_136614.flac
/root/atadd_track2_subset_v1/train/ATADD_T2_Train_136626.flac,1,music,MusicLDM,ATADD_T2_Train_136626.flac
/root/atadd_track2_subset_v1/train/ATADD_T2_Train_136653.flac,1,music,MusicLDM,ATADD_T2_Train_136653.flac
/root/atadd_track2_subset_v1/train/ATADD_T2_Train_136680.flac,1,music,MusicLDM,ATADD_T2_Train_136680.flac
/root/atadd_track2_subset_v1/train/ATADD_T2_Train_136697.flac,1,music,MusicLDM,ATADD_T2_Train_136697.flac
/root/atadd_track2_subset_v1/train/ATADD_T2_Train_136715.flac,1,music,MusicLDM,ATADD_T2_Train_136715.flac
/root/atadd_track2_subset_v1/train/ATADD_T2_Train_136717.flac,1,music,MusicLDM,ATADD_T2_Train_136717.flac
/root/atadd_track2_subset_v1/train/ATADD_T2_Train_136723.flac,1,music,MusicLDM,ATADD_T2_Train_136723.flac
/root/atadd_track2_subset_v1/train/ATADD_T2_Train_136733.flac,1,music,MusicLDM,ATADD_T2_Train_136733.flac
/root/atadd_track2_subset_v1/train/ATADD_T2_Train_136768.flac,1,music,MusicLDM,ATADD_T2_Train_136768.flac
/root/atadd_track2_subset_v1/train/ATADD_T2_Train_136846.flac,1,music,MusicLDM,ATADD_T2_Train_136846.flac
/root/atadd_track2_subset_v1/train/ATADD_T2_Train_136877.flac,1,music,MusicLDM,ATADD_T2_Train_136877.flac
/root/atadd_track2_subset_v1/train/ATADD_T2_Train_136883.flac,1,music,MusicLDM,ATADD_T2_Train_136883.flac
/root/atadd_track2_subset_v1/train/ATADD_T2_Train_136899.flac,1,music,MusicLDM,ATADD_T2_Train_136899.flac
/root/atadd_track2_subset_v1/train/ATADD_T2_Train_136903.flac,1,music,MusicLDM,ATADD_T2_Train_136903.flac
/root/atadd_track2_subset_v1/train/ATADD_T2_Train_136909.flac,1,music,MusicLDM,ATADD_T2_Train_136909.flac
/root/atadd_track2_subset_v1/train/ATADD_T2_Train_136929.flac,1,music,MusicLDM,ATADD_T2_Train_136929.flac
/root/atadd_track2_subset_v1/train/ATADD_T2_Train_136936.flac,1,music,MusicLDM,ATADD_T2_Train_136936.flac
/root/atadd_track2_subset_v1/train/ATADD_T2_Train_136939.flac,1,music,MusicLDM,ATADD_T2_Train_136939.flac
/root/atadd_track2_subset_v1/train/ATADD_T2_Train_137001.flac,1,music,MusicLDM,ATADD_T2_Train_137001.flac
/root/atadd_track2_subset_v1/train/ATADD_T2_Train_137017.flac,1,music,MusicLDM,ATADD_T2_Train_137017.flac
/root/atadd_track2_subset_v1/train/ATADD_T2_Train_137027.flac,1,music,MusicLDM,ATADD_T2_Train_137027.flac
/root/atadd_track2_subset_v1/train/ATADD_T2_Train_137074.flac,1,music,MusicLDM,ATADD_T2_Train_137074.flac
/root/atadd_track2_subset_v1/train/ATADD_T2_Train_137075.flac,1,music,MusicLDM,ATADD_T2_Train_137075.flac
/root/atadd_track2_subset_v1/train/ATADD_T2_Train_137170.flac,1,music,MusicLDM,ATADD_T2_Train_137170.flac
/root/atadd_track2_subset_v1/train/ATADD_T2_Train_137180.flac,1,music,MusicLDM,ATADD_T2_Train_137180.flac
/root/atadd_track2_subset_v1/train/ATADD_T2_Train_137214.flac,1,music,MusicLDM,ATADD_T2_Train_137214.flac
/root/atadd_track2_subset_v1/train/ATADD_T2_Train_137218.flac,1,music,MusicLDM,ATADD_T2_Train_137218.flac
/root/atadd_track2_subset_v1/train/ATADD_T2_Train_137253.flac,1,music,MusicLDM,ATADD_T2_Train_137253.flac
/root/atadd_track2_subset_v1/train/ATADD_T2_Train_137290.flac,1,music,MusicLDM,ATADD_T2_Train_137290.flac
/root/atadd_track2_subset_v1/train/ATADD_T2_Train_137336.flac,1,music,MusicLDM,ATADD_T2_Train_137336.flac
/root/atadd_track2_subset_v1/train/ATADD_T2_Train_137341.flac,1,music,MusicLDM,ATADD_T2_Train_137341.flac
/root/atadd_track2_subset_v1/train/ATADD_T2_Train_137396.flac,1,music,MusicLDM,ATADD_T2_Train_137396.flac
/root/atadd_track2_subset_v1/train/ATADD_T2_Train_137409.flac,1,music,MusicLDM,ATADD_T2_Train_137409.flac
/root/atadd_track2_subset_v1/train/ATADD_T2_Train_137420.flac,1,music,MusicLDM,ATADD_T2_Train_137420.flac
/root/atadd_track2_subset_v1/train/ATADD_T2_Train_137458.flac,1,music,MusicLDM,ATADD_T2_Train_137458.flac
/root/atadd_track2_subset_v1/train/ATADD_T2_Train_137470.flac,1,music,MusicLDM,ATADD_T2_Train_137470.flac
/root/atadd_track2_subset_v1/train/ATADD_T2_Train_137511.flac,1,music,MusicLDM,ATADD_T2_Train_137511.flac
/root/atadd_track2_subset_v1/train/ATADD_T2_Train_137534.flac,1,music,MusicLDM,ATADD_T2_Train_137534.flac
/root/atadd_track2_subset_v1/train/ATADD_T2_Train_137552.flac,1,music,MusicLDM,ATADD_T2_Train_137552.flac
/root/atadd_track2_subset_v1/train/ATADD_T2_Train_137559.flac,1,music,MusicLDM,ATADD_T2_Train_137559.flac
/root/atadd_track2_subset_v1/train/ATADD_T2_Train_137605.flac,1,music,MusicLDM,ATADD_T2_Train_137605.flac
/root/atadd_track2_subset_v1/train/ATADD_T2_Train_137675.flac,1,music,MusicLDM,ATADD_T2_Train_137675.flac
/root/atadd_track2_subset_v1/train/ATADD_T2_Train_137707.flac,1,music,MusicLDM,ATADD_T2_Train_137707.flac
/root/atadd_track2_subset_v1/train/ATADD_T2_Train_137717.flac,1,music,MusicLDM,ATADD_T2_Train_137717.flac
/root/atadd_track2_subset_v1/train/ATADD_T2_Train_137734.flac,1,music,MusicLDM,ATADD_T2_Train_137734.flac
/root/atadd_track2_subset_v1/train/ATADD_T2_Train_137736.flac,1,music,MusicLDM,ATADD_T2_Train_137736.flac
/root/atadd_track2_subset_v1/train/ATADD_T2_Train_137737.flac,1,music,MusicLDM,ATADD_T2_Train_137737.flac
/root/atadd_track2_subset_v1/train/ATADD_T2_Train_137780.flac,1,music,MusicLDM,ATADD_T2_Train_137780.flac
/root/atadd_track2_subset_v1/train/ATADD_T2_Train_137794.flac,1,music,MusicLDM,ATADD_T2_Train_137794.flac
/root/atadd_track2_subset_v1/train/ATADD_T2_Train_137814.flac,1,music,MusicLDM,ATADD_T2_Train_137814.flac
/root/atadd_track2_subset_v1/train/ATADD_T2_Train_137836.flac,1,music,MusicLDM,ATADD_T2_Train_137836.flac
/root/atadd_track2_subset_v1/train/ATADD_T2_Train_137844.flac,1,music,MusicLDM,ATADD_T2_Train_137844.flac
/root/atadd_track2_subset_v1/train/ATADD_T2_Train_137860.flac,1,music,MusicLDM,ATADD_T2_Train_137860.flac
/root/atadd_track2_subset_v1/train/ATADD_T2_Train_137878.flac,1,music,MusicLDM,ATADD_T2_Train_137878.flac
/root/atadd_track2_subset_v1/train/ATADD_T2_Train_137889.flac,1,music,MusicLDM,ATADD_T2_Train_137889.flac
/root/atadd_track2_subset_v1/train/ATADD_T2_Train_137898.flac,1,music,MusicLDM,ATADD_T2_Train_137898.flac
/root/atadd_track2_subset_v1/train/ATADD_T2_Train_137941.flac,1,music,MusicLDM,ATADD_T2_Train_137941.flac
/root/atadd_track2_subset_v1/train/ATADD_T2_Train_137951.flac,1,music,MusicLDM,ATADD_T2_Train_137951.flac
/root/atadd_track2_subset_v1/train/ATADD_T2_Train_138059.flac,1,music,MusicLDM,ATADD_T2_Train_138059.flac
/root/atadd_track2_subset_v1/train/ATADD_T2_Train_138206.flac,1,music,AudioLDM2,ATADD_T2_Train_138206.flac
/root/atadd_track2_subset_v1/train/ATADD_T2_Train_138257.flac,1,music,AudioLDM2,ATADD_T2_Train_138257.flac
/root/atadd_track2_subset_v1/train/ATADD_T2_Train_138272.flac,1,music,AudioLDM2,ATADD_T2_Train_138272.flac
/root/atadd_track2_subset_v1/train/ATADD_T2_Train_138296.flac,1,music,AudioLDM2,ATADD_T2_Train_138296.flac
/root/atadd_track2_subset_v1/train/ATADD_T2_Train_138322.flac,1,music,AudioLDM2,ATADD_T2_Train_138322.flac
/root/atadd_track2_subset_v1/train/ATADD_T2_Train_138343.flac,1,music,AudioLDM2,ATADD_T2_Train_138343.flac
/root/atadd_track2_subset_v1/train/ATADD_T2_Train_138363.flac,1,music,AudioLDM2,ATADD_T2_Train_138363.flac
/root/atadd_track2_subset_v1/train/ATADD_T2_Train_138379.flac,1,music,AudioLDM2,ATADD_T2_Train_138379.flac
/root/atadd_track2_subset_v1/train/ATADD_T2_Train_138380.flac,1,music,AudioLDM2,ATADD_T2_Train_138380.flac
/root/atadd_track2_subset_v1/train/ATADD_T2_Train_138392.flac,1,music,AudioLDM2,ATADD_T2_Train_138392.flac
/root/atadd_track2_subset_v1/train/ATADD_T2_Train_138398.flac,1,music,AudioLDM2,ATADD_T2_Train_138398.flac
/root/atadd_track2_subset_v1/train/ATADD_T2_Train_138403.flac,1,music,AudioLDM2,ATADD_T2_Train_138403.flac
/root/atadd_track2_subset_v1/train/ATADD_T2_Train_138411.flac,1,music,AudioLDM2,ATADD_T2_Train_138411.flac
/root/atadd_track2_subset_v1/train/ATADD_T2_Train_138416.flac,1,music,AudioLDM2,ATADD_T2_Train_138416.flac
/root/atadd_track2_subset_v1/train/ATADD_T2_Train_138455.flac,1,music,AudioLDM2,ATADD_T2_Train_138455.flac
/root/atadd_track2_subset_v1/train/ATADD_T2_Train_138456.flac,1,music,AudioLDM2,ATADD_T2_Train_138456.flac
/root/atadd_track2_subset_v1/train/ATADD_T2_Train_138461.flac,1,music,AudioLDM2,ATADD_T2_Train_138461.flac
/root/atadd_track2_subset_v1/train/ATADD_T2_Train_138486.flac,1,music,AudioLDM2,ATADD_T2_Train_138486.flac
/root/atadd_track2_subset_v1/train/ATADD_T2_Train_138558.flac,1,music,AudioLDM2,ATADD_T2_Train_138558.flac
/root/atadd_track2_subset_v1/train/ATADD_T2_Train_138616.flac,1,music,AudioLDM2,ATADD_T2_Train_138616.flac
/root/atadd_track2_subset_v1/train/ATADD_T2_Train_138637.flac,1,music,AudioLDM2,ATADD_T2_Train_138637.flac
/root/atadd_track2_subset_v1/train/ATADD_T2_Train_138656.flac,1,music,AudioLDM2,ATADD_T2_Train_138656.flac
/root/atadd_track2_subset_v1/train/ATADD_T2_Train_138711.flac,1,music,AudioLDM2,ATADD_T2_Train_138711.flac
/root/atadd_track2_subset_v1/train/ATADD_T2_Train_138725.flac,1,music,AudioLDM2,ATADD_T2_Train_138725.flac
/root/atadd_track2_subset_v1/train/ATADD_T2_Train_138779.flac,1,music,AudioLDM2,ATADD_T2_Train_138779.flac
/root/atadd_track2_subset_v1/train/ATADD_T2_Train_138799.flac,1,music,AudioLDM2,ATADD_T2_Train_138799.flac
/root/atadd_track2_subset_v1/train/ATADD_T2_Train_138818.flac,1,music,AudioLDM2,ATADD_T2_Train_138818.flac
/root/atadd_track2_subset_v1/train/ATADD_T2_Train_138821.flac,1,music,AudioLDM2,ATADD_T2_Train_138821.flac
/root/atadd_track2_subset_v1/train/ATADD_T2_Train_138828.flac,1,music,AudioLDM2,ATADD_T2_Train_138828.flac
/root/atadd_track2_subset_v1/train/ATADD_T2_Train_138838.flac,1,music,AudioLDM2,ATADD_T2_Train_138838.flac
/root/atadd_track2_subset_v1/train/ATADD_T2_Train_138840.flac,1,music,AudioLDM2,ATADD_T2_Train_138840.flac
/root/atadd_track2_subset_v1/train/ATADD_T2_Train_138842.flac,1,music,AudioLDM2,ATADD_T2_Train_138842.flac
/root/atadd_track2_subset_v1/train/ATADD_T2_Train_138859.flac,1,music,AudioLDM2,ATADD_T2_Train_138859.flac
/root/atadd_track2_subset_v1/train/ATADD_T2_Train_138945.flac,1,music,AudioLDM2,ATADD_T2_Train_138945.flac
/root/atadd_track2_subset_v1/train/ATADD_T2_Train_139012.flac,1,music,AudioLDM2,ATADD_T2_Train_139012.flac
/root/atadd_track2_subset_v1/train/ATADD_T2_Train_139051.flac,1,music,AudioLDM2,ATADD_T2_Train_139051.flac
/root/atadd_track2_subset_v1/train/ATADD_T2_Train_139060.flac,1,music,AudioLDM2,ATADD_T2_Train_139060.flac
/root/atadd_track2_subset_v1/train/ATADD_T2_Train_139075.flac,1,music,AudioLDM2,ATADD_T2_Train_139075.flac
/root/atadd_track2_subset_v1/train/ATADD_T2_Train_139114.flac,1,music,AudioLDM2,ATADD_T2_Train_139114.flac
/root/atadd_track2_subset_v1/train/ATADD_T2_Train_139195.flac,1,music,AudioLDM2,ATADD_T2_Train_139195.flac
/root/atadd_track2_subset_v1/train/ATADD_T2_Train_139319.flac,1,music,AudioLDM2,ATADD_T2_Train_139319.flac
/root/atadd_track2_subset_v1/train/ATADD_T2_Train_139330.flac,1,music,AudioLDM2,ATADD_T2_Train_139330.flac
/root/atadd_track2_subset_v1/train/ATADD_T2_Train_139401.flac,1,music,AudioLDM2,ATADD_T2_Train_139401.flac
/root/atadd_track2_subset_v1/train/ATADD_T2_Train_139435.flac,1,music,AudioLDM2,ATADD_T2_Train_139435.flac
/root/atadd_track2_subset_v1/train/ATADD_T2_Train_139492.flac,1,music,AudioLDM2,ATADD_T2_Train_139492.flac
/root/atadd_track2_subset_v1/train/ATADD_T2_Train_139497.flac,1,music,AudioLDM2,ATADD_T2_Train_139497.flac
/root/atadd_track2_subset_v1/train/ATADD_T2_Train_139523.flac,1,music,AudioLDM2,ATADD_T2_Train_139523.flac
/root/atadd_track2_subset_v1/train/ATADD_T2_Train_139543.flac,1,music,AudioLDM2,ATADD_T2_Train_139543.flac
/root/atadd_track2_subset_v1/train/ATADD_T2_Train_139553.flac,1,music,AudioLDM2,ATADD_T2_Train_139553.flac
/root/atadd_track2_subset_v1/train/ATADD_T2_Train_139574.flac,1,music,AudioLDM2,ATADD_T2_Train_139574.flac
/root/atadd_track2_subset_v1/train/ATADD_T2_Train_139625.flac,1,music,AudioLDM2,ATADD_T2_Train_139625.flac
/root/atadd_track2_subset_v1/train/ATADD_T2_Train_139670.flac,1,music,AudioLDM2,ATADD_T2_Train_139670.flac
/root/atadd_track2_subset_v1/train/ATADD_T2_Train_139713.flac,1,music,AudioLDM2,ATADD_T2_Train_139713.flac
/root/atadd_track2_subset_v1/train/ATADD_T2_Train_139789.flac,1,music,AudioLDM2,ATADD_T2_Train_139789.flac
/root/atadd_track2_subset_v1/train/ATADD_T2_Train_139814.flac,1,music,AudioLDM2,ATADD_T2_Train_139814.flac
/root/atadd_track2_subset_v1/train/ATADD_T2_Train_139847.flac,1,music,AudioLDM2,ATADD_T2_Train_139847.flac
/root/atadd_track2_subset_v1/train/ATADD_T2_Train_139884.flac,1,music,AudioLDM2,ATADD_T2_Train_139884.flac
/root/atadd_track2_subset_v1/train/ATADD_T2_Train_139927.flac,1,music,AudioLDM2,ATADD_T2_Train_139927.flac
/root/atadd_track2_subset_v1/train/ATADD_T2_Train_139989.flac,1,music,AudioLDM2,ATADD_T2_Train_139989.flac
/root/atadd_track2_subset_v1/train/ATADD_T2_Train_139991.flac,1,music,AudioLDM2,ATADD_T2_Train_139991.flac
/root/atadd_track2_subset_v1/train/ATADD_T2_Train_139999.flac,1,music,AudioLDM2,ATADD_T2_Train_139999.flac
/root/atadd_track2_subset_v1/train/ATADD_T2_Train_140008.flac,1,music,AudioLDM2,ATADD_T2_Train_140008.flac
/root/atadd_track2_subset_v1/train/ATADD_T2_Train_140024.flac,1,music,AudioLDM2,ATADD_T2_Train_140024.flac
/root/atadd_track2_subset_v1/train/ATADD_T2_Train_140049.flac,1,music,AudioLDM2,ATADD_T2_Train_140049.flac
/root/atadd_track2_subset_v1/train/ATADD_T2_Train_140073.flac,1,music,AudioLDM2,ATADD_T2_Train_140073.flac
/root/atadd_track2_subset_v1/train/ATADD_T2_Train_140079.flac,1,music,AudioLDM2,ATADD_T2_Train_140079.flac
/root/atadd_track2_subset_v1/train/ATADD_T2_Train_140110.flac,1,music,AudioLDM2,ATADD_T2_Train_140110.flac
/root/atadd_track2_subset_v1/train/ATADD_T2_Train_140189.flac,1,music,AudioLDM2,ATADD_T2_Train_140189.flac
/root/atadd_track2_subset_v1/train/ATADD_T2_Train_140272.flac,1,music,AudioLDM2,ATADD_T2_Train_140272.flac
/root/atadd_track2_subset_v1/train/ATADD_T2_Train_140334.flac,1,music,AudioLDM2,ATADD_T2_Train_140334.flac
/root/atadd_track2_subset_v1/train/ATADD_T2_Train_140339.flac,1,music,AudioLDM2,ATADD_T2_Train_140339.flac
/root/atadd_track2_subset_v1/train/ATADD_T2_Train_140401.flac,1,music,AudioLDM2,ATADD_T2_Train_140401.flac
/root/atadd_track2_subset_v1/train/ATADD_T2_Train_140469.flac,1,music,AudioLDM2,ATADD_T2_Train_140469.flac
/root/atadd_track2_subset_v1/train/ATADD_T2_Train_140532.flac,1,music,AudioLDM2,ATADD_T2_Train_140532.flac
/root/atadd_track2_subset_v1/train/ATADD_T2_Train_140540.flac,1,music,AudioLDM2,ATADD_T2_Train_140540.flac
/root/atadd_track2_subset_v1/train/ATADD_T2_Train_140555.flac,1,music,AudioLDM2,ATADD_T2_Train_140555.flac
/root/atadd_track2_subset_v1/train/ATADD_T2_Train_140564.flac,1,music,AudioLDM2,ATADD_T2_Train_140564.flac
/root/atadd_track2_subset_v1/train/ATADD_T2_Train_140598.flac,1,music,AudioLDM2,ATADD_T2_Train_140598.flac
/root/atadd_track2_subset_v1/train/ATADD_T2_Train_140642.flac,1,music,AudioLDM2,ATADD_T2_Train_140642.flac
/root/atadd_track2_subset_v1/train/ATADD_T2_Train_140696.flac,1,music,AudioLDM2,ATADD_T2_Train_140696.flac
/root/atadd_track2_subset_v1/train/ATADD_T2_Train_140718.flac,1,music,AudioLDM2,ATADD_T2_Train_140718.flac
/root/atadd_track2_subset_v1/train/ATADD_T2_Train_140742.flac,1,music,AudioLDM2,ATADD_T2_Train_140742.flac
/root/atadd_track2_subset_v1/train/ATADD_T2_Train_140791.flac,1,music,AudioLDM2,ATADD_T2_Train_140791.flac
/root/atadd_track2_subset_v1/train/ATADD_T2_Train_140831.flac,1,music,AudioLDM2,ATADD_T2_Train_140831.flac
/root/atadd_track2_subset_v1/train/ATADD_T2_Train_140859.flac,1,music,AudioLDM2,ATADD_T2_Train_140859.flac
/root/atadd_track2_subset_v1/train/ATADD_T2_Train_140862.flac,1,music,AudioLDM2,ATADD_T2_Train_140862.flac
/root/atadd_track2_subset_v1/train/ATADD_T2_Train_140948.flac,1,music,AudioLDM2,ATADD_T2_Train_140948.flac
/root/atadd_track2_subset_v1/train/ATADD_T2_Train_140983.flac,1,music,AudioLDM2,ATADD_T2_Train_140983.flac
/root/atadd_track2_subset_v1/train/ATADD_T2_Train_141040.flac,1,music,AudioLDM2,ATADD_T2_Train_141040.flac
/root/atadd_track2_subset_v1/train/ATADD_T2_Train_141149.flac,1,music,AudioLDM2,ATADD_T2_Train_141149.flac
/root/atadd_track2_subset_v1/train/ATADD_T2_Train_141170.flac,1,music,AudioLDM2,ATADD_T2_Train_141170.flac
/root/atadd_track2_subset_v1/train/ATADD_T2_Train_141219.flac,1,music,AudioLDM2,ATADD_T2_Train_141219.flac
/root/atadd_track2_subset_v1/train/ATADD_T2_Train_141239.flac,1,music,AudioLDM2,ATADD_T2_Train_141239.flac
/root/atadd_track2_subset_v1/train/ATADD_T2_Train_141302.flac,1,music,AudioLDM2,ATADD_T2_Train_141302.flac
/root/atadd_track2_subset_v1/train/ATADD_T2_Train_141322.flac,1,music,AudioLDM2,ATADD_T2_Train_141322.flac
/root/atadd_track2_subset_v1/train/ATADD_T2_Train_141354.flac,1,music,AudioLDM2,ATADD_T2_Train_141354.flac
/root/atadd_track2_subset_v1/train/ATADD_T2_Train_141437.flac,1,music,AudioLDM2,ATADD_T2_Train_141437.flac
/root/atadd_track2_subset_v1/train/ATADD_T2_Train_141476.flac,1,music,AudioLDM2,ATADD_T2_Train_141476.flac
/root/atadd_track2_subset_v1/train/ATADD_T2_Train_141563.flac,1,music,AudioLDM2,ATADD_T2_Train_141563.flac
/root/atadd_track2_subset_v1/train/ATADD_T2_Train_141574.flac,1,music,AudioLDM2,ATADD_T2_Train_141574.flac
/root/atadd_track2_subset_v1/train/ATADD_T2_Train_141607.flac,1,music,AudioLDM2,ATADD_T2_Train_141607.flac
/root/atadd_track2_subset_v1/train/ATADD_T2_Train_141647.flac,1,music,AudioLDM2,ATADD_T2_Train_141647.flac
/root/atadd_track2_subset_v1/train/ATADD_T2_Train_141661.flac,1,music,AudioLDM2,ATADD_T2_Train_141661.flac
/root/atadd_track2_subset_v1/train/ATADD_T2_Train_141667.flac,1,music,AudioLDM2,ATADD_T2_Train_141667.flac
/root/atadd_track2_subset_v1/train/ATADD_T2_Train_141811.flac,1,music,AudioLDM2,ATADD_T2_Train_141811.flac
/root/atadd_track2_subset_v1/train/ATADD_T2_Train_141821.flac,1,music,AudioLDM2,ATADD_T2_Train_141821.flac
/root/atadd_track2_subset_v1/train/ATADD_T2_Train_141843.flac,1,music,AudioLDM2,ATADD_T2_Train_141843.flac
/root/atadd_track2_subset_v1/train/ATADD_T2_Train_141949.flac,1,music,AudioLDM2,ATADD_T2_Train_141949.flac
/root/atadd_track2_subset_v1/train/ATADD_T2_Train_141965.flac,1,music,AudioLDM2,ATADD_T2_Train_141965.flac
/root/atadd_track2_subset_v1/train/ATADD_T2_Train_142116.flac,1,music,AudioLDM2,ATADD_T2_Train_142116.flac
/root/atadd_track2_subset_v1/train/ATADD_T2_Train_142131.flac,1,music,AudioLDM2,ATADD_T2_Train_142131.flac
/root/atadd_track2_subset_v1/train/ATADD_T2_Train_142136.flac,1,music,AudioLDM2,ATADD_T2_Train_142136.flac
/root/atadd_track2_subset_v1/train/ATADD_T2_Train_142146.flac,1,music,AudioLDM2,ATADD_T2_Train_142146.flac
/root/atadd_track2_subset_v1/train/ATADD_T2_Train_142162.flac,1,music,AudioLDM2,ATADD_T2_Train_142162.flac
/root/atadd_track2_subset_v1/train/ATADD_T2_Train_142168.flac,1,music,AudioLDM2,ATADD_T2_Train_142168.flac
/root/atadd_track2_subset_v1/train/ATADD_T2_Train_142177.flac,1,music,AudioLDM2,ATADD_T2_Train_142177.flac
/root/atadd_track2_subset_v1/train/ATADD_T2_Train_142217.flac,1,music,AudioLDM2,ATADD_T2_Train_142217.flac
/root/atadd_track2_subset_v1/train/ATADD_T2_Train_142248.flac,1,music,AudioLDM2,ATADD_T2_Train_142248.flac
/root/atadd_track2_subset_v1/train/ATADD_T2_Train_142264.flac,1,music,AudioLDM2,ATADD_T2_Train_142264.flac
/root/atadd_track2_subset_v1/train/ATADD_T2_Train_142295.flac,1,music,AudioLDM2,ATADD_T2_Train_142295.flac
/root/atadd_track2_subset_v1/train/ATADD_T2_Train_142321.flac,1,music,AudioLDM2,ATADD_T2_Train_142321.flac
/root/atadd_track2_subset_v1/train/ATADD_T2_Train_142335.flac,1,music,AudioLDM2,ATADD_T2_Train_142335.flac
/root/atadd_track2_subset_v1/train/ATADD_T2_Train_142455.flac,1,music,AudioLDM2,ATADD_T2_Train_142455.flac
/root/atadd_track2_subset_v1/train/ATADD_T2_Train_142475.flac,1,music,AudioLDM2,ATADD_T2_Train_142475.flac
/root/atadd_track2_subset_v1/train/ATADD_T2_Train_142492.flac,1,music,Stable Audio open,ATADD_T2_Train_142492.flac
/root/atadd_track2_subset_v1/train/ATADD_T2_Train_142506.flac,1,music,Stable Audio open,ATADD_T2_Train_142506.flac
/root/atadd_track2_subset_v1/train/ATADD_T2_Train_142677.flac,1,music,Stable Audio open,ATADD_T2_Train_142677.flac
/root/atadd_track2_subset_v1/train/ATADD_T2_Train_142682.flac,1,music,Stable Audio open,ATADD_T2_Train_142682.flac
/root/atadd_track2_subset_v1/train/ATADD_T2_Train_142769.flac,1,music,Stable Audio open,ATADD_T2_Train_142769.flac
/root/atadd_track2_subset_v1/train/ATADD_T2_Train_142787.flac,1,music,Stable Audio open,ATADD_T2_Train_142787.flac
/root/atadd_track2_subset_v1/train/ATADD_T2_Train_142800.flac,1,music,Stable Audio open,ATADD_T2_Train_142800.flac
/root/atadd_track2_subset_v1/train/ATADD_T2_Train_142808.flac,1,music,Stable Audio open,ATADD_T2_Train_142808.flac
/root/atadd_track2_subset_v1/train/ATADD_T2_Train_142809.flac,1,music,Stable Audio open,ATADD_T2_Train_142809.flac
/root/atadd_track2_subset_v1/train/ATADD_T2_Train_142854.flac,1,music,Stable Audio open,ATADD_T2_Train_142854.flac
/root/atadd_track2_subset_v1/train/ATADD_T2_Train_142858.flac,1,music,Stable Audio open,ATADD_T2_Train_142858.flac
/root/atadd_track2_subset_v1/train/ATADD_T2_Train_142898.flac,1,music,Stable Audio open,ATADD_T2_Train_142898.flac
/root/atadd_track2_subset_v1/train/ATADD_T2_Train_142906.flac,1,music,Stable Audio open,ATADD_T2_Train_142906.flac
/root/atadd_track2_subset_v1/train/ATADD_T2_Train_142943.flac,1,music,Stable Audio open,ATADD_T2_Train_142943.flac
/root/atadd_track2_subset_v1/train/ATADD_T2_Train_143019.flac,1,music,Stable Audio open,ATADD_T2_Train_143019.flac
/root/atadd_track2_subset_v1/train/ATADD_T2_Train_143029.flac,1,music,Stable Audio open,ATADD_T2_Train_143029.flac
/root/atadd_track2_subset_v1/train/ATADD_T2_Train_143030.flac,1,music,Stable Audio open,ATADD_T2_Train_143030.flac
/root/atadd_track2_subset_v1/train/ATADD_T2_Train_143051.flac,1,music,Stable Audio open,ATADD_T2_Train_143051.flac
/root/atadd_track2_subset_v1/train/ATADD_T2_Train_143069.flac,1,music,Stable Audio open,ATADD_T2_Train_143069.flac
/root/atadd_track2_subset_v1/train/ATADD_T2_Train_143095.flac,1,music,Stable Audio open,ATADD_T2_Train_143095.flac
/root/atadd_track2_subset_v1/train/ATADD_T2_Train_143183.flac,1,music,Stable Audio open,ATADD_T2_Train_143183.flac
/root/atadd_track2_subset_v1/train/ATADD_T2_Train_143204.flac,1,music,Stable Audio open,ATADD_T2_Train_143204.flac
/root/atadd_track2_subset_v1/train/ATADD_T2_Train_143223.flac,1,music,Stable Audio open,ATADD_T2_Train_143223.flac
/root/atadd_track2_subset_v1/train/ATADD_T2_Train_143293.flac,1,music,Stable Audio open,ATADD_T2_Train_143293.flac
/root/atadd_track2_subset_v1/train/ATADD_T2_Train_143307.flac,1,music,Stable Audio open,ATADD_T2_Train_143307.flac
/root/atadd_track2_subset_v1/train/ATADD_T2_Train_143337.flac,1,music,Stable Audio open,ATADD_T2_Train_143337.flac
/root/atadd_track2_subset_v1/train/ATADD_T2_Train_143443.flac,1,music,Stable Audio open,ATADD_T2_Train_143443.flac
/root/atadd_track2_subset_v1/train/ATADD_T2_Train_143450.flac,1,music,Stable Audio open,ATADD_T2_Train_143450.flac
/root/atadd_track2_subset_v1/train/ATADD_T2_Train_143459.flac,1,music,Stable Audio open,ATADD_T2_Train_143459.flac
/root/atadd_track2_subset_v1/train/ATADD_T2_Train_143480.flac,1,music,Stable Audio open,ATADD_T2_Train_143480.flac
/root/atadd_track2_subset_v1/train/ATADD_T2_Train_143490.flac,1,music,Stable Audio open,ATADD_T2_Train_143490.flac
/root/atadd_track2_subset_v1/train/ATADD_T2_Train_143537.flac,1,music,Stable Audio open,ATADD_T2_Train_143537.flac
/root/atadd_track2_subset_v1/train/ATADD_T2_Train_143538.flac,1,music,Stable Audio open,ATADD_T2_Train_143538.flac
/root/atadd_track2_subset_v1/train/ATADD_T2_Train_143546.flac,1,music,Stable Audio open,ATADD_T2_Train_143546.flac
/root/atadd_track2_subset_v1/train/ATADD_T2_Train_143561.flac,1,music,Stable Audio open,ATADD_T2_Train_143561.flac
/root/atadd_track2_subset_v1/train/ATADD_T2_Train_143574.flac,1,music,Stable Audio open,ATADD_T2_Train_143574.flac
/root/atadd_track2_subset_v1/train/ATADD_T2_Train_143578.flac,1,music,Stable Audio open,ATADD_T2_Train_143578.flac
/root/atadd_track2_subset_v1/train/ATADD_T2_Train_143592.flac,1,music,Stable Audio open,ATADD_T2_Train_143592.flac
/root/atadd_track2_subset_v1/train/ATADD_T2_Train_143644.flac,1,music,Stable Audio open,ATADD_T2_Train_143644.flac
/root/atadd_track2_subset_v1/train/ATADD_T2_Train_143696.flac,1,music,Stable Audio open,ATADD_T2_Train_143696.flac
/root/atadd_track2_subset_v1/train/ATADD_T2_Train_143727.flac,1,music,Stable Audio open,ATADD_T2_Train_143727.flac
/root/atadd_track2_subset_v1/train/ATADD_T2_Train_143751.flac,1,music,Stable Audio open,ATADD_T2_Train_143751.flac
/root/atadd_track2_subset_v1/train/ATADD_T2_Train_143796.flac,1,music,Stable Audio open,ATADD_T2_Train_143796.flac
/root/atadd_track2_subset_v1/train/ATADD_T2_Train_143799.flac,1,music,Stable Audio open,ATADD_T2_Train_143799.flac
/root/atadd_track2_subset_v1/train/ATADD_T2_Train_143837.flac,1,music,Stable Audio open,ATADD_T2_Train_143837.flac
/root/atadd_track2_subset_v1/train/ATADD_T2_Train_143845.flac,1,music,Stable Audio open,ATADD_T2_Train_143845.flac
/root/atadd_track2_subset_v1/train/ATADD_T2_Train_143952.flac,1,music,Stable Audio open,ATADD_T2_Train_143952.flac
/root/atadd_track2_subset_v1/train/ATADD_T2_Train_143959.flac,1,music,Stable Audio open,ATADD_T2_Train_143959.flac
/root/atadd_track2_subset_v1/train/ATADD_T2_Train_143994.flac,1,music,Stable Audio open,ATADD_T2_Train_143994.flac
/root/atadd_track2_subset_v1/train/ATADD_T2_Train_144001.flac,1,music,Stable Audio open,ATADD_T2_Train_144001.flac
/root/atadd_track2_subset_v1/train/ATADD_T2_Train_144012.flac,1,music,Stable Audio open,ATADD_T2_Train_144012.flac
/root/atadd_track2_subset_v1/train/ATADD_T2_Train_144068.flac,1,music,Stable Audio open,ATADD_T2_Train_144068.flac
/root/atadd_track2_subset_v1/train/ATADD_T2_Train_144071.flac,1,music,Stable Audio open,ATADD_T2_Train_144071.flac
/root/atadd_track2_subset_v1/train/ATADD_T2_Train_144126.flac,1,music,Stable Audio open,ATADD_T2_Train_144126.flac
/root/atadd_track2_subset_v1/train/ATADD_T2_Train_144189.flac,1,music,Stable Audio open,ATADD_T2_Train_144189.flac
/root/atadd_track2_subset_v1/train/ATADD_T2_Train_144191.flac,1,music,Stable Audio open,ATADD_T2_Train_144191.flac
/root/atadd_track2_subset_v1/train/ATADD_T2_Train_144201.flac,1,music,Stable Audio open,ATADD_T2_Train_144201.flac
/root/atadd_track2_subset_v1/train/ATADD_T2_Train_144215.flac,1,music,Stable Audio open,ATADD_T2_Train_144215.flac
/root/atadd_track2_subset_v1/train/ATADD_T2_Train_144233.flac,1,music,Stable Audio open,ATADD_T2_Train_144233.flac
/root/atadd_track2_subset_v1/train/ATADD_T2_Train_144324.flac,1,music,Stable Audio open,ATADD_T2_Train_144324.flac
/root/atadd_track2_subset_v1/train/ATADD_T2_Train_144413.flac,1,music,Stable Audio open,ATADD_T2_Train_144413.flac
/root/atadd_track2_subset_v1/train/ATADD_T2_Train_144432.flac,1,music,Stable Audio open,ATADD_T2_Train_144432.flac
/root/atadd_track2_subset_v1/train/ATADD_T2_Train_144460.flac,1,music,Stable Audio open,ATADD_T2_Train_144460.flac
/root/atadd_track2_subset_v1/train/ATADD_T2_Train_144507.flac,1,music,Stable Audio open,ATADD_T2_Train_144507.flac
/root/atadd_track2_subset_v1/train/ATADD_T2_Train_144570.flac,1,music,Stable Audio open,ATADD_T2_Train_144570.flac
/root/atadd_track2_subset_v1/train/ATADD_T2_Train_144580.flac,1,music,Stable Audio open,ATADD_T2_Train_144580.flac
/root/atadd_track2_subset_v1/train/ATADD_T2_Train_144622.flac,1,music,Stable Audio open,ATADD_T2_Train_144622.flac
/root/atadd_track2_subset_v1/train/ATADD_T2_Train_144636.flac,1,music,Stable Audio open,ATADD_T2_Train_144636.flac
/root/atadd_track2_subset_v1/train/ATADD_T2_Train_144670.flac,1,music,Stable Audio open,ATADD_T2_Train_144670.flac
/root/atadd_track2_subset_v1/train/ATADD_T2_Train_144695.flac,1,music,Stable Audio open,ATADD_T2_Train_144695.flac
/root/atadd_track2_subset_v1/train/ATADD_T2_Train_144730.flac,1,music,Stable Audio open,ATADD_T2_Train_144730.flac
/root/atadd_track2_subset_v1/train/ATADD_T2_Train_144748.flac,1,music,Stable Audio open,ATADD_T2_Train_144748.flac
/root/atadd_track2_subset_v1/train/ATADD_T2_Train_144767.flac,1,music,Stable Audio open,ATADD_T2_Train_144767.flac
/root/atadd_track2_subset_v1/train/ATADD_T2_Train_144796.flac,1,music,Stable Audio open,ATADD_T2_Train_144796.flac
/root/atadd_track2_subset_v1/train/ATADD_T2_Train_144860.flac,1,music,Stable Audio open,ATADD_T2_Train_144860.flac
/root/atadd_track2_subset_v1/train/ATADD_T2_Train_144872.flac,1,music,Stable Audio open,ATADD_T2_Train_144872.flac
/root/atadd_track2_subset_v1/train/ATADD_T2_Train_144935.flac,1,music,Stable Audio open,ATADD_T2_Train_144935.flac
/root/atadd_track2_subset_v1/train/ATADD_T2_Train_144938.flac,1,music,Stable Audio open,ATADD_T2_Train_144938.flac
/root/atadd_track2_subset_v1/train/ATADD_T2_Train_144949.flac,1,music,Stable Audio open,ATADD_T2_Train_144949.flac
/root/atadd_track2_subset_v1/train/ATADD_T2_Train_144980.flac,1,music,Stable Audio open,ATADD_T2_Train_144980.flac
/root/atadd_track2_subset_v1/train/ATADD_T2_Train_145016.flac,1,music,Stable Audio open,ATADD_T2_Train_145016.flac
/root/atadd_track2_subset_v1/train/ATADD_T2_Train_145050.flac,1,music,Stable Audio open,ATADD_T2_Train_145050.flac
/root/atadd_track2_subset_v1/train/ATADD_T2_Train_145136.flac,1,music,Stable Audio open,ATADD_T2_Train_145136.flac
/root/atadd_track2_subset_v1/train/ATADD_T2_Train_145201.flac,1,music,Stable Audio open,ATADD_T2_Train_145201.flac
/root/atadd_track2_subset_v1/train/ATADD_T2_Train_145211.flac,1,music,Stable Audio open,ATADD_T2_Train_145211.flac
/root/atadd_track2_subset_v1/train/ATADD_T2_Train_145218.flac,1,music,Stable Audio open,ATADD_T2_Train_145218.flac
/root/atadd_track2_subset_v1/train/ATADD_T2_Train_145267.flac,1,music,Stable Audio open,ATADD_T2_Train_145267.flac
/root/atadd_track2_subset_v1/train/ATADD_T2_Train_145282.flac,1,music,Stable Audio open,ATADD_T2_Train_145282.flac
/root/atadd_track2_subset_v1/train/ATADD_T2_Train_145287.flac,1,music,Stable Audio open,ATADD_T2_Train_145287.flac
/root/atadd_track2_subset_v1/train/ATADD_T2_Train_145336.flac,1,music,Stable Audio open,ATADD_T2_Train_145336.flac
/root/atadd_track2_subset_v1/train/ATADD_T2_Train_145342.flac,1,music,Stable Audio open,ATADD_T2_Train_145342.flac
/root/atadd_track2_subset_v1/train/ATADD_T2_Train_145486.flac,1,music,Stable Audio open,ATADD_T2_Train_145486.flac
/root/atadd_track2_subset_v1/train/ATADD_T2_Train_145592.flac,1,music,Stable Audio open,ATADD_T2_Train_145592.flac
/root/atadd_track2_subset_v1/train/ATADD_T2_Train_145619.flac,1,music,Stable Audio open,ATADD_T2_Train_145619.flac
/root/atadd_track2_subset_v1/train/ATADD_T2_Train_145626.flac,1,music,Stable Audio open,ATADD_T2_Train_145626.flac
/root/atadd_track2_subset_v1/train/ATADD_T2_Train_145637.flac,1,music,Stable Audio open,ATADD_T2_Train_145637.flac
/root/atadd_track2_subset_v1/train/ATADD_T2_Train_145660.flac,1,music,Stable Audio open,ATADD_T2_Train_145660.flac
/root/atadd_track2_subset_v1/train/ATADD_T2_Train_145711.flac,1,music,Stable Audio open,ATADD_T2_Train_145711.flac
/root/atadd_track2_subset_v1/train/ATADD_T2_Train_145721.flac,1,music,Stable Audio open,ATADD_T2_Train_145721.flac
/root/atadd_track2_subset_v1/train/ATADD_T2_Train_145723.flac,1,music,Stable Audio open,ATADD_T2_Train_145723.flac
/root/atadd_track2_subset_v1/train/ATADD_T2_Train_145884.flac,1,music,Stable Audio open,ATADD_T2_Train_145884.flac
/root/atadd_track2_subset_v1/train/ATADD_T2_Train_145912.flac,1,music,Stable Audio open,ATADD_T2_Train_145912.flac
/root/atadd_track2_subset_v1/train/ATADD_T2_Train_146071.flac,1,music,Stable Audio open,ATADD_T2_Train_146071.flac
/root/atadd_track2_subset_v1/train/ATADD_T2_Train_146116.flac,1,music,Stable Audio open,ATADD_T2_Train_146116.flac
/root/atadd_track2_subset_v1/train/ATADD_T2_Train_146190.flac,1,music,Stable Audio open,ATADD_T2_Train_146190.flac
/root/atadd_track2_subset_v1/train/ATADD_T2_Train_146253.flac,1,music,Stable Audio open,ATADD_T2_Train_146253.flac
/root/atadd_track2_subset_v1/train/ATADD_T2_Train_146272.flac,1,music,Stable Audio open,ATADD_T2_Train_146272.flac
/root/atadd_track2_subset_v1/train/ATADD_T2_Train_146274.flac,1,music,Stable Audio open,ATADD_T2_Train_146274.flac
/root/atadd_track2_subset_v1/train/ATADD_T2_Train_146289.flac,1,music,Stable Audio open,ATADD_T2_Train_146289.flac
/root/atadd_track2_subset_v1/train/ATADD_T2_Train_146330.flac,1,music,Stable Audio open,ATADD_T2_Train_146330.flac
/root/atadd_track2_subset_v1/train/ATADD_T2_Train_146348.flac,1,music,Stable Audio open,ATADD_T2_Train_146348.flac
/root/atadd_track2_subset_v1/train/ATADD_T2_Train_146353.flac,1,music,Stable Audio open,ATADD_T2_Train_146353.flac
/root/atadd_track2_subset_v1/train/ATADD_T2_Train_146405.flac,1,music,Stable Audio open,ATADD_T2_Train_146405.flac
/root/atadd_track2_subset_v1/train/ATADD_T2_Train_146409.flac,1,music,Stable Audio open,ATADD_T2_Train_146409.flac
/root/atadd_track2_subset_v1/train/ATADD_T2_Train_146463.flac,1,music,Stable Audio open,ATADD_T2_Train_146463.flac
/root/atadd_track2_subset_v1/train/ATADD_T2_Train_146471.flac,1,music,Stable Audio open,ATADD_T2_Train_146471.flac
/root/atadd_track2_subset_v1/train/ATADD_T2_Train_146560.flac,1,music,Stable Audio open,ATADD_T2_Train_146560.flac
/root/atadd_track2_subset_v1/train/ATADD_T2_Train_146603.flac,1,music,Stable Audio open,ATADD_T2_Train_146603.flac
/root/atadd_track2_subset_v1/train/ATADD_T2_Train_146672.flac,1,music,Stable Audio open,ATADD_T2_Train_146672.flac
/root/atadd_track2_subset_v1/train/ATADD_T2_Train_146685.flac,1,music,Stable Audio open,ATADD_T2_Train_146685.flac
/root/atadd_track2_subset_v1/train/ATADD_T2_Train_146749.flac,1,music,Stable Audio open,ATADD_T2_Train_146749.flac
