audio_path,label,type,generator,source_name
/root/atadd_track2_subset_v3/train/ATADD_T2_Train_125416.flac,0,music,-,ATADD_T2_Train_125416.flac
/root/atadd_track2_subset_v3/train/ATADD_T2_Train_125417.flac,0,music,-,ATADD_T2_Train_125417.flac
/root/atadd_track2_subset_v3/train/ATADD_T2_Train_125418.flac,0,music,-,ATADD_T2_Train_125418.flac
/root/atadd_track2_subset_v3/train/ATADD_T2_Train_125419.flac,0,music,-,ATADD_T2_Train_125419.flac
/root/atadd_track2_subset_v3/train/ATADD_T2_Train_125420.flac,0,music,-,ATADD_T2_Train_125420.flac
/root/atadd_track2_subset_v3/train/ATADD_T2_Train_125421.flac,0,music,-,ATADD_T2_Train_125421.flac
/root/atadd_track2_subset_v3/train/ATADD_T2_Train_125422.flac,0,music,-,ATADD_T2_Train_125422.flac
/root/atadd_track2_subset_v3/train/ATADD_T2_Train_125424.flac,0,music,-,ATADD_T2_Train_125424.flac
/root/atadd_track2_subset_v3/train/ATADD_T2_Train_125425.flac,0,music,-,ATADD_T2_Train_125425.flac
/root/atadd_track2_subset_v3/train/ATADD_T2_Train_125426.flac,0,music,-,ATADD_T2_Train_125426.flac
/root/atadd_track2_subset_v3/train/ATADD_T2_Train_125427.flac,0,music,-,ATADD_T2_Train_125427.flac
/root/atadd_track2_subset_v3/train/ATADD_T2_Train_125428.flac,0,music,-,ATADD_T2_Train_125428.flac
/root/atadd_track2_subset_v3/train/ATADD_T2_Train_125429.flac,0,music,-,ATADD_T2_Train_125429.flac
/root/atadd_track2_subset_v3/train/ATADD_T2_Train_125430.flac,0,music,-,ATADD_T2_Train_125430.flac
/root/atadd_track2_subset_v3/train/ATADD_T2_Train_125431.flac,0,music,-,ATADD_T2_Train_125431.flac
/root/atadd_track2_subset_v3/train/ATADD_T2_Train_125432.flac,0,music,-,ATADD_T2_Train_125432.flac
/root/atadd_track2_subset_v3/train/ATADD_T2_Train_125433.flac,0,music,-,ATADD_T2_Train_125433.flac
/root/atadd_track2_subset_v3/train/ATADD_T2_Train_125434.flac,0,music,-,ATADD_T2_Train_125434.flac
/root/atadd_track2_subset_v3/train/ATADD_T2_Train_125435.flac,0,music,-,ATADD_T2_Train_125435.flac
/root/atadd_track2_subset_v3/train/ATADD_T2_Train_125436.flac,0,music,-,ATADD_T2_Train_125436.flac
/root/atadd_track2_subset_v3/train/ATADD_T2_Train_125437.flac,0,music,-,ATADD_T2_Train_125437.flac
/root/atadd_track2_subset_v3/train/ATADD_T2_Train_125438.flac,0,music,-,ATADD_T2_Train_125438.flac
/root/atadd_track2_subset_v3/train/ATADD_T2_Train_125439.flac,0,music,-,ATADD_T2_Train_125439.flac
/root/atadd_track2_subset_v3/train/ATADD_T2_Train_125441.flac,0,music,-,ATADD_T2_Train_125441.flac
/root/atadd_track2_subset_v3/train/ATADD_T2_Train_125442.flac,0,music,-,ATADD_T2_Train_125442.flac
/root/atadd_track2_subset_v3/train/ATADD_T2_Train_125443.flac,0,music,-,ATADD_T2_Train_125443.flac
/root/atadd_track2_subset_v3/train/ATADD_T2_Train_125444.flac,0,music,-,ATADD_T2_Train_125444.flac
/root/atadd_track2_subset_v3/train/ATADD_T2_Train_125445.flac,0,music,-,ATADD_T2_Train_125445.flac
/root/atadd_track2_subset_v3/train/ATADD_T2_Train_125446.flac,0,music,-,ATADD_T2_Train_125446.flac
/root/atadd_track2_subset_v3/train/ATADD_T2_Train_125447.flac,0,music,-,ATADD_T2_Train_125447.flac
/root/atadd_track2_subset_v3/train/ATADD_T2_Train_125448.flac,0,music,-,ATADD_T2_Train_125448.flac
/root/atadd_track2_subset_v3/train/ATADD_T2_Train_125449.flac,0,music,-,ATADD_T2_Train_125449.flac
/root/atadd_track2_subset_v3/train/ATADD_T2_Train_125450.flac,0,music,-,ATADD_T2_Train_125450.flac
/root/atadd_track2_subset_v3/train/ATADD_T2_Train_125451.flac,0,music,-,ATADD_T2_Train_125451.flac
/root/atadd_track2_subset_v3/train/ATADD_T2_Train_125452.flac,0,music,-,ATADD_T2_Train_125452.flac
/root/atadd_track2_subset_v3/train/ATADD_T2_Train_125453.flac,0,music,-,ATADD_T2_Train_125453.flac
/root/atadd_track2_subset_v3/train/ATADD_T2_Train_125454.flac,0,music,-,ATADD_T2_Train_125454.flac
/root/atadd_track2_subset_v3/train/ATADD_T2_Train_125455.flac,0,music,-,ATADD_T2_Train_125455.flac
/root/atadd_track2_subset_v3/train/ATADD_T2_Train_125456.flac,0,music,-,ATADD_T2_Train_125456.flac
/root/atadd_track2_subset_v3/train/ATADD_T2_Train_125457.flac,0,music,-,ATADD_T2_Train_125457.flac
/root/atadd_track2_subset_v3/train/ATADD_T2_Train_125458.flac,0,music,-,ATADD_T2_Train_125458.flac
/root/atadd_track2_subset_v3/train/ATADD_T2_Train_125459.flac,0,music,-,ATADD_T2_Train_125459.flac
/root/atadd_track2_subset_v3/train/ATADD_T2_Train_125460.flac,0,music,-,ATADD_T2_Train_125460.flac
/root/atadd_track2_subset_v3/train/ATADD_T2_Train_125461.flac,0,music,-,ATADD_T2_Train_125461.flac
/root/atadd_track2_subset_v3/train/ATADD_T2_Train_125462.flac,0,music,-,ATADD_T2_Train_125462.flac
/root/atadd_track2_subset_v3/train/ATADD_T2_Train_125463.flac,0,music,-,ATADD_T2_Train_125463.flac
/root/atadd_track2_subset_v3/train/ATADD_T2_Train_125464.flac,0,music,-,ATADD_T2_Train_125464.flac
/root/atadd_track2_subset_v3/train/ATADD_T2_Train_125465.flac,0,music,-,ATADD_T2_Train_125465.flac
/root/atadd_track2_subset_v3/train/ATADD_T2_Train_125466.flac,0,music,-,ATADD_T2_Train_125466.flac
/root/atadd_track2_subset_v3/train/ATADD_T2_Train_125467.flac,0,music,-,ATADD_T2_Train_125467.flac
/root/atadd_track2_subset_v3/train/ATADD_T2_Train_125468.flac,0,music,-,ATADD_T2_Train_125468.flac
/root/atadd_track2_subset_v3/train/ATADD_T2_Train_125469.flac,0,music,-,ATADD_T2_Train_125469.flac
/root/atadd_track2_subset_v3/train/ATADD_T2_Train_125470.flac,0,music,-,ATADD_T2_Train_125470.flac
/root/atadd_track2_subset_v3/train/ATADD_T2_Train_125471.flac,0,music,-,ATADD_T2_Train_125471.flac
/root/atadd_track2_subset_v3/train/ATADD_T2_Train_125472.flac,0,music,-,ATADD_T2_Train_125472.flac
/root/atadd_track2_subset_v3/train/ATADD_T2_Train_125473.flac,0,music,-,ATADD_T2_Train_125473.flac
/root/atadd_track2_subset_v3/train/ATADD_T2_Train_125474.flac,0,music,-,ATADD_T2_Train_125474.flac
/root/atadd_track2_subset_v3/train/ATADD_T2_Train_125475.flac,0,music,-,ATADD_T2_Train_125475.flac
/root/atadd_track2_subset_v3/train/ATADD_T2_Train_125476.flac,0,music,-,ATADD_T2_Train_125476.flac
/root/atadd_track2_subset_v3/train/ATADD_T2_Train_125477.flac,0,music,-,ATADD_T2_Train_125477.flac
/root/atadd_track2_subset_v3/train/ATADD_T2_Train_125478.flac,0,music,-,ATADD_T2_Train_125478.flac
/root/atadd_track2_subset_v3/train/ATADD_T2_Train_125479.flac,0,music,-,ATADD_T2_Train_125479.flac
/root/atadd_track2_subset_v3/train/ATADD_T2_Train_125480.flac,0,music,-,ATADD_T2_Train_125480.flac
/root/atadd_track2_subset_v3/train/ATADD_T2_Train_125481.flac,0,music,-,ATADD_T2_Train_125481.flac
/root/atadd_track2_subset_v3/train/ATADD_T2_Train_125483.flac,0,music,-,ATADD_T2_Train_125483.flac
/root/atadd_track2_subset_v3/train/ATADD_T2_Train_125484.flac,0,music,-,ATADD_T2_Train_125484.flac
/root/atadd_track2_subset_v3/train/ATADD_T2_Train_125485.flac,0,music,-,ATADD_T2_Train_125485.flac
/root/atadd_track2_subset_v3/train/ATADD_T2_Train_125487.flac,0,music,-,ATADD_T2_Train_125487.flac
/root/atadd_track2_subset_v3/train/ATADD_T2_Train_125488.flac,0,music,-,ATADD_T2_Train_125488.flac
/root/atadd_track2_subset_v3/train/ATADD_T2_Train_125489.flac,0,music,-,ATADD_T2_Train_125489.flac
/root/atadd_track2_subset_v3/train/ATADD_T2_Train_125491.flac,0,music,-,ATADD_T2_Train_125491.flac
/root/atadd_track2_subset_v3/train/ATADD_T2_Train_125492.flac,0,music,-,ATADD_T2_Train_125492.flac
/root/atadd_track2_subset_v3/train/ATADD_T2_Train_125494.flac,0,music,-,ATADD_T2_Train_125494.flac
/root/atadd_track2_subset_v3/train/ATADD_T2_Train_125495.flac,0,music,-,ATADD_T2_Train_125495.flac
/root/atadd_track2_subset_v3/train/ATADD_T2_Train_125498.flac,0,music,-,ATADD_T2_Train_125498.flac
/root/atadd_track2_subset_v3/train/ATADD_T2_Train_125499.flac,0,music,-,ATADD_T2_Train_125499.flac
/root/atadd_track2_subset_v3/train/ATADD_T2_Train_125500.flac,0,music,-,ATADD_T2_Train_125500.flac
/root/atadd_track2_subset_v3/train/ATADD_T2_Train_125501.flac,0,music,-,ATADD_T2_Train_125501.flac
/root/atadd_track2_subset_v3/train/ATADD_T2_Train_125502.flac,0,music,-,ATADD_T2_Train_125502.flac
/root/atadd_track2_subset_v3/train/ATADD_T2_Train_125503.flac,0,music,-,ATADD_T2_Train_125503.flac
/root/atadd_track2_subset_v3/train/ATADD_T2_Train_125504.flac,0,music,-,ATADD_T2_Train_125504.flac
/root/atadd_track2_subset_v3/train/ATADD_T2_Train_125505.flac,0,music,-,ATADD_T2_Train_125505.flac
/root/atadd_track2_subset_v3/train/ATADD_T2_Train_125506.flac,0,music,-,ATADD_T2_Train_125506.flac
/root/atadd_track2_subset_v3/train/ATADD_T2_Train_125507.flac,0,music,-,ATADD_T2_Train_125507.flac
/root/atadd_track2_subset_v3/train/ATADD_T2_Train_125508.flac,0,music,-,ATADD_T2_Train_125508.flac
/root/atadd_track2_subset_v3/train/ATADD_T2_Train_125509.flac,0,music,-,ATADD_T2_Train_125509.flac
/root/atadd_track2_subset_v3/train/ATADD_T2_Train_125510.flac,0,music,-,ATADD_T2_Train_125510.flac
/root/atadd_track2_subset_v3/train/ATADD_T2_Train_125511.flac,0,music,-,ATADD_T2_Train_125511.flac
/root/atadd_track2_subset_v3/train/ATADD_T2_Train_125513.flac,0,music,-,ATADD_T2_Train_125513.flac
/root/atadd_track2_subset_v3/train/ATADD_T2_Train_125514.flac,0,music,-,ATADD_T2_Train_125514.flac
/root/atadd_track2_subset_v3/train/ATADD_T2_Train_125515.flac,0,music,-,ATADD_T2_Train_125515.flac
/root/atadd_track2_subset_v3/train/ATADD_T2_Train_125516.flac,0,music,-,ATADD_T2_Train_125516.flac
/root/atadd_track2_subset_v3/train/ATADD_T2_Train_125517.flac,0,music,-,ATADD_T2_Train_125517.flac
/root/atadd_track2_subset_v3/train/ATADD_T2_Train_125518.flac,0,music,-,ATADD_T2_Train_125518.flac
/root/atadd_track2_subset_v3/train/ATADD_T2_Train_125519.flac,0,music,-,ATADD_T2_Train_125519.flac
/root/atadd_track2_subset_v3/train/ATADD_T2_Train_125520.flac,0,music,-,ATADD_T2_Train_125520.flac
/root/atadd_track2_subset_v3/train/ATADD_T2_Train_125521.flac,0,music,-,ATADD_T2_Train_125521.flac
/root/atadd_track2_subset_v3/train/ATADD_T2_Train_125522.flac,0,music,-,ATADD_T2_Train_125522.flac
/root/atadd_track2_subset_v3/train/ATADD_T2_Train_125523.flac,0,music,-,ATADD_T2_Train_125523.flac
/root/atadd_track2_subset_v3/train/ATADD_T2_Train_125524.flac,0,music,-,ATADD_T2_Train_125524.flac
/root/atadd_track2_subset_v3/train/ATADD_T2_Train_125525.flac,0,music,-,ATADD_T2_Train_125525.flac
/root/atadd_track2_subset_v3/train/ATADD_T2_Train_125527.flac,0,music,-,ATADD_T2_Train_125527.flac
/root/atadd_track2_subset_v3/train/ATADD_T2_Train_125528.flac,0,music,-,ATADD_T2_Train_125528.flac
/root/atadd_track2_subset_v3/train/ATADD_T2_Train_125529.flac,0,music,-,ATADD_T2_Train_125529.flac
/root/atadd_track2_subset_v3/train/ATADD_T2_Train_125530.flac,0,music,-,ATADD_T2_Train_125530.flac
/root/atadd_track2_subset_v3/train/ATADD_T2_Train_125531.flac,0,music,-,ATADD_T2_Train_125531.flac
/root/atadd_track2_subset_v3/train/ATADD_T2_Train_125532.flac,0,music,-,ATADD_T2_Train_125532.flac
/root/atadd_track2_subset_v3/train/ATADD_T2_Train_125534.flac,0,music,-,ATADD_T2_Train_125534.flac
/root/atadd_track2_subset_v3/train/ATADD_T2_Train_125535.flac,0,music,-,ATADD_T2_Train_125535.flac
/root/atadd_track2_subset_v3/train/ATADD_T2_Train_125536.flac,0,music,-,ATADD_T2_Train_125536.flac
/root/atadd_track2_subset_v3/train/ATADD_T2_Train_125537.flac,0,music,-,ATADD_T2_Train_125537.flac
/root/atadd_track2_subset_v3/train/ATADD_T2_Train_125538.flac,0,music,-,ATADD_T2_Train_125538.flac
/root/atadd_track2_subset_v3/train/ATADD_T2_Train_125539.flac,0,music,-,ATADD_T2_Train_125539.flac
/root/atadd_track2_subset_v3/train/ATADD_T2_Train_125541.flac,0,music,-,ATADD_T2_Train_125541.flac
/root/atadd_track2_subset_v3/train/ATADD_T2_Train_125542.flac,0,music,-,ATADD_T2_Train_125542.flac
/root/atadd_track2_subset_v3/train/ATADD_T2_Train_125543.flac,0,music,-,ATADD_T2_Train_125543.flac
/root/atadd_track2_subset_v3/train/ATADD_T2_Train_125544.flac,0,music,-,ATADD_T2_Train_125544.flac
/root/atadd_track2_subset_v3/train/ATADD_T2_Train_125545.flac,0,music,-,ATADD_T2_Train_125545.flac
/root/atadd_track2_subset_v3/train/ATADD_T2_Train_125546.flac,0,music,-,ATADD_T2_Train_125546.flac
/root/atadd_track2_subset_v3/train/ATADD_T2_Train_125547.flac,0,music,-,ATADD_T2_Train_125547.flac
/root/atadd_track2_subset_v3/train/ATADD_T2_Train_125548.flac,0,music,-,ATADD_T2_Train_125548.flac
/root/atadd_track2_subset_v3/train/ATADD_T2_Train_125549.flac,0,music,-,ATADD_T2_Train_125549.flac
/root/atadd_track2_subset_v3/train/ATADD_T2_Train_125550.flac,0,music,-,ATADD_T2_Train_125550.flac
/root/atadd_track2_subset_v3/train/ATADD_T2_Train_125551.flac,0,music,-,ATADD_T2_Train_125551.flac
/root/atadd_track2_subset_v3/train/ATADD_T2_Train_125553.flac,0,music,-,ATADD_T2_Train_125553.flac
/root/atadd_track2_subset_v3/train/ATADD_T2_Train_125554.flac,0,music,-,ATADD_T2_Train_125554.flac
/root/atadd_track2_subset_v3/train/ATADD_T2_Train_125555.flac,0,music,-,ATADD_T2_Train_125555.flac
/root/atadd_track2_subset_v3/train/ATADD_T2_Train_125556.flac,0,music,-,ATADD_T2_Train_125556.flac
/root/atadd_track2_subset_v3/train/ATADD_T2_Train_125557.flac,0,music,-,ATADD_T2_Train_125557.flac
/root/atadd_track2_subset_v3/train/ATADD_T2_Train_125558.flac,0,music,-,ATADD_T2_Train_125558.flac
/root/atadd_track2_subset_v3/train/ATADD_T2_Train_125559.flac,0,music,-,ATADD_T2_Train_125559.flac
/root/atadd_track2_subset_v3/train/ATADD_T2_Train_125560.flac,0,music,-,ATADD_T2_Train_125560.flac
/root/atadd_track2_subset_v3/train/ATADD_T2_Train_125561.flac,0,music,-,ATADD_T2_Train_125561.flac
/root/atadd_track2_subset_v3/train/ATADD_T2_Train_125562.flac,0,music,-,ATADD_T2_Train_125562.flac
/root/atadd_track2_subset_v3/train/ATADD_T2_Train_125563.flac,0,music,-,ATADD_T2_Train_125563.flac
/root/atadd_track2_subset_v3/train/ATADD_T2_Train_125564.flac,0,music,-,ATADD_T2_Train_125564.flac
/root/atadd_track2_subset_v3/train/ATADD_T2_Train_125565.flac,0,music,-,ATADD_T2_Train_125565.flac
/root/atadd_track2_subset_v3/train/ATADD_T2_Train_125566.flac,0,music,-,ATADD_T2_Train_125566.flac
/root/atadd_track2_subset_v3/train/ATADD_T2_Train_125567.flac,0,music,-,ATADD_T2_Train_125567.flac
/root/atadd_track2_subset_v3/train/ATADD_T2_Train_125568.flac,0,music,-,ATADD_T2_Train_125568.flac
/root/atadd_track2_subset_v3/train/ATADD_T2_Train_125569.flac,0,music,-,ATADD_T2_Train_125569.flac
/root/atadd_track2_subset_v3/train/ATADD_T2_Train_125570.flac,0,music,-,ATADD_T2_Train_125570.flac
/root/atadd_track2_subset_v3/train/ATADD_T2_Train_125571.flac,0,music,-,ATADD_T2_Train_125571.flac
/root/atadd_track2_subset_v3/train/ATADD_T2_Train_125572.flac,0,music,-,ATADD_T2_Train_125572.flac
/root/atadd_track2_subset_v3/train/ATADD_T2_Train_125573.flac,0,music,-,ATADD_T2_Train_125573.flac
/root/atadd_track2_subset_v3/train/ATADD_T2_Train_125575.flac,0,music,-,ATADD_T2_Train_125575.flac
/root/atadd_track2_subset_v3/train/ATADD_T2_Train_125576.flac,0,music,-,ATADD_T2_Train_125576.flac
/root/atadd_track2_subset_v3/train/ATADD_T2_Train_125577.flac,0,music,-,ATADD_T2_Train_125577.flac
/root/atadd_track2_subset_v3/train/ATADD_T2_Train_125578.flac,0,music,-,ATADD_T2_Train_125578.flac
/root/atadd_track2_subset_v3/train/ATADD_T2_Train_125579.flac,0,music,-,ATADD_T2_Train_125579.flac
/root/atadd_track2_subset_v3/train/ATADD_T2_Train_125580.flac,0,music,-,ATADD_T2_Train_125580.flac
/root/atadd_track2_subset_v3/train/ATADD_T2_Train_125581.flac,0,music,-,ATADD_T2_Train_125581.flac
/root/atadd_track2_subset_v3/train/ATADD_T2_Train_125582.flac,0,music,-,ATADD_T2_Train_125582.flac
/root/atadd_track2_subset_v3/train/ATADD_T2_Train_125583.flac,0,music,-,ATADD_T2_Train_125583.flac
/root/atadd_track2_subset_v3/train/ATADD_T2_Train_125584.flac,0,music,-,ATADD_T2_Train_125584.flac
/root/atadd_track2_subset_v3/train/ATADD_T2_Train_125585.flac,0,music,-,ATADD_T2_Train_125585.flac
/root/atadd_track2_subset_v3/train/ATADD_T2_Train_125586.flac,0,music,-,ATADD_T2_Train_125586.flac
/root/atadd_track2_subset_v3/train/ATADD_T2_Train_125587.flac,0,music,-,ATADD_T2_Train_125587.flac
/root/atadd_track2_subset_v3/train/ATADD_T2_Train_125588.flac,0,music,-,ATADD_T2_Train_125588.flac
/root/atadd_track2_subset_v3/train/ATADD_T2_Train_125589.flac,0,music,-,ATADD_T2_Train_125589.flac
/root/atadd_track2_subset_v3/train/ATADD_T2_Train_125590.flac,0,music,-,ATADD_T2_Train_125590.flac
/root/atadd_track2_subset_v3/train/ATADD_T2_Train_125591.flac,0,music,-,ATADD_T2_Train_125591.flac
/root/atadd_track2_subset_v3/train/ATADD_T2_Train_125592.flac,0,music,-,ATADD_T2_Train_125592.flac
/root/atadd_track2_subset_v3/train/ATADD_T2_Train_125593.flac,0,music,-,ATADD_T2_Train_125593.flac
/root/atadd_track2_subset_v3/train/ATADD_T2_Train_125594.flac,0,music,-,ATADD_T2_Train_125594.flac
/root/atadd_track2_subset_v3/train/ATADD_T2_Train_125595.flac,0,music,-,ATADD_T2_Train_125595.flac
/root/atadd_track2_subset_v3/train/ATADD_T2_Train_125596.flac,0,music,-,ATADD_T2_Train_125596.flac
/root/atadd_track2_subset_v3/train/ATADD_T2_Train_125597.flac,0,music,-,ATADD_T2_Train_125597.flac
/root/atadd_track2_subset_v3/train/ATADD_T2_Train_125598.flac,0,music,-,ATADD_T2_Train_125598.flac
/root/atadd_track2_subset_v3/train/ATADD_T2_Train_125599.flac,0,music,-,ATADD_T2_Train_125599.flac
/root/atadd_track2_subset_v3/train/ATADD_T2_Train_125600.flac,0,music,-,ATADD_T2_Train_125600.flac
/root/atadd_track2_subset_v3/train/ATADD_T2_Train_125601.flac,0,music,-,ATADD_T2_Train_125601.flac
/root/atadd_track2_subset_v3/train/ATADD_T2_Train_125602.flac,0,music,-,ATADD_T2_Train_125602.flac
/root/atadd_track2_subset_v3/train/ATADD_T2_Train_125603.flac,0,music,-,ATADD_T2_Train_125603.flac
/root/atadd_track2_subset_v3/train/ATADD_T2_Train_125604.flac,0,music,-,ATADD_T2_Train_125604.flac
/root/atadd_track2_subset_v3/train/ATADD_T2_Train_125605.flac,0,music,-,ATADD_T2_Train_125605.flac
/root/atadd_track2_subset_v3/train/ATADD_T2_Train_125606.flac,0,music,-,ATADD_T2_Train_125606.flac
/root/atadd_track2_subset_v3/train/ATADD_T2_Train_125607.flac,0,music,-,ATADD_T2_Train_125607.flac
/root/atadd_track2_subset_v3/train/ATADD_T2_Train_125608.flac,0,music,-,ATADD_T2_Train_125608.flac
/root/atadd_track2_subset_v3/train/ATADD_T2_Train_125609.flac,0,music,-,ATADD_T2_Train_125609.flac
/root/atadd_track2_subset_v3/train/ATADD_T2_Train_125610.flac,0,music,-,ATADD_T2_Train_125610.flac
/root/atadd_track2_subset_v3/train/ATADD_T2_Train_125611.flac,0,music,-,ATADD_T2_Train_125611.flac
/root/atadd_track2_subset_v3/train/ATADD_T2_Train_125612.flac,0,music,-,ATADD_T2_Train_125612.flac
/root/atadd_track2_subset_v3/train/ATADD_T2_Train_125613.flac,0,music,-,ATADD_T2_Train_125613.flac
/root/atadd_track2_subset_v3/train/ATADD_T2_Train_125614.flac,0,music,-,ATADD_T2_Train_125614.flac
/root/atadd_track2_subset_v3/train/ATADD_T2_Train_125615.flac,0,music,-,ATADD_T2_Train_125615.flac
/root/atadd_track2_subset_v3/train/ATADD_T2_Train_125616.flac,0,music,-,ATADD_T2_Train_125616.flac
/root/atadd_track2_subset_v3/train/ATADD_T2_Train_125617.flac,0,music,-,ATADD_T2_Train_125617.flac
/root/atadd_track2_subset_v3/train/ATADD_T2_Train_125618.flac,0,music,-,ATADD_T2_Train_125618.flac
/root/atadd_track2_subset_v3/train/ATADD_T2_Train_125619.flac,0,music,-,ATADD_T2_Train_125619.flac
/root/atadd_track2_subset_v3/train/ATADD_T2_Train_125620.flac,0,music,-,ATADD_T2_Train_125620.flac
/root/atadd_track2_subset_v3/train/ATADD_T2_Train_125621.flac,0,music,-,ATADD_T2_Train_125621.flac
/root/atadd_track2_subset_v3/train/ATADD_T2_Train_125622.flac,0,music,-,ATADD_T2_Train_125622.flac
/root/atadd_track2_subset_v3/train/ATADD_T2_Train_125623.flac,0,music,-,ATADD_T2_Train_125623.flac
/root/atadd_track2_subset_v3/train/ATADD_T2_Train_125624.flac,0,music,-,ATADD_T2_Train_125624.flac
/root/atadd_track2_subset_v3/train/ATADD_T2_Train_125625.flac,0,music,-,ATADD_T2_Train_125625.flac
/root/atadd_track2_subset_v3/train/ATADD_T2_Train_125626.flac,0,music,-,ATADD_T2_Train_125626.flac
/root/atadd_track2_subset_v3/train/ATADD_T2_Train_125627.flac,0,music,-,ATADD_T2_Train_125627.flac
/root/atadd_track2_subset_v3/train/ATADD_T2_Train_125628.flac,0,music,-,ATADD_T2_Train_125628.flac
/root/atadd_track2_subset_v3/train/ATADD_T2_Train_125630.flac,0,music,-,ATADD_T2_Train_125630.flac
/root/atadd_track2_subset_v3/train/ATADD_T2_Train_125631.flac,0,music,-,ATADD_T2_Train_125631.flac
/root/atadd_track2_subset_v3/train/ATADD_T2_Train_125632.flac,0,music,-,ATADD_T2_Train_125632.flac
/root/atadd_track2_subset_v3/train/ATADD_T2_Train_125633.flac,0,music,-,ATADD_T2_Train_125633.flac
/root/atadd_track2_subset_v3/train/ATADD_T2_Train_125634.flac,0,music,-,ATADD_T2_Train_125634.flac
/root/atadd_track2_subset_v3/train/ATADD_T2_Train_125635.flac,0,music,-,ATADD_T2_Train_125635.flac
/root/atadd_track2_subset_v3/train/ATADD_T2_Train_125636.flac,0,music,-,ATADD_T2_Train_125636.flac
/root/atadd_track2_subset_v3/train/ATADD_T2_Train_125637.flac,0,music,-,ATADD_T2_Train_125637.flac
/root/atadd_track2_subset_v3/train/ATADD_T2_Train_125638.flac,0,music,-,ATADD_T2_Train_125638.flac
/root/atadd_track2_subset_v3/train/ATADD_T2_Train_125639.flac,0,music,-,ATADD_T2_Train_125639.flac
/root/atadd_track2_subset_v3/train/ATADD_T2_Train_125640.flac,0,music,-,ATADD_T2_Train_125640.flac
/root/atadd_track2_subset_v3/train/ATADD_T2_Train_125641.flac,0,music,-,ATADD_T2_Train_125641.flac
/root/atadd_track2_subset_v3/train/ATADD_T2_Train_125642.flac,0,music,-,ATADD_T2_Train_125642.flac
/root/atadd_track2_subset_v3/train/ATADD_T2_Train_125643.flac,0,music,-,ATADD_T2_Train_125643.flac
/root/atadd_track2_subset_v3/train/ATADD_T2_Train_125644.flac,0,music,-,ATADD_T2_Train_125644.flac
/root/atadd_track2_subset_v3/train/ATADD_T2_Train_125645.flac,0,music,-,ATADD_T2_Train_125645.flac
/root/atadd_track2_subset_v3/train/ATADD_T2_Train_125646.flac,0,music,-,ATADD_T2_Train_125646.flac
/root/atadd_track2_subset_v3/train/ATADD_T2_Train_125647.flac,0,music,-,ATADD_T2_Train_125647.flac
/root/atadd_track2_subset_v3/train/ATADD_T2_Train_125648.flac,0,music,-,ATADD_T2_Train_125648.flac
/root/atadd_track2_subset_v3/train/ATADD_T2_Train_125649.flac,0,music,-,ATADD_T2_Train_125649.flac
/root/atadd_track2_subset_v3/train/ATADD_T2_Train_125650.flac,0,music,-,ATADD_T2_Train_125650.flac
/root/atadd_track2_subset_v3/train/ATADD_T2_Train_125651.flac,0,music,-,ATADD_T2_Train_125651.flac
/root/atadd_track2_subset_v3/train/ATADD_T2_Train_125652.flac,0,music,-,ATADD_T2_Train_125652.flac
/root/atadd_track2_subset_v3/train/ATADD_T2_Train_125653.flac,0,music,-,ATADD_T2_Train_125653.flac
/root/atadd_track2_subset_v3/train/ATADD_T2_Train_125654.flac,0,music,-,ATADD_T2_Train_125654.flac
/root/atadd_track2_subset_v3/train/ATADD_T2_Train_125655.flac,0,music,-,ATADD_T2_Train_125655.flac
/root/atadd_track2_subset_v3/train/ATADD_T2_Train_125656.flac,0,music,-,ATADD_T2_Train_125656.flac
/root/atadd_track2_subset_v3/train/ATADD_T2_Train_125657.flac,0,music,-,ATADD_T2_Train_125657.flac
/root/atadd_track2_subset_v3/train/ATADD_T2_Train_125658.flac,0,music,-,ATADD_T2_Train_125658.flac
/root/atadd_track2_subset_v3/train/ATADD_T2_Train_125659.flac,0,music,-,ATADD_T2_Train_125659.flac
/root/atadd_track2_subset_v3/train/ATADD_T2_Train_125660.flac,0,music,-,ATADD_T2_Train_125660.flac
/root/atadd_track2_subset_v3/train/ATADD_T2_Train_125662.flac,0,music,-,ATADD_T2_Train_125662.flac
/root/atadd_track2_subset_v3/train/ATADD_T2_Train_125663.flac,0,music,-,ATADD_T2_Train_125663.flac
/root/atadd_track2_subset_v3/train/ATADD_T2_Train_125664.flac,0,music,-,ATADD_T2_Train_125664.flac
/root/atadd_track2_subset_v3/train/ATADD_T2_Train_125665.flac,0,music,-,ATADD_T2_Train_125665.flac
/root/atadd_track2_subset_v3/train/ATADD_T2_Train_125666.flac,0,music,-,ATADD_T2_Train_125666.flac
/root/atadd_track2_subset_v3/train/ATADD_T2_Train_125667.flac,0,music,-,ATADD_T2_Train_125667.flac
/root/atadd_track2_subset_v3/train/ATADD_T2_Train_125668.flac,0,music,-,ATADD_T2_Train_125668.flac
/root/atadd_track2_subset_v3/train/ATADD_T2_Train_125669.flac,0,music,-,ATADD_T2_Train_125669.flac
/root/atadd_track2_subset_v3/train/ATADD_T2_Train_125671.flac,0,music,-,ATADD_T2_Train_125671.flac
/root/atadd_track2_subset_v3/train/ATADD_T2_Train_125672.flac,0,music,-,ATADD_T2_Train_125672.flac
/root/atadd_track2_subset_v3/train/ATADD_T2_Train_125673.flac,0,music,-,ATADD_T2_Train_125673.flac
/root/atadd_track2_subset_v3/train/ATADD_T2_Train_125674.flac,0,music,-,ATADD_T2_Train_125674.flac
/root/atadd_track2_subset_v3/train/ATADD_T2_Train_125675.flac,0,music,-,ATADD_T2_Train_125675.flac
/root/atadd_track2_subset_v3/train/ATADD_T2_Train_125676.flac,0,music,-,ATADD_T2_Train_125676.flac
/root/atadd_track2_subset_v3/train/ATADD_T2_Train_125677.flac,0,music,-,ATADD_T2_Train_125677.flac
/root/atadd_track2_subset_v3/train/ATADD_T2_Train_125678.flac,0,music,-,ATADD_T2_Train_125678.flac
/root/atadd_track2_subset_v3/train/ATADD_T2_Train_125679.flac,0,music,-,ATADD_T2_Train_125679.flac
/root/atadd_track2_subset_v3/train/ATADD_T2_Train_125680.flac,0,music,-,ATADD_T2_Train_125680.flac
/root/atadd_track2_subset_v3/train/ATADD_T2_Train_125681.flac,0,music,-,ATADD_T2_Train_125681.flac
/root/atadd_track2_subset_v3/train/ATADD_T2_Train_125682.flac,0,music,-,ATADD_T2_Train_125682.flac
/root/atadd_track2_subset_v3/train/ATADD_T2_Train_125683.flac,0,music,-,ATADD_T2_Train_125683.flac
/root/atadd_track2_subset_v3/train/ATADD_T2_Train_125684.flac,0,music,-,ATADD_T2_Train_125684.flac
/root/atadd_track2_subset_v3/train/ATADD_T2_Train_125686.flac,0,music,-,ATADD_T2_Train_125686.flac
/root/atadd_track2_subset_v3/train/ATADD_T2_Train_125687.flac,0,music,-,ATADD_T2_Train_125687.flac
/root/atadd_track2_subset_v3/train/ATADD_T2_Train_125688.flac,0,music,-,ATADD_T2_Train_125688.flac
/root/atadd_track2_subset_v3/train/ATADD_T2_Train_125689.flac,0,music,-,ATADD_T2_Train_125689.flac
/root/atadd_track2_subset_v3/train/ATADD_T2_Train_125690.flac,0,music,-,ATADD_T2_Train_125690.flac
/root/atadd_track2_subset_v3/train/ATADD_T2_Train_125691.flac,0,music,-,ATADD_T2_Train_125691.flac
/root/atadd_track2_subset_v3/train/ATADD_T2_Train_125692.flac,0,music,-,ATADD_T2_Train_125692.flac
/root/atadd_track2_subset_v3/train/ATADD_T2_Train_125693.flac,0,music,-,ATADD_T2_Train_125693.flac
/root/atadd_track2_subset_v3/train/ATADD_T2_Train_125694.flac,0,music,-,ATADD_T2_Train_125694.flac
/root/atadd_track2_subset_v3/train/ATADD_T2_Train_125695.flac,0,music,-,ATADD_T2_Train_125695.flac
/root/atadd_track2_subset_v3/train/ATADD_T2_Train_125696.flac,0,music,-,ATADD_T2_Train_125696.flac
/root/atadd_track2_subset_v3/train/ATADD_T2_Train_125699.flac,0,music,-,ATADD_T2_Train_125699.flac
/root/atadd_track2_subset_v3/train/ATADD_T2_Train_125700.flac,0,music,-,ATADD_T2_Train_125700.flac
/root/atadd_track2_subset_v3/train/ATADD_T2_Train_125701.flac,0,music,-,ATADD_T2_Train_125701.flac
/root/atadd_track2_subset_v3/train/ATADD_T2_Train_125702.flac,0,music,-,ATADD_T2_Train_125702.flac
/root/atadd_track2_subset_v3/train/ATADD_T2_Train_125703.flac,0,music,-,ATADD_T2_Train_125703.flac
/root/atadd_track2_subset_v3/train/ATADD_T2_Train_125704.flac,0,music,-,ATADD_T2_Train_125704.flac
/root/atadd_track2_subset_v3/train/ATADD_T2_Train_125705.flac,0,music,-,ATADD_T2_Train_125705.flac
/root/atadd_track2_subset_v3/train/ATADD_T2_Train_125706.flac,0,music,-,ATADD_T2_Train_125706.flac
/root/atadd_track2_subset_v3/train/ATADD_T2_Train_125707.flac,0,music,-,ATADD_T2_Train_125707.flac
/root/atadd_track2_subset_v3/train/ATADD_T2_Train_125709.flac,0,music,-,ATADD_T2_Train_125709.flac
/root/atadd_track2_subset_v3/train/ATADD_T2_Train_125710.flac,0,music,-,ATADD_T2_Train_125710.flac
/root/atadd_track2_subset_v3/train/ATADD_T2_Train_125711.flac,0,music,-,ATADD_T2_Train_125711.flac
/root/atadd_track2_subset_v3/train/ATADD_T2_Train_125712.flac,0,music,-,ATADD_T2_Train_125712.flac
/root/atadd_track2_subset_v3/train/ATADD_T2_Train_125713.flac,0,music,-,ATADD_T2_Train_125713.flac
/root/atadd_track2_subset_v3/train/ATADD_T2_Train_125714.flac,0,music,-,ATADD_T2_Train_125714.flac
/root/atadd_track2_subset_v3/train/ATADD_T2_Train_125715.flac,0,music,-,ATADD_T2_Train_125715.flac
/root/atadd_track2_subset_v3/train/ATADD_T2_Train_125716.flac,0,music,-,ATADD_T2_Train_125716.flac
/root/atadd_track2_subset_v3/train/ATADD_T2_Train_125717.flac,0,music,-,ATADD_T2_Train_125717.flac
/root/atadd_track2_subset_v3/train/ATADD_T2_Train_125718.flac,0,music,-,ATADD_T2_Train_125718.flac
/root/atadd_track2_subset_v3/train/ATADD_T2_Train_125719.flac,0,music,-,ATADD_T2_Train_125719.flac
/root/atadd_track2_subset_v3/train/ATADD_T2_Train_125720.flac,0,music,-,ATADD_T2_Train_125720.flac
/root/atadd_track2_subset_v3/train/ATADD_T2_Train_125721.flac,0,music,-,ATADD_T2_Train_125721.flac
/root/atadd_track2_subset_v3/train/ATADD_T2_Train_125722.flac,0,music,-,ATADD_T2_Train_125722.flac
/root/atadd_track2_subset_v3/train/ATADD_T2_Train_125723.flac,0,music,-,ATADD_T2_Train_125723.flac
/root/atadd_track2_subset_v3/train/ATADD_T2_Train_125724.flac,0,music,-,ATADD_T2_Train_125724.flac
/root/atadd_track2_subset_v3/train/ATADD_T2_Train_125725.flac,0,music,-,ATADD_T2_Train_125725.flac
/root/atadd_track2_subset_v3/train/ATADD_T2_Train_125726.flac,0,music,-,ATADD_T2_Train_125726.flac
/root/atadd_track2_subset_v3/train/ATADD_T2_Train_125727.flac,0,music,-,ATADD_T2_Train_125727.flac
/root/atadd_track2_subset_v3/train/ATADD_T2_Train_125728.flac,0,music,-,ATADD_T2_Train_125728.flac
/root/atadd_track2_subset_v3/train/ATADD_T2_Train_125729.flac,0,music,-,ATADD_T2_Train_125729.flac
/root/atadd_track2_subset_v3/train/ATADD_T2_Train_125730.flac,0,music,-,ATADD_T2_Train_125730.flac
/root/atadd_track2_subset_v3/train/ATADD_T2_Train_125731.flac,0,music,-,ATADD_T2_Train_125731.flac
/root/atadd_track2_subset_v3/train/ATADD_T2_Train_125732.flac,0,music,-,ATADD_T2_Train_125732.flac
/root/atadd_track2_subset_v3/train/ATADD_T2_Train_125733.flac,0,music,-,ATADD_T2_Train_125733.flac
/root/atadd_track2_subset_v3/train/ATADD_T2_Train_125735.flac,0,music,-,ATADD_T2_Train_125735.flac
/root/atadd_track2_subset_v3/train/ATADD_T2_Train_125736.flac,0,music,-,ATADD_T2_Train_125736.flac
/root/atadd_track2_subset_v3/train/ATADD_T2_Train_125737.flac,0,music,-,ATADD_T2_Train_125737.flac
/root/atadd_track2_subset_v3/train/ATADD_T2_Train_125738.flac,0,music,-,ATADD_T2_Train_125738.flac
/root/atadd_track2_subset_v3/train/ATADD_T2_Train_125739.flac,0,music,-,ATADD_T2_Train_125739.flac
/root/atadd_track2_subset_v3/train/ATADD_T2_Train_125740.flac,0,music,-,ATADD_T2_Train_125740.flac
/root/atadd_track2_subset_v3/train/ATADD_T2_Train_125741.flac,0,music,-,ATADD_T2_Train_125741.flac
/root/atadd_track2_subset_v3/train/ATADD_T2_Train_125742.flac,0,music,-,ATADD_T2_Train_125742.flac
/root/atadd_track2_subset_v3/train/ATADD_T2_Train_125743.flac,0,music,-,ATADD_T2_Train_125743.flac
/root/atadd_track2_subset_v3/train/ATADD_T2_Train_125744.flac,0,music,-,ATADD_T2_Train_125744.flac
/root/atadd_track2_subset_v3/train/ATADD_T2_Train_125745.flac,0,music,-,ATADD_T2_Train_125745.flac
/root/atadd_track2_subset_v3/train/ATADD_T2_Train_125746.flac,0,music,-,ATADD_T2_Train_125746.flac
/root/atadd_track2_subset_v3/train/ATADD_T2_Train_125747.flac,0,music,-,ATADD_T2_Train_125747.flac
/root/atadd_track2_subset_v3/train/ATADD_T2_Train_125749.flac,0,music,-,ATADD_T2_Train_125749.flac
/root/atadd_track2_subset_v3/train/ATADD_T2_Train_125750.flac,0,music,-,ATADD_T2_Train_125750.flac
/root/atadd_track2_subset_v3/train/ATADD_T2_Train_125751.flac,0,music,-,ATADD_T2_Train_125751.flac
/root/atadd_track2_subset_v3/train/ATADD_T2_Train_125752.flac,0,music,-,ATADD_T2_Train_125752.flac
/root/atadd_track2_subset_v3/train/ATADD_T2_Train_125753.flac,0,music,-,ATADD_T2_Train_125753.flac
/root/atadd_track2_subset_v3/train/ATADD_T2_Train_125754.flac,0,music,-,ATADD_T2_Train_125754.flac
/root/atadd_track2_subset_v3/train/ATADD_T2_Train_125756.flac,0,music,-,ATADD_T2_Train_125756.flac
/root/atadd_track2_subset_v3/train/ATADD_T2_Train_125757.flac,0,music,-,ATADD_T2_Train_125757.flac
/root/atadd_track2_subset_v3/train/ATADD_T2_Train_125758.flac,0,music,-,ATADD_T2_Train_125758.flac
/root/atadd_track2_subset_v3/train/ATADD_T2_Train_125760.flac,0,music,-,ATADD_T2_Train_125760.flac
/root/atadd_track2_subset_v3/train/ATADD_T2_Train_125761.flac,0,music,-,ATADD_T2_Train_125761.flac
/root/atadd_track2_subset_v3/train/ATADD_T2_Train_125762.flac,0,music,-,ATADD_T2_Train_125762.flac
/root/atadd_track2_subset_v3/train/ATADD_T2_Train_125763.flac,0,music,-,ATADD_T2_Train_125763.flac
/root/atadd_track2_subset_v3/train/ATADD_T2_Train_125764.flac,0,music,-,ATADD_T2_Train_125764.flac
/root/atadd_track2_subset_v3/train/ATADD_T2_Train_125765.flac,0,music,-,ATADD_T2_Train_125765.flac
/root/atadd_track2_subset_v3/train/ATADD_T2_Train_125766.flac,0,music,-,ATADD_T2_Train_125766.flac
/root/atadd_track2_subset_v3/train/ATADD_T2_Train_125767.flac,0,music,-,ATADD_T2_Train_125767.flac
/root/atadd_track2_subset_v3/train/ATADD_T2_Train_125768.flac,0,music,-,ATADD_T2_Train_125768.flac
/root/atadd_track2_subset_v3/train/ATADD_T2_Train_125769.flac,0,music,-,ATADD_T2_Train_125769.flac
/root/atadd_track2_subset_v3/train/ATADD_T2_Train_125770.flac,0,music,-,ATADD_T2_Train_125770.flac
/root/atadd_track2_subset_v3/train/ATADD_T2_Train_125771.flac,0,music,-,ATADD_T2_Train_125771.flac
/root/atadd_track2_subset_v3/train/ATADD_T2_Train_125772.flac,0,music,-,ATADD_T2_Train_125772.flac
/root/atadd_track2_subset_v3/train/ATADD_T2_Train_125773.flac,0,music,-,ATADD_T2_Train_125773.flac
/root/atadd_track2_subset_v3/train/ATADD_T2_Train_125774.flac,0,music,-,ATADD_T2_Train_125774.flac
/root/atadd_track2_subset_v3/train/ATADD_T2_Train_125775.flac,0,music,-,ATADD_T2_Train_125775.flac
/root/atadd_track2_subset_v3/train/ATADD_T2_Train_125776.flac,0,music,-,ATADD_T2_Train_125776.flac
/root/atadd_track2_subset_v3/train/ATADD_T2_Train_125777.flac,0,music,-,ATADD_T2_Train_125777.flac
/root/atadd_track2_subset_v3/train/ATADD_T2_Train_125778.flac,0,music,-,ATADD_T2_Train_125778.flac
/root/atadd_track2_subset_v3/train/ATADD_T2_Train_125779.flac,0,music,-,ATADD_T2_Train_125779.flac
/root/atadd_track2_subset_v3/train/ATADD_T2_Train_125780.flac,0,music,-,ATADD_T2_Train_125780.flac
/root/atadd_track2_subset_v3/train/ATADD_T2_Train_125781.flac,0,music,-,ATADD_T2_Train_125781.flac
/root/atadd_track2_subset_v3/train/ATADD_T2_Train_125782.flac,0,music,-,ATADD_T2_Train_125782.flac
/root/atadd_track2_subset_v3/train/ATADD_T2_Train_125783.flac,0,music,-,ATADD_T2_Train_125783.flac
/root/atadd_track2_subset_v3/train/ATADD_T2_Train_125784.flac,0,music,-,ATADD_T2_Train_125784.flac
/root/atadd_track2_subset_v3/train/ATADD_T2_Train_125785.flac,0,music,-,ATADD_T2_Train_125785.flac
/root/atadd_track2_subset_v3/train/ATADD_T2_Train_125786.flac,0,music,-,ATADD_T2_Train_125786.flac
/root/atadd_track2_subset_v3/train/ATADD_T2_Train_125787.flac,0,music,-,ATADD_T2_Train_125787.flac
/root/atadd_track2_subset_v3/train/ATADD_T2_Train_125788.flac,0,music,-,ATADD_T2_Train_125788.flac
/root/atadd_track2_subset_v3/train/ATADD_T2_Train_125789.flac,0,music,-,ATADD_T2_Train_125789.flac
/root/atadd_track2_subset_v3/train/ATADD_T2_Train_125791.flac,0,music,-,ATADD_T2_Train_125791.flac
/root/atadd_track2_subset_v3/train/ATADD_T2_Train_125792.flac,0,music,-,ATADD_T2_Train_125792.flac
/root/atadd_track2_subset_v3/train/ATADD_T2_Train_125794.flac,0,music,-,ATADD_T2_Train_125794.flac
/root/atadd_track2_subset_v3/train/ATADD_T2_Train_125795.flac,0,music,-,ATADD_T2_Train_125795.flac
/root/atadd_track2_subset_v3/train/ATADD_T2_Train_125796.flac,0,music,-,ATADD_T2_Train_125796.flac
/root/atadd_track2_subset_v3/train/ATADD_T2_Train_125797.flac,0,music,-,ATADD_T2_Train_125797.flac
/root/atadd_track2_subset_v3/train/ATADD_T2_Train_125798.flac,0,music,-,ATADD_T2_Train_125798.flac
/root/atadd_track2_subset_v3/train/ATADD_T2_Train_125799.flac,0,music,-,ATADD_T2_Train_125799.flac
/root/atadd_track2_subset_v3/train/ATADD_T2_Train_125801.flac,0,music,-,ATADD_T2_Train_125801.flac
/root/atadd_track2_subset_v3/train/ATADD_T2_Train_125802.flac,0,music,-,ATADD_T2_Train_125802.flac
/root/atadd_track2_subset_v3/train/ATADD_T2_Train_125803.flac,0,music,-,ATADD_T2_Train_125803.flac
/root/atadd_track2_subset_v3/train/ATADD_T2_Train_125806.flac,0,music,-,ATADD_T2_Train_125806.flac
/root/atadd_track2_subset_v3/train/ATADD_T2_Train_125807.flac,0,music,-,ATADD_T2_Train_125807.flac
/root/atadd_track2_subset_v3/train/ATADD_T2_Train_125808.flac,0,music,-,ATADD_T2_Train_125808.flac
/root/atadd_track2_subset_v3/train/ATADD_T2_Train_125809.flac,0,music,-,ATADD_T2_Train_125809.flac
/root/atadd_track2_subset_v3/train/ATADD_T2_Train_125812.flac,0,music,-,ATADD_T2_Train_125812.flac
/root/atadd_track2_subset_v3/train/ATADD_T2_Train_125814.flac,0,music,-,ATADD_T2_Train_125814.flac
/root/atadd_track2_subset_v3/train/ATADD_T2_Train_125815.flac,0,music,-,ATADD_T2_Train_125815.flac
/root/atadd_track2_subset_v3/train/ATADD_T2_Train_125816.flac,0,music,-,ATADD_T2_Train_125816.flac
/root/atadd_track2_subset_v3/train/ATADD_T2_Train_125817.flac,0,music,-,ATADD_T2_Train_125817.flac
/root/atadd_track2_subset_v3/train/ATADD_T2_Train_125818.flac,0,music,-,ATADD_T2_Train_125818.flac
/root/atadd_track2_subset_v3/train/ATADD_T2_Train_125820.flac,0,music,-,ATADD_T2_Train_125820.flac
/root/atadd_track2_subset_v3/train/ATADD_T2_Train_125822.flac,0,music,-,ATADD_T2_Train_125822.flac
/root/atadd_track2_subset_v3/train/ATADD_T2_Train_125823.flac,0,music,-,ATADD_T2_Train_125823.flac
/root/atadd_track2_subset_v3/train/ATADD_T2_Train_125825.flac,0,music,-,ATADD_T2_Train_125825.flac
/root/atadd_track2_subset_v3/train/ATADD_T2_Train_125826.flac,0,music,-,ATADD_T2_Train_125826.flac
/root/atadd_track2_subset_v3/train/ATADD_T2_Train_125827.flac,0,music,-,ATADD_T2_Train_125827.flac
/root/atadd_track2_subset_v3/train/ATADD_T2_Train_125828.flac,0,music,-,ATADD_T2_Train_125828.flac
/root/atadd_track2_subset_v3/train/ATADD_T2_Train_125829.flac,0,music,-,ATADD_T2_Train_125829.flac
/root/atadd_track2_subset_v3/train/ATADD_T2_Train_125830.flac,0,music,-,ATADD_T2_Train_125830.flac
/root/atadd_track2_subset_v3/train/ATADD_T2_Train_125832.flac,0,music,-,ATADD_T2_Train_125832.flac
/root/atadd_track2_subset_v3/train/ATADD_T2_Train_125833.flac,0,music,-,ATADD_T2_Train_125833.flac
/root/atadd_track2_subset_v3/train/ATADD_T2_Train_125834.flac,0,music,-,ATADD_T2_Train_125834.flac
/root/atadd_track2_subset_v3/train/ATADD_T2_Train_125835.flac,0,music,-,ATADD_T2_Train_125835.flac
/root/atadd_track2_subset_v3/train/ATADD_T2_Train_125836.flac,0,music,-,ATADD_T2_Train_125836.flac
/root/atadd_track2_subset_v3/train/ATADD_T2_Train_125837.flac,0,music,-,ATADD_T2_Train_125837.flac
/root/atadd_track2_subset_v3/train/ATADD_T2_Train_125838.flac,0,music,-,ATADD_T2_Train_125838.flac
/root/atadd_track2_subset_v3/train/ATADD_T2_Train_125839.flac,0,music,-,ATADD_T2_Train_125839.flac
/root/atadd_track2_subset_v3/train/ATADD_T2_Train_125840.flac,0,music,-,ATADD_T2_Train_125840.flac
/root/atadd_track2_subset_v3/train/ATADD_T2_Train_125841.flac,0,music,-,ATADD_T2_Train_125841.flac
/root/atadd_track2_subset_v3/train/ATADD_T2_Train_125842.flac,0,music,-,ATADD_T2_Train_125842.flac
/root/atadd_track2_subset_v3/train/ATADD_T2_Train_125843.flac,0,music,-,ATADD_T2_Train_125843.flac
/root/atadd_track2_subset_v3/train/ATADD_T2_Train_125845.flac,0,music,-,ATADD_T2_Train_125845.flac
/root/atadd_track2_subset_v3/train/ATADD_T2_Train_125846.flac,0,music,-,ATADD_T2_Train_125846.flac
/root/atadd_track2_subset_v3/train/ATADD_T2_Train_125847.flac,0,music,-,ATADD_T2_Train_125847.flac
/root/atadd_track2_subset_v3/train/ATADD_T2_Train_125848.flac,0,music,-,ATADD_T2_Train_125848.flac
/root/atadd_track2_subset_v3/train/ATADD_T2_Train_125849.flac,0,music,-,ATADD_T2_Train_125849.flac
/root/atadd_track2_subset_v3/train/ATADD_T2_Train_125850.flac,0,music,-,ATADD_T2_Train_125850.flac
/root/atadd_track2_subset_v3/train/ATADD_T2_Train_125851.flac,0,music,-,ATADD_T2_Train_125851.flac
/root/atadd_track2_subset_v3/train/ATADD_T2_Train_125852.flac,0,music,-,ATADD_T2_Train_125852.flac
/root/atadd_track2_subset_v3/train/ATADD_T2_Train_125853.flac,0,music,-,ATADD_T2_Train_125853.flac
/root/atadd_track2_subset_v3/train/ATADD_T2_Train_125854.flac,0,music,-,ATADD_T2_Train_125854.flac
/root/atadd_track2_subset_v3/train/ATADD_T2_Train_125855.flac,0,music,-,ATADD_T2_Train_125855.flac
/root/atadd_track2_subset_v3/train/ATADD_T2_Train_125856.flac,0,music,-,ATADD_T2_Train_125856.flac
/root/atadd_track2_subset_v3/train/ATADD_T2_Train_125857.flac,0,music,-,ATADD_T2_Train_125857.flac
/root/atadd_track2_subset_v3/train/ATADD_T2_Train_125858.flac,0,music,-,ATADD_T2_Train_125858.flac
/root/atadd_track2_subset_v3/train/ATADD_T2_Train_125860.flac,0,music,-,ATADD_T2_Train_125860.flac
/root/atadd_track2_subset_v3/train/ATADD_T2_Train_125861.flac,0,music,-,ATADD_T2_Train_125861.flac
/root/atadd_track2_subset_v3/train/ATADD_T2_Train_125862.flac,0,music,-,ATADD_T2_Train_125862.flac
/root/atadd_track2_subset_v3/train/ATADD_T2_Train_125863.flac,0,music,-,ATADD_T2_Train_125863.flac
/root/atadd_track2_subset_v3/train/ATADD_T2_Train_125864.flac,0,music,-,ATADD_T2_Train_125864.flac
/root/atadd_track2_subset_v3/train/ATADD_T2_Train_125865.flac,0,music,-,ATADD_T2_Train_125865.flac
/root/atadd_track2_subset_v3/train/ATADD_T2_Train_125866.flac,0,music,-,ATADD_T2_Train_125866.flac
/root/atadd_track2_subset_v3/train/ATADD_T2_Train_125867.flac,0,music,-,ATADD_T2_Train_125867.flac
/root/atadd_track2_subset_v3/train/ATADD_T2_Train_125868.flac,0,music,-,ATADD_T2_Train_125868.flac
/root/atadd_track2_subset_v3/train/ATADD_T2_Train_125869.flac,0,music,-,ATADD_T2_Train_125869.flac
/root/atadd_track2_subset_v3/train/ATADD_T2_Train_125870.flac,0,music,-,ATADD_T2_Train_125870.flac
/root/atadd_track2_subset_v3/train/ATADD_T2_Train_125871.flac,0,music,-,ATADD_T2_Train_125871.flac
/root/atadd_track2_subset_v3/train/ATADD_T2_Train_125872.flac,0,music,-,ATADD_T2_Train_125872.flac
/root/atadd_track2_subset_v3/train/ATADD_T2_Train_125874.flac,0,music,-,ATADD_T2_Train_125874.flac
/root/atadd_track2_subset_v3/train/ATADD_T2_Train_125875.flac,0,music,-,ATADD_T2_Train_125875.flac
/root/atadd_track2_subset_v3/train/ATADD_T2_Train_125876.flac,0,music,-,ATADD_T2_Train_125876.flac
/root/atadd_track2_subset_v3/train/ATADD_T2_Train_125877.flac,0,music,-,ATADD_T2_Train_125877.flac
/root/atadd_track2_subset_v3/train/ATADD_T2_Train_125878.flac,0,music,-,ATADD_T2_Train_125878.flac
/root/atadd_track2_subset_v3/train/ATADD_T2_Train_125879.flac,0,music,-,ATADD_T2_Train_125879.flac
/root/atadd_track2_subset_v3/train/ATADD_T2_Train_125880.flac,0,music,-,ATADD_T2_Train_125880.flac
/root/atadd_track2_subset_v3/train/ATADD_T2_Train_125881.flac,0,music,-,ATADD_T2_Train_125881.flac
/root/atadd_track2_subset_v3/train/ATADD_T2_Train_125882.flac,0,music,-,ATADD_T2_Train_125882.flac
/root/atadd_track2_subset_v3/train/ATADD_T2_Train_125883.flac,0,music,-,ATADD_T2_Train_125883.flac
/root/atadd_track2_subset_v3/train/ATADD_T2_Train_125884.flac,0,music,-,ATADD_T2_Train_125884.flac
/root/atadd_track2_subset_v3/train/ATADD_T2_Train_125885.flac,0,music,-,ATADD_T2_Train_125885.flac
/root/atadd_track2_subset_v3/train/ATADD_T2_Train_125886.flac,0,music,-,ATADD_T2_Train_125886.flac
/root/atadd_track2_subset_v3/train/ATADD_T2_Train_125887.flac,0,music,-,ATADD_T2_Train_125887.flac
/root/atadd_track2_subset_v3/train/ATADD_T2_Train_125888.flac,0,music,-,ATADD_T2_Train_125888.flac
/root/atadd_track2_subset_v3/train/ATADD_T2_Train_125889.flac,0,music,-,ATADD_T2_Train_125889.flac
/root/atadd_track2_subset_v3/train/ATADD_T2_Train_125890.flac,0,music,-,ATADD_T2_Train_125890.flac
/root/atadd_track2_subset_v3/train/ATADD_T2_Train_125891.flac,0,music,-,ATADD_T2_Train_125891.flac
/root/atadd_track2_subset_v3/train/ATADD_T2_Train_125892.flac,0,music,-,ATADD_T2_Train_125892.flac
/root/atadd_track2_subset_v3/train/ATADD_T2_Train_125893.flac,0,music,-,ATADD_T2_Train_125893.flac
/root/atadd_track2_subset_v3/train/ATADD_T2_Train_125894.flac,0,music,-,ATADD_T2_Train_125894.flac
/root/atadd_track2_subset_v3/train/ATADD_T2_Train_125895.flac,0,music,-,ATADD_T2_Train_125895.flac
/root/atadd_track2_subset_v3/train/ATADD_T2_Train_125896.flac,0,music,-,ATADD_T2_Train_125896.flac
/root/atadd_track2_subset_v3/train/ATADD_T2_Train_125897.flac,0,music,-,ATADD_T2_Train_125897.flac
/root/atadd_track2_subset_v3/train/ATADD_T2_Train_125898.flac,0,music,-,ATADD_T2_Train_125898.flac
/root/atadd_track2_subset_v3/train/ATADD_T2_Train_125899.flac,0,music,-,ATADD_T2_Train_125899.flac
/root/atadd_track2_subset_v3/train/ATADD_T2_Train_125900.flac,0,music,-,ATADD_T2_Train_125900.flac
/root/atadd_track2_subset_v3/train/ATADD_T2_Train_125901.flac,0,music,-,ATADD_T2_Train_125901.flac
/root/atadd_track2_subset_v3/train/ATADD_T2_Train_125902.flac,0,music,-,ATADD_T2_Train_125902.flac
/root/atadd_track2_subset_v3/train/ATADD_T2_Train_125903.flac,0,music,-,ATADD_T2_Train_125903.flac
/root/atadd_track2_subset_v3/train/ATADD_T2_Train_125904.flac,0,music,-,ATADD_T2_Train_125904.flac
/root/atadd_track2_subset_v3/train/ATADD_T2_Train_125905.flac,0,music,-,ATADD_T2_Train_125905.flac
/root/atadd_track2_subset_v3/train/ATADD_T2_Train_125906.flac,0,music,-,ATADD_T2_Train_125906.flac
/root/atadd_track2_subset_v3/train/ATADD_T2_Train_125907.flac,0,music,-,ATADD_T2_Train_125907.flac
/root/atadd_track2_subset_v3/train/ATADD_T2_Train_125908.flac,0,music,-,ATADD_T2_Train_125908.flac
/root/atadd_track2_subset_v3/train/ATADD_T2_Train_125909.flac,0,music,-,ATADD_T2_Train_125909.flac
/root/atadd_track2_subset_v3/train/ATADD_T2_Train_125910.flac,0,music,-,ATADD_T2_Train_125910.flac
/root/atadd_track2_subset_v3/train/ATADD_T2_Train_125911.flac,0,music,-,ATADD_T2_Train_125911.flac
/root/atadd_track2_subset_v3/train/ATADD_T2_Train_125912.flac,0,music,-,ATADD_T2_Train_125912.flac
/root/atadd_track2_subset_v3/train/ATADD_T2_Train_125913.flac,0,music,-,ATADD_T2_Train_125913.flac
/root/atadd_track2_subset_v3/train/ATADD_T2_Train_125914.flac,0,music,-,ATADD_T2_Train_125914.flac
/root/atadd_track2_subset_v3/train/ATADD_T2_Train_125915.flac,0,music,-,ATADD_T2_Train_125915.flac
/root/atadd_track2_subset_v3/train/ATADD_T2_Train_125916.flac,0,music,-,ATADD_T2_Train_125916.flac
/root/atadd_track2_subset_v3/train/ATADD_T2_Train_125917.flac,0,music,-,ATADD_T2_Train_125917.flac
/root/atadd_track2_subset_v3/train/ATADD_T2_Train_125918.flac,0,music,-,ATADD_T2_Train_125918.flac
/root/atadd_track2_subset_v3/train/ATADD_T2_Train_125919.flac,0,music,-,ATADD_T2_Train_125919.flac
/root/atadd_track2_subset_v3/train/ATADD_T2_Train_125920.flac,0,music,-,ATADD_T2_Train_125920.flac
/root/atadd_track2_subset_v3/train/ATADD_T2_Train_125921.flac,0,music,-,ATADD_T2_Train_125921.flac
/root/atadd_track2_subset_v3/train/ATADD_T2_Train_125922.flac,0,music,-,ATADD_T2_Train_125922.flac
/root/atadd_track2_subset_v3/train/ATADD_T2_Train_125923.flac,0,music,-,ATADD_T2_Train_125923.flac
/root/atadd_track2_subset_v3/train/ATADD_T2_Train_125924.flac,0,music,-,ATADD_T2_Train_125924.flac
/root/atadd_track2_subset_v3/train/ATADD_T2_Train_125925.flac,0,music,-,ATADD_T2_Train_125925.flac
/root/atadd_track2_subset_v3/train/ATADD_T2_Train_125926.flac,0,music,-,ATADD_T2_Train_125926.flac
/root/atadd_track2_subset_v3/train/ATADD_T2_Train_125927.flac,0,music,-,ATADD_T2_Train_125927.flac
/root/atadd_track2_subset_v3/train/ATADD_T2_Train_125929.flac,0,music,-,ATADD_T2_Train_125929.flac
/root/atadd_track2_subset_v3/train/ATADD_T2_Train_125930.flac,0,music,-,ATADD_T2_Train_125930.flac
/root/atadd_track2_subset_v3/train/ATADD_T2_Train_125931.flac,0,music,-,ATADD_T2_Train_125931.flac
/root/atadd_track2_subset_v3/train/ATADD_T2_Train_125932.flac,0,music,-,ATADD_T2_Train_125932.flac
/root/atadd_track2_subset_v3/train/ATADD_T2_Train_125933.flac,0,music,-,ATADD_T2_Train_125933.flac
/root/atadd_track2_subset_v3/train/ATADD_T2_Train_125934.flac,0,music,-,ATADD_T2_Train_125934.flac
/root/atadd_track2_subset_v3/train/ATADD_T2_Train_125935.flac,0,music,-,ATADD_T2_Train_125935.flac
/root/atadd_track2_subset_v3/train/ATADD_T2_Train_125936.flac,0,music,-,ATADD_T2_Train_125936.flac
/root/atadd_track2_subset_v3/train/ATADD_T2_Train_125937.flac,0,music,-,ATADD_T2_Train_125937.flac
/root/atadd_track2_subset_v3/train/ATADD_T2_Train_125938.flac,0,music,-,ATADD_T2_Train_125938.flac
/root/atadd_track2_subset_v3/train/ATADD_T2_Train_125939.flac,0,music,-,ATADD_T2_Train_125939.flac
/root/atadd_track2_subset_v3/train/ATADD_T2_Train_125940.flac,0,music,-,ATADD_T2_Train_125940.flac
/root/atadd_track2_subset_v3/train/ATADD_T2_Train_125941.flac,0,music,-,ATADD_T2_Train_125941.flac
/root/atadd_track2_subset_v3/train/ATADD_T2_Train_125943.flac,0,music,-,ATADD_T2_Train_125943.flac
/root/atadd_track2_subset_v3/train/ATADD_T2_Train_125944.flac,0,music,-,ATADD_T2_Train_125944.flac
/root/atadd_track2_subset_v3/train/ATADD_T2_Train_125945.flac,0,music,-,ATADD_T2_Train_125945.flac
/root/atadd_track2_subset_v3/train/ATADD_T2_Train_125946.flac,0,music,-,ATADD_T2_Train_125946.flac
/root/atadd_track2_subset_v3/train/ATADD_T2_Train_125947.flac,0,music,-,ATADD_T2_Train_125947.flac
/root/atadd_track2_subset_v3/train/ATADD_T2_Train_125948.flac,0,music,-,ATADD_T2_Train_125948.flac
/root/atadd_track2_subset_v3/train/ATADD_T2_Train_125949.flac,0,music,-,ATADD_T2_Train_125949.flac
/root/atadd_track2_subset_v3/train/ATADD_T2_Train_125950.flac,0,music,-,ATADD_T2_Train_125950.flac
/root/atadd_track2_subset_v3/train/ATADD_T2_Train_125951.flac,0,music,-,ATADD_T2_Train_125951.flac
/root/atadd_track2_subset_v3/train/ATADD_T2_Train_125952.flac,0,music,-,ATADD_T2_Train_125952.flac
/root/atadd_track2_subset_v3/train/ATADD_T2_Train_125954.flac,0,music,-,ATADD_T2_Train_125954.flac
/root/atadd_track2_subset_v3/train/ATADD_T2_Train_125955.flac,0,music,-,ATADD_T2_Train_125955.flac
/root/atadd_track2_subset_v3/train/ATADD_T2_Train_125956.flac,0,music,-,ATADD_T2_Train_125956.flac
/root/atadd_track2_subset_v3/train/ATADD_T2_Train_125957.flac,0,music,-,ATADD_T2_Train_125957.flac
/root/atadd_track2_subset_v3/train/ATADD_T2_Train_125958.flac,0,music,-,ATADD_T2_Train_125958.flac
/root/atadd_track2_subset_v3/train/ATADD_T2_Train_125959.flac,0,music,-,ATADD_T2_Train_125959.flac
/root/atadd_track2_subset_v3/train/ATADD_T2_Train_125961.flac,0,music,-,ATADD_T2_Train_125961.flac
/root/atadd_track2_subset_v3/train/ATADD_T2_Train_125962.flac,0,music,-,ATADD_T2_Train_125962.flac
/root/atadd_track2_subset_v3/train/ATADD_T2_Train_125964.flac,0,music,-,ATADD_T2_Train_125964.flac
/root/atadd_track2_subset_v3/train/ATADD_T2_Train_125965.flac,0,music,-,ATADD_T2_Train_125965.flac
/root/atadd_track2_subset_v3/train/ATADD_T2_Train_125966.flac,0,music,-,ATADD_T2_Train_125966.flac
/root/atadd_track2_subset_v3/train/ATADD_T2_Train_125967.flac,0,music,-,ATADD_T2_Train_125967.flac
/root/atadd_track2_subset_v3/train/ATADD_T2_Train_125968.flac,0,music,-,ATADD_T2_Train_125968.flac
/root/atadd_track2_subset_v3/train/ATADD_T2_Train_125969.flac,0,music,-,ATADD_T2_Train_125969.flac
/root/atadd_track2_subset_v3/train/ATADD_T2_Train_125970.flac,0,music,-,ATADD_T2_Train_125970.flac
/root/atadd_track2_subset_v3/train/ATADD_T2_Train_125972.flac,0,music,-,ATADD_T2_Train_125972.flac
/root/atadd_track2_subset_v3/train/ATADD_T2_Train_125973.flac,0,music,-,ATADD_T2_Train_125973.flac
/root/atadd_track2_subset_v3/train/ATADD_T2_Train_125974.flac,0,music,-,ATADD_T2_Train_125974.flac
/root/atadd_track2_subset_v3/train/ATADD_T2_Train_125975.flac,0,music,-,ATADD_T2_Train_125975.flac
/root/atadd_track2_subset_v3/train/ATADD_T2_Train_125976.flac,0,music,-,ATADD_T2_Train_125976.flac
/root/atadd_track2_subset_v3/train/ATADD_T2_Train_125977.flac,0,music,-,ATADD_T2_Train_125977.flac
/root/atadd_track2_subset_v3/train/ATADD_T2_Train_125978.flac,0,music,-,ATADD_T2_Train_125978.flac
/root/atadd_track2_subset_v3/train/ATADD_T2_Train_125979.flac,0,music,-,ATADD_T2_Train_125979.flac
/root/atadd_track2_subset_v3/train/ATADD_T2_Train_125980.flac,0,music,-,ATADD_T2_Train_125980.flac
/root/atadd_track2_subset_v3/train/ATADD_T2_Train_125981.flac,0,music,-,ATADD_T2_Train_125981.flac
/root/atadd_track2_subset_v3/train/ATADD_T2_Train_125982.flac,0,music,-,ATADD_T2_Train_125982.flac
/root/atadd_track2_subset_v3/train/ATADD_T2_Train_125983.flac,0,music,-,ATADD_T2_Train_125983.flac
/root/atadd_track2_subset_v3/train/ATADD_T2_Train_125984.flac,0,music,-,ATADD_T2_Train_125984.flac
/root/atadd_track2_subset_v3/train/ATADD_T2_Train_125985.flac,0,music,-,ATADD_T2_Train_125985.flac
/root/atadd_track2_subset_v3/train/ATADD_T2_Train_125986.flac,0,music,-,ATADD_T2_Train_125986.flac
/root/atadd_track2_subset_v3/train/ATADD_T2_Train_125987.flac,0,music,-,ATADD_T2_Train_125987.flac
/root/atadd_track2_subset_v3/train/ATADD_T2_Train_125988.flac,0,music,-,ATADD_T2_Train_125988.flac
/root/atadd_track2_subset_v3/train/ATADD_T2_Train_125989.flac,0,music,-,ATADD_T2_Train_125989.flac
/root/atadd_track2_subset_v3/train/ATADD_T2_Train_125990.flac,0,music,-,ATADD_T2_Train_125990.flac
/root/atadd_track2_subset_v3/train/ATADD_T2_Train_125991.flac,0,music,-,ATADD_T2_Train_125991.flac
/root/atadd_track2_subset_v3/train/ATADD_T2_Train_125992.flac,0,music,-,ATADD_T2_Train_125992.flac
/root/atadd_track2_subset_v3/train/ATADD_T2_Train_125993.flac,0,music,-,ATADD_T2_Train_125993.flac
/root/atadd_track2_subset_v3/train/ATADD_T2_Train_125994.flac,0,music,-,ATADD_T2_Train_125994.flac
/root/atadd_track2_subset_v3/train/ATADD_T2_Train_125995.flac,0,music,-,ATADD_T2_Train_125995.flac
/root/atadd_track2_subset_v3/train/ATADD_T2_Train_125996.flac,0,music,-,ATADD_T2_Train_125996.flac
/root/atadd_track2_subset_v3/train/ATADD_T2_Train_125997.flac,0,music,-,ATADD_T2_Train_125997.flac
/root/atadd_track2_subset_v3/train/ATADD_T2_Train_125998.flac,0,music,-,ATADD_T2_Train_125998.flac
/root/atadd_track2_subset_v3/train/ATADD_T2_Train_125999.flac,0,music,-,ATADD_T2_Train_125999.flac
/root/atadd_track2_subset_v3/train/ATADD_T2_Train_126000.flac,0,music,-,ATADD_T2_Train_126000.flac
/root/atadd_track2_subset_v3/train/ATADD_T2_Train_126002.flac,0,music,-,ATADD_T2_Train_126002.flac
/root/atadd_track2_subset_v3/train/ATADD_T2_Train_126003.flac,0,music,-,ATADD_T2_Train_126003.flac
/root/atadd_track2_subset_v3/train/ATADD_T2_Train_126004.flac,0,music,-,ATADD_T2_Train_126004.flac
/root/atadd_track2_subset_v3/train/ATADD_T2_Train_126005.flac,0,music,-,ATADD_T2_Train_126005.flac
/root/atadd_track2_subset_v3/train/ATADD_T2_Train_126006.flac,0,music,-,ATADD_T2_Train_126006.flac
/root/atadd_track2_subset_v3/train/ATADD_T2_Train_126008.flac,0,music,-,ATADD_T2_Train_126008.flac
/root/atadd_track2_subset_v3/train/ATADD_T2_Train_126009.flac,0,music,-,ATADD_T2_Train_126009.flac
/root/atadd_track2_subset_v3/train/ATADD_T2_Train_126010.flac,0,music,-,ATADD_T2_Train_126010.flac
/root/atadd_track2_subset_v3/train/ATADD_T2_Train_126011.flac,0,music,-,ATADD_T2_Train_126011.flac
/root/atadd_track2_subset_v3/train/ATADD_T2_Train_126012.flac,0,music,-,ATADD_T2_Train_126012.flac
/root/atadd_track2_subset_v3/train/ATADD_T2_Train_126013.flac,0,music,-,ATADD_T2_Train_126013.flac
/root/atadd_track2_subset_v3/train/ATADD_T2_Train_126014.flac,0,music,-,ATADD_T2_Train_126014.flac
/root/atadd_track2_subset_v3/train/ATADD_T2_Train_126015.flac,0,music,-,ATADD_T2_Train_126015.flac
/root/atadd_track2_subset_v3/train/ATADD_T2_Train_126016.flac,0,music,-,ATADD_T2_Train_126016.flac
/root/atadd_track2_subset_v3/train/ATADD_T2_Train_126017.flac,0,music,-,ATADD_T2_Train_126017.flac
/root/atadd_track2_subset_v3/train/ATADD_T2_Train_126018.flac,0,music,-,ATADD_T2_Train_126018.flac
/root/atadd_track2_subset_v3/train/ATADD_T2_Train_126019.flac,0,music,-,ATADD_T2_Train_126019.flac
/root/atadd_track2_subset_v3/train/ATADD_T2_Train_126020.flac,0,music,-,ATADD_T2_Train_126020.flac
/root/atadd_track2_subset_v3/train/ATADD_T2_Train_126021.flac,0,music,-,ATADD_T2_Train_126021.flac
/root/atadd_track2_subset_v3/train/ATADD_T2_Train_126022.flac,0,music,-,ATADD_T2_Train_126022.flac
/root/atadd_track2_subset_v3/train/ATADD_T2_Train_126023.flac,0,music,-,ATADD_T2_Train_126023.flac
/root/atadd_track2_subset_v3/train/ATADD_T2_Train_126024.flac,0,music,-,ATADD_T2_Train_126024.flac
/root/atadd_track2_subset_v3/train/ATADD_T2_Train_126025.flac,0,music,-,ATADD_T2_Train_126025.flac
/root/atadd_track2_subset_v3/train/ATADD_T2_Train_126026.flac,0,music,-,ATADD_T2_Train_126026.flac
/root/atadd_track2_subset_v3/train/ATADD_T2_Train_126027.flac,0,music,-,ATADD_T2_Train_126027.flac
/root/atadd_track2_subset_v3/train/ATADD_T2_Train_126028.flac,0,music,-,ATADD_T2_Train_126028.flac
/root/atadd_track2_subset_v3/train/ATADD_T2_Train_126029.flac,0,music,-,ATADD_T2_Train_126029.flac
/root/atadd_track2_subset_v3/train/ATADD_T2_Train_126030.flac,0,music,-,ATADD_T2_Train_126030.flac
/root/atadd_track2_subset_v3/train/ATADD_T2_Train_126031.flac,0,music,-,ATADD_T2_Train_126031.flac
/root/atadd_track2_subset_v3/train/ATADD_T2_Train_126032.flac,0,music,-,ATADD_T2_Train_126032.flac
/root/atadd_track2_subset_v3/train/ATADD_T2_Train_126033.flac,0,music,-,ATADD_T2_Train_126033.flac
/root/atadd_track2_subset_v3/train/ATADD_T2_Train_126034.flac,0,music,-,ATADD_T2_Train_126034.flac
/root/atadd_track2_subset_v3/train/ATADD_T2_Train_126035.flac,0,music,-,ATADD_T2_Train_126035.flac
/root/atadd_track2_subset_v3/train/ATADD_T2_Train_126036.flac,0,music,-,ATADD_T2_Train_126036.flac
/root/atadd_track2_subset_v3/train/ATADD_T2_Train_126037.flac,0,music,-,ATADD_T2_Train_126037.flac
/root/atadd_track2_subset_v3/train/ATADD_T2_Train_126038.flac,0,music,-,ATADD_T2_Train_126038.flac
/root/atadd_track2_subset_v3/train/ATADD_T2_Train_126039.flac,0,music,-,ATADD_T2_Train_126039.flac
/root/atadd_track2_subset_v3/train/ATADD_T2_Train_126040.flac,0,music,-,ATADD_T2_Train_126040.flac
/root/atadd_track2_subset_v3/train/ATADD_T2_Train_126041.flac,0,music,-,ATADD_T2_Train_126041.flac
/root/atadd_track2_subset_v3/train/ATADD_T2_Train_126042.flac,0,music,-,ATADD_T2_Train_126042.flac
/root/atadd_track2_subset_v3/train/ATADD_T2_Train_126043.flac,0,music,-,ATADD_T2_Train_126043.flac
/root/atadd_track2_subset_v3/train/ATADD_T2_Train_126044.flac,0,music,-,ATADD_T2_Train_126044.flac
/root/atadd_track2_subset_v3/train/ATADD_T2_Train_126045.flac,0,music,-,ATADD_T2_Train_126045.flac
/root/atadd_track2_subset_v3/train/ATADD_T2_Train_126046.flac,0,music,-,ATADD_T2_Train_126046.flac
/root/atadd_track2_subset_v3/train/ATADD_T2_Train_126047.flac,0,music,-,ATADD_T2_Train_126047.flac
/root/atadd_track2_subset_v3/train/ATADD_T2_Train_126048.flac,0,music,-,ATADD_T2_Train_126048.flac
/root/atadd_track2_subset_v3/train/ATADD_T2_Train_126049.flac,0,music,-,ATADD_T2_Train_126049.flac
/root/atadd_track2_subset_v3/train/ATADD_T2_Train_126050.flac,0,music,-,ATADD_T2_Train_126050.flac
/root/atadd_track2_subset_v3/train/ATADD_T2_Train_126051.flac,0,music,-,ATADD_T2_Train_126051.flac
/root/atadd_track2_subset_v3/train/ATADD_T2_Train_126052.flac,0,music,-,ATADD_T2_Train_126052.flac
/root/atadd_track2_subset_v3/train/ATADD_T2_Train_126053.flac,0,music,-,ATADD_T2_Train_126053.flac
/root/atadd_track2_subset_v3/train/ATADD_T2_Train_126054.flac,0,music,-,ATADD_T2_Train_126054.flac
/root/atadd_track2_subset_v3/train/ATADD_T2_Train_126055.flac,0,music,-,ATADD_T2_Train_126055.flac
/root/atadd_track2_subset_v3/train/ATADD_T2_Train_126056.flac,0,music,-,ATADD_T2_Train_126056.flac
/root/atadd_track2_subset_v3/train/ATADD_T2_Train_126057.flac,0,music,-,ATADD_T2_Train_126057.flac
/root/atadd_track2_subset_v3/train/ATADD_T2_Train_126058.flac,0,music,-,ATADD_T2_Train_126058.flac
/root/atadd_track2_subset_v3/train/ATADD_T2_Train_126059.flac,0,music,-,ATADD_T2_Train_126059.flac
/root/atadd_track2_subset_v3/train/ATADD_T2_Train_126060.flac,0,music,-,ATADD_T2_Train_126060.flac
/root/atadd_track2_subset_v3/train/ATADD_T2_Train_126061.flac,0,music,-,ATADD_T2_Train_126061.flac
/root/atadd_track2_subset_v3/train/ATADD_T2_Train_126062.flac,0,music,-,ATADD_T2_Train_126062.flac
/root/atadd_track2_subset_v3/train/ATADD_T2_Train_126063.flac,0,music,-,ATADD_T2_Train_126063.flac
/root/atadd_track2_subset_v3/train/ATADD_T2_Train_126064.flac,0,music,-,ATADD_T2_Train_126064.flac
/root/atadd_track2_subset_v3/train/ATADD_T2_Train_126065.flac,0,music,-,ATADD_T2_Train_126065.flac
/root/atadd_track2_subset_v3/train/ATADD_T2_Train_126066.flac,0,music,-,ATADD_T2_Train_126066.flac
/root/atadd_track2_subset_v3/train/ATADD_T2_Train_126067.flac,0,music,-,ATADD_T2_Train_126067.flac
/root/atadd_track2_subset_v3/train/ATADD_T2_Train_126068.flac,0,music,-,ATADD_T2_Train_126068.flac
/root/atadd_track2_subset_v3/train/ATADD_T2_Train_126069.flac,0,music,-,ATADD_T2_Train_126069.flac
/root/atadd_track2_subset_v3/train/ATADD_T2_Train_126070.flac,0,music,-,ATADD_T2_Train_126070.flac
/root/atadd_track2_subset_v3/train/ATADD_T2_Train_126071.flac,0,music,-,ATADD_T2_Train_126071.flac
/root/atadd_track2_subset_v3/train/ATADD_T2_Train_126072.flac,0,music,-,ATADD_T2_Train_126072.flac
/root/atadd_track2_subset_v3/train/ATADD_T2_Train_126073.flac,0,music,-,ATADD_T2_Train_126073.flac
/root/atadd_track2_subset_v3/train/ATADD_T2_Train_126074.flac,0,music,-,ATADD_T2_Train_126074.flac
/root/atadd_track2_subset_v3/train/ATADD_T2_Train_126075.flac,0,music,-,ATADD_T2_Train_126075.flac
/root/atadd_track2_subset_v3/train/ATADD_T2_Train_126076.flac,0,music,-,ATADD_T2_Train_126076.flac
/root/atadd_track2_subset_v3/train/ATADD_T2_Train_126077.flac,0,music,-,ATADD_T2_Train_126077.flac
/root/atadd_track2_subset_v3/train/ATADD_T2_Train_126078.flac,0,music,-,ATADD_T2_Train_126078.flac
/root/atadd_track2_subset_v3/train/ATADD_T2_Train_126079.flac,0,music,-,ATADD_T2_Train_126079.flac
/root/atadd_track2_subset_v3/train/ATADD_T2_Train_126080.flac,0,music,-,ATADD_T2_Train_126080.flac
/root/atadd_track2_subset_v3/train/ATADD_T2_Train_126081.flac,0,music,-,ATADD_T2_Train_126081.flac
/root/atadd_track2_subset_v3/train/ATADD_T2_Train_126082.flac,0,music,-,ATADD_T2_Train_126082.flac
/root/atadd_track2_subset_v3/train/ATADD_T2_Train_126083.flac,0,music,-,ATADD_T2_Train_126083.flac
/root/atadd_track2_subset_v3/train/ATADD_T2_Train_126084.flac,0,music,-,ATADD_T2_Train_126084.flac
/root/atadd_track2_subset_v3/train/ATADD_T2_Train_126085.flac,0,music,-,ATADD_T2_Train_126085.flac
/root/atadd_track2_subset_v3/train/ATADD_T2_Train_126086.flac,0,music,-,ATADD_T2_Train_126086.flac
/root/atadd_track2_subset_v3/train/ATADD_T2_Train_126087.flac,0,music,-,ATADD_T2_Train_126087.flac
/root/atadd_track2_subset_v3/train/ATADD_T2_Train_126088.flac,0,music,-,ATADD_T2_Train_126088.flac
/root/atadd_track2_subset_v3/train/ATADD_T2_Train_126089.flac,0,music,-,ATADD_T2_Train_126089.flac
/root/atadd_track2_subset_v3/train/ATADD_T2_Train_126090.flac,0,music,-,ATADD_T2_Train_126090.flac
/root/atadd_track2_subset_v3/train/ATADD_T2_Train_126091.flac,0,music,-,ATADD_T2_Train_126091.flac
/root/atadd_track2_subset_v3/train/ATADD_T2_Train_126092.flac,0,music,-,ATADD_T2_Train_126092.flac
/root/atadd_track2_subset_v3/train/ATADD_T2_Train_126094.flac,0,music,-,ATADD_T2_Train_126094.flac
/root/atadd_track2_subset_v3/train/ATADD_T2_Train_126095.flac,0,music,-,ATADD_T2_Train_126095.flac
/root/atadd_track2_subset_v3/train/ATADD_T2_Train_126096.flac,0,music,-,ATADD_T2_Train_126096.flac
/root/atadd_track2_subset_v3/train/ATADD_T2_Train_126097.flac,0,music,-,ATADD_T2_Train_126097.flac
/root/atadd_track2_subset_v3/train/ATADD_T2_Train_126099.flac,0,music,-,ATADD_T2_Train_126099.flac
/root/atadd_track2_subset_v3/train/ATADD_T2_Train_126100.flac,0,music,-,ATADD_T2_Train_126100.flac
/root/atadd_track2_subset_v3/train/ATADD_T2_Train_126101.flac,0,music,-,ATADD_T2_Train_126101.flac
/root/atadd_track2_subset_v3/train/ATADD_T2_Train_126102.flac,0,music,-,ATADD_T2_Train_126102.flac
/root/atadd_track2_subset_v3/train/ATADD_T2_Train_126103.flac,0,music,-,ATADD_T2_Train_126103.flac
/root/atadd_track2_subset_v3/train/ATADD_T2_Train_126104.flac,0,music,-,ATADD_T2_Train_126104.flac
/root/atadd_track2_subset_v3/train/ATADD_T2_Train_126105.flac,0,music,-,ATADD_T2_Train_126105.flac
/root/atadd_track2_subset_v3/train/ATADD_T2_Train_126106.flac,0,music,-,ATADD_T2_Train_126106.flac
/root/atadd_track2_subset_v3/train/ATADD_T2_Train_126107.flac,0,music,-,ATADD_T2_Train_126107.flac
/root/atadd_track2_subset_v3/train/ATADD_T2_Train_126108.flac,0,music,-,ATADD_T2_Train_126108.flac
/root/atadd_track2_subset_v3/train/ATADD_T2_Train_126109.flac,0,music,-,ATADD_T2_Train_126109.flac
/root/atadd_track2_subset_v3/train/ATADD_T2_Train_126110.flac,0,music,-,ATADD_T2_Train_126110.flac
/root/atadd_track2_subset_v3/train/ATADD_T2_Train_126111.flac,0,music,-,ATADD_T2_Train_126111.flac
/root/atadd_track2_subset_v3/train/ATADD_T2_Train_126112.flac,0,music,-,ATADD_T2_Train_126112.flac
/root/atadd_track2_subset_v3/train/ATADD_T2_Train_126113.flac,0,music,-,ATADD_T2_Train_126113.flac
/root/atadd_track2_subset_v3/train/ATADD_T2_Train_126114.flac,0,music,-,ATADD_T2_Train_126114.flac
/root/atadd_track2_subset_v3/train/ATADD_T2_Train_126115.flac,0,music,-,ATADD_T2_Train_126115.flac
/root/atadd_track2_subset_v3/train/ATADD_T2_Train_126116.flac,0,music,-,ATADD_T2_Train_126116.flac
/root/atadd_track2_subset_v3/train/ATADD_T2_Train_126117.flac,0,music,-,ATADD_T2_Train_126117.flac
/root/atadd_track2_subset_v3/train/ATADD_T2_Train_126119.flac,0,music,-,ATADD_T2_Train_126119.flac
/root/atadd_track2_subset_v3/train/ATADD_T2_Train_126121.flac,0,music,-,ATADD_T2_Train_126121.flac
/root/atadd_track2_subset_v3/train/ATADD_T2_Train_126122.flac,0,music,-,ATADD_T2_Train_126122.flac
/root/atadd_track2_subset_v3/train/ATADD_T2_Train_126123.flac,0,music,-,ATADD_T2_Train_126123.flac
/root/atadd_track2_subset_v3/train/ATADD_T2_Train_126124.flac,0,music,-,ATADD_T2_Train_126124.flac
/root/atadd_track2_subset_v3/train/ATADD_T2_Train_126125.flac,0,music,-,ATADD_T2_Train_126125.flac
/root/atadd_track2_subset_v3/train/ATADD_T2_Train_126126.flac,0,music,-,ATADD_T2_Train_126126.flac
/root/atadd_track2_subset_v3/train/ATADD_T2_Train_126127.flac,0,music,-,ATADD_T2_Train_126127.flac
/root/atadd_track2_subset_v3/train/ATADD_T2_Train_126128.flac,0,music,-,ATADD_T2_Train_126128.flac
/root/atadd_track2_subset_v3/train/ATADD_T2_Train_126129.flac,0,music,-,ATADD_T2_Train_126129.flac
/root/atadd_track2_subset_v3/train/ATADD_T2_Train_126130.flac,0,music,-,ATADD_T2_Train_126130.flac
/root/atadd_track2_subset_v3/train/ATADD_T2_Train_126131.flac,0,music,-,ATADD_T2_Train_126131.flac
/root/atadd_track2_subset_v3/train/ATADD_T2_Train_126132.flac,0,music,-,ATADD_T2_Train_126132.flac
/root/atadd_track2_subset_v3/train/ATADD_T2_Train_126133.flac,0,music,-,ATADD_T2_Train_126133.flac
/root/atadd_track2_subset_v3/train/ATADD_T2_Train_126134.flac,0,music,-,ATADD_T2_Train_126134.flac
/root/atadd_track2_subset_v3/train/ATADD_T2_Train_126135.flac,0,music,-,ATADD_T2_Train_126135.flac
/root/atadd_track2_subset_v3/train/ATADD_T2_Train_126136.flac,0,music,-,ATADD_T2_Train_126136.flac
/root/atadd_track2_subset_v3/train/ATADD_T2_Train_126137.flac,0,music,-,ATADD_T2_Train_126137.flac
/root/atadd_track2_subset_v3/train/ATADD_T2_Train_126138.flac,0,music,-,ATADD_T2_Train_126138.flac
/root/atadd_track2_subset_v3/train/ATADD_T2_Train_126139.flac,0,music,-,ATADD_T2_Train_126139.flac
/root/atadd_track2_subset_v3/train/ATADD_T2_Train_126141.flac,0,music,-,ATADD_T2_Train_126141.flac
/root/atadd_track2_subset_v3/train/ATADD_T2_Train_126142.flac,0,music,-,ATADD_T2_Train_126142.flac
/root/atadd_track2_subset_v3/train/ATADD_T2_Train_126143.flac,0,music,-,ATADD_T2_Train_126143.flac
/root/atadd_track2_subset_v3/train/ATADD_T2_Train_126144.flac,0,music,-,ATADD_T2_Train_126144.flac
/root/atadd_track2_subset_v3/train/ATADD_T2_Train_126145.flac,0,music,-,ATADD_T2_Train_126145.flac
/root/atadd_track2_subset_v3/train/ATADD_T2_Train_126146.flac,0,music,-,ATADD_T2_Train_126146.flac
/root/atadd_track2_subset_v3/train/ATADD_T2_Train_126147.flac,0,music,-,ATADD_T2_Train_126147.flac
/root/atadd_track2_subset_v3/train/ATADD_T2_Train_126148.flac,0,music,-,ATADD_T2_Train_126148.flac
/root/atadd_track2_subset_v3/train/ATADD_T2_Train_126149.flac,0,music,-,ATADD_T2_Train_126149.flac
/root/atadd_track2_subset_v3/train/ATADD_T2_Train_126150.flac,0,music,-,ATADD_T2_Train_126150.flac
/root/atadd_track2_subset_v3/train/ATADD_T2_Train_126151.flac,0,music,-,ATADD_T2_Train_126151.flac
/root/atadd_track2_subset_v3/train/ATADD_T2_Train_126152.flac,0,music,-,ATADD_T2_Train_126152.flac
/root/atadd_track2_subset_v3/train/ATADD_T2_Train_126153.flac,0,music,-,ATADD_T2_Train_126153.flac
/root/atadd_track2_subset_v3/train/ATADD_T2_Train_126154.flac,0,music,-,ATADD_T2_Train_126154.flac
/root/atadd_track2_subset_v3/train/ATADD_T2_Train_126155.flac,0,music,-,ATADD_T2_Train_126155.flac
/root/atadd_track2_subset_v3/train/ATADD_T2_Train_126156.flac,0,music,-,ATADD_T2_Train_126156.flac
/root/atadd_track2_subset_v3/train/ATADD_T2_Train_126157.flac,0,music,-,ATADD_T2_Train_126157.flac
/root/atadd_track2_subset_v3/train/ATADD_T2_Train_126158.flac,0,music,-,ATADD_T2_Train_126158.flac
/root/atadd_track2_subset_v3/train/ATADD_T2_Train_126159.flac,0,music,-,ATADD_T2_Train_126159.flac
/root/atadd_track2_subset_v3/train/ATADD_T2_Train_126160.flac,0,music,-,ATADD_T2_Train_126160.flac
/root/atadd_track2_subset_v3/train/ATADD_T2_Train_126161.flac,0,music,-,ATADD_T2_Train_126161.flac
/root/atadd_track2_subset_v3/train/ATADD_T2_Train_126162.flac,0,music,-,ATADD_T2_Train_126162.flac
/root/atadd_track2_subset_v3/train/ATADD_T2_Train_126163.flac,0,music,-,ATADD_T2_Train_126163.flac
/root/atadd_track2_subset_v3/train/ATADD_T2_Train_126164.flac,0,music,-,ATADD_T2_Train_126164.flac
/root/atadd_track2_subset_v3/train/ATADD_T2_Train_126165.flac,0,music,-,ATADD_T2_Train_126165.flac
/root/atadd_track2_subset_v3/train/ATADD_T2_Train_126166.flac,0,music,-,ATADD_T2_Train_126166.flac
/root/atadd_track2_subset_v3/train/ATADD_T2_Train_126167.flac,0,music,-,ATADD_T2_Train_126167.flac
/root/atadd_track2_subset_v3/train/ATADD_T2_Train_126168.flac,0,music,-,ATADD_T2_Train_126168.flac
/root/atadd_track2_subset_v3/train/ATADD_T2_Train_126169.flac,0,music,-,ATADD_T2_Train_126169.flac
/root/atadd_track2_subset_v3/train/ATADD_T2_Train_126170.flac,0,music,-,ATADD_T2_Train_126170.flac
/root/atadd_track2_subset_v3/train/ATADD_T2_Train_126171.flac,0,music,-,ATADD_T2_Train_126171.flac
/root/atadd_track2_subset_v3/train/ATADD_T2_Train_126172.flac,0,music,-,ATADD_T2_Train_126172.flac
/root/atadd_track2_subset_v3/train/ATADD_T2_Train_126173.flac,0,music,-,ATADD_T2_Train_126173.flac
/root/atadd_track2_subset_v3/train/ATADD_T2_Train_126174.flac,0,music,-,ATADD_T2_Train_126174.flac
/root/atadd_track2_subset_v3/train/ATADD_T2_Train_126175.flac,0,music,-,ATADD_T2_Train_126175.flac
/root/atadd_track2_subset_v3/train/ATADD_T2_Train_126176.flac,0,music,-,ATADD_T2_Train_126176.flac
/root/atadd_track2_subset_v3/train/ATADD_T2_Train_126177.flac,0,music,-,ATADD_T2_Train_126177.flac
/root/atadd_track2_subset_v3/train/ATADD_T2_Train_126178.flac,0,music,-,ATADD_T2_Train_126178.flac
/root/atadd_track2_subset_v3/train/ATADD_T2_Train_126179.flac,0,music,-,ATADD_T2_Train_126179.flac
/root/atadd_track2_subset_v3/train/ATADD_T2_Train_126180.flac,0,music,-,ATADD_T2_Train_126180.flac
/root/atadd_track2_subset_v3/train/ATADD_T2_Train_126181.flac,0,music,-,ATADD_T2_Train_126181.flac
/root/atadd_track2_subset_v3/train/ATADD_T2_Train_126183.flac,0,music,-,ATADD_T2_Train_126183.flac
/root/atadd_track2_subset_v3/train/ATADD_T2_Train_126184.flac,0,music,-,ATADD_T2_Train_126184.flac
/root/atadd_track2_subset_v3/train/ATADD_T2_Train_126185.flac,0,music,-,ATADD_T2_Train_126185.flac
/root/atadd_track2_subset_v3/train/ATADD_T2_Train_126186.flac,0,music,-,ATADD_T2_Train_126186.flac
/root/atadd_track2_subset_v3/train/ATADD_T2_Train_126187.flac,0,music,-,ATADD_T2_Train_126187.flac
/root/atadd_track2_subset_v3/train/ATADD_T2_Train_126188.flac,0,music,-,ATADD_T2_Train_126188.flac
/root/atadd_track2_subset_v3/train/ATADD_T2_Train_126189.flac,0,music,-,ATADD_T2_Train_126189.flac
/root/atadd_track2_subset_v3/train/ATADD_T2_Train_126190.flac,0,music,-,ATADD_T2_Train_126190.flac
/root/atadd_track2_subset_v3/train/ATADD_T2_Train_126191.flac,0,music,-,ATADD_T2_Train_126191.flac
/root/atadd_track2_subset_v3/train/ATADD_T2_Train_126192.flac,0,music,-,ATADD_T2_Train_126192.flac
/root/atadd_track2_subset_v3/train/ATADD_T2_Train_126193.flac,0,music,-,ATADD_T2_Train_126193.flac
/root/atadd_track2_subset_v3/train/ATADD_T2_Train_126194.flac,0,music,-,ATADD_T2_Train_126194.flac
/root/atadd_track2_subset_v3/train/ATADD_T2_Train_126195.flac,0,music,-,ATADD_T2_Train_126195.flac
/root/atadd_track2_subset_v3/train/ATADD_T2_Train_126196.flac,0,music,-,ATADD_T2_Train_126196.flac
/root/atadd_track2_subset_v3/train/ATADD_T2_Train_126197.flac,0,music,-,ATADD_T2_Train_126197.flac
/root/atadd_track2_subset_v3/train/ATADD_T2_Train_126198.flac,0,music,-,ATADD_T2_Train_126198.flac
/root/atadd_track2_subset_v3/train/ATADD_T2_Train_126199.flac,0,music,-,ATADD_T2_Train_126199.flac
/root/atadd_track2_subset_v3/train/ATADD_T2_Train_126200.flac,0,music,-,ATADD_T2_Train_126200.flac
/root/atadd_track2_subset_v3/train/ATADD_T2_Train_126201.flac,0,music,-,ATADD_T2_Train_126201.flac
/root/atadd_track2_subset_v3/train/ATADD_T2_Train_126202.flac,0,music,-,ATADD_T2_Train_126202.flac
/root/atadd_track2_subset_v3/train/ATADD_T2_Train_126203.flac,0,music,-,ATADD_T2_Train_126203.flac
/root/atadd_track2_subset_v3/train/ATADD_T2_Train_126204.flac,0,music,-,ATADD_T2_Train_126204.flac
/root/atadd_track2_subset_v3/train/ATADD_T2_Train_126205.flac,0,music,-,ATADD_T2_Train_126205.flac
/root/atadd_track2_subset_v3/train/ATADD_T2_Train_126206.flac,0,music,-,ATADD_T2_Train_126206.flac
/root/atadd_track2_subset_v3/train/ATADD_T2_Train_126207.flac,0,music,-,ATADD_T2_Train_126207.flac
/root/atadd_track2_subset_v3/train/ATADD_T2_Train_126208.flac,0,music,-,ATADD_T2_Train_126208.flac
/root/atadd_track2_subset_v3/train/ATADD_T2_Train_126209.flac,0,music,-,ATADD_T2_Train_126209.flac
/root/atadd_track2_subset_v3/train/ATADD_T2_Train_126210.flac,0,music,-,ATADD_T2_Train_126210.flac
/root/atadd_track2_subset_v3/train/ATADD_T2_Train_126211.flac,0,music,-,ATADD_T2_Train_126211.flac
/root/atadd_track2_subset_v3/train/ATADD_T2_Train_126212.flac,0,music,-,ATADD_T2_Train_126212.flac
/root/atadd_track2_subset_v3/train/ATADD_T2_Train_126214.flac,0,music,-,ATADD_T2_Train_126214.flac
/root/atadd_track2_subset_v3/train/ATADD_T2_Train_126215.flac,0,music,-,ATADD_T2_Train_126215.flac
/root/atadd_track2_subset_v3/train/ATADD_T2_Train_126217.flac,0,music,-,ATADD_T2_Train_126217.flac
/root/atadd_track2_subset_v3/train/ATADD_T2_Train_126218.flac,0,music,-,ATADD_T2_Train_126218.flac
/root/atadd_track2_subset_v3/train/ATADD_T2_Train_126219.flac,0,music,-,ATADD_T2_Train_126219.flac
/root/atadd_track2_subset_v3/train/ATADD_T2_Train_126220.flac,0,music,-,ATADD_T2_Train_126220.flac
/root/atadd_track2_subset_v3/train/ATADD_T2_Train_126221.flac,0,music,-,ATADD_T2_Train_126221.flac
/root/atadd_track2_subset_v3/train/ATADD_T2_Train_126223.flac,0,music,-,ATADD_T2_Train_126223.flac
/root/atadd_track2_subset_v3/train/ATADD_T2_Train_126224.flac,0,music,-,ATADD_T2_Train_126224.flac
/root/atadd_track2_subset_v3/train/ATADD_T2_Train_126225.flac,0,music,-,ATADD_T2_Train_126225.flac
/root/atadd_track2_subset_v3/train/ATADD_T2_Train_126226.flac,0,music,-,ATADD_T2_Train_126226.flac
/root/atadd_track2_subset_v3/train/ATADD_T2_Train_126227.flac,0,music,-,ATADD_T2_Train_126227.flac
/root/atadd_track2_subset_v3/train/ATADD_T2_Train_126228.flac,0,music,-,ATADD_T2_Train_126228.flac
/root/atadd_track2_subset_v3/train/ATADD_T2_Train_126230.flac,0,music,-,ATADD_T2_Train_126230.flac
/root/atadd_track2_subset_v3/train/ATADD_T2_Train_126231.flac,0,music,-,ATADD_T2_Train_126231.flac
/root/atadd_track2_subset_v3/train/ATADD_T2_Train_126232.flac,0,music,-,ATADD_T2_Train_126232.flac
/root/atadd_track2_subset_v3/train/ATADD_T2_Train_126233.flac,0,music,-,ATADD_T2_Train_126233.flac
/root/atadd_track2_subset_v3/train/ATADD_T2_Train_126234.flac,0,music,-,ATADD_T2_Train_126234.flac
/root/atadd_track2_subset_v3/train/ATADD_T2_Train_126235.flac,0,music,-,ATADD_T2_Train_126235.flac
/root/atadd_track2_subset_v3/train/ATADD_T2_Train_126236.flac,0,music,-,ATADD_T2_Train_126236.flac
/root/atadd_track2_subset_v3/train/ATADD_T2_Train_126237.flac,0,music,-,ATADD_T2_Train_126237.flac
/root/atadd_track2_subset_v3/train/ATADD_T2_Train_126238.flac,0,music,-,ATADD_T2_Train_126238.flac
/root/atadd_track2_subset_v3/train/ATADD_T2_Train_126239.flac,0,music,-,ATADD_T2_Train_126239.flac
/root/atadd_track2_subset_v3/train/ATADD_T2_Train_126240.flac,0,music,-,ATADD_T2_Train_126240.flac
/root/atadd_track2_subset_v3/train/ATADD_T2_Train_126241.flac,0,music,-,ATADD_T2_Train_126241.flac
/root/atadd_track2_subset_v3/train/ATADD_T2_Train_126243.flac,0,music,-,ATADD_T2_Train_126243.flac
/root/atadd_track2_subset_v3/train/ATADD_T2_Train_126244.flac,0,music,-,ATADD_T2_Train_126244.flac
/root/atadd_track2_subset_v3/train/ATADD_T2_Train_126245.flac,0,music,-,ATADD_T2_Train_126245.flac
/root/atadd_track2_subset_v3/train/ATADD_T2_Train_126246.flac,0,music,-,ATADD_T2_Train_126246.flac
/root/atadd_track2_subset_v3/train/ATADD_T2_Train_126247.flac,0,music,-,ATADD_T2_Train_126247.flac
/root/atadd_track2_subset_v3/train/ATADD_T2_Train_126248.flac,0,music,-,ATADD_T2_Train_126248.flac
/root/atadd_track2_subset_v3/train/ATADD_T2_Train_126249.flac,0,music,-,ATADD_T2_Train_126249.flac
/root/atadd_track2_subset_v3/train/ATADD_T2_Train_126250.flac,0,music,-,ATADD_T2_Train_126250.flac
/root/atadd_track2_subset_v3/train/ATADD_T2_Train_126251.flac,0,music,-,ATADD_T2_Train_126251.flac
/root/atadd_track2_subset_v3/train/ATADD_T2_Train_126252.flac,0,music,-,ATADD_T2_Train_126252.flac
/root/atadd_track2_subset_v3/train/ATADD_T2_Train_126253.flac,0,music,-,ATADD_T2_Train_126253.flac
/root/atadd_track2_subset_v3/train/ATADD_T2_Train_126254.flac,0,music,-,ATADD_T2_Train_126254.flac
/root/atadd_track2_subset_v3/train/ATADD_T2_Train_126255.flac,0,music,-,ATADD_T2_Train_126255.flac
/root/atadd_track2_subset_v3/train/ATADD_T2_Train_126256.flac,0,music,-,ATADD_T2_Train_126256.flac
/root/atadd_track2_subset_v3/train/ATADD_T2_Train_126257.flac,0,music,-,ATADD_T2_Train_126257.flac
/root/atadd_track2_subset_v3/train/ATADD_T2_Train_126258.flac,0,music,-,ATADD_T2_Train_126258.flac
/root/atadd_track2_subset_v3/train/ATADD_T2_Train_126259.flac,0,music,-,ATADD_T2_Train_126259.flac
/root/atadd_track2_subset_v3/train/ATADD_T2_Train_126260.flac,0,music,-,ATADD_T2_Train_126260.flac
/root/atadd_track2_subset_v3/train/ATADD_T2_Train_126261.flac,0,music,-,ATADD_T2_Train_126261.flac
/root/atadd_track2_subset_v3/train/ATADD_T2_Train_126262.flac,0,music,-,ATADD_T2_Train_126262.flac
/root/atadd_track2_subset_v3/train/ATADD_T2_Train_126263.flac,0,music,-,ATADD_T2_Train_126263.flac
/root/atadd_track2_subset_v3/train/ATADD_T2_Train_126264.flac,0,music,-,ATADD_T2_Train_126264.flac
/root/atadd_track2_subset_v3/train/ATADD_T2_Train_126265.flac,0,music,-,ATADD_T2_Train_126265.flac
/root/atadd_track2_subset_v3/train/ATADD_T2_Train_126266.flac,0,music,-,ATADD_T2_Train_126266.flac
/root/atadd_track2_subset_v3/train/ATADD_T2_Train_126267.flac,0,music,-,ATADD_T2_Train_126267.flac
/root/atadd_track2_subset_v3/train/ATADD_T2_Train_126268.flac,0,music,-,ATADD_T2_Train_126268.flac
/root/atadd_track2_subset_v3/train/ATADD_T2_Train_126269.flac,0,music,-,ATADD_T2_Train_126269.flac
/root/atadd_track2_subset_v3/train/ATADD_T2_Train_126270.flac,0,music,-,ATADD_T2_Train_126270.flac
/root/atadd_track2_subset_v3/train/ATADD_T2_Train_126272.flac,0,music,-,ATADD_T2_Train_126272.flac
/root/atadd_track2_subset_v3/train/ATADD_T2_Train_126273.flac,0,music,-,ATADD_T2_Train_126273.flac
/root/atadd_track2_subset_v3/train/ATADD_T2_Train_126274.flac,0,music,-,ATADD_T2_Train_126274.flac
/root/atadd_track2_subset_v3/train/ATADD_T2_Train_126275.flac,0,music,-,ATADD_T2_Train_126275.flac
/root/atadd_track2_subset_v3/train/ATADD_T2_Train_126276.flac,0,music,-,ATADD_T2_Train_126276.flac
/root/atadd_track2_subset_v3/train/ATADD_T2_Train_126277.flac,0,music,-,ATADD_T2_Train_126277.flac
/root/atadd_track2_subset_v3/train/ATADD_T2_Train_126278.flac,0,music,-,ATADD_T2_Train_126278.flac
/root/atadd_track2_subset_v3/train/ATADD_T2_Train_126279.flac,0,music,-,ATADD_T2_Train_126279.flac
/root/atadd_track2_subset_v3/train/ATADD_T2_Train_126280.flac,0,music,-,ATADD_T2_Train_126280.flac
/root/atadd_track2_subset_v3/train/ATADD_T2_Train_126281.flac,0,music,-,ATADD_T2_Train_126281.flac
/root/atadd_track2_subset_v3/train/ATADD_T2_Train_126282.flac,0,music,-,ATADD_T2_Train_126282.flac
/root/atadd_track2_subset_v3/train/ATADD_T2_Train_126283.flac,0,music,-,ATADD_T2_Train_126283.flac
/root/atadd_track2_subset_v3/train/ATADD_T2_Train_126284.flac,0,music,-,ATADD_T2_Train_126284.flac
/root/atadd_track2_subset_v3/train/ATADD_T2_Train_126285.flac,0,music,-,ATADD_T2_Train_126285.flac
/root/atadd_track2_subset_v3/train/ATADD_T2_Train_126286.flac,0,music,-,ATADD_T2_Train_126286.flac
/root/atadd_track2_subset_v3/train/ATADD_T2_Train_126287.flac,0,music,-,ATADD_T2_Train_126287.flac
/root/atadd_track2_subset_v3/train/ATADD_T2_Train_126288.flac,0,music,-,ATADD_T2_Train_126288.flac
/root/atadd_track2_subset_v3/train/ATADD_T2_Train_126289.flac,0,music,-,ATADD_T2_Train_126289.flac
/root/atadd_track2_subset_v3/train/ATADD_T2_Train_126290.flac,0,music,-,ATADD_T2_Train_126290.flac
/root/atadd_track2_subset_v3/train/ATADD_T2_Train_126291.flac,0,music,-,ATADD_T2_Train_126291.flac
/root/atadd_track2_subset_v3/train/ATADD_T2_Train_126292.flac,0,music,-,ATADD_T2_Train_126292.flac
/root/atadd_track2_subset_v3/train/ATADD_T2_Train_126294.flac,0,music,-,ATADD_T2_Train_126294.flac
/root/atadd_track2_subset_v3/train/ATADD_T2_Train_126295.flac,0,music,-,ATADD_T2_Train_126295.flac
/root/atadd_track2_subset_v3/train/ATADD_T2_Train_126296.flac,0,music,-,ATADD_T2_Train_126296.flac
/root/atadd_track2_subset_v3/train/ATADD_T2_Train_126297.flac,0,music,-,ATADD_T2_Train_126297.flac
/root/atadd_track2_subset_v3/train/ATADD_T2_Train_126298.flac,0,music,-,ATADD_T2_Train_126298.flac
/root/atadd_track2_subset_v3/train/ATADD_T2_Train_126299.flac,0,music,-,ATADD_T2_Train_126299.flac
/root/atadd_track2_subset_v3/train/ATADD_T2_Train_126300.flac,0,music,-,ATADD_T2_Train_126300.flac
/root/atadd_track2_subset_v3/train/ATADD_T2_Train_126301.flac,0,music,-,ATADD_T2_Train_126301.flac
/root/atadd_track2_subset_v3/train/ATADD_T2_Train_126302.flac,0,music,-,ATADD_T2_Train_126302.flac
/root/atadd_track2_subset_v3/train/ATADD_T2_Train_126303.flac,0,music,-,ATADD_T2_Train_126303.flac
/root/atadd_track2_subset_v3/train/ATADD_T2_Train_126304.flac,0,music,-,ATADD_T2_Train_126304.flac
/root/atadd_track2_subset_v3/train/ATADD_T2_Train_126305.flac,0,music,-,ATADD_T2_Train_126305.flac
/root/atadd_track2_subset_v3/train/ATADD_T2_Train_126306.flac,0,music,-,ATADD_T2_Train_126306.flac
/root/atadd_track2_subset_v3/train/ATADD_T2_Train_126307.flac,0,music,-,ATADD_T2_Train_126307.flac
/root/atadd_track2_subset_v3/train/ATADD_T2_Train_126308.flac,0,music,-,ATADD_T2_Train_126308.flac
/root/atadd_track2_subset_v3/train/ATADD_T2_Train_126309.flac,0,music,-,ATADD_T2_Train_126309.flac
/root/atadd_track2_subset_v3/train/ATADD_T2_Train_126310.flac,0,music,-,ATADD_T2_Train_126310.flac
/root/atadd_track2_subset_v3/train/ATADD_T2_Train_126311.flac,0,music,-,ATADD_T2_Train_126311.flac
/root/atadd_track2_subset_v3/train/ATADD_T2_Train_126312.flac,0,music,-,ATADD_T2_Train_126312.flac
/root/atadd_track2_subset_v3/train/ATADD_T2_Train_126313.flac,0,music,-,ATADD_T2_Train_126313.flac
/root/atadd_track2_subset_v3/train/ATADD_T2_Train_126314.flac,0,music,-,ATADD_T2_Train_126314.flac
/root/atadd_track2_subset_v3/train/ATADD_T2_Train_126316.flac,0,music,-,ATADD_T2_Train_126316.flac
/root/atadd_track2_subset_v3/train/ATADD_T2_Train_126317.flac,0,music,-,ATADD_T2_Train_126317.flac
/root/atadd_track2_subset_v3/train/ATADD_T2_Train_126318.flac,0,music,-,ATADD_T2_Train_126318.flac
/root/atadd_track2_subset_v3/train/ATADD_T2_Train_126319.flac,0,music,-,ATADD_T2_Train_126319.flac
/root/atadd_track2_subset_v3/train/ATADD_T2_Train_126320.flac,0,music,-,ATADD_T2_Train_126320.flac
/root/atadd_track2_subset_v3/train/ATADD_T2_Train_126321.flac,0,music,-,ATADD_T2_Train_126321.flac
/root/atadd_track2_subset_v3/train/ATADD_T2_Train_126322.flac,0,music,-,ATADD_T2_Train_126322.flac
/root/atadd_track2_subset_v3/train/ATADD_T2_Train_126323.flac,0,music,-,ATADD_T2_Train_126323.flac
/root/atadd_track2_subset_v3/train/ATADD_T2_Train_126324.flac,0,music,-,ATADD_T2_Train_126324.flac
/root/atadd_track2_subset_v3/train/ATADD_T2_Train_126325.flac,0,music,-,ATADD_T2_Train_126325.flac
/root/atadd_track2_subset_v3/train/ATADD_T2_Train_126326.flac,0,music,-,ATADD_T2_Train_126326.flac
/root/atadd_track2_subset_v3/train/ATADD_T2_Train_126327.flac,0,music,-,ATADD_T2_Train_126327.flac
/root/atadd_track2_subset_v3/train/ATADD_T2_Train_126328.flac,0,music,-,ATADD_T2_Train_126328.flac
/root/atadd_track2_subset_v3/train/ATADD_T2_Train_126329.flac,0,music,-,ATADD_T2_Train_126329.flac
/root/atadd_track2_subset_v3/train/ATADD_T2_Train_126330.flac,0,music,-,ATADD_T2_Train_126330.flac
/root/atadd_track2_subset_v3/train/ATADD_T2_Train_126331.flac,0,music,-,ATADD_T2_Train_126331.flac
/root/atadd_track2_subset_v3/train/ATADD_T2_Train_126332.flac,0,music,-,ATADD_T2_Train_126332.flac
/root/atadd_track2_subset_v3/train/ATADD_T2_Train_126333.flac,0,music,-,ATADD_T2_Train_126333.flac
/root/atadd_track2_subset_v3/train/ATADD_T2_Train_126334.flac,0,music,-,ATADD_T2_Train_126334.flac
/root/atadd_track2_subset_v3/train/ATADD_T2_Train_126335.flac,0,music,-,ATADD_T2_Train_126335.flac
/root/atadd_track2_subset_v3/train/ATADD_T2_Train_126336.flac,0,music,-,ATADD_T2_Train_126336.flac
/root/atadd_track2_subset_v3/train/ATADD_T2_Train_126337.flac,0,music,-,ATADD_T2_Train_126337.flac
/root/atadd_track2_subset_v3/train/ATADD_T2_Train_126339.flac,0,music,-,ATADD_T2_Train_126339.flac
/root/atadd_track2_subset_v3/train/ATADD_T2_Train_126340.flac,0,music,-,ATADD_T2_Train_126340.flac
/root/atadd_track2_subset_v3/train/ATADD_T2_Train_126341.flac,0,music,-,ATADD_T2_Train_126341.flac
/root/atadd_track2_subset_v3/train/ATADD_T2_Train_126342.flac,0,music,-,ATADD_T2_Train_126342.flac
/root/atadd_track2_subset_v3/train/ATADD_T2_Train_126343.flac,0,music,-,ATADD_T2_Train_126343.flac
/root/atadd_track2_subset_v3/train/ATADD_T2_Train_126344.flac,0,music,-,ATADD_T2_Train_126344.flac
/root/atadd_track2_subset_v3/train/ATADD_T2_Train_126345.flac,0,music,-,ATADD_T2_Train_126345.flac
/root/atadd_track2_subset_v3/train/ATADD_T2_Train_126346.flac,0,music,-,ATADD_T2_Train_126346.flac
/root/atadd_track2_subset_v3/train/ATADD_T2_Train_126347.flac,0,music,-,ATADD_T2_Train_126347.flac
/root/atadd_track2_subset_v3/train/ATADD_T2_Train_126348.flac,0,music,-,ATADD_T2_Train_126348.flac
/root/atadd_track2_subset_v3/train/ATADD_T2_Train_126349.flac,0,music,-,ATADD_T2_Train_126349.flac
/root/atadd_track2_subset_v3/train/ATADD_T2_Train_126350.flac,0,music,-,ATADD_T2_Train_126350.flac
/root/atadd_track2_subset_v3/train/ATADD_T2_Train_126351.flac,0,music,-,ATADD_T2_Train_126351.flac
/root/atadd_track2_subset_v3/train/ATADD_T2_Train_126352.flac,0,music,-,ATADD_T2_Train_126352.flac
/root/atadd_track2_subset_v3/train/ATADD_T2_Train_126353.flac,0,music,-,ATADD_T2_Train_126353.flac
/root/atadd_track2_subset_v3/train/ATADD_T2_Train_126354.flac,0,music,-,ATADD_T2_Train_126354.flac
/root/atadd_track2_subset_v3/train/ATADD_T2_Train_126355.flac,0,music,-,ATADD_T2_Train_126355.flac
/root/atadd_track2_subset_v3/train/ATADD_T2_Train_126356.flac,0,music,-,ATADD_T2_Train_126356.flac
/root/atadd_track2_subset_v3/train/ATADD_T2_Train_126357.flac,0,music,-,ATADD_T2_Train_126357.flac
/root/atadd_track2_subset_v3/train/ATADD_T2_Train_126358.flac,0,music,-,ATADD_T2_Train_126358.flac
/root/atadd_track2_subset_v3/train/ATADD_T2_Train_126359.flac,0,music,-,ATADD_T2_Train_126359.flac
/root/atadd_track2_subset_v3/train/ATADD_T2_Train_126360.flac,0,music,-,ATADD_T2_Train_126360.flac
/root/atadd_track2_subset_v3/train/ATADD_T2_Train_126361.flac,0,music,-,ATADD_T2_Train_126361.flac
/root/atadd_track2_subset_v3/train/ATADD_T2_Train_126362.flac,0,music,-,ATADD_T2_Train_126362.flac
/root/atadd_track2_subset_v3/train/ATADD_T2_Train_126363.flac,0,music,-,ATADD_T2_Train_126363.flac
/root/atadd_track2_subset_v3/train/ATADD_T2_Train_126364.flac,0,music,-,ATADD_T2_Train_126364.flac
/root/atadd_track2_subset_v3/train/ATADD_T2_Train_126365.flac,0,music,-,ATADD_T2_Train_126365.flac
/root/atadd_track2_subset_v3/train/ATADD_T2_Train_126366.flac,0,music,-,ATADD_T2_Train_126366.flac
/root/atadd_track2_subset_v3/train/ATADD_T2_Train_126367.flac,0,music,-,ATADD_T2_Train_126367.flac
/root/atadd_track2_subset_v3/train/ATADD_T2_Train_126368.flac,0,music,-,ATADD_T2_Train_126368.flac
/root/atadd_track2_subset_v3/train/ATADD_T2_Train_126369.flac,0,music,-,ATADD_T2_Train_126369.flac
/root/atadd_track2_subset_v3/train/ATADD_T2_Train_126370.flac,0,music,-,ATADD_T2_Train_126370.flac
/root/atadd_track2_subset_v3/train/ATADD_T2_Train_126371.flac,0,music,-,ATADD_T2_Train_126371.flac
/root/atadd_track2_subset_v3/train/ATADD_T2_Train_126372.flac,0,music,-,ATADD_T2_Train_126372.flac
/root/atadd_track2_subset_v3/train/ATADD_T2_Train_126373.flac,0,music,-,ATADD_T2_Train_126373.flac
/root/atadd_track2_subset_v3/train/ATADD_T2_Train_126374.flac,0,music,-,ATADD_T2_Train_126374.flac
/root/atadd_track2_subset_v3/train/ATADD_T2_Train_126376.flac,0,music,-,ATADD_T2_Train_126376.flac
/root/atadd_track2_subset_v3/train/ATADD_T2_Train_126377.flac,0,music,-,ATADD_T2_Train_126377.flac
/root/atadd_track2_subset_v3/train/ATADD_T2_Train_126378.flac,0,music,-,ATADD_T2_Train_126378.flac
/root/atadd_track2_subset_v3/train/ATADD_T2_Train_126379.flac,0,music,-,ATADD_T2_Train_126379.flac
/root/atadd_track2_subset_v3/train/ATADD_T2_Train_126380.flac,0,music,-,ATADD_T2_Train_126380.flac
/root/atadd_track2_subset_v3/train/ATADD_T2_Train_126381.flac,0,music,-,ATADD_T2_Train_126381.flac
/root/atadd_track2_subset_v3/train/ATADD_T2_Train_126382.flac,0,music,-,ATADD_T2_Train_126382.flac
/root/atadd_track2_subset_v3/train/ATADD_T2_Train_126383.flac,0,music,-,ATADD_T2_Train_126383.flac
/root/atadd_track2_subset_v3/train/ATADD_T2_Train_126385.flac,0,music,-,ATADD_T2_Train_126385.flac
/root/atadd_track2_subset_v3/train/ATADD_T2_Train_126386.flac,0,music,-,ATADD_T2_Train_126386.flac
/root/atadd_track2_subset_v3/train/ATADD_T2_Train_126387.flac,0,music,-,ATADD_T2_Train_126387.flac
/root/atadd_track2_subset_v3/train/ATADD_T2_Train_126388.flac,0,music,-,ATADD_T2_Train_126388.flac
/root/atadd_track2_subset_v3/train/ATADD_T2_Train_126389.flac,0,music,-,ATADD_T2_Train_126389.flac
/root/atadd_track2_subset_v3/train/ATADD_T2_Train_126390.flac,0,music,-,ATADD_T2_Train_126390.flac
/root/atadd_track2_subset_v3/train/ATADD_T2_Train_126391.flac,0,music,-,ATADD_T2_Train_126391.flac
/root/atadd_track2_subset_v3/train/ATADD_T2_Train_126392.flac,0,music,-,ATADD_T2_Train_126392.flac
/root/atadd_track2_subset_v3/train/ATADD_T2_Train_126393.flac,0,music,-,ATADD_T2_Train_126393.flac
/root/atadd_track2_subset_v3/train/ATADD_T2_Train_126394.flac,0,music,-,ATADD_T2_Train_126394.flac
/root/atadd_track2_subset_v3/train/ATADD_T2_Train_126395.flac,0,music,-,ATADD_T2_Train_126395.flac
/root/atadd_track2_subset_v3/train/ATADD_T2_Train_126396.flac,0,music,-,ATADD_T2_Train_126396.flac
/root/atadd_track2_subset_v3/train/ATADD_T2_Train_126397.flac,0,music,-,ATADD_T2_Train_126397.flac
/root/atadd_track2_subset_v3/train/ATADD_T2_Train_126398.flac,0,music,-,ATADD_T2_Train_126398.flac
/root/atadd_track2_subset_v3/train/ATADD_T2_Train_126400.flac,0,music,-,ATADD_T2_Train_126400.flac
/root/atadd_track2_subset_v3/train/ATADD_T2_Train_126401.flac,0,music,-,ATADD_T2_Train_126401.flac
/root/atadd_track2_subset_v3/train/ATADD_T2_Train_126402.flac,0,music,-,ATADD_T2_Train_126402.flac
/root/atadd_track2_subset_v3/train/ATADD_T2_Train_126403.flac,0,music,-,ATADD_T2_Train_126403.flac
/root/atadd_track2_subset_v3/train/ATADD_T2_Train_126404.flac,0,music,-,ATADD_T2_Train_126404.flac
/root/atadd_track2_subset_v3/train/ATADD_T2_Train_126406.flac,0,music,-,ATADD_T2_Train_126406.flac
/root/atadd_track2_subset_v3/train/ATADD_T2_Train_126407.flac,0,music,-,ATADD_T2_Train_126407.flac
/root/atadd_track2_subset_v3/train/ATADD_T2_Train_126408.flac,0,music,-,ATADD_T2_Train_126408.flac
/root/atadd_track2_subset_v3/train/ATADD_T2_Train_126409.flac,0,music,-,ATADD_T2_Train_126409.flac
/root/atadd_track2_subset_v3/train/ATADD_T2_Train_126410.flac,0,music,-,ATADD_T2_Train_126410.flac
/root/atadd_track2_subset_v3/train/ATADD_T2_Train_126411.flac,0,music,-,ATADD_T2_Train_126411.flac
/root/atadd_track2_subset_v3/train/ATADD_T2_Train_126412.flac,0,music,-,ATADD_T2_Train_126412.flac
/root/atadd_track2_subset_v3/train/ATADD_T2_Train_126413.flac,0,music,-,ATADD_T2_Train_126413.flac
/root/atadd_track2_subset_v3/train/ATADD_T2_Train_126414.flac,0,music,-,ATADD_T2_Train_126414.flac
/root/atadd_track2_subset_v3/train/ATADD_T2_Train_126415.flac,0,music,-,ATADD_T2_Train_126415.flac
/root/atadd_track2_subset_v3/train/ATADD_T2_Train_126416.flac,0,music,-,ATADD_T2_Train_126416.flac
/root/atadd_track2_subset_v3/train/ATADD_T2_Train_126417.flac,0,music,-,ATADD_T2_Train_126417.flac
/root/atadd_track2_subset_v3/train/ATADD_T2_Train_126418.flac,0,music,-,ATADD_T2_Train_126418.flac
/root/atadd_track2_subset_v3/train/ATADD_T2_Train_126419.flac,0,music,-,ATADD_T2_Train_126419.flac
/root/atadd_track2_subset_v3/train/ATADD_T2_Train_126420.flac,0,music,-,ATADD_T2_Train_126420.flac
/root/atadd_track2_subset_v3/train/ATADD_T2_Train_126421.flac,0,music,-,ATADD_T2_Train_126421.flac
/root/atadd_track2_subset_v3/train/ATADD_T2_Train_126422.flac,0,music,-,ATADD_T2_Train_126422.flac
/root/atadd_track2_subset_v3/train/ATADD_T2_Train_126423.flac,0,music,-,ATADD_T2_Train_126423.flac
/root/atadd_track2_subset_v3/train/ATADD_T2_Train_126424.flac,0,music,-,ATADD_T2_Train_126424.flac
/root/atadd_track2_subset_v3/train/ATADD_T2_Train_126425.flac,0,music,-,ATADD_T2_Train_126425.flac
/root/atadd_track2_subset_v3/train/ATADD_T2_Train_126426.flac,0,music,-,ATADD_T2_Train_126426.flac
/root/atadd_track2_subset_v3/train/ATADD_T2_Train_126427.flac,0,music,-,ATADD_T2_Train_126427.flac
/root/atadd_track2_subset_v3/train/ATADD_T2_Train_126428.flac,0,music,-,ATADD_T2_Train_126428.flac
/root/atadd_track2_subset_v3/train/ATADD_T2_Train_126429.flac,0,music,-,ATADD_T2_Train_126429.flac
/root/atadd_track2_subset_v3/train/ATADD_T2_Train_126430.flac,0,music,-,ATADD_T2_Train_126430.flac
/root/atadd_track2_subset_v3/train/ATADD_T2_Train_126431.flac,0,music,-,ATADD_T2_Train_126431.flac
/root/atadd_track2_subset_v3/train/ATADD_T2_Train_126432.flac,0,music,-,ATADD_T2_Train_126432.flac
/root/atadd_track2_subset_v3/train/ATADD_T2_Train_126433.flac,0,music,-,ATADD_T2_Train_126433.flac
/root/atadd_track2_subset_v3/train/ATADD_T2_Train_126434.flac,0,music,-,ATADD_T2_Train_126434.flac
/root/atadd_track2_subset_v3/train/ATADD_T2_Train_126435.flac,0,music,-,ATADD_T2_Train_126435.flac
/root/atadd_track2_subset_v3/train/ATADD_T2_Train_126436.flac,0,music,-,ATADD_T2_Train_126436.flac
/root/atadd_track2_subset_v3/train/ATADD_T2_Train_126437.flac,0,music,-,ATADD_T2_Train_126437.flac
/root/atadd_track2_subset_v3/train/ATADD_T2_Train_126438.flac,0,music,-,ATADD_T2_Train_126438.flac
/root/atadd_track2_subset_v3/train/ATADD_T2_Train_126439.flac,0,music,-,ATADD_T2_Train_126439.flac
/root/atadd_track2_subset_v3/train/ATADD_T2_Train_126440.flac,0,music,-,ATADD_T2_Train_126440.flac
/root/atadd_track2_subset_v3/train/ATADD_T2_Train_126441.flac,0,music,-,ATADD_T2_Train_126441.flac
/root/atadd_track2_subset_v3/train/ATADD_T2_Train_126442.flac,0,music,-,ATADD_T2_Train_126442.flac
/root/atadd_track2_subset_v3/train/ATADD_T2_Train_126443.flac,0,music,-,ATADD_T2_Train_126443.flac
/root/atadd_track2_subset_v3/train/ATADD_T2_Train_126445.flac,0,music,-,ATADD_T2_Train_126445.flac
/root/atadd_track2_subset_v3/train/ATADD_T2_Train_126446.flac,0,music,-,ATADD_T2_Train_126446.flac
/root/atadd_track2_subset_v3/train/ATADD_T2_Train_126447.flac,0,music,-,ATADD_T2_Train_126447.flac
/root/atadd_track2_subset_v3/train/ATADD_T2_Train_126448.flac,0,music,-,ATADD_T2_Train_126448.flac
/root/atadd_track2_subset_v3/train/ATADD_T2_Train_126449.flac,0,music,-,ATADD_T2_Train_126449.flac
/root/atadd_track2_subset_v3/train/ATADD_T2_Train_126450.flac,0,music,-,ATADD_T2_Train_126450.flac
/root/atadd_track2_subset_v3/train/ATADD_T2_Train_126451.flac,0,music,-,ATADD_T2_Train_126451.flac
/root/atadd_track2_subset_v3/train/ATADD_T2_Train_126452.flac,0,music,-,ATADD_T2_Train_126452.flac
/root/atadd_track2_subset_v3/train/ATADD_T2_Train_126453.flac,0,music,-,ATADD_T2_Train_126453.flac
/root/atadd_track2_subset_v3/train/ATADD_T2_Train_126454.flac,0,music,-,ATADD_T2_Train_126454.flac
/root/atadd_track2_subset_v3/train/ATADD_T2_Train_126455.flac,0,music,-,ATADD_T2_Train_126455.flac
/root/atadd_track2_subset_v3/train/ATADD_T2_Train_126456.flac,0,music,-,ATADD_T2_Train_126456.flac
/root/atadd_track2_subset_v3/train/ATADD_T2_Train_126457.flac,0,music,-,ATADD_T2_Train_126457.flac
/root/atadd_track2_subset_v3/train/ATADD_T2_Train_126458.flac,0,music,-,ATADD_T2_Train_126458.flac
/root/atadd_track2_subset_v3/train/ATADD_T2_Train_126459.flac,0,music,-,ATADD_T2_Train_126459.flac
/root/atadd_track2_subset_v3/train/ATADD_T2_Train_126460.flac,0,music,-,ATADD_T2_Train_126460.flac
/root/atadd_track2_subset_v3/train/ATADD_T2_Train_126461.flac,0,music,-,ATADD_T2_Train_126461.flac
/root/atadd_track2_subset_v3/train/ATADD_T2_Train_126462.flac,0,music,-,ATADD_T2_Train_126462.flac
/root/atadd_track2_subset_v3/train/ATADD_T2_Train_126463.flac,0,music,-,ATADD_T2_Train_126463.flac
/root/atadd_track2_subset_v3/train/ATADD_T2_Train_126464.flac,0,music,-,ATADD_T2_Train_126464.flac
/root/atadd_track2_subset_v3/train/ATADD_T2_Train_126465.flac,0,music,-,ATADD_T2_Train_126465.flac
/root/atadd_track2_subset_v3/train/ATADD_T2_Train_126466.flac,0,music,-,ATADD_T2_Train_126466.flac
/root/atadd_track2_subset_v3/train/ATADD_T2_Train_126467.flac,0,music,-,ATADD_T2_Train_126467.flac
/root/atadd_track2_subset_v3/train/ATADD_T2_Train_126468.flac,0,music,-,ATADD_T2_Train_126468.flac
/root/atadd_track2_subset_v3/train/ATADD_T2_Train_126469.flac,0,music,-,ATADD_T2_Train_126469.flac
/root/atadd_track2_subset_v3/train/ATADD_T2_Train_126470.flac,0,music,-,ATADD_T2_Train_126470.flac
/root/atadd_track2_subset_v3/train/ATADD_T2_Train_126471.flac,0,music,-,ATADD_T2_Train_126471.flac
/root/atadd_track2_subset_v3/train/ATADD_T2_Train_126472.flac,0,music,-,ATADD_T2_Train_126472.flac
/root/atadd_track2_subset_v3/train/ATADD_T2_Train_126473.flac,0,music,-,ATADD_T2_Train_126473.flac
/root/atadd_track2_subset_v3/train/ATADD_T2_Train_126474.flac,0,music,-,ATADD_T2_Train_126474.flac
/root/atadd_track2_subset_v3/train/ATADD_T2_Train_126475.flac,0,music,-,ATADD_T2_Train_126475.flac
/root/atadd_track2_subset_v3/train/ATADD_T2_Train_126476.flac,0,music,-,ATADD_T2_Train_126476.flac
/root/atadd_track2_subset_v3/train/ATADD_T2_Train_126477.flac,0,music,-,ATADD_T2_Train_126477.flac
/root/atadd_track2_subset_v3/train/ATADD_T2_Train_126479.flac,0,music,-,ATADD_T2_Train_126479.flac
/root/atadd_track2_subset_v3/train/ATADD_T2_Train_126480.flac,0,music,-,ATADD_T2_Train_126480.flac
/root/atadd_track2_subset_v3/train/ATADD_T2_Train_126481.flac,0,music,-,ATADD_T2_Train_126481.flac
/root/atadd_track2_subset_v3/train/ATADD_T2_Train_126482.flac,0,music,-,ATADD_T2_Train_126482.flac
/root/atadd_track2_subset_v3/train/ATADD_T2_Train_126483.flac,0,music,-,ATADD_T2_Train_126483.flac
/root/atadd_track2_subset_v3/train/ATADD_T2_Train_126484.flac,0,music,-,ATADD_T2_Train_126484.flac
/root/atadd_track2_subset_v3/train/ATADD_T2_Train_126485.flac,0,music,-,ATADD_T2_Train_126485.flac
/root/atadd_track2_subset_v3/train/ATADD_T2_Train_126486.flac,0,music,-,ATADD_T2_Train_126486.flac
/root/atadd_track2_subset_v3/train/ATADD_T2_Train_126487.flac,0,music,-,ATADD_T2_Train_126487.flac
/root/atadd_track2_subset_v3/train/ATADD_T2_Train_126488.flac,0,music,-,ATADD_T2_Train_126488.flac
/root/atadd_track2_subset_v3/train/ATADD_T2_Train_126489.flac,0,music,-,ATADD_T2_Train_126489.flac
/root/atadd_track2_subset_v3/train/ATADD_T2_Train_126491.flac,0,music,-,ATADD_T2_Train_126491.flac
/root/atadd_track2_subset_v3/train/ATADD_T2_Train_126492.flac,0,music,-,ATADD_T2_Train_126492.flac
/root/atadd_track2_subset_v3/train/ATADD_T2_Train_126493.flac,0,music,-,ATADD_T2_Train_126493.flac
/root/atadd_track2_subset_v3/train/ATADD_T2_Train_126494.flac,0,music,-,ATADD_T2_Train_126494.flac
/root/atadd_track2_subset_v3/train/ATADD_T2_Train_126495.flac,0,music,-,ATADD_T2_Train_126495.flac
/root/atadd_track2_subset_v3/train/ATADD_T2_Train_126496.flac,0,music,-,ATADD_T2_Train_126496.flac
/root/atadd_track2_subset_v3/train/ATADD_T2_Train_126498.flac,0,music,-,ATADD_T2_Train_126498.flac
/root/atadd_track2_subset_v3/train/ATADD_T2_Train_126499.flac,0,music,-,ATADD_T2_Train_126499.flac
/root/atadd_track2_subset_v3/train/ATADD_T2_Train_126500.flac,0,music,-,ATADD_T2_Train_126500.flac
/root/atadd_track2_subset_v3/train/ATADD_T2_Train_126501.flac,0,music,-,ATADD_T2_Train_126501.flac
/root/atadd_track2_subset_v3/train/ATADD_T2_Train_126502.flac,0,music,-,ATADD_T2_Train_126502.flac
/root/atadd_track2_subset_v3/train/ATADD_T2_Train_126503.flac,0,music,-,ATADD_T2_Train_126503.flac
/root/atadd_track2_subset_v3/train/ATADD_T2_Train_126505.flac,0,music,-,ATADD_T2_Train_126505.flac
/root/atadd_track2_subset_v3/train/ATADD_T2_Train_126506.flac,0,music,-,ATADD_T2_Train_126506.flac
/root/atadd_track2_subset_v3/train/ATADD_T2_Train_126507.flac,0,music,-,ATADD_T2_Train_126507.flac
/root/atadd_track2_subset_v3/train/ATADD_T2_Train_126508.flac,0,music,-,ATADD_T2_Train_126508.flac
/root/atadd_track2_subset_v3/train/ATADD_T2_Train_126509.flac,0,music,-,ATADD_T2_Train_126509.flac
/root/atadd_track2_subset_v3/train/ATADD_T2_Train_126510.flac,0,music,-,ATADD_T2_Train_126510.flac
/root/atadd_track2_subset_v3/train/ATADD_T2_Train_126511.flac,0,music,-,ATADD_T2_Train_126511.flac
/root/atadd_track2_subset_v3/train/ATADD_T2_Train_126512.flac,0,music,-,ATADD_T2_Train_126512.flac
/root/atadd_track2_subset_v3/train/ATADD_T2_Train_126513.flac,0,music,-,ATADD_T2_Train_126513.flac
/root/atadd_track2_subset_v3/train/ATADD_T2_Train_126516.flac,0,music,-,ATADD_T2_Train_126516.flac
/root/atadd_track2_subset_v3/train/ATADD_T2_Train_126518.flac,0,music,-,ATADD_T2_Train_126518.flac
/root/atadd_track2_subset_v3/train/ATADD_T2_Train_126519.flac,0,music,-,ATADD_T2_Train_126519.flac
/root/atadd_track2_subset_v3/train/ATADD_T2_Train_126520.flac,0,music,-,ATADD_T2_Train_126520.flac
/root/atadd_track2_subset_v3/train/ATADD_T2_Train_126521.flac,0,music,-,ATADD_T2_Train_126521.flac
/root/atadd_track2_subset_v3/train/ATADD_T2_Train_126522.flac,0,music,-,ATADD_T2_Train_126522.flac
/root/atadd_track2_subset_v3/train/ATADD_T2_Train_126523.flac,0,music,-,ATADD_T2_Train_126523.flac
/root/atadd_track2_subset_v3/train/ATADD_T2_Train_126524.flac,0,music,-,ATADD_T2_Train_126524.flac
/root/atadd_track2_subset_v3/train/ATADD_T2_Train_126525.flac,0,music,-,ATADD_T2_Train_126525.flac
/root/atadd_track2_subset_v3/train/ATADD_T2_Train_126526.flac,0,music,-,ATADD_T2_Train_126526.flac
/root/atadd_track2_subset_v3/train/ATADD_T2_Train_126527.flac,0,music,-,ATADD_T2_Train_126527.flac
/root/atadd_track2_subset_v3/train/ATADD_T2_Train_126528.flac,0,music,-,ATADD_T2_Train_126528.flac
/root/atadd_track2_subset_v3/train/ATADD_T2_Train_126530.flac,0,music,-,ATADD_T2_Train_126530.flac
/root/atadd_track2_subset_v3/train/ATADD_T2_Train_126532.flac,0,music,-,ATADD_T2_Train_126532.flac
/root/atadd_track2_subset_v3/train/ATADD_T2_Train_126533.flac,0,music,-,ATADD_T2_Train_126533.flac
/root/atadd_track2_subset_v3/train/ATADD_T2_Train_126534.flac,0,music,-,ATADD_T2_Train_126534.flac
/root/atadd_track2_subset_v3/train/ATADD_T2_Train_126535.flac,0,music,-,ATADD_T2_Train_126535.flac
/root/atadd_track2_subset_v3/train/ATADD_T2_Train_126536.flac,0,music,-,ATADD_T2_Train_126536.flac
/root/atadd_track2_subset_v3/train/ATADD_T2_Train_126537.flac,0,music,-,ATADD_T2_Train_126537.flac
/root/atadd_track2_subset_v3/train/ATADD_T2_Train_126538.flac,0,music,-,ATADD_T2_Train_126538.flac
/root/atadd_track2_subset_v3/train/ATADD_T2_Train_126539.flac,0,music,-,ATADD_T2_Train_126539.flac
/root/atadd_track2_subset_v3/train/ATADD_T2_Train_126540.flac,0,music,-,ATADD_T2_Train_126540.flac
/root/atadd_track2_subset_v3/train/ATADD_T2_Train_126541.flac,0,music,-,ATADD_T2_Train_126541.flac
/root/atadd_track2_subset_v3/train/ATADD_T2_Train_126542.flac,0,music,-,ATADD_T2_Train_126542.flac
/root/atadd_track2_subset_v3/train/ATADD_T2_Train_126543.flac,0,music,-,ATADD_T2_Train_126543.flac
/root/atadd_track2_subset_v3/train/ATADD_T2_Train_126544.flac,0,music,-,ATADD_T2_Train_126544.flac
/root/atadd_track2_subset_v3/train/ATADD_T2_Train_126545.flac,0,music,-,ATADD_T2_Train_126545.flac
/root/atadd_track2_subset_v3/train/ATADD_T2_Train_126546.flac,0,music,-,ATADD_T2_Train_126546.flac
/root/atadd_track2_subset_v3/train/ATADD_T2_Train_126547.flac,0,music,-,ATADD_T2_Train_126547.flac
/root/atadd_track2_subset_v3/train/ATADD_T2_Train_126548.flac,0,music,-,ATADD_T2_Train_126548.flac
/root/atadd_track2_subset_v3/train/ATADD_T2_Train_126549.flac,0,music,-,ATADD_T2_Train_126549.flac
/root/atadd_track2_subset_v3/train/ATADD_T2_Train_126550.flac,0,music,-,ATADD_T2_Train_126550.flac
/root/atadd_track2_subset_v3/train/ATADD_T2_Train_126551.flac,0,music,-,ATADD_T2_Train_126551.flac
/root/atadd_track2_subset_v3/train/ATADD_T2_Train_126552.flac,0,music,-,ATADD_T2_Train_126552.flac
/root/atadd_track2_subset_v3/train/ATADD_T2_Train_126553.flac,0,music,-,ATADD_T2_Train_126553.flac
/root/atadd_track2_subset_v3/train/ATADD_T2_Train_126554.flac,0,music,-,ATADD_T2_Train_126554.flac
/root/atadd_track2_subset_v3/train/ATADD_T2_Train_126555.flac,0,music,-,ATADD_T2_Train_126555.flac
/root/atadd_track2_subset_v3/train/ATADD_T2_Train_126556.flac,0,music,-,ATADD_T2_Train_126556.flac
/root/atadd_track2_subset_v3/train/ATADD_T2_Train_126557.flac,0,music,-,ATADD_T2_Train_126557.flac
/root/atadd_track2_subset_v3/train/ATADD_T2_Train_126558.flac,0,music,-,ATADD_T2_Train_126558.flac
/root/atadd_track2_subset_v3/train/ATADD_T2_Train_126559.flac,0,music,-,ATADD_T2_Train_126559.flac
/root/atadd_track2_subset_v3/train/ATADD_T2_Train_126560.flac,0,music,-,ATADD_T2_Train_126560.flac
/root/atadd_track2_subset_v3/train/ATADD_T2_Train_126561.flac,0,music,-,ATADD_T2_Train_126561.flac
/root/atadd_track2_subset_v3/train/ATADD_T2_Train_126562.flac,0,music,-,ATADD_T2_Train_126562.flac
/root/atadd_track2_subset_v3/train/ATADD_T2_Train_126563.flac,0,music,-,ATADD_T2_Train_126563.flac
/root/atadd_track2_subset_v3/train/ATADD_T2_Train_126564.flac,0,music,-,ATADD_T2_Train_126564.flac
/root/atadd_track2_subset_v3/train/ATADD_T2_Train_126565.flac,0,music,-,ATADD_T2_Train_126565.flac
/root/atadd_track2_subset_v3/train/ATADD_T2_Train_126566.flac,0,music,-,ATADD_T2_Train_126566.flac
/root/atadd_track2_subset_v3/train/ATADD_T2_Train_126567.flac,0,music,-,ATADD_T2_Train_126567.flac
/root/atadd_track2_subset_v3/train/ATADD_T2_Train_126568.flac,0,music,-,ATADD_T2_Train_126568.flac
/root/atadd_track2_subset_v3/train/ATADD_T2_Train_126569.flac,0,music,-,ATADD_T2_Train_126569.flac
/root/atadd_track2_subset_v3/train/ATADD_T2_Train_126570.flac,0,music,-,ATADD_T2_Train_126570.flac
/root/atadd_track2_subset_v3/train/ATADD_T2_Train_126571.flac,0,music,-,ATADD_T2_Train_126571.flac
/root/atadd_track2_subset_v3/train/ATADD_T2_Train_126572.flac,0,music,-,ATADD_T2_Train_126572.flac
/root/atadd_track2_subset_v3/train/ATADD_T2_Train_126573.flac,0,music,-,ATADD_T2_Train_126573.flac
/root/atadd_track2_subset_v3/train/ATADD_T2_Train_126575.flac,0,music,-,ATADD_T2_Train_126575.flac
/root/atadd_track2_subset_v3/train/ATADD_T2_Train_126576.flac,0,music,-,ATADD_T2_Train_126576.flac
/root/atadd_track2_subset_v3/train/ATADD_T2_Train_126577.flac,0,music,-,ATADD_T2_Train_126577.flac
/root/atadd_track2_subset_v3/train/ATADD_T2_Train_126578.flac,0,music,-,ATADD_T2_Train_126578.flac
/root/atadd_track2_subset_v3/train/ATADD_T2_Train_126579.flac,0,music,-,ATADD_T2_Train_126579.flac
/root/atadd_track2_subset_v3/train/ATADD_T2_Train_126580.flac,0,music,-,ATADD_T2_Train_126580.flac
/root/atadd_track2_subset_v3/train/ATADD_T2_Train_126581.flac,0,music,-,ATADD_T2_Train_126581.flac
/root/atadd_track2_subset_v3/train/ATADD_T2_Train_126583.flac,0,music,-,ATADD_T2_Train_126583.flac
/root/atadd_track2_subset_v3/train/ATADD_T2_Train_126584.flac,0,music,-,ATADD_T2_Train_126584.flac
/root/atadd_track2_subset_v3/train/ATADD_T2_Train_126585.flac,0,music,-,ATADD_T2_Train_126585.flac
/root/atadd_track2_subset_v3/train/ATADD_T2_Train_126587.flac,0,music,-,ATADD_T2_Train_126587.flac
/root/atadd_track2_subset_v3/train/ATADD_T2_Train_126588.flac,0,music,-,ATADD_T2_Train_126588.flac
/root/atadd_track2_subset_v3/train/ATADD_T2_Train_126589.flac,0,music,-,ATADD_T2_Train_126589.flac
/root/atadd_track2_subset_v3/train/ATADD_T2_Train_126590.flac,0,music,-,ATADD_T2_Train_126590.flac
/root/atadd_track2_subset_v3/train/ATADD_T2_Train_126591.flac,0,music,-,ATADD_T2_Train_126591.flac
/root/atadd_track2_subset_v3/train/ATADD_T2_Train_126592.flac,0,music,-,ATADD_T2_Train_126592.flac
/root/atadd_track2_subset_v3/train/ATADD_T2_Train_126594.flac,0,music,-,ATADD_T2_Train_126594.flac
/root/atadd_track2_subset_v3/train/ATADD_T2_Train_126595.flac,0,music,-,ATADD_T2_Train_126595.flac
/root/atadd_track2_subset_v3/train/ATADD_T2_Train_126596.flac,0,music,-,ATADD_T2_Train_126596.flac
/root/atadd_track2_subset_v3/train/ATADD_T2_Train_126597.flac,0,music,-,ATADD_T2_Train_126597.flac
/root/atadd_track2_subset_v3/train/ATADD_T2_Train_126598.flac,0,music,-,ATADD_T2_Train_126598.flac
/root/atadd_track2_subset_v3/train/ATADD_T2_Train_126600.flac,0,music,-,ATADD_T2_Train_126600.flac
/root/atadd_track2_subset_v3/train/ATADD_T2_Train_126601.flac,0,music,-,ATADD_T2_Train_126601.flac
/root/atadd_track2_subset_v3/train/ATADD_T2_Train_126602.flac,0,music,-,ATADD_T2_Train_126602.flac
/root/atadd_track2_subset_v3/train/ATADD_T2_Train_126603.flac,0,music,-,ATADD_T2_Train_126603.flac
/root/atadd_track2_subset_v3/train/ATADD_T2_Train_126604.flac,0,music,-,ATADD_T2_Train_126604.flac
/root/atadd_track2_subset_v3/train/ATADD_T2_Train_126605.flac,0,music,-,ATADD_T2_Train_126605.flac
/root/atadd_track2_subset_v3/train/ATADD_T2_Train_126606.flac,0,music,-,ATADD_T2_Train_126606.flac
/root/atadd_track2_subset_v3/train/ATADD_T2_Train_126607.flac,0,music,-,ATADD_T2_Train_126607.flac
/root/atadd_track2_subset_v3/train/ATADD_T2_Train_126608.flac,0,music,-,ATADD_T2_Train_126608.flac
/root/atadd_track2_subset_v3/train/ATADD_T2_Train_126609.flac,0,music,-,ATADD_T2_Train_126609.flac
/root/atadd_track2_subset_v3/train/ATADD_T2_Train_126610.flac,0,music,-,ATADD_T2_Train_126610.flac
/root/atadd_track2_subset_v3/train/ATADD_T2_Train_126611.flac,0,music,-,ATADD_T2_Train_126611.flac
/root/atadd_track2_subset_v3/train/ATADD_T2_Train_126612.flac,0,music,-,ATADD_T2_Train_126612.flac
/root/atadd_track2_subset_v3/train/ATADD_T2_Train_126613.flac,0,music,-,ATADD_T2_Train_126613.flac
/root/atadd_track2_subset_v3/train/ATADD_T2_Train_126614.flac,0,music,-,ATADD_T2_Train_126614.flac
/root/atadd_track2_subset_v3/train/ATADD_T2_Train_126615.flac,0,music,-,ATADD_T2_Train_126615.flac
/root/atadd_track2_subset_v3/train/ATADD_T2_Train_126616.flac,0,music,-,ATADD_T2_Train_126616.flac
/root/atadd_track2_subset_v3/train/ATADD_T2_Train_126617.flac,0,music,-,ATADD_T2_Train_126617.flac
/root/atadd_track2_subset_v3/train/ATADD_T2_Train_126619.flac,0,music,-,ATADD_T2_Train_126619.flac
/root/atadd_track2_subset_v3/train/ATADD_T2_Train_126620.flac,0,music,-,ATADD_T2_Train_126620.flac
/root/atadd_track2_subset_v3/train/ATADD_T2_Train_126621.flac,0,music,-,ATADD_T2_Train_126621.flac
/root/atadd_track2_subset_v3/train/ATADD_T2_Train_126622.flac,0,music,-,ATADD_T2_Train_126622.flac
/root/atadd_track2_subset_v3/train/ATADD_T2_Train_126623.flac,0,music,-,ATADD_T2_Train_126623.flac
/root/atadd_track2_subset_v3/train/ATADD_T2_Train_126624.flac,0,music,-,ATADD_T2_Train_126624.flac
/root/atadd_track2_subset_v3/train/ATADD_T2_Train_126625.flac,0,music,-,ATADD_T2_Train_126625.flac
/root/atadd_track2_subset_v3/train/ATADD_T2_Train_126626.flac,0,music,-,ATADD_T2_Train_126626.flac
/root/atadd_track2_subset_v3/train/ATADD_T2_Train_126627.flac,0,music,-,ATADD_T2_Train_126627.flac
/root/atadd_track2_subset_v3/train/ATADD_T2_Train_126628.flac,0,music,-,ATADD_T2_Train_126628.flac
/root/atadd_track2_subset_v3/train/ATADD_T2_Train_126629.flac,0,music,-,ATADD_T2_Train_126629.flac
/root/atadd_track2_subset_v3/train/ATADD_T2_Train_126630.flac,0,music,-,ATADD_T2_Train_126630.flac
/root/atadd_track2_subset_v3/train/ATADD_T2_Train_126631.flac,0,music,-,ATADD_T2_Train_126631.flac
/root/atadd_track2_subset_v3/train/ATADD_T2_Train_126632.flac,0,music,-,ATADD_T2_Train_126632.flac
/root/atadd_track2_subset_v3/train/ATADD_T2_Train_126633.flac,0,music,-,ATADD_T2_Train_126633.flac
/root/atadd_track2_subset_v3/train/ATADD_T2_Train_126634.flac,0,music,-,ATADD_T2_Train_126634.flac
/root/atadd_track2_subset_v3/train/ATADD_T2_Train_126635.flac,0,music,-,ATADD_T2_Train_126635.flac
/root/atadd_track2_subset_v3/train/ATADD_T2_Train_126636.flac,0,music,-,ATADD_T2_Train_126636.flac
/root/atadd_track2_subset_v3/train/ATADD_T2_Train_126637.flac,0,music,-,ATADD_T2_Train_126637.flac
/root/atadd_track2_subset_v3/train/ATADD_T2_Train_126638.flac,0,music,-,ATADD_T2_Train_126638.flac
/root/atadd_track2_subset_v3/train/ATADD_T2_Train_126639.flac,0,music,-,ATADD_T2_Train_126639.flac
/root/atadd_track2_subset_v3/train/ATADD_T2_Train_126640.flac,0,music,-,ATADD_T2_Train_126640.flac
/root/atadd_track2_subset_v3/train/ATADD_T2_Train_126641.flac,0,music,-,ATADD_T2_Train_126641.flac
/root/atadd_track2_subset_v3/train/ATADD_T2_Train_126642.flac,0,music,-,ATADD_T2_Train_126642.flac
/root/atadd_track2_subset_v3/train/ATADD_T2_Train_126643.flac,0,music,-,ATADD_T2_Train_126643.flac
/root/atadd_track2_subset_v3/train/ATADD_T2_Train_126644.flac,0,music,-,ATADD_T2_Train_126644.flac
/root/atadd_track2_subset_v3/train/ATADD_T2_Train_126645.flac,0,music,-,ATADD_T2_Train_126645.flac
/root/atadd_track2_subset_v3/train/ATADD_T2_Train_126646.flac,0,music,-,ATADD_T2_Train_126646.flac
/root/atadd_track2_subset_v3/train/ATADD_T2_Train_126647.flac,0,music,-,ATADD_T2_Train_126647.flac
/root/atadd_track2_subset_v3/train/ATADD_T2_Train_126648.flac,0,music,-,ATADD_T2_Train_126648.flac
/root/atadd_track2_subset_v3/train/ATADD_T2_Train_126649.flac,0,music,-,ATADD_T2_Train_126649.flac
/root/atadd_track2_subset_v3/train/ATADD_T2_Train_126650.flac,0,music,-,ATADD_T2_Train_126650.flac
/root/atadd_track2_subset_v3/train/ATADD_T2_Train_126651.flac,0,music,-,ATADD_T2_Train_126651.flac
/root/atadd_track2_subset_v3/train/ATADD_T2_Train_126652.flac,0,music,-,ATADD_T2_Train_126652.flac
/root/atadd_track2_subset_v3/train/ATADD_T2_Train_126653.flac,0,music,-,ATADD_T2_Train_126653.flac
/root/atadd_track2_subset_v3/train/ATADD_T2_Train_126654.flac,0,music,-,ATADD_T2_Train_126654.flac
/root/atadd_track2_subset_v3/train/ATADD_T2_Train_126655.flac,0,music,-,ATADD_T2_Train_126655.flac
/root/atadd_track2_subset_v3/train/ATADD_T2_Train_126656.flac,0,music,-,ATADD_T2_Train_126656.flac
/root/atadd_track2_subset_v3/train/ATADD_T2_Train_126657.flac,0,music,-,ATADD_T2_Train_126657.flac
/root/atadd_track2_subset_v3/train/ATADD_T2_Train_126658.flac,0,music,-,ATADD_T2_Train_126658.flac
/root/atadd_track2_subset_v3/train/ATADD_T2_Train_126659.flac,0,music,-,ATADD_T2_Train_126659.flac
/root/atadd_track2_subset_v3/train/ATADD_T2_Train_126660.flac,0,music,-,ATADD_T2_Train_126660.flac
/root/atadd_track2_subset_v3/train/ATADD_T2_Train_126661.flac,0,music,-,ATADD_T2_Train_126661.flac
/root/atadd_track2_subset_v3/train/ATADD_T2_Train_126662.flac,0,music,-,ATADD_T2_Train_126662.flac
/root/atadd_track2_subset_v3/train/ATADD_T2_Train_126663.flac,0,music,-,ATADD_T2_Train_126663.flac
/root/atadd_track2_subset_v3/train/ATADD_T2_Train_126664.flac,0,music,-,ATADD_T2_Train_126664.flac
/root/atadd_track2_subset_v3/train/ATADD_T2_Train_126665.flac,0,music,-,ATADD_T2_Train_126665.flac
/root/atadd_track2_subset_v3/train/ATADD_T2_Train_126666.flac,0,music,-,ATADD_T2_Train_126666.flac
/root/atadd_track2_subset_v3/train/ATADD_T2_Train_126667.flac,0,music,-,ATADD_T2_Train_126667.flac
/root/atadd_track2_subset_v3/train/ATADD_T2_Train_126668.flac,0,music,-,ATADD_T2_Train_126668.flac
/root/atadd_track2_subset_v3/train/ATADD_T2_Train_126669.flac,0,music,-,ATADD_T2_Train_126669.flac
/root/atadd_track2_subset_v3/train/ATADD_T2_Train_126670.flac,0,music,-,ATADD_T2_Train_126670.flac
/root/atadd_track2_subset_v3/train/ATADD_T2_Train_126671.flac,0,music,-,ATADD_T2_Train_126671.flac
/root/atadd_track2_subset_v3/train/ATADD_T2_Train_126672.flac,0,music,-,ATADD_T2_Train_126672.flac
/root/atadd_track2_subset_v3/train/ATADD_T2_Train_126673.flac,0,music,-,ATADD_T2_Train_126673.flac
/root/atadd_track2_subset_v3/train/ATADD_T2_Train_126674.flac,0,music,-,ATADD_T2_Train_126674.flac
/root/atadd_track2_subset_v3/train/ATADD_T2_Train_126675.flac,0,music,-,ATADD_T2_Train_126675.flac
/root/atadd_track2_subset_v3/train/ATADD_T2_Train_126676.flac,0,music,-,ATADD_T2_Train_126676.flac
/root/atadd_track2_subset_v3/train/ATADD_T2_Train_126677.flac,0,music,-,ATADD_T2_Train_126677.flac
/root/atadd_track2_subset_v3/train/ATADD_T2_Train_126678.flac,0,music,-,ATADD_T2_Train_126678.flac
/root/atadd_track2_subset_v3/train/ATADD_T2_Train_126679.flac,0,music,-,ATADD_T2_Train_126679.flac
/root/atadd_track2_subset_v3/train/ATADD_T2_Train_126680.flac,0,music,-,ATADD_T2_Train_126680.flac
/root/atadd_track2_subset_v3/train/ATADD_T2_Train_126681.flac,0,music,-,ATADD_T2_Train_126681.flac
/root/atadd_track2_subset_v3/train/ATADD_T2_Train_126682.flac,0,music,-,ATADD_T2_Train_126682.flac
/root/atadd_track2_subset_v3/train/ATADD_T2_Train_126683.flac,0,music,-,ATADD_T2_Train_126683.flac
/root/atadd_track2_subset_v3/train/ATADD_T2_Train_126684.flac,0,music,-,ATADD_T2_Train_126684.flac
/root/atadd_track2_subset_v3/train/ATADD_T2_Train_126685.flac,0,music,-,ATADD_T2_Train_126685.flac
/root/atadd_track2_subset_v3/train/ATADD_T2_Train_126686.flac,0,music,-,ATADD_T2_Train_126686.flac
/root/atadd_track2_subset_v3/train/ATADD_T2_Train_126687.flac,0,music,-,ATADD_T2_Train_126687.flac
/root/atadd_track2_subset_v3/train/ATADD_T2_Train_126688.flac,0,music,-,ATADD_T2_Train_126688.flac
/root/atadd_track2_subset_v3/train/ATADD_T2_Train_126689.flac,0,music,-,ATADD_T2_Train_126689.flac
/root/atadd_track2_subset_v3/train/ATADD_T2_Train_126691.flac,0,music,-,ATADD_T2_Train_126691.flac
/root/atadd_track2_subset_v3/train/ATADD_T2_Train_126692.flac,0,music,-,ATADD_T2_Train_126692.flac
/root/atadd_track2_subset_v3/train/ATADD_T2_Train_126694.flac,0,music,-,ATADD_T2_Train_126694.flac
/root/atadd_track2_subset_v3/train/ATADD_T2_Train_126695.flac,0,music,-,ATADD_T2_Train_126695.flac
/root/atadd_track2_subset_v3/train/ATADD_T2_Train_126696.flac,0,music,-,ATADD_T2_Train_126696.flac
/root/atadd_track2_subset_v3/train/ATADD_T2_Train_126697.flac,0,music,-,ATADD_T2_Train_126697.flac
/root/atadd_track2_subset_v3/train/ATADD_T2_Train_126698.flac,0,music,-,ATADD_T2_Train_126698.flac
/root/atadd_track2_subset_v3/train/ATADD_T2_Train_126699.flac,0,music,-,ATADD_T2_Train_126699.flac
/root/atadd_track2_subset_v3/train/ATADD_T2_Train_126700.flac,0,music,-,ATADD_T2_Train_126700.flac
/root/atadd_track2_subset_v3/train/ATADD_T2_Train_126701.flac,0,music,-,ATADD_T2_Train_126701.flac
/root/atadd_track2_subset_v3/train/ATADD_T2_Train_126702.flac,0,music,-,ATADD_T2_Train_126702.flac
/root/atadd_track2_subset_v3/train/ATADD_T2_Train_126703.flac,0,music,-,ATADD_T2_Train_126703.flac
/root/atadd_track2_subset_v3/train/ATADD_T2_Train_126704.flac,0,music,-,ATADD_T2_Train_126704.flac
/root/atadd_track2_subset_v3/train/ATADD_T2_Train_126705.flac,0,music,-,ATADD_T2_Train_126705.flac
/root/atadd_track2_subset_v3/train/ATADD_T2_Train_126706.flac,0,music,-,ATADD_T2_Train_126706.flac
/root/atadd_track2_subset_v3/train/ATADD_T2_Train_126707.flac,0,music,-,ATADD_T2_Train_126707.flac
/root/atadd_track2_subset_v3/train/ATADD_T2_Train_126708.flac,0,music,-,ATADD_T2_Train_126708.flac
/root/atadd_track2_subset_v3/train/ATADD_T2_Train_126709.flac,0,music,-,ATADD_T2_Train_126709.flac
/root/atadd_track2_subset_v3/train/ATADD_T2_Train_126710.flac,0,music,-,ATADD_T2_Train_126710.flac
/root/atadd_track2_subset_v3/train/ATADD_T2_Train_126711.flac,0,music,-,ATADD_T2_Train_126711.flac
/root/atadd_track2_subset_v3/train/ATADD_T2_Train_126712.flac,0,music,-,ATADD_T2_Train_126712.flac
/root/atadd_track2_subset_v3/train/ATADD_T2_Train_126713.flac,0,music,-,ATADD_T2_Train_126713.flac
/root/atadd_track2_subset_v3/train/ATADD_T2_Train_126714.flac,0,music,-,ATADD_T2_Train_126714.flac
/root/atadd_track2_subset_v3/train/ATADD_T2_Train_126715.flac,0,music,-,ATADD_T2_Train_126715.flac
/root/atadd_track2_subset_v3/train/ATADD_T2_Train_126716.flac,0,music,-,ATADD_T2_Train_126716.flac
/root/atadd_track2_subset_v3/train/ATADD_T2_Train_126717.flac,0,music,-,ATADD_T2_Train_126717.flac
/root/atadd_track2_subset_v3/train/ATADD_T2_Train_126718.flac,0,music,-,ATADD_T2_Train_126718.flac
/root/atadd_track2_subset_v3/train/ATADD_T2_Train_126719.flac,0,music,-,ATADD_T2_Train_126719.flac
/root/atadd_track2_subset_v3/train/ATADD_T2_Train_126720.flac,0,music,-,ATADD_T2_Train_126720.flac
/root/atadd_track2_subset_v3/train/ATADD_T2_Train_126721.flac,0,music,-,ATADD_T2_Train_126721.flac
/root/atadd_track2_subset_v3/train/ATADD_T2_Train_126722.flac,0,music,-,ATADD_T2_Train_126722.flac
/root/atadd_track2_subset_v3/train/ATADD_T2_Train_126723.flac,0,music,-,ATADD_T2_Train_126723.flac
/root/atadd_track2_subset_v3/train/ATADD_T2_Train_126724.flac,0,music,-,ATADD_T2_Train_126724.flac
/root/atadd_track2_subset_v3/train/ATADD_T2_Train_126725.flac,0,music,-,ATADD_T2_Train_126725.flac
/root/atadd_track2_subset_v3/train/ATADD_T2_Train_126726.flac,0,music,-,ATADD_T2_Train_126726.flac
/root/atadd_track2_subset_v3/train/ATADD_T2_Train_126727.flac,0,music,-,ATADD_T2_Train_126727.flac
/root/atadd_track2_subset_v3/train/ATADD_T2_Train_126728.flac,0,music,-,ATADD_T2_Train_126728.flac
/root/atadd_track2_subset_v3/train/ATADD_T2_Train_126729.flac,0,music,-,ATADD_T2_Train_126729.flac
/root/atadd_track2_subset_v3/train/ATADD_T2_Train_126730.flac,0,music,-,ATADD_T2_Train_126730.flac
/root/atadd_track2_subset_v3/train/ATADD_T2_Train_126731.flac,0,music,-,ATADD_T2_Train_126731.flac
/root/atadd_track2_subset_v3/train/ATADD_T2_Train_126732.flac,0,music,-,ATADD_T2_Train_126732.flac
/root/atadd_track2_subset_v3/train/ATADD_T2_Train_126733.flac,0,music,-,ATADD_T2_Train_126733.flac
/root/atadd_track2_subset_v3/train/ATADD_T2_Train_126734.flac,0,music,-,ATADD_T2_Train_126734.flac
/root/atadd_track2_subset_v3/train/ATADD_T2_Train_126735.flac,0,music,-,ATADD_T2_Train_126735.flac
/root/atadd_track2_subset_v3/train/ATADD_T2_Train_126736.flac,0,music,-,ATADD_T2_Train_126736.flac
/root/atadd_track2_subset_v3/train/ATADD_T2_Train_126737.flac,0,music,-,ATADD_T2_Train_126737.flac
/root/atadd_track2_subset_v3/train/ATADD_T2_Train_126738.flac,0,music,-,ATADD_T2_Train_126738.flac
/root/atadd_track2_subset_v3/train/ATADD_T2_Train_126739.flac,0,music,-,ATADD_T2_Train_126739.flac
/root/atadd_track2_subset_v3/train/ATADD_T2_Train_126740.flac,0,music,-,ATADD_T2_Train_126740.flac
/root/atadd_track2_subset_v3/train/ATADD_T2_Train_126741.flac,0,music,-,ATADD_T2_Train_126741.flac
/root/atadd_track2_subset_v3/train/ATADD_T2_Train_126742.flac,0,music,-,ATADD_T2_Train_126742.flac
/root/atadd_track2_subset_v3/train/ATADD_T2_Train_126743.flac,0,music,-,ATADD_T2_Train_126743.flac
/root/atadd_track2_subset_v3/train/ATADD_T2_Train_126744.flac,0,music,-,ATADD_T2_Train_126744.flac
/root/atadd_track2_subset_v3/train/ATADD_T2_Train_126745.flac,0,music,-,ATADD_T2_Train_126745.flac
/root/atadd_track2_subset_v3/train/ATADD_T2_Train_126746.flac,0,music,-,ATADD_T2_Train_126746.flac
/root/atadd_track2_subset_v3/train/ATADD_T2_Train_126747.flac,0,music,-,ATADD_T2_Train_126747.flac
/root/atadd_track2_subset_v3/train/ATADD_T2_Train_126748.flac,0,music,-,ATADD_T2_Train_126748.flac
/root/atadd_track2_subset_v3/train/ATADD_T2_Train_126749.flac,0,music,-,ATADD_T2_Train_126749.flac
/root/atadd_track2_subset_v3/train/ATADD_T2_Train_126750.flac,0,music,-,ATADD_T2_Train_126750.flac
/root/atadd_track2_subset_v3/train/ATADD_T2_Train_126751.flac,0,music,-,ATADD_T2_Train_126751.flac
/root/atadd_track2_subset_v3/train/ATADD_T2_Train_126752.flac,0,music,-,ATADD_T2_Train_126752.flac
/root/atadd_track2_subset_v3/train/ATADD_T2_Train_126754.flac,0,music,-,ATADD_T2_Train_126754.flac
/root/atadd_track2_subset_v3/train/ATADD_T2_Train_126755.flac,0,music,-,ATADD_T2_Train_126755.flac
/root/atadd_track2_subset_v3/train/ATADD_T2_Train_126756.flac,0,music,-,ATADD_T2_Train_126756.flac
/root/atadd_track2_subset_v3/train/ATADD_T2_Train_126757.flac,0,music,-,ATADD_T2_Train_126757.flac
/root/atadd_track2_subset_v3/train/ATADD_T2_Train_126759.flac,0,music,-,ATADD_T2_Train_126759.flac
/root/atadd_track2_subset_v3/train/ATADD_T2_Train_126760.flac,0,music,-,ATADD_T2_Train_126760.flac
/root/atadd_track2_subset_v3/train/ATADD_T2_Train_126761.flac,0,music,-,ATADD_T2_Train_126761.flac
/root/atadd_track2_subset_v3/train/ATADD_T2_Train_126762.flac,0,music,-,ATADD_T2_Train_126762.flac
/root/atadd_track2_subset_v3/train/ATADD_T2_Train_126763.flac,0,music,-,ATADD_T2_Train_126763.flac
/root/atadd_track2_subset_v3/train/ATADD_T2_Train_126764.flac,0,music,-,ATADD_T2_Train_126764.flac
/root/atadd_track2_subset_v3/train/ATADD_T2_Train_126765.flac,0,music,-,ATADD_T2_Train_126765.flac
/root/atadd_track2_subset_v3/train/ATADD_T2_Train_126766.flac,0,music,-,ATADD_T2_Train_126766.flac
/root/atadd_track2_subset_v3/train/ATADD_T2_Train_126767.flac,0,music,-,ATADD_T2_Train_126767.flac
/root/atadd_track2_subset_v3/train/ATADD_T2_Train_126768.flac,0,music,-,ATADD_T2_Train_126768.flac
/root/atadd_track2_subset_v3/train/ATADD_T2_Train_126769.flac,0,music,-,ATADD_T2_Train_126769.flac
/root/atadd_track2_subset_v3/train/ATADD_T2_Train_126770.flac,0,music,-,ATADD_T2_Train_126770.flac
/root/atadd_track2_subset_v3/train/ATADD_T2_Train_126771.flac,0,music,-,ATADD_T2_Train_126771.flac
/root/atadd_track2_subset_v3/train/ATADD_T2_Train_126772.flac,0,music,-,ATADD_T2_Train_126772.flac
/root/atadd_track2_subset_v3/train/ATADD_T2_Train_126773.flac,0,music,-,ATADD_T2_Train_126773.flac
/root/atadd_track2_subset_v3/train/ATADD_T2_Train_126774.flac,0,music,-,ATADD_T2_Train_126774.flac
/root/atadd_track2_subset_v3/train/ATADD_T2_Train_126775.flac,0,music,-,ATADD_T2_Train_126775.flac
/root/atadd_track2_subset_v3/train/ATADD_T2_Train_126776.flac,0,music,-,ATADD_T2_Train_126776.flac
/root/atadd_track2_subset_v3/train/ATADD_T2_Train_126777.flac,0,music,-,ATADD_T2_Train_126777.flac
/root/atadd_track2_subset_v3/train/ATADD_T2_Train_126778.flac,0,music,-,ATADD_T2_Train_126778.flac
/root/atadd_track2_subset_v3/train/ATADD_T2_Train_126779.flac,0,music,-,ATADD_T2_Train_126779.flac
/root/atadd_track2_subset_v3/train/ATADD_T2_Train_126781.flac,0,music,-,ATADD_T2_Train_126781.flac
/root/atadd_track2_subset_v3/train/ATADD_T2_Train_126782.flac,0,music,-,ATADD_T2_Train_126782.flac
/root/atadd_track2_subset_v3/train/ATADD_T2_Train_126783.flac,0,music,-,ATADD_T2_Train_126783.flac
/root/atadd_track2_subset_v3/train/ATADD_T2_Train_126784.flac,0,music,-,ATADD_T2_Train_126784.flac
/root/atadd_track2_subset_v3/train/ATADD_T2_Train_126785.flac,0,music,-,ATADD_T2_Train_126785.flac
/root/atadd_track2_subset_v3/train/ATADD_T2_Train_126786.flac,0,music,-,ATADD_T2_Train_126786.flac
/root/atadd_track2_subset_v3/train/ATADD_T2_Train_126787.flac,0,music,-,ATADD_T2_Train_126787.flac
/root/atadd_track2_subset_v3/train/ATADD_T2_Train_126788.flac,0,music,-,ATADD_T2_Train_126788.flac
/root/atadd_track2_subset_v3/train/ATADD_T2_Train_126789.flac,0,music,-,ATADD_T2_Train_126789.flac
/root/atadd_track2_subset_v3/train/ATADD_T2_Train_126790.flac,0,music,-,ATADD_T2_Train_126790.flac
/root/atadd_track2_subset_v3/train/ATADD_T2_Train_126791.flac,0,music,-,ATADD_T2_Train_126791.flac
/root/atadd_track2_subset_v3/train/ATADD_T2_Train_126792.flac,0,music,-,ATADD_T2_Train_126792.flac
/root/atadd_track2_subset_v3/train/ATADD_T2_Train_126793.flac,0,music,-,ATADD_T2_Train_126793.flac
/root/atadd_track2_subset_v3/train/ATADD_T2_Train_126794.flac,0,music,-,ATADD_T2_Train_126794.flac
/root/atadd_track2_subset_v3/train/ATADD_T2_Train_126795.flac,0,music,-,ATADD_T2_Train_126795.flac
/root/atadd_track2_subset_v3/train/ATADD_T2_Train_126796.flac,0,music,-,ATADD_T2_Train_126796.flac
/root/atadd_track2_subset_v3/train/ATADD_T2_Train_126797.flac,0,music,-,ATADD_T2_Train_126797.flac
/root/atadd_track2_subset_v3/train/ATADD_T2_Train_126798.flac,0,music,-,ATADD_T2_Train_126798.flac
/root/atadd_track2_subset_v3/train/ATADD_T2_Train_126799.flac,0,music,-,ATADD_T2_Train_126799.flac
/root/atadd_track2_subset_v3/train/ATADD_T2_Train_126800.flac,0,music,-,ATADD_T2_Train_126800.flac
/root/atadd_track2_subset_v3/train/ATADD_T2_Train_126801.flac,0,music,-,ATADD_T2_Train_126801.flac
/root/atadd_track2_subset_v3/train/ATADD_T2_Train_126802.flac,0,music,-,ATADD_T2_Train_126802.flac
/root/atadd_track2_subset_v3/train/ATADD_T2_Train_126803.flac,0,music,-,ATADD_T2_Train_126803.flac
/root/atadd_track2_subset_v3/train/ATADD_T2_Train_126804.flac,0,music,-,ATADD_T2_Train_126804.flac
/root/atadd_track2_subset_v3/train/ATADD_T2_Train_126805.flac,0,music,-,ATADD_T2_Train_126805.flac
/root/atadd_track2_subset_v3/train/ATADD_T2_Train_126806.flac,0,music,-,ATADD_T2_Train_126806.flac
/root/atadd_track2_subset_v3/train/ATADD_T2_Train_126807.flac,0,music,-,ATADD_T2_Train_126807.flac
/root/atadd_track2_subset_v3/train/ATADD_T2_Train_126808.flac,0,music,-,ATADD_T2_Train_126808.flac
/root/atadd_track2_subset_v3/train/ATADD_T2_Train_126809.flac,0,music,-,ATADD_T2_Train_126809.flac
/root/atadd_track2_subset_v3/train/ATADD_T2_Train_126810.flac,0,music,-,ATADD_T2_Train_126810.flac
/root/atadd_track2_subset_v3/train/ATADD_T2_Train_126811.flac,0,music,-,ATADD_T2_Train_126811.flac
/root/atadd_track2_subset_v3/train/ATADD_T2_Train_126812.flac,0,music,-,ATADD_T2_Train_126812.flac
/root/atadd_track2_subset_v3/train/ATADD_T2_Train_126813.flac,0,music,-,ATADD_T2_Train_126813.flac
/root/atadd_track2_subset_v3/train/ATADD_T2_Train_126814.flac,0,music,-,ATADD_T2_Train_126814.flac
/root/atadd_track2_subset_v3/train/ATADD_T2_Train_126815.flac,0,music,-,ATADD_T2_Train_126815.flac
/root/atadd_track2_subset_v3/train/ATADD_T2_Train_126817.flac,0,music,-,ATADD_T2_Train_126817.flac
/root/atadd_track2_subset_v3/train/ATADD_T2_Train_126818.flac,0,music,-,ATADD_T2_Train_126818.flac
/root/atadd_track2_subset_v3/train/ATADD_T2_Train_126819.flac,0,music,-,ATADD_T2_Train_126819.flac
/root/atadd_track2_subset_v3/train/ATADD_T2_Train_126820.flac,0,music,-,ATADD_T2_Train_126820.flac
/root/atadd_track2_subset_v3/train/ATADD_T2_Train_126822.flac,0,music,-,ATADD_T2_Train_126822.flac
/root/atadd_track2_subset_v3/train/ATADD_T2_Train_126823.flac,0,music,-,ATADD_T2_Train_126823.flac
/root/atadd_track2_subset_v3/train/ATADD_T2_Train_126824.flac,0,music,-,ATADD_T2_Train_126824.flac
/root/atadd_track2_subset_v3/train/ATADD_T2_Train_126825.flac,0,music,-,ATADD_T2_Train_126825.flac
/root/atadd_track2_subset_v3/train/ATADD_T2_Train_126826.flac,0,music,-,ATADD_T2_Train_126826.flac
/root/atadd_track2_subset_v3/train/ATADD_T2_Train_126827.flac,0,music,-,ATADD_T2_Train_126827.flac
/root/atadd_track2_subset_v3/train/ATADD_T2_Train_126828.flac,0,music,-,ATADD_T2_Train_126828.flac
/root/atadd_track2_subset_v3/train/ATADD_T2_Train_126829.flac,0,music,-,ATADD_T2_Train_126829.flac
/root/atadd_track2_subset_v3/train/ATADD_T2_Train_126830.flac,0,music,-,ATADD_T2_Train_126830.flac
/root/atadd_track2_subset_v3/train/ATADD_T2_Train_126831.flac,0,music,-,ATADD_T2_Train_126831.flac
/root/atadd_track2_subset_v3/train/ATADD_T2_Train_126832.flac,0,music,-,ATADD_T2_Train_126832.flac
/root/atadd_track2_subset_v3/train/ATADD_T2_Train_126833.flac,0,music,-,ATADD_T2_Train_126833.flac
/root/atadd_track2_subset_v3/train/ATADD_T2_Train_126835.flac,0,music,-,ATADD_T2_Train_126835.flac
/root/atadd_track2_subset_v3/train/ATADD_T2_Train_126836.flac,0,music,-,ATADD_T2_Train_126836.flac
/root/atadd_track2_subset_v3/train/ATADD_T2_Train_126837.flac,0,music,-,ATADD_T2_Train_126837.flac
/root/atadd_track2_subset_v3/train/ATADD_T2_Train_126838.flac,0,music,-,ATADD_T2_Train_126838.flac
/root/atadd_track2_subset_v3/train/ATADD_T2_Train_126839.flac,0,music,-,ATADD_T2_Train_126839.flac
/root/atadd_track2_subset_v3/train/ATADD_T2_Train_126840.flac,0,music,-,ATADD_T2_Train_126840.flac
/root/atadd_track2_subset_v3/train/ATADD_T2_Train_126841.flac,0,music,-,ATADD_T2_Train_126841.flac
/root/atadd_track2_subset_v3/train/ATADD_T2_Train_126842.flac,0,music,-,ATADD_T2_Train_126842.flac
/root/atadd_track2_subset_v3/train/ATADD_T2_Train_126843.flac,0,music,-,ATADD_T2_Train_126843.flac
/root/atadd_track2_subset_v3/train/ATADD_T2_Train_126844.flac,0,music,-,ATADD_T2_Train_126844.flac
/root/atadd_track2_subset_v3/train/ATADD_T2_Train_126845.flac,0,music,-,ATADD_T2_Train_126845.flac
/root/atadd_track2_subset_v3/train/ATADD_T2_Train_126846.flac,0,music,-,ATADD_T2_Train_126846.flac
/root/atadd_track2_subset_v3/train/ATADD_T2_Train_126847.flac,0,music,-,ATADD_T2_Train_126847.flac
/root/atadd_track2_subset_v3/train/ATADD_T2_Train_126848.flac,0,music,-,ATADD_T2_Train_126848.flac
/root/atadd_track2_subset_v3/train/ATADD_T2_Train_126849.flac,0,music,-,ATADD_T2_Train_126849.flac
/root/atadd_track2_subset_v3/train/ATADD_T2_Train_126850.flac,0,music,-,ATADD_T2_Train_126850.flac
/root/atadd_track2_subset_v3/train/ATADD_T2_Train_126851.flac,0,music,-,ATADD_T2_Train_126851.flac
/root/atadd_track2_subset_v3/train/ATADD_T2_Train_126852.flac,0,music,-,ATADD_T2_Train_126852.flac
/root/atadd_track2_subset_v3/train/ATADD_T2_Train_126853.flac,0,music,-,ATADD_T2_Train_126853.flac
/root/atadd_track2_subset_v3/train/ATADD_T2_Train_126854.flac,0,music,-,ATADD_T2_Train_126854.flac
/root/atadd_track2_subset_v3/train/ATADD_T2_Train_126855.flac,0,music,-,ATADD_T2_Train_126855.flac
/root/atadd_track2_subset_v3/train/ATADD_T2_Train_126856.flac,0,music,-,ATADD_T2_Train_126856.flac
/root/atadd_track2_subset_v3/train/ATADD_T2_Train_126857.flac,0,music,-,ATADD_T2_Train_126857.flac
/root/atadd_track2_subset_v3/train/ATADD_T2_Train_126858.flac,0,music,-,ATADD_T2_Train_126858.flac
/root/atadd_track2_subset_v3/train/ATADD_T2_Train_126859.flac,0,music,-,ATADD_T2_Train_126859.flac
/root/atadd_track2_subset_v3/train/ATADD_T2_Train_126860.flac,0,music,-,ATADD_T2_Train_126860.flac
/root/atadd_track2_subset_v3/train/ATADD_T2_Train_126861.flac,0,music,-,ATADD_T2_Train_126861.flac
/root/atadd_track2_subset_v3/train/ATADD_T2_Train_126862.flac,0,music,-,ATADD_T2_Train_126862.flac
/root/atadd_track2_subset_v3/train/ATADD_T2_Train_126863.flac,0,music,-,ATADD_T2_Train_126863.flac
/root/atadd_track2_subset_v3/train/ATADD_T2_Train_126864.flac,0,music,-,ATADD_T2_Train_126864.flac
/root/atadd_track2_subset_v3/train/ATADD_T2_Train_126865.flac,0,music,-,ATADD_T2_Train_126865.flac
/root/atadd_track2_subset_v3/train/ATADD_T2_Train_126866.flac,0,music,-,ATADD_T2_Train_126866.flac
/root/atadd_track2_subset_v3/train/ATADD_T2_Train_126867.flac,0,music,-,ATADD_T2_Train_126867.flac
/root/atadd_track2_subset_v3/train/ATADD_T2_Train_126869.flac,0,music,-,ATADD_T2_Train_126869.flac
/root/atadd_track2_subset_v3/train/ATADD_T2_Train_126870.flac,0,music,-,ATADD_T2_Train_126870.flac
/root/atadd_track2_subset_v3/train/ATADD_T2_Train_126871.flac,0,music,-,ATADD_T2_Train_126871.flac
/root/atadd_track2_subset_v3/train/ATADD_T2_Train_126872.flac,0,music,-,ATADD_T2_Train_126872.flac
/root/atadd_track2_subset_v3/train/ATADD_T2_Train_126873.flac,0,music,-,ATADD_T2_Train_126873.flac
/root/atadd_track2_subset_v3/train/ATADD_T2_Train_126874.flac,0,music,-,ATADD_T2_Train_126874.flac
/root/atadd_track2_subset_v3/train/ATADD_T2_Train_126875.flac,0,music,-,ATADD_T2_Train_126875.flac
/root/atadd_track2_subset_v3/train/ATADD_T2_Train_126876.flac,0,music,-,ATADD_T2_Train_126876.flac
/root/atadd_track2_subset_v3/train/ATADD_T2_Train_126877.flac,0,music,-,ATADD_T2_Train_126877.flac
/root/atadd_track2_subset_v3/train/ATADD_T2_Train_126878.flac,0,music,-,ATADD_T2_Train_126878.flac
/root/atadd_track2_subset_v3/train/ATADD_T2_Train_126879.flac,0,music,-,ATADD_T2_Train_126879.flac
/root/atadd_track2_subset_v3/train/ATADD_T2_Train_126880.flac,0,music,-,ATADD_T2_Train_126880.flac
/root/atadd_track2_subset_v3/train/ATADD_T2_Train_126881.flac,0,music,-,ATADD_T2_Train_126881.flac
/root/atadd_track2_subset_v3/train/ATADD_T2_Train_126882.flac,0,music,-,ATADD_T2_Train_126882.flac
/root/atadd_track2_subset_v3/train/ATADD_T2_Train_126883.flac,0,music,-,ATADD_T2_Train_126883.flac
/root/atadd_track2_subset_v3/train/ATADD_T2_Train_126884.flac,0,music,-,ATADD_T2_Train_126884.flac
/root/atadd_track2_subset_v3/train/ATADD_T2_Train_126885.flac,0,music,-,ATADD_T2_Train_126885.flac
/root/atadd_track2_subset_v3/train/ATADD_T2_Train_126886.flac,0,music,-,ATADD_T2_Train_126886.flac
/root/atadd_track2_subset_v3/train/ATADD_T2_Train_126887.flac,0,music,-,ATADD_T2_Train_126887.flac
/root/atadd_track2_subset_v3/train/ATADD_T2_Train_126889.flac,0,music,-,ATADD_T2_Train_126889.flac
/root/atadd_track2_subset_v3/train/ATADD_T2_Train_126890.flac,0,music,-,ATADD_T2_Train_126890.flac
/root/atadd_track2_subset_v3/train/ATADD_T2_Train_126891.flac,0,music,-,ATADD_T2_Train_126891.flac
/root/atadd_track2_subset_v3/train/ATADD_T2_Train_126892.flac,0,music,-,ATADD_T2_Train_126892.flac
/root/atadd_track2_subset_v3/train/ATADD_T2_Train_126893.flac,0,music,-,ATADD_T2_Train_126893.flac
/root/atadd_track2_subset_v3/train/ATADD_T2_Train_126894.flac,0,music,-,ATADD_T2_Train_126894.flac
/root/atadd_track2_subset_v3/train/ATADD_T2_Train_126895.flac,0,music,-,ATADD_T2_Train_126895.flac
/root/atadd_track2_subset_v3/train/ATADD_T2_Train_126897.flac,0,music,-,ATADD_T2_Train_126897.flac
/root/atadd_track2_subset_v3/train/ATADD_T2_Train_126898.flac,0,music,-,ATADD_T2_Train_126898.flac
/root/atadd_track2_subset_v3/train/ATADD_T2_Train_126899.flac,0,music,-,ATADD_T2_Train_126899.flac
/root/atadd_track2_subset_v3/train/ATADD_T2_Train_126900.flac,0,music,-,ATADD_T2_Train_126900.flac
/root/atadd_track2_subset_v3/train/ATADD_T2_Train_126901.flac,0,music,-,ATADD_T2_Train_126901.flac
/root/atadd_track2_subset_v3/train/ATADD_T2_Train_126902.flac,0,music,-,ATADD_T2_Train_126902.flac
/root/atadd_track2_subset_v3/train/ATADD_T2_Train_126903.flac,0,music,-,ATADD_T2_Train_126903.flac
/root/atadd_track2_subset_v3/train/ATADD_T2_Train_126904.flac,0,music,-,ATADD_T2_Train_126904.flac
/root/atadd_track2_subset_v3/train/ATADD_T2_Train_126905.flac,0,music,-,ATADD_T2_Train_126905.flac
/root/atadd_track2_subset_v3/train/ATADD_T2_Train_126906.flac,0,music,-,ATADD_T2_Train_126906.flac
/root/atadd_track2_subset_v3/train/ATADD_T2_Train_126907.flac,0,music,-,ATADD_T2_Train_126907.flac
/root/atadd_track2_subset_v3/train/ATADD_T2_Train_126908.flac,0,music,-,ATADD_T2_Train_126908.flac
/root/atadd_track2_subset_v3/train/ATADD_T2_Train_126909.flac,0,music,-,ATADD_T2_Train_126909.flac
/root/atadd_track2_subset_v3/train/ATADD_T2_Train_126910.flac,0,music,-,ATADD_T2_Train_126910.flac
/root/atadd_track2_subset_v3/train/ATADD_T2_Train_126911.flac,0,music,-,ATADD_T2_Train_126911.flac
/root/atadd_track2_subset_v3/train/ATADD_T2_Train_126912.flac,0,music,-,ATADD_T2_Train_126912.flac
/root/atadd_track2_subset_v3/train/ATADD_T2_Train_126913.flac,0,music,-,ATADD_T2_Train_126913.flac
/root/atadd_track2_subset_v3/train/ATADD_T2_Train_126914.flac,0,music,-,ATADD_T2_Train_126914.flac
/root/atadd_track2_subset_v3/train/ATADD_T2_Train_126915.flac,0,music,-,ATADD_T2_Train_126915.flac
/root/atadd_track2_subset_v3/train/ATADD_T2_Train_126916.flac,0,music,-,ATADD_T2_Train_126916.flac
/root/atadd_track2_subset_v3/train/ATADD_T2_Train_126917.flac,0,music,-,ATADD_T2_Train_126917.flac
/root/atadd_track2_subset_v3/train/ATADD_T2_Train_126918.flac,0,music,-,ATADD_T2_Train_126918.flac
/root/atadd_track2_subset_v3/train/ATADD_T2_Train_126919.flac,0,music,-,ATADD_T2_Train_126919.flac
/root/atadd_track2_subset_v3/train/ATADD_T2_Train_126920.flac,0,music,-,ATADD_T2_Train_126920.flac
/root/atadd_track2_subset_v3/train/ATADD_T2_Train_126922.flac,0,music,-,ATADD_T2_Train_126922.flac
/root/atadd_track2_subset_v3/train/ATADD_T2_Train_126923.flac,0,music,-,ATADD_T2_Train_126923.flac
/root/atadd_track2_subset_v3/train/ATADD_T2_Train_126924.flac,0,music,-,ATADD_T2_Train_126924.flac
/root/atadd_track2_subset_v3/train/ATADD_T2_Train_126925.flac,0,music,-,ATADD_T2_Train_126925.flac
/root/atadd_track2_subset_v3/train/ATADD_T2_Train_126926.flac,0,music,-,ATADD_T2_Train_126926.flac
/root/atadd_track2_subset_v3/train/ATADD_T2_Train_126927.flac,0,music,-,ATADD_T2_Train_126927.flac
/root/atadd_track2_subset_v3/train/ATADD_T2_Train_126928.flac,0,music,-,ATADD_T2_Train_126928.flac
/root/atadd_track2_subset_v3/train/ATADD_T2_Train_126929.flac,0,music,-,ATADD_T2_Train_126929.flac
/root/atadd_track2_subset_v3/train/ATADD_T2_Train_126930.flac,0,music,-,ATADD_T2_Train_126930.flac
/root/atadd_track2_subset_v3/train/ATADD_T2_Train_126931.flac,0,music,-,ATADD_T2_Train_126931.flac
/root/atadd_track2_subset_v3/train/ATADD_T2_Train_126932.flac,0,music,-,ATADD_T2_Train_126932.flac
/root/atadd_track2_subset_v3/train/ATADD_T2_Train_126933.flac,0,music,-,ATADD_T2_Train_126933.flac
/root/atadd_track2_subset_v3/train/ATADD_T2_Train_126934.flac,0,music,-,ATADD_T2_Train_126934.flac
/root/atadd_track2_subset_v3/train/ATADD_T2_Train_126935.flac,0,music,-,ATADD_T2_Train_126935.flac
/root/atadd_track2_subset_v3/train/ATADD_T2_Train_126936.flac,0,music,-,ATADD_T2_Train_126936.flac
/root/atadd_track2_subset_v3/train/ATADD_T2_Train_126937.flac,0,music,-,ATADD_T2_Train_126937.flac
/root/atadd_track2_subset_v3/train/ATADD_T2_Train_126938.flac,0,music,-,ATADD_T2_Train_126938.flac
/root/atadd_track2_subset_v3/train/ATADD_T2_Train_126939.flac,0,music,-,ATADD_T2_Train_126939.flac
/root/atadd_track2_subset_v3/train/ATADD_T2_Train_126940.flac,0,music,-,ATADD_T2_Train_126940.flac
/root/atadd_track2_subset_v3/train/ATADD_T2_Train_126941.flac,0,music,-,ATADD_T2_Train_126941.flac
/root/atadd_track2_subset_v3/train/ATADD_T2_Train_126943.flac,0,music,-,ATADD_T2_Train_126943.flac
/root/atadd_track2_subset_v3/train/ATADD_T2_Train_126944.flac,0,music,-,ATADD_T2_Train_126944.flac
/root/atadd_track2_subset_v3/train/ATADD_T2_Train_126945.flac,0,music,-,ATADD_T2_Train_126945.flac
/root/atadd_track2_subset_v3/train/ATADD_T2_Train_126947.flac,0,music,-,ATADD_T2_Train_126947.flac
/root/atadd_track2_subset_v3/train/ATADD_T2_Train_126948.flac,0,music,-,ATADD_T2_Train_126948.flac
/root/atadd_track2_subset_v3/train/ATADD_T2_Train_126950.flac,0,music,-,ATADD_T2_Train_126950.flac
/root/atadd_track2_subset_v3/train/ATADD_T2_Train_126952.flac,0,music,-,ATADD_T2_Train_126952.flac
/root/atadd_track2_subset_v3/train/ATADD_T2_Train_126953.flac,0,music,-,ATADD_T2_Train_126953.flac
/root/atadd_track2_subset_v3/train/ATADD_T2_Train_126954.flac,0,music,-,ATADD_T2_Train_126954.flac
/root/atadd_track2_subset_v3/train/ATADD_T2_Train_126955.flac,0,music,-,ATADD_T2_Train_126955.flac
/root/atadd_track2_subset_v3/train/ATADD_T2_Train_126956.flac,0,music,-,ATADD_T2_Train_126956.flac
/root/atadd_track2_subset_v3/train/ATADD_T2_Train_126957.flac,0,music,-,ATADD_T2_Train_126957.flac
/root/atadd_track2_subset_v3/train/ATADD_T2_Train_126958.flac,0,music,-,ATADD_T2_Train_126958.flac
/root/atadd_track2_subset_v3/train/ATADD_T2_Train_126959.flac,0,music,-,ATADD_T2_Train_126959.flac
/root/atadd_track2_subset_v3/train/ATADD_T2_Train_126960.flac,0,music,-,ATADD_T2_Train_126960.flac
/root/atadd_track2_subset_v3/train/ATADD_T2_Train_126961.flac,0,music,-,ATADD_T2_Train_126961.flac
/root/atadd_track2_subset_v3/train/ATADD_T2_Train_126962.flac,0,music,-,ATADD_T2_Train_126962.flac
/root/atadd_track2_subset_v3/train/ATADD_T2_Train_126963.flac,0,music,-,ATADD_T2_Train_126963.flac
/root/atadd_track2_subset_v3/train/ATADD_T2_Train_126964.flac,0,music,-,ATADD_T2_Train_126964.flac
/root/atadd_track2_subset_v3/train/ATADD_T2_Train_126965.flac,0,music,-,ATADD_T2_Train_126965.flac
/root/atadd_track2_subset_v3/train/ATADD_T2_Train_126966.flac,0,music,-,ATADD_T2_Train_126966.flac
/root/atadd_track2_subset_v3/train/ATADD_T2_Train_126967.flac,0,music,-,ATADD_T2_Train_126967.flac
/root/atadd_track2_subset_v3/train/ATADD_T2_Train_126968.flac,0,music,-,ATADD_T2_Train_126968.flac
/root/atadd_track2_subset_v3/train/ATADD_T2_Train_126969.flac,0,music,-,ATADD_T2_Train_126969.flac
/root/atadd_track2_subset_v3/train/ATADD_T2_Train_126970.flac,0,music,-,ATADD_T2_Train_126970.flac
/root/atadd_track2_subset_v3/train/ATADD_T2_Train_126971.flac,0,music,-,ATADD_T2_Train_126971.flac
/root/atadd_track2_subset_v3/train/ATADD_T2_Train_126972.flac,0,music,-,ATADD_T2_Train_126972.flac
/root/atadd_track2_subset_v3/train/ATADD_T2_Train_126973.flac,0,music,-,ATADD_T2_Train_126973.flac
/root/atadd_track2_subset_v3/train/ATADD_T2_Train_126974.flac,0,music,-,ATADD_T2_Train_126974.flac
/root/atadd_track2_subset_v3/train/ATADD_T2_Train_126975.flac,0,music,-,ATADD_T2_Train_126975.flac
/root/atadd_track2_subset_v3/train/ATADD_T2_Train_126977.flac,0,music,-,ATADD_T2_Train_126977.flac
/root/atadd_track2_subset_v3/train/ATADD_T2_Train_126978.flac,0,music,-,ATADD_T2_Train_126978.flac
/root/atadd_track2_subset_v3/train/ATADD_T2_Train_126979.flac,0,music,-,ATADD_T2_Train_126979.flac
/root/atadd_track2_subset_v3/train/ATADD_T2_Train_126980.flac,0,music,-,ATADD_T2_Train_126980.flac
/root/atadd_track2_subset_v3/train/ATADD_T2_Train_126981.flac,0,music,-,ATADD_T2_Train_126981.flac
/root/atadd_track2_subset_v3/train/ATADD_T2_Train_126982.flac,0,music,-,ATADD_T2_Train_126982.flac
/root/atadd_track2_subset_v3/train/ATADD_T2_Train_126983.flac,0,music,-,ATADD_T2_Train_126983.flac
/root/atadd_track2_subset_v3/train/ATADD_T2_Train_126984.flac,0,music,-,ATADD_T2_Train_126984.flac
/root/atadd_track2_subset_v3/train/ATADD_T2_Train_126985.flac,0,music,-,ATADD_T2_Train_126985.flac
/root/atadd_track2_subset_v3/train/ATADD_T2_Train_126986.flac,0,music,-,ATADD_T2_Train_126986.flac
/root/atadd_track2_subset_v3/train/ATADD_T2_Train_126987.flac,0,music,-,ATADD_T2_Train_126987.flac
/root/atadd_track2_subset_v3/train/ATADD_T2_Train_126988.flac,0,music,-,ATADD_T2_Train_126988.flac
/root/atadd_track2_subset_v3/train/ATADD_T2_Train_126989.flac,0,music,-,ATADD_T2_Train_126989.flac
/root/atadd_track2_subset_v3/train/ATADD_T2_Train_126990.flac,0,music,-,ATADD_T2_Train_126990.flac
/root/atadd_track2_subset_v3/train/ATADD_T2_Train_126991.flac,0,music,-,ATADD_T2_Train_126991.flac
/root/atadd_track2_subset_v3/train/ATADD_T2_Train_126992.flac,0,music,-,ATADD_T2_Train_126992.flac
/root/atadd_track2_subset_v3/train/ATADD_T2_Train_126993.flac,0,music,-,ATADD_T2_Train_126993.flac
/root/atadd_track2_subset_v3/train/ATADD_T2_Train_126994.flac,0,music,-,ATADD_T2_Train_126994.flac
/root/atadd_track2_subset_v3/train/ATADD_T2_Train_126995.flac,0,music,-,ATADD_T2_Train_126995.flac
/root/atadd_track2_subset_v3/train/ATADD_T2_Train_126996.flac,0,music,-,ATADD_T2_Train_126996.flac
/root/atadd_track2_subset_v3/train/ATADD_T2_Train_126997.flac,0,music,-,ATADD_T2_Train_126997.flac
/root/atadd_track2_subset_v3/train/ATADD_T2_Train_126998.flac,0,music,-,ATADD_T2_Train_126998.flac
/root/atadd_track2_subset_v3/train/ATADD_T2_Train_126999.flac,0,music,-,ATADD_T2_Train_126999.flac
/root/atadd_track2_subset_v3/train/ATADD_T2_Train_127000.flac,0,music,-,ATADD_T2_Train_127000.flac
/root/atadd_track2_subset_v3/train/ATADD_T2_Train_127001.flac,0,music,-,ATADD_T2_Train_127001.flac
/root/atadd_track2_subset_v3/train/ATADD_T2_Train_127002.flac,0,music,-,ATADD_T2_Train_127002.flac
/root/atadd_track2_subset_v3/train/ATADD_T2_Train_127003.flac,0,music,-,ATADD_T2_Train_127003.flac
/root/atadd_track2_subset_v3/train/ATADD_T2_Train_127004.flac,0,music,-,ATADD_T2_Train_127004.flac
/root/atadd_track2_subset_v3/train/ATADD_T2_Train_127005.flac,0,music,-,ATADD_T2_Train_127005.flac
/root/atadd_track2_subset_v3/train/ATADD_T2_Train_127006.flac,0,music,-,ATADD_T2_Train_127006.flac
/root/atadd_track2_subset_v3/train/ATADD_T2_Train_127007.flac,0,music,-,ATADD_T2_Train_127007.flac
/root/atadd_track2_subset_v3/train/ATADD_T2_Train_127008.flac,0,music,-,ATADD_T2_Train_127008.flac
/root/atadd_track2_subset_v3/train/ATADD_T2_Train_127009.flac,0,music,-,ATADD_T2_Train_127009.flac
/root/atadd_track2_subset_v3/train/ATADD_T2_Train_127010.flac,0,music,-,ATADD_T2_Train_127010.flac
/root/atadd_track2_subset_v3/train/ATADD_T2_Train_127011.flac,0,music,-,ATADD_T2_Train_127011.flac
/root/atadd_track2_subset_v3/train/ATADD_T2_Train_127012.flac,0,music,-,ATADD_T2_Train_127012.flac
/root/atadd_track2_subset_v3/train/ATADD_T2_Train_127013.flac,0,music,-,ATADD_T2_Train_127013.flac
/root/atadd_track2_subset_v3/train/ATADD_T2_Train_127014.flac,0,music,-,ATADD_T2_Train_127014.flac
/root/atadd_track2_subset_v3/train/ATADD_T2_Train_127015.flac,0,music,-,ATADD_T2_Train_127015.flac
/root/atadd_track2_subset_v3/train/ATADD_T2_Train_127016.flac,0,music,-,ATADD_T2_Train_127016.flac
/root/atadd_track2_subset_v3/train/ATADD_T2_Train_127017.flac,0,music,-,ATADD_T2_Train_127017.flac
/root/atadd_track2_subset_v3/train/ATADD_T2_Train_127018.flac,0,music,-,ATADD_T2_Train_127018.flac
/root/atadd_track2_subset_v3/train/ATADD_T2_Train_127019.flac,0,music,-,ATADD_T2_Train_127019.flac
/root/atadd_track2_subset_v3/train/ATADD_T2_Train_127020.flac,0,music,-,ATADD_T2_Train_127020.flac
/root/atadd_track2_subset_v3/train/ATADD_T2_Train_127021.flac,0,music,-,ATADD_T2_Train_127021.flac
/root/atadd_track2_subset_v3/train/ATADD_T2_Train_127022.flac,0,music,-,ATADD_T2_Train_127022.flac
/root/atadd_track2_subset_v3/train/ATADD_T2_Train_127024.flac,0,music,-,ATADD_T2_Train_127024.flac
/root/atadd_track2_subset_v3/train/ATADD_T2_Train_127025.flac,0,music,-,ATADD_T2_Train_127025.flac
/root/atadd_track2_subset_v3/train/ATADD_T2_Train_127026.flac,0,music,-,ATADD_T2_Train_127026.flac
/root/atadd_track2_subset_v3/train/ATADD_T2_Train_127027.flac,0,music,-,ATADD_T2_Train_127027.flac
/root/atadd_track2_subset_v3/train/ATADD_T2_Train_127028.flac,0,music,-,ATADD_T2_Train_127028.flac
/root/atadd_track2_subset_v3/train/ATADD_T2_Train_127029.flac,0,music,-,ATADD_T2_Train_127029.flac
/root/atadd_track2_subset_v3/train/ATADD_T2_Train_127030.flac,0,music,-,ATADD_T2_Train_127030.flac
/root/atadd_track2_subset_v3/train/ATADD_T2_Train_127031.flac,0,music,-,ATADD_T2_Train_127031.flac
/root/atadd_track2_subset_v3/train/ATADD_T2_Train_127032.flac,0,music,-,ATADD_T2_Train_127032.flac
/root/atadd_track2_subset_v3/train/ATADD_T2_Train_127033.flac,0,music,-,ATADD_T2_Train_127033.flac
/root/atadd_track2_subset_v3/train/ATADD_T2_Train_127034.flac,0,music,-,ATADD_T2_Train_127034.flac
/root/atadd_track2_subset_v3/train/ATADD_T2_Train_127035.flac,0,music,-,ATADD_T2_Train_127035.flac
/root/atadd_track2_subset_v3/train/ATADD_T2_Train_127036.flac,0,music,-,ATADD_T2_Train_127036.flac
/root/atadd_track2_subset_v3/train/ATADD_T2_Train_127037.flac,0,music,-,ATADD_T2_Train_127037.flac
/root/atadd_track2_subset_v3/train/ATADD_T2_Train_127038.flac,0,music,-,ATADD_T2_Train_127038.flac
/root/atadd_track2_subset_v3/train/ATADD_T2_Train_127039.flac,0,music,-,ATADD_T2_Train_127039.flac
/root/atadd_track2_subset_v3/train/ATADD_T2_Train_127040.flac,0,music,-,ATADD_T2_Train_127040.flac
/root/atadd_track2_subset_v3/train/ATADD_T2_Train_127041.flac,0,music,-,ATADD_T2_Train_127041.flac
/root/atadd_track2_subset_v3/train/ATADD_T2_Train_127042.flac,0,music,-,ATADD_T2_Train_127042.flac
/root/atadd_track2_subset_v3/train/ATADD_T2_Train_127043.flac,0,music,-,ATADD_T2_Train_127043.flac
/root/atadd_track2_subset_v3/train/ATADD_T2_Train_127044.flac,0,music,-,ATADD_T2_Train_127044.flac
/root/atadd_track2_subset_v3/train/ATADD_T2_Train_127045.flac,0,music,-,ATADD_T2_Train_127045.flac
/root/atadd_track2_subset_v3/train/ATADD_T2_Train_127046.flac,0,music,-,ATADD_T2_Train_127046.flac
/root/atadd_track2_subset_v3/train/ATADD_T2_Train_127047.flac,0,music,-,ATADD_T2_Train_127047.flac
/root/atadd_track2_subset_v3/train/ATADD_T2_Train_127048.flac,0,music,-,ATADD_T2_Train_127048.flac
/root/atadd_track2_subset_v3/train/ATADD_T2_Train_127049.flac,0,music,-,ATADD_T2_Train_127049.flac
/root/atadd_track2_subset_v3/train/ATADD_T2_Train_127051.flac,0,music,-,ATADD_T2_Train_127051.flac
/root/atadd_track2_subset_v3/train/ATADD_T2_Train_127052.flac,0,music,-,ATADD_T2_Train_127052.flac
/root/atadd_track2_subset_v3/train/ATADD_T2_Train_127053.flac,0,music,-,ATADD_T2_Train_127053.flac
/root/atadd_track2_subset_v3/train/ATADD_T2_Train_127054.flac,0,music,-,ATADD_T2_Train_127054.flac
/root/atadd_track2_subset_v3/train/ATADD_T2_Train_127055.flac,0,music,-,ATADD_T2_Train_127055.flac
/root/atadd_track2_subset_v3/train/ATADD_T2_Train_127056.flac,0,music,-,ATADD_T2_Train_127056.flac
/root/atadd_track2_subset_v3/train/ATADD_T2_Train_127057.flac,0,music,-,ATADD_T2_Train_127057.flac
/root/atadd_track2_subset_v3/train/ATADD_T2_Train_127059.flac,0,music,-,ATADD_T2_Train_127059.flac
/root/atadd_track2_subset_v3/train/ATADD_T2_Train_127061.flac,0,music,-,ATADD_T2_Train_127061.flac
/root/atadd_track2_subset_v3/train/ATADD_T2_Train_127062.flac,0,music,-,ATADD_T2_Train_127062.flac
/root/atadd_track2_subset_v3/train/ATADD_T2_Train_127063.flac,0,music,-,ATADD_T2_Train_127063.flac
/root/atadd_track2_subset_v3/train/ATADD_T2_Train_127064.flac,0,music,-,ATADD_T2_Train_127064.flac
/root/atadd_track2_subset_v3/train/ATADD_T2_Train_127065.flac,0,music,-,ATADD_T2_Train_127065.flac
/root/atadd_track2_subset_v3/train/ATADD_T2_Train_127066.flac,0,music,-,ATADD_T2_Train_127066.flac
/root/atadd_track2_subset_v3/train/ATADD_T2_Train_127067.flac,0,music,-,ATADD_T2_Train_127067.flac
/root/atadd_track2_subset_v3/train/ATADD_T2_Train_127070.flac,0,music,-,ATADD_T2_Train_127070.flac
/root/atadd_track2_subset_v3/train/ATADD_T2_Train_127071.flac,0,music,-,ATADD_T2_Train_127071.flac
/root/atadd_track2_subset_v3/train/ATADD_T2_Train_127072.flac,0,music,-,ATADD_T2_Train_127072.flac
/root/atadd_track2_subset_v3/train/ATADD_T2_Train_127073.flac,0,music,-,ATADD_T2_Train_127073.flac
/root/atadd_track2_subset_v3/train/ATADD_T2_Train_127074.flac,0,music,-,ATADD_T2_Train_127074.flac
/root/atadd_track2_subset_v3/train/ATADD_T2_Train_127075.flac,0,music,-,ATADD_T2_Train_127075.flac
/root/atadd_track2_subset_v3/train/ATADD_T2_Train_127076.flac,0,music,-,ATADD_T2_Train_127076.flac
/root/atadd_track2_subset_v3/train/ATADD_T2_Train_127077.flac,0,music,-,ATADD_T2_Train_127077.flac
/root/atadd_track2_subset_v3/train/ATADD_T2_Train_127078.flac,0,music,-,ATADD_T2_Train_127078.flac
/root/atadd_track2_subset_v3/train/ATADD_T2_Train_127079.flac,0,music,-,ATADD_T2_Train_127079.flac
/root/atadd_track2_subset_v3/train/ATADD_T2_Train_127080.flac,0,music,-,ATADD_T2_Train_127080.flac
/root/atadd_track2_subset_v3/train/ATADD_T2_Train_127081.flac,0,music,-,ATADD_T2_Train_127081.flac
/root/atadd_track2_subset_v3/train/ATADD_T2_Train_127082.flac,0,music,-,ATADD_T2_Train_127082.flac
/root/atadd_track2_subset_v3/train/ATADD_T2_Train_127083.flac,0,music,-,ATADD_T2_Train_127083.flac
/root/atadd_track2_subset_v3/train/ATADD_T2_Train_127084.flac,0,music,-,ATADD_T2_Train_127084.flac
/root/atadd_track2_subset_v3/train/ATADD_T2_Train_127085.flac,0,music,-,ATADD_T2_Train_127085.flac
/root/atadd_track2_subset_v3/train/ATADD_T2_Train_127086.flac,0,music,-,ATADD_T2_Train_127086.flac
/root/atadd_track2_subset_v3/train/ATADD_T2_Train_127087.flac,0,music,-,ATADD_T2_Train_127087.flac
/root/atadd_track2_subset_v3/train/ATADD_T2_Train_127088.flac,0,music,-,ATADD_T2_Train_127088.flac
/root/atadd_track2_subset_v3/train/ATADD_T2_Train_127089.flac,0,music,-,ATADD_T2_Train_127089.flac
/root/atadd_track2_subset_v3/train/ATADD_T2_Train_127090.flac,0,music,-,ATADD_T2_Train_127090.flac
/root/atadd_track2_subset_v3/train/ATADD_T2_Train_127091.flac,0,music,-,ATADD_T2_Train_127091.flac
/root/atadd_track2_subset_v3/train/ATADD_T2_Train_127092.flac,0,music,-,ATADD_T2_Train_127092.flac
/root/atadd_track2_subset_v3/train/ATADD_T2_Train_127093.flac,0,music,-,ATADD_T2_Train_127093.flac
/root/atadd_track2_subset_v3/train/ATADD_T2_Train_127094.flac,0,music,-,ATADD_T2_Train_127094.flac
/root/atadd_track2_subset_v3/train/ATADD_T2_Train_127095.flac,0,music,-,ATADD_T2_Train_127095.flac
/root/atadd_track2_subset_v3/train/ATADD_T2_Train_127096.flac,0,music,-,ATADD_T2_Train_127096.flac
/root/atadd_track2_subset_v3/train/ATADD_T2_Train_127097.flac,0,music,-,ATADD_T2_Train_127097.flac
/root/atadd_track2_subset_v3/train/ATADD_T2_Train_127098.flac,0,music,-,ATADD_T2_Train_127098.flac
/root/atadd_track2_subset_v3/train/ATADD_T2_Train_127099.flac,0,music,-,ATADD_T2_Train_127099.flac
/root/atadd_track2_subset_v3/train/ATADD_T2_Train_127100.flac,0,music,-,ATADD_T2_Train_127100.flac
/root/atadd_track2_subset_v3/train/ATADD_T2_Train_127101.flac,0,music,-,ATADD_T2_Train_127101.flac
/root/atadd_track2_subset_v3/train/ATADD_T2_Train_127102.flac,0,music,-,ATADD_T2_Train_127102.flac
/root/atadd_track2_subset_v3/train/ATADD_T2_Train_127103.flac,0,music,-,ATADD_T2_Train_127103.flac
/root/atadd_track2_subset_v3/train/ATADD_T2_Train_127104.flac,0,music,-,ATADD_T2_Train_127104.flac
/root/atadd_track2_subset_v3/train/ATADD_T2_Train_127105.flac,0,music,-,ATADD_T2_Train_127105.flac
/root/atadd_track2_subset_v3/train/ATADD_T2_Train_127106.flac,0,music,-,ATADD_T2_Train_127106.flac
/root/atadd_track2_subset_v3/train/ATADD_T2_Train_127107.flac,0,music,-,ATADD_T2_Train_127107.flac
/root/atadd_track2_subset_v3/train/ATADD_T2_Train_127108.flac,0,music,-,ATADD_T2_Train_127108.flac
/root/atadd_track2_subset_v3/train/ATADD_T2_Train_127109.flac,0,music,-,ATADD_T2_Train_127109.flac
/root/atadd_track2_subset_v3/train/ATADD_T2_Train_127110.flac,0,music,-,ATADD_T2_Train_127110.flac
/root/atadd_track2_subset_v3/train/ATADD_T2_Train_127111.flac,0,music,-,ATADD_T2_Train_127111.flac
/root/atadd_track2_subset_v3/train/ATADD_T2_Train_127112.flac,0,music,-,ATADD_T2_Train_127112.flac
/root/atadd_track2_subset_v3/train/ATADD_T2_Train_127113.flac,0,music,-,ATADD_T2_Train_127113.flac
/root/atadd_track2_subset_v3/train/ATADD_T2_Train_127114.flac,0,music,-,ATADD_T2_Train_127114.flac
/root/atadd_track2_subset_v3/train/ATADD_T2_Train_127115.flac,0,music,-,ATADD_T2_Train_127115.flac
/root/atadd_track2_subset_v3/train/ATADD_T2_Train_127116.flac,0,music,-,ATADD_T2_Train_127116.flac
/root/atadd_track2_subset_v3/train/ATADD_T2_Train_127118.flac,0,music,-,ATADD_T2_Train_127118.flac
/root/atadd_track2_subset_v3/train/ATADD_T2_Train_127119.flac,0,music,-,ATADD_T2_Train_127119.flac
/root/atadd_track2_subset_v3/train/ATADD_T2_Train_127120.flac,0,music,-,ATADD_T2_Train_127120.flac
/root/atadd_track2_subset_v3/train/ATADD_T2_Train_127121.flac,0,music,-,ATADD_T2_Train_127121.flac
/root/atadd_track2_subset_v3/train/ATADD_T2_Train_127122.flac,0,music,-,ATADD_T2_Train_127122.flac
/root/atadd_track2_subset_v3/train/ATADD_T2_Train_127123.flac,0,music,-,ATADD_T2_Train_127123.flac
/root/atadd_track2_subset_v3/train/ATADD_T2_Train_127124.flac,0,music,-,ATADD_T2_Train_127124.flac
/root/atadd_track2_subset_v3/train/ATADD_T2_Train_127125.flac,0,music,-,ATADD_T2_Train_127125.flac
/root/atadd_track2_subset_v3/train/ATADD_T2_Train_127126.flac,0,music,-,ATADD_T2_Train_127126.flac
/root/atadd_track2_subset_v3/train/ATADD_T2_Train_127127.flac,0,music,-,ATADD_T2_Train_127127.flac
/root/atadd_track2_subset_v3/train/ATADD_T2_Train_127128.flac,0,music,-,ATADD_T2_Train_127128.flac
/root/atadd_track2_subset_v3/train/ATADD_T2_Train_127129.flac,0,music,-,ATADD_T2_Train_127129.flac
/root/atadd_track2_subset_v3/train/ATADD_T2_Train_127130.flac,0,music,-,ATADD_T2_Train_127130.flac
/root/atadd_track2_subset_v3/train/ATADD_T2_Train_127131.flac,0,music,-,ATADD_T2_Train_127131.flac
/root/atadd_track2_subset_v3/train/ATADD_T2_Train_127132.flac,0,music,-,ATADD_T2_Train_127132.flac
/root/atadd_track2_subset_v3/train/ATADD_T2_Train_127134.flac,0,music,-,ATADD_T2_Train_127134.flac
/root/atadd_track2_subset_v3/train/ATADD_T2_Train_127135.flac,0,music,-,ATADD_T2_Train_127135.flac
/root/atadd_track2_subset_v3/train/ATADD_T2_Train_127136.flac,0,music,-,ATADD_T2_Train_127136.flac
/root/atadd_track2_subset_v3/train/ATADD_T2_Train_127137.flac,0,music,-,ATADD_T2_Train_127137.flac
/root/atadd_track2_subset_v3/train/ATADD_T2_Train_127138.flac,0,music,-,ATADD_T2_Train_127138.flac
/root/atadd_track2_subset_v3/train/ATADD_T2_Train_127139.flac,0,music,-,ATADD_T2_Train_127139.flac
/root/atadd_track2_subset_v3/train/ATADD_T2_Train_127140.flac,0,music,-,ATADD_T2_Train_127140.flac
/root/atadd_track2_subset_v3/train/ATADD_T2_Train_127141.flac,0,music,-,ATADD_T2_Train_127141.flac
/root/atadd_track2_subset_v3/train/ATADD_T2_Train_127142.flac,0,music,-,ATADD_T2_Train_127142.flac
/root/atadd_track2_subset_v3/train/ATADD_T2_Train_127143.flac,0,music,-,ATADD_T2_Train_127143.flac
/root/atadd_track2_subset_v3/train/ATADD_T2_Train_127144.flac,0,music,-,ATADD_T2_Train_127144.flac
/root/atadd_track2_subset_v3/train/ATADD_T2_Train_127145.flac,0,music,-,ATADD_T2_Train_127145.flac
/root/atadd_track2_subset_v3/train/ATADD_T2_Train_127146.flac,0,music,-,ATADD_T2_Train_127146.flac
/root/atadd_track2_subset_v3/train/ATADD_T2_Train_127147.flac,0,music,-,ATADD_T2_Train_127147.flac
/root/atadd_track2_subset_v3/train/ATADD_T2_Train_127148.flac,0,music,-,ATADD_T2_Train_127148.flac
/root/atadd_track2_subset_v3/train/ATADD_T2_Train_127149.flac,0,music,-,ATADD_T2_Train_127149.flac
/root/atadd_track2_subset_v3/train/ATADD_T2_Train_127150.flac,0,music,-,ATADD_T2_Train_127150.flac
/root/atadd_track2_subset_v3/train/ATADD_T2_Train_127151.flac,0,music,-,ATADD_T2_Train_127151.flac
/root/atadd_track2_subset_v3/train/ATADD_T2_Train_127152.flac,0,music,-,ATADD_T2_Train_127152.flac
/root/atadd_track2_subset_v3/train/ATADD_T2_Train_127153.flac,0,music,-,ATADD_T2_Train_127153.flac
/root/atadd_track2_subset_v3/train/ATADD_T2_Train_127154.flac,0,music,-,ATADD_T2_Train_127154.flac
/root/atadd_track2_subset_v3/train/ATADD_T2_Train_127155.flac,0,music,-,ATADD_T2_Train_127155.flac
/root/atadd_track2_subset_v3/train/ATADD_T2_Train_127156.flac,0,music,-,ATADD_T2_Train_127156.flac
/root/atadd_track2_subset_v3/train/ATADD_T2_Train_127157.flac,0,music,-,ATADD_T2_Train_127157.flac
/root/atadd_track2_subset_v3/train/ATADD_T2_Train_127158.flac,0,music,-,ATADD_T2_Train_127158.flac
/root/atadd_track2_subset_v3/train/ATADD_T2_Train_127159.flac,0,music,-,ATADD_T2_Train_127159.flac
/root/atadd_track2_subset_v3/train/ATADD_T2_Train_127160.flac,0,music,-,ATADD_T2_Train_127160.flac
/root/atadd_track2_subset_v3/train/ATADD_T2_Train_127161.flac,0,music,-,ATADD_T2_Train_127161.flac
/root/atadd_track2_subset_v3/train/ATADD_T2_Train_127162.flac,0,music,-,ATADD_T2_Train_127162.flac
/root/atadd_track2_subset_v3/train/ATADD_T2_Train_127164.flac,0,music,-,ATADD_T2_Train_127164.flac
/root/atadd_track2_subset_v3/train/ATADD_T2_Train_127165.flac,0,music,-,ATADD_T2_Train_127165.flac
/root/atadd_track2_subset_v3/train/ATADD_T2_Train_127166.flac,0,music,-,ATADD_T2_Train_127166.flac
/root/atadd_track2_subset_v3/train/ATADD_T2_Train_127167.flac,0,music,-,ATADD_T2_Train_127167.flac
/root/atadd_track2_subset_v3/train/ATADD_T2_Train_127168.flac,0,music,-,ATADD_T2_Train_127168.flac
/root/atadd_track2_subset_v3/train/ATADD_T2_Train_127169.flac,0,music,-,ATADD_T2_Train_127169.flac
/root/atadd_track2_subset_v3/train/ATADD_T2_Train_127170.flac,0,music,-,ATADD_T2_Train_127170.flac
/root/atadd_track2_subset_v3/train/ATADD_T2_Train_127173.flac,0,music,-,ATADD_T2_Train_127173.flac
/root/atadd_track2_subset_v3/train/ATADD_T2_Train_127174.flac,0,music,-,ATADD_T2_Train_127174.flac
/root/atadd_track2_subset_v3/train/ATADD_T2_Train_127175.flac,0,music,-,ATADD_T2_Train_127175.flac
/root/atadd_track2_subset_v3/train/ATADD_T2_Train_127176.flac,0,music,-,ATADD_T2_Train_127176.flac
/root/atadd_track2_subset_v3/train/ATADD_T2_Train_127177.flac,0,music,-,ATADD_T2_Train_127177.flac
/root/atadd_track2_subset_v3/train/ATADD_T2_Train_127179.flac,0,music,-,ATADD_T2_Train_127179.flac
/root/atadd_track2_subset_v3/train/ATADD_T2_Train_127180.flac,0,music,-,ATADD_T2_Train_127180.flac
/root/atadd_track2_subset_v3/train/ATADD_T2_Train_127181.flac,0,music,-,ATADD_T2_Train_127181.flac
/root/atadd_track2_subset_v3/train/ATADD_T2_Train_127182.flac,0,music,-,ATADD_T2_Train_127182.flac
/root/atadd_track2_subset_v3/train/ATADD_T2_Train_127183.flac,0,music,-,ATADD_T2_Train_127183.flac
/root/atadd_track2_subset_v3/train/ATADD_T2_Train_127184.flac,0,music,-,ATADD_T2_Train_127184.flac
/root/atadd_track2_subset_v3/train/ATADD_T2_Train_127185.flac,0,music,-,ATADD_T2_Train_127185.flac
/root/atadd_track2_subset_v3/train/ATADD_T2_Train_127189.flac,0,music,-,ATADD_T2_Train_127189.flac
/root/atadd_track2_subset_v3/train/ATADD_T2_Train_127190.flac,0,music,-,ATADD_T2_Train_127190.flac
/root/atadd_track2_subset_v3/train/ATADD_T2_Train_127192.flac,0,music,-,ATADD_T2_Train_127192.flac
/root/atadd_track2_subset_v3/train/ATADD_T2_Train_127193.flac,0,music,-,ATADD_T2_Train_127193.flac
/root/atadd_track2_subset_v3/train/ATADD_T2_Train_127194.flac,0,music,-,ATADD_T2_Train_127194.flac
/root/atadd_track2_subset_v3/train/ATADD_T2_Train_127195.flac,0,music,-,ATADD_T2_Train_127195.flac
/root/atadd_track2_subset_v3/train/ATADD_T2_Train_127196.flac,0,music,-,ATADD_T2_Train_127196.flac
/root/atadd_track2_subset_v3/train/ATADD_T2_Train_127197.flac,0,music,-,ATADD_T2_Train_127197.flac
/root/atadd_track2_subset_v3/train/ATADD_T2_Train_127198.flac,0,music,-,ATADD_T2_Train_127198.flac
/root/atadd_track2_subset_v3/train/ATADD_T2_Train_127199.flac,0,music,-,ATADD_T2_Train_127199.flac
/root/atadd_track2_subset_v3/train/ATADD_T2_Train_127200.flac,0,music,-,ATADD_T2_Train_127200.flac
/root/atadd_track2_subset_v3/train/ATADD_T2_Train_127201.flac,0,music,-,ATADD_T2_Train_127201.flac
/root/atadd_track2_subset_v3/train/ATADD_T2_Train_127202.flac,0,music,-,ATADD_T2_Train_127202.flac
/root/atadd_track2_subset_v3/train/ATADD_T2_Train_127203.flac,0,music,-,ATADD_T2_Train_127203.flac
/root/atadd_track2_subset_v3/train/ATADD_T2_Train_127204.flac,0,music,-,ATADD_T2_Train_127204.flac
/root/atadd_track2_subset_v3/train/ATADD_T2_Train_127205.flac,0,music,-,ATADD_T2_Train_127205.flac
/root/atadd_track2_subset_v3/train/ATADD_T2_Train_127206.flac,0,music,-,ATADD_T2_Train_127206.flac
/root/atadd_track2_subset_v3/train/ATADD_T2_Train_127207.flac,0,music,-,ATADD_T2_Train_127207.flac
/root/atadd_track2_subset_v3/train/ATADD_T2_Train_127208.flac,0,music,-,ATADD_T2_Train_127208.flac
/root/atadd_track2_subset_v3/train/ATADD_T2_Train_127209.flac,0,music,-,ATADD_T2_Train_127209.flac
/root/atadd_track2_subset_v3/train/ATADD_T2_Train_127210.flac,0,music,-,ATADD_T2_Train_127210.flac
/root/atadd_track2_subset_v3/train/ATADD_T2_Train_127211.flac,0,music,-,ATADD_T2_Train_127211.flac
/root/atadd_track2_subset_v3/train/ATADD_T2_Train_127212.flac,0,music,-,ATADD_T2_Train_127212.flac
/root/atadd_track2_subset_v3/train/ATADD_T2_Train_127213.flac,0,music,-,ATADD_T2_Train_127213.flac
/root/atadd_track2_subset_v3/train/ATADD_T2_Train_127214.flac,0,music,-,ATADD_T2_Train_127214.flac
/root/atadd_track2_subset_v3/train/ATADD_T2_Train_127215.flac,0,music,-,ATADD_T2_Train_127215.flac
/root/atadd_track2_subset_v3/train/ATADD_T2_Train_127216.flac,0,music,-,ATADD_T2_Train_127216.flac
/root/atadd_track2_subset_v3/train/ATADD_T2_Train_127217.flac,0,music,-,ATADD_T2_Train_127217.flac
/root/atadd_track2_subset_v3/train/ATADD_T2_Train_127218.flac,0,music,-,ATADD_T2_Train_127218.flac
/root/atadd_track2_subset_v3/train/ATADD_T2_Train_127219.flac,0,music,-,ATADD_T2_Train_127219.flac
/root/atadd_track2_subset_v3/train/ATADD_T2_Train_127220.flac,0,music,-,ATADD_T2_Train_127220.flac
/root/atadd_track2_subset_v3/train/ATADD_T2_Train_127221.flac,0,music,-,ATADD_T2_Train_127221.flac
/root/atadd_track2_subset_v3/train/ATADD_T2_Train_127222.flac,0,music,-,ATADD_T2_Train_127222.flac
/root/atadd_track2_subset_v3/train/ATADD_T2_Train_127223.flac,0,music,-,ATADD_T2_Train_127223.flac
/root/atadd_track2_subset_v3/train/ATADD_T2_Train_127224.flac,0,music,-,ATADD_T2_Train_127224.flac
/root/atadd_track2_subset_v3/train/ATADD_T2_Train_127225.flac,0,music,-,ATADD_T2_Train_127225.flac
/root/atadd_track2_subset_v3/train/ATADD_T2_Train_127226.flac,0,music,-,ATADD_T2_Train_127226.flac
/root/atadd_track2_subset_v3/train/ATADD_T2_Train_127227.flac,0,music,-,ATADD_T2_Train_127227.flac
/root/atadd_track2_subset_v3/train/ATADD_T2_Train_127228.flac,0,music,-,ATADD_T2_Train_127228.flac
/root/atadd_track2_subset_v3/train/ATADD_T2_Train_127229.flac,0,music,-,ATADD_T2_Train_127229.flac
/root/atadd_track2_subset_v3/train/ATADD_T2_Train_127230.flac,0,music,-,ATADD_T2_Train_127230.flac
/root/atadd_track2_subset_v3/train/ATADD_T2_Train_127231.flac,0,music,-,ATADD_T2_Train_127231.flac
/root/atadd_track2_subset_v3/train/ATADD_T2_Train_127232.flac,0,music,-,ATADD_T2_Train_127232.flac
/root/atadd_track2_subset_v3/train/ATADD_T2_Train_127233.flac,0,music,-,ATADD_T2_Train_127233.flac
/root/atadd_track2_subset_v3/train/ATADD_T2_Train_127234.flac,0,music,-,ATADD_T2_Train_127234.flac
/root/atadd_track2_subset_v3/train/ATADD_T2_Train_127235.flac,0,music,-,ATADD_T2_Train_127235.flac
/root/atadd_track2_subset_v3/train/ATADD_T2_Train_127237.flac,0,music,-,ATADD_T2_Train_127237.flac
/root/atadd_track2_subset_v3/train/ATADD_T2_Train_127238.flac,0,music,-,ATADD_T2_Train_127238.flac
/root/atadd_track2_subset_v3/train/ATADD_T2_Train_127239.flac,0,music,-,ATADD_T2_Train_127239.flac
/root/atadd_track2_subset_v3/train/ATADD_T2_Train_127240.flac,0,music,-,ATADD_T2_Train_127240.flac
/root/atadd_track2_subset_v3/train/ATADD_T2_Train_127241.flac,0,music,-,ATADD_T2_Train_127241.flac
/root/atadd_track2_subset_v3/train/ATADD_T2_Train_127242.flac,0,music,-,ATADD_T2_Train_127242.flac
/root/atadd_track2_subset_v3/train/ATADD_T2_Train_127243.flac,0,music,-,ATADD_T2_Train_127243.flac
/root/atadd_track2_subset_v3/train/ATADD_T2_Train_127245.flac,0,music,-,ATADD_T2_Train_127245.flac
/root/atadd_track2_subset_v3/train/ATADD_T2_Train_127246.flac,0,music,-,ATADD_T2_Train_127246.flac
/root/atadd_track2_subset_v3/train/ATADD_T2_Train_127247.flac,0,music,-,ATADD_T2_Train_127247.flac
/root/atadd_track2_subset_v3/train/ATADD_T2_Train_127248.flac,0,music,-,ATADD_T2_Train_127248.flac
/root/atadd_track2_subset_v3/train/ATADD_T2_Train_127249.flac,0,music,-,ATADD_T2_Train_127249.flac
/root/atadd_track2_subset_v3/train/ATADD_T2_Train_127251.flac,0,music,-,ATADD_T2_Train_127251.flac
/root/atadd_track2_subset_v3/train/ATADD_T2_Train_127252.flac,0,music,-,ATADD_T2_Train_127252.flac
/root/atadd_track2_subset_v3/train/ATADD_T2_Train_127253.flac,0,music,-,ATADD_T2_Train_127253.flac
/root/atadd_track2_subset_v3/train/ATADD_T2_Train_127254.flac,0,music,-,ATADD_T2_Train_127254.flac
/root/atadd_track2_subset_v3/train/ATADD_T2_Train_127255.flac,0,music,-,ATADD_T2_Train_127255.flac
/root/atadd_track2_subset_v3/train/ATADD_T2_Train_127256.flac,0,music,-,ATADD_T2_Train_127256.flac
/root/atadd_track2_subset_v3/train/ATADD_T2_Train_127258.flac,0,music,-,ATADD_T2_Train_127258.flac
/root/atadd_track2_subset_v3/train/ATADD_T2_Train_127259.flac,0,music,-,ATADD_T2_Train_127259.flac
/root/atadd_track2_subset_v3/train/ATADD_T2_Train_127260.flac,0,music,-,ATADD_T2_Train_127260.flac
/root/atadd_track2_subset_v3/train/ATADD_T2_Train_127261.flac,0,music,-,ATADD_T2_Train_127261.flac
/root/atadd_track2_subset_v3/train/ATADD_T2_Train_127262.flac,0,music,-,ATADD_T2_Train_127262.flac
/root/atadd_track2_subset_v3/train/ATADD_T2_Train_127263.flac,0,music,-,ATADD_T2_Train_127263.flac
/root/atadd_track2_subset_v3/train/ATADD_T2_Train_127264.flac,0,music,-,ATADD_T2_Train_127264.flac
/root/atadd_track2_subset_v3/train/ATADD_T2_Train_127265.flac,0,music,-,ATADD_T2_Train_127265.flac
/root/atadd_track2_subset_v3/train/ATADD_T2_Train_127266.flac,0,music,-,ATADD_T2_Train_127266.flac
/root/atadd_track2_subset_v3/train/ATADD_T2_Train_127267.flac,0,music,-,ATADD_T2_Train_127267.flac
/root/atadd_track2_subset_v3/train/ATADD_T2_Train_127268.flac,0,music,-,ATADD_T2_Train_127268.flac
/root/atadd_track2_subset_v3/train/ATADD_T2_Train_127269.flac,0,music,-,ATADD_T2_Train_127269.flac
/root/atadd_track2_subset_v3/train/ATADD_T2_Train_127270.flac,0,music,-,ATADD_T2_Train_127270.flac
/root/atadd_track2_subset_v3/train/ATADD_T2_Train_127271.flac,0,music,-,ATADD_T2_Train_127271.flac
/root/atadd_track2_subset_v3/train/ATADD_T2_Train_127272.flac,0,music,-,ATADD_T2_Train_127272.flac
/root/atadd_track2_subset_v3/train/ATADD_T2_Train_127273.flac,0,music,-,ATADD_T2_Train_127273.flac
/root/atadd_track2_subset_v3/train/ATADD_T2_Train_127274.flac,0,music,-,ATADD_T2_Train_127274.flac
/root/atadd_track2_subset_v3/train/ATADD_T2_Train_127275.flac,0,music,-,ATADD_T2_Train_127275.flac
/root/atadd_track2_subset_v3/train/ATADD_T2_Train_127276.flac,0,music,-,ATADD_T2_Train_127276.flac
/root/atadd_track2_subset_v3/train/ATADD_T2_Train_127277.flac,0,music,-,ATADD_T2_Train_127277.flac
/root/atadd_track2_subset_v3/train/ATADD_T2_Train_127278.flac,0,music,-,ATADD_T2_Train_127278.flac
/root/atadd_track2_subset_v3/train/ATADD_T2_Train_127279.flac,0,music,-,ATADD_T2_Train_127279.flac
/root/atadd_track2_subset_v3/train/ATADD_T2_Train_127280.flac,0,music,-,ATADD_T2_Train_127280.flac
/root/atadd_track2_subset_v3/train/ATADD_T2_Train_127281.flac,0,music,-,ATADD_T2_Train_127281.flac
/root/atadd_track2_subset_v3/train/ATADD_T2_Train_127282.flac,0,music,-,ATADD_T2_Train_127282.flac
/root/atadd_track2_subset_v3/train/ATADD_T2_Train_127283.flac,0,music,-,ATADD_T2_Train_127283.flac
/root/atadd_track2_subset_v3/train/ATADD_T2_Train_127284.flac,0,music,-,ATADD_T2_Train_127284.flac
/root/atadd_track2_subset_v3/train/ATADD_T2_Train_127285.flac,0,music,-,ATADD_T2_Train_127285.flac
/root/atadd_track2_subset_v3/train/ATADD_T2_Train_127286.flac,0,music,-,ATADD_T2_Train_127286.flac
/root/atadd_track2_subset_v3/train/ATADD_T2_Train_127287.flac,0,music,-,ATADD_T2_Train_127287.flac
/root/atadd_track2_subset_v3/train/ATADD_T2_Train_127288.flac,0,music,-,ATADD_T2_Train_127288.flac
/root/atadd_track2_subset_v3/train/ATADD_T2_Train_127289.flac,0,music,-,ATADD_T2_Train_127289.flac
/root/atadd_track2_subset_v3/train/ATADD_T2_Train_127290.flac,0,music,-,ATADD_T2_Train_127290.flac
/root/atadd_track2_subset_v3/train/ATADD_T2_Train_127291.flac,0,music,-,ATADD_T2_Train_127291.flac
/root/atadd_track2_subset_v3/train/ATADD_T2_Train_127292.flac,0,music,-,ATADD_T2_Train_127292.flac
/root/atadd_track2_subset_v3/train/ATADD_T2_Train_127293.flac,0,music,-,ATADD_T2_Train_127293.flac
/root/atadd_track2_subset_v3/train/ATADD_T2_Train_127294.flac,0,music,-,ATADD_T2_Train_127294.flac
/root/atadd_track2_subset_v3/train/ATADD_T2_Train_127295.flac,0,music,-,ATADD_T2_Train_127295.flac
/root/atadd_track2_subset_v3/train/ATADD_T2_Train_127297.flac,0,music,-,ATADD_T2_Train_127297.flac
/root/atadd_track2_subset_v3/train/ATADD_T2_Train_127298.flac,0,music,-,ATADD_T2_Train_127298.flac
/root/atadd_track2_subset_v3/train/ATADD_T2_Train_127299.flac,0,music,-,ATADD_T2_Train_127299.flac
/root/atadd_track2_subset_v3/train/ATADD_T2_Train_127300.flac,0,music,-,ATADD_T2_Train_127300.flac
/root/atadd_track2_subset_v3/train/ATADD_T2_Train_127301.flac,0,music,-,ATADD_T2_Train_127301.flac
/root/atadd_track2_subset_v3/train/ATADD_T2_Train_127302.flac,0,music,-,ATADD_T2_Train_127302.flac
/root/atadd_track2_subset_v3/train/ATADD_T2_Train_127303.flac,0,music,-,ATADD_T2_Train_127303.flac
/root/atadd_track2_subset_v3/train/ATADD_T2_Train_127304.flac,0,music,-,ATADD_T2_Train_127304.flac
/root/atadd_track2_subset_v3/train/ATADD_T2_Train_127305.flac,0,music,-,ATADD_T2_Train_127305.flac
/root/atadd_track2_subset_v3/train/ATADD_T2_Train_127306.flac,0,music,-,ATADD_T2_Train_127306.flac
/root/atadd_track2_subset_v3/train/ATADD_T2_Train_127307.flac,0,music,-,ATADD_T2_Train_127307.flac
/root/atadd_track2_subset_v3/train/ATADD_T2_Train_127308.flac,0,music,-,ATADD_T2_Train_127308.flac
/root/atadd_track2_subset_v3/train/ATADD_T2_Train_127309.flac,0,music,-,ATADD_T2_Train_127309.flac
/root/atadd_track2_subset_v3/train/ATADD_T2_Train_127310.flac,0,music,-,ATADD_T2_Train_127310.flac
/root/atadd_track2_subset_v3/train/ATADD_T2_Train_127311.flac,0,music,-,ATADD_T2_Train_127311.flac
/root/atadd_track2_subset_v3/train/ATADD_T2_Train_127312.flac,0,music,-,ATADD_T2_Train_127312.flac
/root/atadd_track2_subset_v3/train/ATADD_T2_Train_127313.flac,0,music,-,ATADD_T2_Train_127313.flac
/root/atadd_track2_subset_v3/train/ATADD_T2_Train_127314.flac,0,music,-,ATADD_T2_Train_127314.flac
/root/atadd_track2_subset_v3/train/ATADD_T2_Train_127315.flac,0,music,-,ATADD_T2_Train_127315.flac
/root/atadd_track2_subset_v3/train/ATADD_T2_Train_127316.flac,0,music,-,ATADD_T2_Train_127316.flac
/root/atadd_track2_subset_v3/train/ATADD_T2_Train_127317.flac,0,music,-,ATADD_T2_Train_127317.flac
/root/atadd_track2_subset_v3/train/ATADD_T2_Train_127318.flac,0,music,-,ATADD_T2_Train_127318.flac
/root/atadd_track2_subset_v3/train/ATADD_T2_Train_127319.flac,0,music,-,ATADD_T2_Train_127319.flac
/root/atadd_track2_subset_v3/train/ATADD_T2_Train_127320.flac,0,music,-,ATADD_T2_Train_127320.flac
/root/atadd_track2_subset_v3/train/ATADD_T2_Train_127321.flac,0,music,-,ATADD_T2_Train_127321.flac
/root/atadd_track2_subset_v3/train/ATADD_T2_Train_127322.flac,0,music,-,ATADD_T2_Train_127322.flac
/root/atadd_track2_subset_v3/train/ATADD_T2_Train_127323.flac,0,music,-,ATADD_T2_Train_127323.flac
/root/atadd_track2_subset_v3/train/ATADD_T2_Train_127325.flac,0,music,-,ATADD_T2_Train_127325.flac
/root/atadd_track2_subset_v3/train/ATADD_T2_Train_127326.flac,0,music,-,ATADD_T2_Train_127326.flac
/root/atadd_track2_subset_v3/train/ATADD_T2_Train_127328.flac,0,music,-,ATADD_T2_Train_127328.flac
/root/atadd_track2_subset_v3/train/ATADD_T2_Train_127329.flac,0,music,-,ATADD_T2_Train_127329.flac
/root/atadd_track2_subset_v3/train/ATADD_T2_Train_127330.flac,0,music,-,ATADD_T2_Train_127330.flac
/root/atadd_track2_subset_v3/train/ATADD_T2_Train_127331.flac,0,music,-,ATADD_T2_Train_127331.flac
/root/atadd_track2_subset_v3/train/ATADD_T2_Train_127332.flac,0,music,-,ATADD_T2_Train_127332.flac
/root/atadd_track2_subset_v3/train/ATADD_T2_Train_127333.flac,0,music,-,ATADD_T2_Train_127333.flac
/root/atadd_track2_subset_v3/train/ATADD_T2_Train_127334.flac,0,music,-,ATADD_T2_Train_127334.flac
/root/atadd_track2_subset_v3/train/ATADD_T2_Train_127335.flac,0,music,-,ATADD_T2_Train_127335.flac
/root/atadd_track2_subset_v3/train/ATADD_T2_Train_127336.flac,0,music,-,ATADD_T2_Train_127336.flac
/root/atadd_track2_subset_v3/train/ATADD_T2_Train_127337.flac,0,music,-,ATADD_T2_Train_127337.flac
/root/atadd_track2_subset_v3/train/ATADD_T2_Train_127339.flac,0,music,-,ATADD_T2_Train_127339.flac
/root/atadd_track2_subset_v3/train/ATADD_T2_Train_127340.flac,0,music,-,ATADD_T2_Train_127340.flac
/root/atadd_track2_subset_v3/train/ATADD_T2_Train_127341.flac,0,music,-,ATADD_T2_Train_127341.flac
/root/atadd_track2_subset_v3/train/ATADD_T2_Train_127342.flac,0,music,-,ATADD_T2_Train_127342.flac
/root/atadd_track2_subset_v3/train/ATADD_T2_Train_127343.flac,0,music,-,ATADD_T2_Train_127343.flac
/root/atadd_track2_subset_v3/train/ATADD_T2_Train_127344.flac,0,music,-,ATADD_T2_Train_127344.flac
/root/atadd_track2_subset_v3/train/ATADD_T2_Train_127345.flac,0,music,-,ATADD_T2_Train_127345.flac
/root/atadd_track2_subset_v3/train/ATADD_T2_Train_127346.flac,0,music,-,ATADD_T2_Train_127346.flac
/root/atadd_track2_subset_v3/train/ATADD_T2_Train_127347.flac,0,music,-,ATADD_T2_Train_127347.flac
/root/atadd_track2_subset_v3/train/ATADD_T2_Train_127348.flac,0,music,-,ATADD_T2_Train_127348.flac
/root/atadd_track2_subset_v3/train/ATADD_T2_Train_127349.flac,0,music,-,ATADD_T2_Train_127349.flac
/root/atadd_track2_subset_v3/train/ATADD_T2_Train_127350.flac,0,music,-,ATADD_T2_Train_127350.flac
/root/atadd_track2_subset_v3/train/ATADD_T2_Train_127351.flac,0,music,-,ATADD_T2_Train_127351.flac
/root/atadd_track2_subset_v3/train/ATADD_T2_Train_127352.flac,0,music,-,ATADD_T2_Train_127352.flac
/root/atadd_track2_subset_v3/train/ATADD_T2_Train_127353.flac,0,music,-,ATADD_T2_Train_127353.flac
/root/atadd_track2_subset_v3/train/ATADD_T2_Train_127354.flac,0,music,-,ATADD_T2_Train_127354.flac
/root/atadd_track2_subset_v3/train/ATADD_T2_Train_127355.flac,0,music,-,ATADD_T2_Train_127355.flac
/root/atadd_track2_subset_v3/train/ATADD_T2_Train_127356.flac,0,music,-,ATADD_T2_Train_127356.flac
/root/atadd_track2_subset_v3/train/ATADD_T2_Train_127357.flac,0,music,-,ATADD_T2_Train_127357.flac
/root/atadd_track2_subset_v3/train/ATADD_T2_Train_127358.flac,0,music,-,ATADD_T2_Train_127358.flac
/root/atadd_track2_subset_v3/train/ATADD_T2_Train_127359.flac,0,music,-,ATADD_T2_Train_127359.flac
/root/atadd_track2_subset_v3/train/ATADD_T2_Train_127360.flac,0,music,-,ATADD_T2_Train_127360.flac
/root/atadd_track2_subset_v3/train/ATADD_T2_Train_127361.flac,0,music,-,ATADD_T2_Train_127361.flac
/root/atadd_track2_subset_v3/train/ATADD_T2_Train_127362.flac,0,music,-,ATADD_T2_Train_127362.flac
/root/atadd_track2_subset_v3/train/ATADD_T2_Train_127363.flac,0,music,-,ATADD_T2_Train_127363.flac
/root/atadd_track2_subset_v3/train/ATADD_T2_Train_127364.flac,0,music,-,ATADD_T2_Train_127364.flac
/root/atadd_track2_subset_v3/train/ATADD_T2_Train_127365.flac,0,music,-,ATADD_T2_Train_127365.flac
/root/atadd_track2_subset_v3/train/ATADD_T2_Train_127366.flac,0,music,-,ATADD_T2_Train_127366.flac
/root/atadd_track2_subset_v3/train/ATADD_T2_Train_127367.flac,0,music,-,ATADD_T2_Train_127367.flac
/root/atadd_track2_subset_v3/train/ATADD_T2_Train_127368.flac,0,music,-,ATADD_T2_Train_127368.flac
/root/atadd_track2_subset_v3/train/ATADD_T2_Train_127369.flac,0,music,-,ATADD_T2_Train_127369.flac
/root/atadd_track2_subset_v3/train/ATADD_T2_Train_127370.flac,0,music,-,ATADD_T2_Train_127370.flac
/root/atadd_track2_subset_v3/train/ATADD_T2_Train_127371.flac,0,music,-,ATADD_T2_Train_127371.flac
/root/atadd_track2_subset_v3/train/ATADD_T2_Train_127372.flac,0,music,-,ATADD_T2_Train_127372.flac
/root/atadd_track2_subset_v3/train/ATADD_T2_Train_127374.flac,0,music,-,ATADD_T2_Train_127374.flac
/root/atadd_track2_subset_v3/train/ATADD_T2_Train_127375.flac,0,music,-,ATADD_T2_Train_127375.flac
/root/atadd_track2_subset_v3/train/ATADD_T2_Train_127376.flac,0,music,-,ATADD_T2_Train_127376.flac
/root/atadd_track2_subset_v3/train/ATADD_T2_Train_127377.flac,0,music,-,ATADD_T2_Train_127377.flac
/root/atadd_track2_subset_v3/train/ATADD_T2_Train_127378.flac,0,music,-,ATADD_T2_Train_127378.flac
/root/atadd_track2_subset_v3/train/ATADD_T2_Train_127379.flac,0,music,-,ATADD_T2_Train_127379.flac
/root/atadd_track2_subset_v3/train/ATADD_T2_Train_127380.flac,0,music,-,ATADD_T2_Train_127380.flac
/root/atadd_track2_subset_v3/train/ATADD_T2_Train_127381.flac,0,music,-,ATADD_T2_Train_127381.flac
/root/atadd_track2_subset_v3/train/ATADD_T2_Train_127382.flac,0,music,-,ATADD_T2_Train_127382.flac
/root/atadd_track2_subset_v3/train/ATADD_T2_Train_127383.flac,0,music,-,ATADD_T2_Train_127383.flac
/root/atadd_track2_subset_v3/train/ATADD_T2_Train_127384.flac,0,music,-,ATADD_T2_Train_127384.flac
/root/atadd_track2_subset_v3/train/ATADD_T2_Train_127385.flac,0,music,-,ATADD_T2_Train_127385.flac
/root/atadd_track2_subset_v3/train/ATADD_T2_Train_127386.flac,0,music,-,ATADD_T2_Train_127386.flac
/root/atadd_track2_subset_v3/train/ATADD_T2_Train_127387.flac,0,music,-,ATADD_T2_Train_127387.flac
/root/atadd_track2_subset_v3/train/ATADD_T2_Train_127388.flac,0,music,-,ATADD_T2_Train_127388.flac
/root/atadd_track2_subset_v3/train/ATADD_T2_Train_127389.flac,0,music,-,ATADD_T2_Train_127389.flac
/root/atadd_track2_subset_v3/train/ATADD_T2_Train_127390.flac,0,music,-,ATADD_T2_Train_127390.flac
/root/atadd_track2_subset_v3/train/ATADD_T2_Train_127391.flac,0,music,-,ATADD_T2_Train_127391.flac
/root/atadd_track2_subset_v3/train/ATADD_T2_Train_127392.flac,0,music,-,ATADD_T2_Train_127392.flac
/root/atadd_track2_subset_v3/train/ATADD_T2_Train_127393.flac,0,music,-,ATADD_T2_Train_127393.flac
/root/atadd_track2_subset_v3/train/ATADD_T2_Train_127394.flac,0,music,-,ATADD_T2_Train_127394.flac
/root/atadd_track2_subset_v3/train/ATADD_T2_Train_127395.flac,0,music,-,ATADD_T2_Train_127395.flac
/root/atadd_track2_subset_v3/train/ATADD_T2_Train_127396.flac,0,music,-,ATADD_T2_Train_127396.flac
/root/atadd_track2_subset_v3/train/ATADD_T2_Train_127397.flac,0,music,-,ATADD_T2_Train_127397.flac
/root/atadd_track2_subset_v3/train/ATADD_T2_Train_127399.flac,0,music,-,ATADD_T2_Train_127399.flac
/root/atadd_track2_subset_v3/train/ATADD_T2_Train_127400.flac,0,music,-,ATADD_T2_Train_127400.flac
/root/atadd_track2_subset_v3/train/ATADD_T2_Train_127401.flac,0,music,-,ATADD_T2_Train_127401.flac
/root/atadd_track2_subset_v3/train/ATADD_T2_Train_127402.flac,0,music,-,ATADD_T2_Train_127402.flac
/root/atadd_track2_subset_v3/train/ATADD_T2_Train_127403.flac,0,music,-,ATADD_T2_Train_127403.flac
/root/atadd_track2_subset_v3/train/ATADD_T2_Train_127404.flac,0,music,-,ATADD_T2_Train_127404.flac
/root/atadd_track2_subset_v3/train/ATADD_T2_Train_127405.flac,0,music,-,ATADD_T2_Train_127405.flac
/root/atadd_track2_subset_v3/train/ATADD_T2_Train_127407.flac,0,music,-,ATADD_T2_Train_127407.flac
/root/atadd_track2_subset_v3/train/ATADD_T2_Train_127408.flac,0,music,-,ATADD_T2_Train_127408.flac
/root/atadd_track2_subset_v3/train/ATADD_T2_Train_127409.flac,0,music,-,ATADD_T2_Train_127409.flac
/root/atadd_track2_subset_v3/train/ATADD_T2_Train_127410.flac,0,music,-,ATADD_T2_Train_127410.flac
/root/atadd_track2_subset_v3/train/ATADD_T2_Train_127411.flac,0,music,-,ATADD_T2_Train_127411.flac
/root/atadd_track2_subset_v3/train/ATADD_T2_Train_127412.flac,0,music,-,ATADD_T2_Train_127412.flac
/root/atadd_track2_subset_v3/train/ATADD_T2_Train_127413.flac,0,music,-,ATADD_T2_Train_127413.flac
/root/atadd_track2_subset_v3/train/ATADD_T2_Train_127414.flac,0,music,-,ATADD_T2_Train_127414.flac
/root/atadd_track2_subset_v3/train/ATADD_T2_Train_127415.flac,0,music,-,ATADD_T2_Train_127415.flac
/root/atadd_track2_subset_v3/train/ATADD_T2_Train_127416.flac,0,music,-,ATADD_T2_Train_127416.flac
/root/atadd_track2_subset_v3/train/ATADD_T2_Train_127418.flac,0,music,-,ATADD_T2_Train_127418.flac
/root/atadd_track2_subset_v3/train/ATADD_T2_Train_127419.flac,0,music,-,ATADD_T2_Train_127419.flac
/root/atadd_track2_subset_v3/train/ATADD_T2_Train_127420.flac,0,music,-,ATADD_T2_Train_127420.flac
/root/atadd_track2_subset_v3/train/ATADD_T2_Train_127421.flac,0,music,-,ATADD_T2_Train_127421.flac
/root/atadd_track2_subset_v3/train/ATADD_T2_Train_127422.flac,0,music,-,ATADD_T2_Train_127422.flac
/root/atadd_track2_subset_v3/train/ATADD_T2_Train_127423.flac,0,music,-,ATADD_T2_Train_127423.flac
/root/atadd_track2_subset_v3/train/ATADD_T2_Train_127424.flac,0,music,-,ATADD_T2_Train_127424.flac
/root/atadd_track2_subset_v3/train/ATADD_T2_Train_127425.flac,0,music,-,ATADD_T2_Train_127425.flac
/root/atadd_track2_subset_v3/train/ATADD_T2_Train_127426.flac,0,music,-,ATADD_T2_Train_127426.flac
/root/atadd_track2_subset_v3/train/ATADD_T2_Train_127427.flac,0,music,-,ATADD_T2_Train_127427.flac
/root/atadd_track2_subset_v3/train/ATADD_T2_Train_127428.flac,0,music,-,ATADD_T2_Train_127428.flac
/root/atadd_track2_subset_v3/train/ATADD_T2_Train_127429.flac,0,music,-,ATADD_T2_Train_127429.flac
/root/atadd_track2_subset_v3/train/ATADD_T2_Train_127430.flac,0,music,-,ATADD_T2_Train_127430.flac
/root/atadd_track2_subset_v3/train/ATADD_T2_Train_127431.flac,0,music,-,ATADD_T2_Train_127431.flac
/root/atadd_track2_subset_v3/train/ATADD_T2_Train_127433.flac,0,music,-,ATADD_T2_Train_127433.flac
/root/atadd_track2_subset_v3/train/ATADD_T2_Train_127434.flac,0,music,-,ATADD_T2_Train_127434.flac
/root/atadd_track2_subset_v3/train/ATADD_T2_Train_127435.flac,0,music,-,ATADD_T2_Train_127435.flac
/root/atadd_track2_subset_v3/train/ATADD_T2_Train_127437.flac,0,music,-,ATADD_T2_Train_127437.flac
/root/atadd_track2_subset_v3/train/ATADD_T2_Train_127438.flac,0,music,-,ATADD_T2_Train_127438.flac
/root/atadd_track2_subset_v3/train/ATADD_T2_Train_127439.flac,0,music,-,ATADD_T2_Train_127439.flac
/root/atadd_track2_subset_v3/train/ATADD_T2_Train_127440.flac,0,music,-,ATADD_T2_Train_127440.flac
/root/atadd_track2_subset_v3/train/ATADD_T2_Train_127441.flac,0,music,-,ATADD_T2_Train_127441.flac
/root/atadd_track2_subset_v3/train/ATADD_T2_Train_127442.flac,0,music,-,ATADD_T2_Train_127442.flac
/root/atadd_track2_subset_v3/train/ATADD_T2_Train_127443.flac,0,music,-,ATADD_T2_Train_127443.flac
/root/atadd_track2_subset_v3/train/ATADD_T2_Train_127444.flac,0,music,-,ATADD_T2_Train_127444.flac
/root/atadd_track2_subset_v3/train/ATADD_T2_Train_127446.flac,0,music,-,ATADD_T2_Train_127446.flac
/root/atadd_track2_subset_v3/train/ATADD_T2_Train_127447.flac,0,music,-,ATADD_T2_Train_127447.flac
/root/atadd_track2_subset_v3/train/ATADD_T2_Train_127448.flac,0,music,-,ATADD_T2_Train_127448.flac
/root/atadd_track2_subset_v3/train/ATADD_T2_Train_127449.flac,0,music,-,ATADD_T2_Train_127449.flac
/root/atadd_track2_subset_v3/train/ATADD_T2_Train_127450.flac,0,music,-,ATADD_T2_Train_127450.flac
/root/atadd_track2_subset_v3/train/ATADD_T2_Train_127451.flac,0,music,-,ATADD_T2_Train_127451.flac
/root/atadd_track2_subset_v3/train/ATADD_T2_Train_127452.flac,0,music,-,ATADD_T2_Train_127452.flac
/root/atadd_track2_subset_v3/train/ATADD_T2_Train_127453.flac,0,music,-,ATADD_T2_Train_127453.flac
/root/atadd_track2_subset_v3/train/ATADD_T2_Train_127454.flac,0,music,-,ATADD_T2_Train_127454.flac
/root/atadd_track2_subset_v3/train/ATADD_T2_Train_127455.flac,0,music,-,ATADD_T2_Train_127455.flac
/root/atadd_track2_subset_v3/train/ATADD_T2_Train_127456.flac,0,music,-,ATADD_T2_Train_127456.flac
/root/atadd_track2_subset_v3/train/ATADD_T2_Train_127457.flac,0,music,-,ATADD_T2_Train_127457.flac
/root/atadd_track2_subset_v3/train/ATADD_T2_Train_127458.flac,0,music,-,ATADD_T2_Train_127458.flac
/root/atadd_track2_subset_v3/train/ATADD_T2_Train_127459.flac,0,music,-,ATADD_T2_Train_127459.flac
/root/atadd_track2_subset_v3/train/ATADD_T2_Train_127460.flac,0,music,-,ATADD_T2_Train_127460.flac
/root/atadd_track2_subset_v3/train/ATADD_T2_Train_127461.flac,0,music,-,ATADD_T2_Train_127461.flac
/root/atadd_track2_subset_v3/train/ATADD_T2_Train_127462.flac,0,music,-,ATADD_T2_Train_127462.flac
/root/atadd_track2_subset_v3/train/ATADD_T2_Train_127463.flac,0,music,-,ATADD_T2_Train_127463.flac
/root/atadd_track2_subset_v3/train/ATADD_T2_Train_127464.flac,0,music,-,ATADD_T2_Train_127464.flac
/root/atadd_track2_subset_v3/train/ATADD_T2_Train_127465.flac,0,music,-,ATADD_T2_Train_127465.flac
/root/atadd_track2_subset_v3/train/ATADD_T2_Train_127466.flac,0,music,-,ATADD_T2_Train_127466.flac
/root/atadd_track2_subset_v3/train/ATADD_T2_Train_127467.flac,0,music,-,ATADD_T2_Train_127467.flac
/root/atadd_track2_subset_v3/train/ATADD_T2_Train_127468.flac,0,music,-,ATADD_T2_Train_127468.flac
/root/atadd_track2_subset_v3/train/ATADD_T2_Train_127469.flac,0,music,-,ATADD_T2_Train_127469.flac
/root/atadd_track2_subset_v3/train/ATADD_T2_Train_127470.flac,0,music,-,ATADD_T2_Train_127470.flac
/root/atadd_track2_subset_v3/train/ATADD_T2_Train_127471.flac,0,music,-,ATADD_T2_Train_127471.flac
/root/atadd_track2_subset_v3/train/ATADD_T2_Train_127472.flac,0,music,-,ATADD_T2_Train_127472.flac
/root/atadd_track2_subset_v3/train/ATADD_T2_Train_127473.flac,0,music,-,ATADD_T2_Train_127473.flac
/root/atadd_track2_subset_v3/train/ATADD_T2_Train_127474.flac,0,music,-,ATADD_T2_Train_127474.flac
/root/atadd_track2_subset_v3/train/ATADD_T2_Train_127475.flac,0,music,-,ATADD_T2_Train_127475.flac
/root/atadd_track2_subset_v3/train/ATADD_T2_Train_127476.flac,0,music,-,ATADD_T2_Train_127476.flac
/root/atadd_track2_subset_v3/train/ATADD_T2_Train_127478.flac,0,music,-,ATADD_T2_Train_127478.flac
/root/atadd_track2_subset_v3/train/ATADD_T2_Train_127479.flac,0,music,-,ATADD_T2_Train_127479.flac
/root/atadd_track2_subset_v3/train/ATADD_T2_Train_127480.flac,0,music,-,ATADD_T2_Train_127480.flac
/root/atadd_track2_subset_v3/train/ATADD_T2_Train_127481.flac,0,music,-,ATADD_T2_Train_127481.flac
/root/atadd_track2_subset_v3/train/ATADD_T2_Train_127482.flac,0,music,-,ATADD_T2_Train_127482.flac
/root/atadd_track2_subset_v3/train/ATADD_T2_Train_127483.flac,0,music,-,ATADD_T2_Train_127483.flac
/root/atadd_track2_subset_v3/train/ATADD_T2_Train_127484.flac,0,music,-,ATADD_T2_Train_127484.flac
/root/atadd_track2_subset_v3/train/ATADD_T2_Train_127485.flac,0,music,-,ATADD_T2_Train_127485.flac
/root/atadd_track2_subset_v3/train/ATADD_T2_Train_127486.flac,0,music,-,ATADD_T2_Train_127486.flac
/root/atadd_track2_subset_v3/train/ATADD_T2_Train_127487.flac,0,music,-,ATADD_T2_Train_127487.flac
/root/atadd_track2_subset_v3/train/ATADD_T2_Train_127488.flac,0,music,-,ATADD_T2_Train_127488.flac
/root/atadd_track2_subset_v3/train/ATADD_T2_Train_127489.flac,0,music,-,ATADD_T2_Train_127489.flac
/root/atadd_track2_subset_v3/train/ATADD_T2_Train_127490.flac,0,music,-,ATADD_T2_Train_127490.flac
/root/atadd_track2_subset_v3/train/ATADD_T2_Train_127491.flac,0,music,-,ATADD_T2_Train_127491.flac
/root/atadd_track2_subset_v3/train/ATADD_T2_Train_127492.flac,0,music,-,ATADD_T2_Train_127492.flac
/root/atadd_track2_subset_v3/train/ATADD_T2_Train_127494.flac,0,music,-,ATADD_T2_Train_127494.flac
/root/atadd_track2_subset_v3/train/ATADD_T2_Train_127495.flac,0,music,-,ATADD_T2_Train_127495.flac
/root/atadd_track2_subset_v3/train/ATADD_T2_Train_127496.flac,0,music,-,ATADD_T2_Train_127496.flac
/root/atadd_track2_subset_v3/train/ATADD_T2_Train_127497.flac,0,music,-,ATADD_T2_Train_127497.flac
/root/atadd_track2_subset_v3/train/ATADD_T2_Train_127498.flac,0,music,-,ATADD_T2_Train_127498.flac
/root/atadd_track2_subset_v3/train/ATADD_T2_Train_127499.flac,0,music,-,ATADD_T2_Train_127499.flac
/root/atadd_track2_subset_v3/train/ATADD_T2_Train_127501.flac,0,music,-,ATADD_T2_Train_127501.flac
/root/atadd_track2_subset_v3/train/ATADD_T2_Train_127502.flac,0,music,-,ATADD_T2_Train_127502.flac
/root/atadd_track2_subset_v3/train/ATADD_T2_Train_127503.flac,0,music,-,ATADD_T2_Train_127503.flac
/root/atadd_track2_subset_v3/train/ATADD_T2_Train_127504.flac,0,music,-,ATADD_T2_Train_127504.flac
/root/atadd_track2_subset_v3/train/ATADD_T2_Train_127505.flac,0,music,-,ATADD_T2_Train_127505.flac
/root/atadd_track2_subset_v3/train/ATADD_T2_Train_127506.flac,0,music,-,ATADD_T2_Train_127506.flac
/root/atadd_track2_subset_v3/train/ATADD_T2_Train_127507.flac,0,music,-,ATADD_T2_Train_127507.flac
/root/atadd_track2_subset_v3/train/ATADD_T2_Train_127508.flac,0,music,-,ATADD_T2_Train_127508.flac
/root/atadd_track2_subset_v3/train/ATADD_T2_Train_127509.flac,0,music,-,ATADD_T2_Train_127509.flac
/root/atadd_track2_subset_v3/train/ATADD_T2_Train_127510.flac,0,music,-,ATADD_T2_Train_127510.flac
/root/atadd_track2_subset_v3/train/ATADD_T2_Train_127511.flac,0,music,-,ATADD_T2_Train_127511.flac
/root/atadd_track2_subset_v3/train/ATADD_T2_Train_127512.flac,0,music,-,ATADD_T2_Train_127512.flac
/root/atadd_track2_subset_v3/train/ATADD_T2_Train_127514.flac,0,music,-,ATADD_T2_Train_127514.flac
/root/atadd_track2_subset_v3/train/ATADD_T2_Train_127515.flac,0,music,-,ATADD_T2_Train_127515.flac
/root/atadd_track2_subset_v3/train/ATADD_T2_Train_127517.flac,0,music,-,ATADD_T2_Train_127517.flac
/root/atadd_track2_subset_v3/train/ATADD_T2_Train_127518.flac,0,music,-,ATADD_T2_Train_127518.flac
/root/atadd_track2_subset_v3/train/ATADD_T2_Train_127519.flac,0,music,-,ATADD_T2_Train_127519.flac
/root/atadd_track2_subset_v3/train/ATADD_T2_Train_127520.flac,0,music,-,ATADD_T2_Train_127520.flac
/root/atadd_track2_subset_v3/train/ATADD_T2_Train_127521.flac,0,music,-,ATADD_T2_Train_127521.flac
/root/atadd_track2_subset_v3/train/ATADD_T2_Train_127522.flac,0,music,-,ATADD_T2_Train_127522.flac
/root/atadd_track2_subset_v3/train/ATADD_T2_Train_127524.flac,0,music,-,ATADD_T2_Train_127524.flac
/root/atadd_track2_subset_v3/train/ATADD_T2_Train_127525.flac,0,music,-,ATADD_T2_Train_127525.flac
/root/atadd_track2_subset_v3/train/ATADD_T2_Train_127526.flac,0,music,-,ATADD_T2_Train_127526.flac
/root/atadd_track2_subset_v3/train/ATADD_T2_Train_127527.flac,0,music,-,ATADD_T2_Train_127527.flac
/root/atadd_track2_subset_v3/train/ATADD_T2_Train_127528.flac,0,music,-,ATADD_T2_Train_127528.flac
/root/atadd_track2_subset_v3/train/ATADD_T2_Train_127529.flac,0,music,-,ATADD_T2_Train_127529.flac
/root/atadd_track2_subset_v3/train/ATADD_T2_Train_127530.flac,0,music,-,ATADD_T2_Train_127530.flac
/root/atadd_track2_subset_v3/train/ATADD_T2_Train_127531.flac,0,music,-,ATADD_T2_Train_127531.flac
/root/atadd_track2_subset_v3/train/ATADD_T2_Train_127532.flac,0,music,-,ATADD_T2_Train_127532.flac
/root/atadd_track2_subset_v3/train/ATADD_T2_Train_127533.flac,0,music,-,ATADD_T2_Train_127533.flac
/root/atadd_track2_subset_v3/train/ATADD_T2_Train_127534.flac,0,music,-,ATADD_T2_Train_127534.flac
/root/atadd_track2_subset_v3/train/ATADD_T2_Train_127535.flac,0,music,-,ATADD_T2_Train_127535.flac
/root/atadd_track2_subset_v3/train/ATADD_T2_Train_127536.flac,0,music,-,ATADD_T2_Train_127536.flac
/root/atadd_track2_subset_v3/train/ATADD_T2_Train_127537.flac,0,music,-,ATADD_T2_Train_127537.flac
/root/atadd_track2_subset_v3/train/ATADD_T2_Train_127538.flac,0,music,-,ATADD_T2_Train_127538.flac
/root/atadd_track2_subset_v3/train/ATADD_T2_Train_127539.flac,0,music,-,ATADD_T2_Train_127539.flac
/root/atadd_track2_subset_v3/train/ATADD_T2_Train_127540.flac,0,music,-,ATADD_T2_Train_127540.flac
/root/atadd_track2_subset_v3/train/ATADD_T2_Train_127541.flac,0,music,-,ATADD_T2_Train_127541.flac
/root/atadd_track2_subset_v3/train/ATADD_T2_Train_127542.flac,0,music,-,ATADD_T2_Train_127542.flac
/root/atadd_track2_subset_v3/train/ATADD_T2_Train_127543.flac,0,music,-,ATADD_T2_Train_127543.flac
/root/atadd_track2_subset_v3/train/ATADD_T2_Train_127544.flac,0,music,-,ATADD_T2_Train_127544.flac
/root/atadd_track2_subset_v3/train/ATADD_T2_Train_127545.flac,0,music,-,ATADD_T2_Train_127545.flac
/root/atadd_track2_subset_v3/train/ATADD_T2_Train_127546.flac,0,music,-,ATADD_T2_Train_127546.flac
/root/atadd_track2_subset_v3/train/ATADD_T2_Train_127547.flac,0,music,-,ATADD_T2_Train_127547.flac
/root/atadd_track2_subset_v3/train/ATADD_T2_Train_127548.flac,0,music,-,ATADD_T2_Train_127548.flac
/root/atadd_track2_subset_v3/train/ATADD_T2_Train_127549.flac,0,music,-,ATADD_T2_Train_127549.flac
/root/atadd_track2_subset_v3/train/ATADD_T2_Train_127550.flac,0,music,-,ATADD_T2_Train_127550.flac
/root/atadd_track2_subset_v3/train/ATADD_T2_Train_127551.flac,0,music,-,ATADD_T2_Train_127551.flac
/root/atadd_track2_subset_v3/train/ATADD_T2_Train_127552.flac,0,music,-,ATADD_T2_Train_127552.flac
/root/atadd_track2_subset_v3/train/ATADD_T2_Train_127553.flac,0,music,-,ATADD_T2_Train_127553.flac
/root/atadd_track2_subset_v3/train/ATADD_T2_Train_127554.flac,0,music,-,ATADD_T2_Train_127554.flac
/root/atadd_track2_subset_v3/train/ATADD_T2_Train_127555.flac,0,music,-,ATADD_T2_Train_127555.flac
/root/atadd_track2_subset_v3/train/ATADD_T2_Train_127556.flac,0,music,-,ATADD_T2_Train_127556.flac
/root/atadd_track2_subset_v3/train/ATADD_T2_Train_127557.flac,0,music,-,ATADD_T2_Train_127557.flac
/root/atadd_track2_subset_v3/train/ATADD_T2_Train_127558.flac,0,music,-,ATADD_T2_Train_127558.flac
/root/atadd_track2_subset_v3/train/ATADD_T2_Train_127559.flac,0,music,-,ATADD_T2_Train_127559.flac
/root/atadd_track2_subset_v3/train/ATADD_T2_Train_127560.flac,0,music,-,ATADD_T2_Train_127560.flac
/root/atadd_track2_subset_v3/train/ATADD_T2_Train_127561.flac,0,music,-,ATADD_T2_Train_127561.flac
/root/atadd_track2_subset_v3/train/ATADD_T2_Train_127562.flac,0,music,-,ATADD_T2_Train_127562.flac
/root/atadd_track2_subset_v3/train/ATADD_T2_Train_127563.flac,0,music,-,ATADD_T2_Train_127563.flac
/root/atadd_track2_subset_v3/train/ATADD_T2_Train_127564.flac,0,music,-,ATADD_T2_Train_127564.flac
/root/atadd_track2_subset_v3/train/ATADD_T2_Train_127565.flac,0,music,-,ATADD_T2_Train_127565.flac
/root/atadd_track2_subset_v3/train/ATADD_T2_Train_127566.flac,0,music,-,ATADD_T2_Train_127566.flac
/root/atadd_track2_subset_v3/train/ATADD_T2_Train_127567.flac,0,music,-,ATADD_T2_Train_127567.flac
/root/atadd_track2_subset_v3/train/ATADD_T2_Train_127568.flac,0,music,-,ATADD_T2_Train_127568.flac
/root/atadd_track2_subset_v3/train/ATADD_T2_Train_127569.flac,0,music,-,ATADD_T2_Train_127569.flac
/root/atadd_track2_subset_v3/train/ATADD_T2_Train_127570.flac,0,music,-,ATADD_T2_Train_127570.flac
/root/atadd_track2_subset_v3/train/ATADD_T2_Train_127571.flac,0,music,-,ATADD_T2_Train_127571.flac
/root/atadd_track2_subset_v3/train/ATADD_T2_Train_127572.flac,0,music,-,ATADD_T2_Train_127572.flac
/root/atadd_track2_subset_v3/train/ATADD_T2_Train_127573.flac,0,music,-,ATADD_T2_Train_127573.flac
/root/atadd_track2_subset_v3/train/ATADD_T2_Train_127574.flac,0,music,-,ATADD_T2_Train_127574.flac
/root/atadd_track2_subset_v3/train/ATADD_T2_Train_127575.flac,0,music,-,ATADD_T2_Train_127575.flac
/root/atadd_track2_subset_v3/train/ATADD_T2_Train_127576.flac,0,music,-,ATADD_T2_Train_127576.flac
/root/atadd_track2_subset_v3/train/ATADD_T2_Train_127577.flac,0,music,-,ATADD_T2_Train_127577.flac
/root/atadd_track2_subset_v3/train/ATADD_T2_Train_127578.flac,0,music,-,ATADD_T2_Train_127578.flac
/root/atadd_track2_subset_v3/train/ATADD_T2_Train_127579.flac,0,music,-,ATADD_T2_Train_127579.flac
/root/atadd_track2_subset_v3/train/ATADD_T2_Train_127580.flac,0,music,-,ATADD_T2_Train_127580.flac
/root/atadd_track2_subset_v3/train/ATADD_T2_Train_127581.flac,0,music,-,ATADD_T2_Train_127581.flac
/root/atadd_track2_subset_v3/train/ATADD_T2_Train_127582.flac,0,music,-,ATADD_T2_Train_127582.flac
/root/atadd_track2_subset_v3/train/ATADD_T2_Train_127583.flac,0,music,-,ATADD_T2_Train_127583.flac
/root/atadd_track2_subset_v3/train/ATADD_T2_Train_127584.flac,0,music,-,ATADD_T2_Train_127584.flac
/root/atadd_track2_subset_v3/train/ATADD_T2_Train_127585.flac,0,music,-,ATADD_T2_Train_127585.flac
/root/atadd_track2_subset_v3/train/ATADD_T2_Train_127586.flac,0,music,-,ATADD_T2_Train_127586.flac
/root/atadd_track2_subset_v3/train/ATADD_T2_Train_127587.flac,0,music,-,ATADD_T2_Train_127587.flac
/root/atadd_track2_subset_v3/train/ATADD_T2_Train_127588.flac,0,music,-,ATADD_T2_Train_127588.flac
/root/atadd_track2_subset_v3/train/ATADD_T2_Train_127589.flac,0,music,-,ATADD_T2_Train_127589.flac
/root/atadd_track2_subset_v3/train/ATADD_T2_Train_127590.flac,0,music,-,ATADD_T2_Train_127590.flac
/root/atadd_track2_subset_v3/train/ATADD_T2_Train_127591.flac,0,music,-,ATADD_T2_Train_127591.flac
/root/atadd_track2_subset_v3/train/ATADD_T2_Train_127592.flac,0,music,-,ATADD_T2_Train_127592.flac
/root/atadd_track2_subset_v3/train/ATADD_T2_Train_127593.flac,0,music,-,ATADD_T2_Train_127593.flac
/root/atadd_track2_subset_v3/train/ATADD_T2_Train_127594.flac,0,music,-,ATADD_T2_Train_127594.flac
/root/atadd_track2_subset_v3/train/ATADD_T2_Train_127595.flac,0,music,-,ATADD_T2_Train_127595.flac
/root/atadd_track2_subset_v3/train/ATADD_T2_Train_127596.flac,0,music,-,ATADD_T2_Train_127596.flac
/root/atadd_track2_subset_v3/train/ATADD_T2_Train_127597.flac,0,music,-,ATADD_T2_Train_127597.flac
/root/atadd_track2_subset_v3/train/ATADD_T2_Train_127598.flac,0,music,-,ATADD_T2_Train_127598.flac
/root/atadd_track2_subset_v3/train/ATADD_T2_Train_127599.flac,0,music,-,ATADD_T2_Train_127599.flac
/root/atadd_track2_subset_v3/train/ATADD_T2_Train_127600.flac,0,music,-,ATADD_T2_Train_127600.flac
/root/atadd_track2_subset_v3/train/ATADD_T2_Train_127601.flac,0,music,-,ATADD_T2_Train_127601.flac
/root/atadd_track2_subset_v3/train/ATADD_T2_Train_127602.flac,0,music,-,ATADD_T2_Train_127602.flac
/root/atadd_track2_subset_v3/train/ATADD_T2_Train_127603.flac,0,music,-,ATADD_T2_Train_127603.flac
/root/atadd_track2_subset_v3/train/ATADD_T2_Train_127604.flac,0,music,-,ATADD_T2_Train_127604.flac
/root/atadd_track2_subset_v3/train/ATADD_T2_Train_127605.flac,0,music,-,ATADD_T2_Train_127605.flac
/root/atadd_track2_subset_v3/train/ATADD_T2_Train_127606.flac,0,music,-,ATADD_T2_Train_127606.flac
/root/atadd_track2_subset_v3/train/ATADD_T2_Train_127607.flac,0,music,-,ATADD_T2_Train_127607.flac
/root/atadd_track2_subset_v3/train/ATADD_T2_Train_127608.flac,0,music,-,ATADD_T2_Train_127608.flac
/root/atadd_track2_subset_v3/train/ATADD_T2_Train_127609.flac,0,music,-,ATADD_T2_Train_127609.flac
/root/atadd_track2_subset_v3/train/ATADD_T2_Train_127610.flac,0,music,-,ATADD_T2_Train_127610.flac
/root/atadd_track2_subset_v3/train/ATADD_T2_Train_127612.flac,0,music,-,ATADD_T2_Train_127612.flac
/root/atadd_track2_subset_v3/train/ATADD_T2_Train_127613.flac,0,music,-,ATADD_T2_Train_127613.flac
/root/atadd_track2_subset_v3/train/ATADD_T2_Train_127614.flac,0,music,-,ATADD_T2_Train_127614.flac
/root/atadd_track2_subset_v3/train/ATADD_T2_Train_127615.flac,0,music,-,ATADD_T2_Train_127615.flac
/root/atadd_track2_subset_v3/train/ATADD_T2_Train_127616.flac,0,music,-,ATADD_T2_Train_127616.flac
/root/atadd_track2_subset_v3/train/ATADD_T2_Train_127617.flac,0,music,-,ATADD_T2_Train_127617.flac
/root/atadd_track2_subset_v3/train/ATADD_T2_Train_127618.flac,0,music,-,ATADD_T2_Train_127618.flac
/root/atadd_track2_subset_v3/train/ATADD_T2_Train_127619.flac,0,music,-,ATADD_T2_Train_127619.flac
/root/atadd_track2_subset_v3/train/ATADD_T2_Train_127620.flac,0,music,-,ATADD_T2_Train_127620.flac
/root/atadd_track2_subset_v3/train/ATADD_T2_Train_127621.flac,0,music,-,ATADD_T2_Train_127621.flac
/root/atadd_track2_subset_v3/train/ATADD_T2_Train_127622.flac,0,music,-,ATADD_T2_Train_127622.flac
/root/atadd_track2_subset_v3/train/ATADD_T2_Train_127624.flac,0,music,-,ATADD_T2_Train_127624.flac
/root/atadd_track2_subset_v3/train/ATADD_T2_Train_127626.flac,0,music,-,ATADD_T2_Train_127626.flac
/root/atadd_track2_subset_v3/train/ATADD_T2_Train_127627.flac,0,music,-,ATADD_T2_Train_127627.flac
/root/atadd_track2_subset_v3/train/ATADD_T2_Train_127628.flac,0,music,-,ATADD_T2_Train_127628.flac
/root/atadd_track2_subset_v3/train/ATADD_T2_Train_127629.flac,0,music,-,ATADD_T2_Train_127629.flac
/root/atadd_track2_subset_v3/train/ATADD_T2_Train_127630.flac,0,music,-,ATADD_T2_Train_127630.flac
/root/atadd_track2_subset_v3/train/ATADD_T2_Train_127631.flac,0,music,-,ATADD_T2_Train_127631.flac
/root/atadd_track2_subset_v3/train/ATADD_T2_Train_127632.flac,0,music,-,ATADD_T2_Train_127632.flac
/root/atadd_track2_subset_v3/train/ATADD_T2_Train_127633.flac,0,music,-,ATADD_T2_Train_127633.flac
/root/atadd_track2_subset_v3/train/ATADD_T2_Train_127634.flac,0,music,-,ATADD_T2_Train_127634.flac
/root/atadd_track2_subset_v3/train/ATADD_T2_Train_127635.flac,0,music,-,ATADD_T2_Train_127635.flac
/root/atadd_track2_subset_v3/train/ATADD_T2_Train_127636.flac,0,music,-,ATADD_T2_Train_127636.flac
/root/atadd_track2_subset_v3/train/ATADD_T2_Train_127637.flac,0,music,-,ATADD_T2_Train_127637.flac
/root/atadd_track2_subset_v3/train/ATADD_T2_Train_127638.flac,0,music,-,ATADD_T2_Train_127638.flac
/root/atadd_track2_subset_v3/train/ATADD_T2_Train_127639.flac,0,music,-,ATADD_T2_Train_127639.flac
/root/atadd_track2_subset_v3/train/ATADD_T2_Train_127640.flac,0,music,-,ATADD_T2_Train_127640.flac
/root/atadd_track2_subset_v3/train/ATADD_T2_Train_127642.flac,0,music,-,ATADD_T2_Train_127642.flac
/root/atadd_track2_subset_v3/train/ATADD_T2_Train_127644.flac,0,music,-,ATADD_T2_Train_127644.flac
/root/atadd_track2_subset_v3/train/ATADD_T2_Train_127645.flac,0,music,-,ATADD_T2_Train_127645.flac
/root/atadd_track2_subset_v3/train/ATADD_T2_Train_127646.flac,0,music,-,ATADD_T2_Train_127646.flac
/root/atadd_track2_subset_v3/train/ATADD_T2_Train_127647.flac,0,music,-,ATADD_T2_Train_127647.flac
/root/atadd_track2_subset_v3/train/ATADD_T2_Train_127648.flac,0,music,-,ATADD_T2_Train_127648.flac
/root/atadd_track2_subset_v3/train/ATADD_T2_Train_127649.flac,0,music,-,ATADD_T2_Train_127649.flac
/root/atadd_track2_subset_v3/train/ATADD_T2_Train_127650.flac,0,music,-,ATADD_T2_Train_127650.flac
/root/atadd_track2_subset_v3/train/ATADD_T2_Train_127651.flac,0,music,-,ATADD_T2_Train_127651.flac
/root/atadd_track2_subset_v3/train/ATADD_T2_Train_127652.flac,0,music,-,ATADD_T2_Train_127652.flac
/root/atadd_track2_subset_v3/train/ATADD_T2_Train_127653.flac,0,music,-,ATADD_T2_Train_127653.flac
/root/atadd_track2_subset_v3/train/ATADD_T2_Train_127654.flac,0,music,-,ATADD_T2_Train_127654.flac
/root/atadd_track2_subset_v3/train/ATADD_T2_Train_127655.flac,0,music,-,ATADD_T2_Train_127655.flac
/root/atadd_track2_subset_v3/train/ATADD_T2_Train_127656.flac,0,music,-,ATADD_T2_Train_127656.flac
/root/atadd_track2_subset_v3/train/ATADD_T2_Train_127657.flac,0,music,-,ATADD_T2_Train_127657.flac
/root/atadd_track2_subset_v3/train/ATADD_T2_Train_127658.flac,0,music,-,ATADD_T2_Train_127658.flac
/root/atadd_track2_subset_v3/train/ATADD_T2_Train_127659.flac,0,music,-,ATADD_T2_Train_127659.flac
/root/atadd_track2_subset_v3/train/ATADD_T2_Train_127660.flac,0,music,-,ATADD_T2_Train_127660.flac
/root/atadd_track2_subset_v3/train/ATADD_T2_Train_127661.flac,0,music,-,ATADD_T2_Train_127661.flac
/root/atadd_track2_subset_v3/train/ATADD_T2_Train_127662.flac,0,music,-,ATADD_T2_Train_127662.flac
/root/atadd_track2_subset_v3/train/ATADD_T2_Train_127663.flac,0,music,-,ATADD_T2_Train_127663.flac
/root/atadd_track2_subset_v3/train/ATADD_T2_Train_127664.flac,0,music,-,ATADD_T2_Train_127664.flac
/root/atadd_track2_subset_v3/train/ATADD_T2_Train_127665.flac,0,music,-,ATADD_T2_Train_127665.flac
/root/atadd_track2_subset_v3/train/ATADD_T2_Train_127666.flac,0,music,-,ATADD_T2_Train_127666.flac
/root/atadd_track2_subset_v3/train/ATADD_T2_Train_127667.flac,0,music,-,ATADD_T2_Train_127667.flac
/root/atadd_track2_subset_v3/train/ATADD_T2_Train_127668.flac,0,music,-,ATADD_T2_Train_127668.flac
/root/atadd_track2_subset_v3/train/ATADD_T2_Train_127669.flac,0,music,-,ATADD_T2_Train_127669.flac
/root/atadd_track2_subset_v3/train/ATADD_T2_Train_127670.flac,0,music,-,ATADD_T2_Train_127670.flac
/root/atadd_track2_subset_v3/train/ATADD_T2_Train_127671.flac,0,music,-,ATADD_T2_Train_127671.flac
/root/atadd_track2_subset_v3/train/ATADD_T2_Train_127672.flac,0,music,-,ATADD_T2_Train_127672.flac
/root/atadd_track2_subset_v3/train/ATADD_T2_Train_127673.flac,0,music,-,ATADD_T2_Train_127673.flac
/root/atadd_track2_subset_v3/train/ATADD_T2_Train_127674.flac,0,music,-,ATADD_T2_Train_127674.flac
/root/atadd_track2_subset_v3/train/ATADD_T2_Train_127675.flac,0,music,-,ATADD_T2_Train_127675.flac
/root/atadd_track2_subset_v3/train/ATADD_T2_Train_127676.flac,0,music,-,ATADD_T2_Train_127676.flac
/root/atadd_track2_subset_v3/train/ATADD_T2_Train_127677.flac,0,music,-,ATADD_T2_Train_127677.flac
/root/atadd_track2_subset_v3/train/ATADD_T2_Train_127678.flac,0,music,-,ATADD_T2_Train_127678.flac
/root/atadd_track2_subset_v3/train/ATADD_T2_Train_127679.flac,0,music,-,ATADD_T2_Train_127679.flac
/root/atadd_track2_subset_v3/train/ATADD_T2_Train_127680.flac,0,music,-,ATADD_T2_Train_127680.flac
/root/atadd_track2_subset_v3/train/ATADD_T2_Train_127681.flac,0,music,-,ATADD_T2_Train_127681.flac
/root/atadd_track2_subset_v3/train/ATADD_T2_Train_127682.flac,0,music,-,ATADD_T2_Train_127682.flac
/root/atadd_track2_subset_v3/train/ATADD_T2_Train_127683.flac,0,music,-,ATADD_T2_Train_127683.flac
/root/atadd_track2_subset_v3/train/ATADD_T2_Train_127684.flac,0,music,-,ATADD_T2_Train_127684.flac
/root/atadd_track2_subset_v3/train/ATADD_T2_Train_127685.flac,0,music,-,ATADD_T2_Train_127685.flac
/root/atadd_track2_subset_v3/train/ATADD_T2_Train_127687.flac,0,music,-,ATADD_T2_Train_127687.flac
/root/atadd_track2_subset_v3/train/ATADD_T2_Train_127688.flac,0,music,-,ATADD_T2_Train_127688.flac
/root/atadd_track2_subset_v3/train/ATADD_T2_Train_127689.flac,0,music,-,ATADD_T2_Train_127689.flac
/root/atadd_track2_subset_v3/train/ATADD_T2_Train_127690.flac,0,music,-,ATADD_T2_Train_127690.flac
/root/atadd_track2_subset_v3/train/ATADD_T2_Train_127691.flac,0,music,-,ATADD_T2_Train_127691.flac
/root/atadd_track2_subset_v3/train/ATADD_T2_Train_127692.flac,0,music,-,ATADD_T2_Train_127692.flac
/root/atadd_track2_subset_v3/train/ATADD_T2_Train_127693.flac,0,music,-,ATADD_T2_Train_127693.flac
/root/atadd_track2_subset_v3/train/ATADD_T2_Train_127694.flac,0,music,-,ATADD_T2_Train_127694.flac
/root/atadd_track2_subset_v3/train/ATADD_T2_Train_127695.flac,0,music,-,ATADD_T2_Train_127695.flac
/root/atadd_track2_subset_v3/train/ATADD_T2_Train_127696.flac,0,music,-,ATADD_T2_Train_127696.flac
/root/atadd_track2_subset_v3/train/ATADD_T2_Train_127698.flac,0,music,-,ATADD_T2_Train_127698.flac
/root/atadd_track2_subset_v3/train/ATADD_T2_Train_127699.flac,0,music,-,ATADD_T2_Train_127699.flac
/root/atadd_track2_subset_v3/train/ATADD_T2_Train_127700.flac,0,music,-,ATADD_T2_Train_127700.flac
/root/atadd_track2_subset_v3/train/ATADD_T2_Train_127701.flac,0,music,-,ATADD_T2_Train_127701.flac
/root/atadd_track2_subset_v3/train/ATADD_T2_Train_127702.flac,0,music,-,ATADD_T2_Train_127702.flac
/root/atadd_track2_subset_v3/train/ATADD_T2_Train_127703.flac,0,music,-,ATADD_T2_Train_127703.flac
/root/atadd_track2_subset_v3/train/ATADD_T2_Train_127704.flac,0,music,-,ATADD_T2_Train_127704.flac
/root/atadd_track2_subset_v3/train/ATADD_T2_Train_127705.flac,0,music,-,ATADD_T2_Train_127705.flac
/root/atadd_track2_subset_v3/train/ATADD_T2_Train_127706.flac,0,music,-,ATADD_T2_Train_127706.flac
/root/atadd_track2_subset_v3/train/ATADD_T2_Train_127707.flac,0,music,-,ATADD_T2_Train_127707.flac
/root/atadd_track2_subset_v3/train/ATADD_T2_Train_127708.flac,0,music,-,ATADD_T2_Train_127708.flac
/root/atadd_track2_subset_v3/train/ATADD_T2_Train_127709.flac,0,music,-,ATADD_T2_Train_127709.flac
/root/atadd_track2_subset_v3/train/ATADD_T2_Train_127710.flac,0,music,-,ATADD_T2_Train_127710.flac
/root/atadd_track2_subset_v3/train/ATADD_T2_Train_127711.flac,0,music,-,ATADD_T2_Train_127711.flac
/root/atadd_track2_subset_v3/train/ATADD_T2_Train_127712.flac,0,music,-,ATADD_T2_Train_127712.flac
/root/atadd_track2_subset_v3/train/ATADD_T2_Train_127714.flac,0,music,-,ATADD_T2_Train_127714.flac
/root/atadd_track2_subset_v3/train/ATADD_T2_Train_127715.flac,0,music,-,ATADD_T2_Train_127715.flac
/root/atadd_track2_subset_v3/train/ATADD_T2_Train_127716.flac,0,music,-,ATADD_T2_Train_127716.flac
/root/atadd_track2_subset_v3/train/ATADD_T2_Train_127717.flac,0,music,-,ATADD_T2_Train_127717.flac
/root/atadd_track2_subset_v3/train/ATADD_T2_Train_127718.flac,0,music,-,ATADD_T2_Train_127718.flac
/root/atadd_track2_subset_v3/train/ATADD_T2_Train_127719.flac,0,music,-,ATADD_T2_Train_127719.flac
/root/atadd_track2_subset_v3/train/ATADD_T2_Train_127720.flac,0,music,-,ATADD_T2_Train_127720.flac
/root/atadd_track2_subset_v3/train/ATADD_T2_Train_127721.flac,0,music,-,ATADD_T2_Train_127721.flac
/root/atadd_track2_subset_v3/train/ATADD_T2_Train_127722.flac,0,music,-,ATADD_T2_Train_127722.flac
/root/atadd_track2_subset_v3/train/ATADD_T2_Train_127723.flac,0,music,-,ATADD_T2_Train_127723.flac
/root/atadd_track2_subset_v3/train/ATADD_T2_Train_127724.flac,0,music,-,ATADD_T2_Train_127724.flac
/root/atadd_track2_subset_v3/train/ATADD_T2_Train_127726.flac,0,music,-,ATADD_T2_Train_127726.flac
/root/atadd_track2_subset_v3/train/ATADD_T2_Train_127727.flac,0,music,-,ATADD_T2_Train_127727.flac
/root/atadd_track2_subset_v3/train/ATADD_T2_Train_127729.flac,0,music,-,ATADD_T2_Train_127729.flac
/root/atadd_track2_subset_v3/train/ATADD_T2_Train_127730.flac,0,music,-,ATADD_T2_Train_127730.flac
/root/atadd_track2_subset_v3/train/ATADD_T2_Train_127731.flac,0,music,-,ATADD_T2_Train_127731.flac
/root/atadd_track2_subset_v3/train/ATADD_T2_Train_127732.flac,0,music,-,ATADD_T2_Train_127732.flac
/root/atadd_track2_subset_v3/train/ATADD_T2_Train_127734.flac,0,music,-,ATADD_T2_Train_127734.flac
/root/atadd_track2_subset_v3/train/ATADD_T2_Train_127735.flac,0,music,-,ATADD_T2_Train_127735.flac
/root/atadd_track2_subset_v3/train/ATADD_T2_Train_127736.flac,0,music,-,ATADD_T2_Train_127736.flac
/root/atadd_track2_subset_v3/train/ATADD_T2_Train_127737.flac,0,music,-,ATADD_T2_Train_127737.flac
/root/atadd_track2_subset_v3/train/ATADD_T2_Train_127738.flac,0,music,-,ATADD_T2_Train_127738.flac
/root/atadd_track2_subset_v3/train/ATADD_T2_Train_127739.flac,0,music,-,ATADD_T2_Train_127739.flac
/root/atadd_track2_subset_v3/train/ATADD_T2_Train_127740.flac,0,music,-,ATADD_T2_Train_127740.flac
/root/atadd_track2_subset_v3/train/ATADD_T2_Train_127741.flac,0,music,-,ATADD_T2_Train_127741.flac
/root/atadd_track2_subset_v3/train/ATADD_T2_Train_127743.flac,0,music,-,ATADD_T2_Train_127743.flac
/root/atadd_track2_subset_v3/train/ATADD_T2_Train_127744.flac,0,music,-,ATADD_T2_Train_127744.flac
/root/atadd_track2_subset_v3/train/ATADD_T2_Train_127745.flac,0,music,-,ATADD_T2_Train_127745.flac
/root/atadd_track2_subset_v3/train/ATADD_T2_Train_127746.flac,0,music,-,ATADD_T2_Train_127746.flac
/root/atadd_track2_subset_v3/train/ATADD_T2_Train_127747.flac,0,music,-,ATADD_T2_Train_127747.flac
/root/atadd_track2_subset_v3/train/ATADD_T2_Train_127748.flac,0,music,-,ATADD_T2_Train_127748.flac
/root/atadd_track2_subset_v3/train/ATADD_T2_Train_127749.flac,0,music,-,ATADD_T2_Train_127749.flac
/root/atadd_track2_subset_v3/train/ATADD_T2_Train_127750.flac,0,music,-,ATADD_T2_Train_127750.flac
/root/atadd_track2_subset_v3/train/ATADD_T2_Train_127751.flac,0,music,-,ATADD_T2_Train_127751.flac
/root/atadd_track2_subset_v3/train/ATADD_T2_Train_127752.flac,0,music,-,ATADD_T2_Train_127752.flac
/root/atadd_track2_subset_v3/train/ATADD_T2_Train_127753.flac,0,music,-,ATADD_T2_Train_127753.flac
/root/atadd_track2_subset_v3/train/ATADD_T2_Train_127754.flac,0,music,-,ATADD_T2_Train_127754.flac
/root/atadd_track2_subset_v3/train/ATADD_T2_Train_127755.flac,0,music,-,ATADD_T2_Train_127755.flac
/root/atadd_track2_subset_v3/train/ATADD_T2_Train_127756.flac,0,music,-,ATADD_T2_Train_127756.flac
/root/atadd_track2_subset_v3/train/ATADD_T2_Train_127757.flac,0,music,-,ATADD_T2_Train_127757.flac
/root/atadd_track2_subset_v3/train/ATADD_T2_Train_127758.flac,0,music,-,ATADD_T2_Train_127758.flac
/root/atadd_track2_subset_v3/train/ATADD_T2_Train_127759.flac,0,music,-,ATADD_T2_Train_127759.flac
/root/atadd_track2_subset_v3/train/ATADD_T2_Train_127760.flac,0,music,-,ATADD_T2_Train_127760.flac
/root/atadd_track2_subset_v3/train/ATADD_T2_Train_127761.flac,0,music,-,ATADD_T2_Train_127761.flac
/root/atadd_track2_subset_v3/train/ATADD_T2_Train_127762.flac,0,music,-,ATADD_T2_Train_127762.flac
/root/atadd_track2_subset_v3/train/ATADD_T2_Train_127763.flac,0,music,-,ATADD_T2_Train_127763.flac
/root/atadd_track2_subset_v3/train/ATADD_T2_Train_127764.flac,0,music,-,ATADD_T2_Train_127764.flac
/root/atadd_track2_subset_v3/train/ATADD_T2_Train_127765.flac,0,music,-,ATADD_T2_Train_127765.flac
/root/atadd_track2_subset_v3/train/ATADD_T2_Train_127766.flac,0,music,-,ATADD_T2_Train_127766.flac
/root/atadd_track2_subset_v3/train/ATADD_T2_Train_127767.flac,0,music,-,ATADD_T2_Train_127767.flac
/root/atadd_track2_subset_v3/train/ATADD_T2_Train_127768.flac,0,music,-,ATADD_T2_Train_127768.flac
/root/atadd_track2_subset_v3/train/ATADD_T2_Train_127769.flac,0,music,-,ATADD_T2_Train_127769.flac
/root/atadd_track2_subset_v3/train/ATADD_T2_Train_127770.flac,0,music,-,ATADD_T2_Train_127770.flac
/root/atadd_track2_subset_v3/train/ATADD_T2_Train_127771.flac,0,music,-,ATADD_T2_Train_127771.flac
/root/atadd_track2_subset_v3/train/ATADD_T2_Train_127772.flac,0,music,-,ATADD_T2_Train_127772.flac
/root/atadd_track2_subset_v3/train/ATADD_T2_Train_127773.flac,0,music,-,ATADD_T2_Train_127773.flac
/root/atadd_track2_subset_v3/train/ATADD_T2_Train_127774.flac,0,music,-,ATADD_T2_Train_127774.flac
/root/atadd_track2_subset_v3/train/ATADD_T2_Train_127775.flac,0,music,-,ATADD_T2_Train_127775.flac
/root/atadd_track2_subset_v3/train/ATADD_T2_Train_127776.flac,0,music,-,ATADD_T2_Train_127776.flac
/root/atadd_track2_subset_v3/train/ATADD_T2_Train_127778.flac,0,music,-,ATADD_T2_Train_127778.flac
/root/atadd_track2_subset_v3/train/ATADD_T2_Train_127779.flac,0,music,-,ATADD_T2_Train_127779.flac
/root/atadd_track2_subset_v3/train/ATADD_T2_Train_127780.flac,0,music,-,ATADD_T2_Train_127780.flac
/root/atadd_track2_subset_v3/train/ATADD_T2_Train_127781.flac,0,music,-,ATADD_T2_Train_127781.flac
/root/atadd_track2_subset_v3/train/ATADD_T2_Train_127782.flac,0,music,-,ATADD_T2_Train_127782.flac
/root/atadd_track2_subset_v3/train/ATADD_T2_Train_127783.flac,0,music,-,ATADD_T2_Train_127783.flac
/root/atadd_track2_subset_v3/train/ATADD_T2_Train_127784.flac,0,music,-,ATADD_T2_Train_127784.flac
/root/atadd_track2_subset_v3/train/ATADD_T2_Train_127785.flac,0,music,-,ATADD_T2_Train_127785.flac
/root/atadd_track2_subset_v3/train/ATADD_T2_Train_127786.flac,0,music,-,ATADD_T2_Train_127786.flac
/root/atadd_track2_subset_v3/train/ATADD_T2_Train_127787.flac,0,music,-,ATADD_T2_Train_127787.flac
/root/atadd_track2_subset_v3/train/ATADD_T2_Train_127788.flac,0,music,-,ATADD_T2_Train_127788.flac
/root/atadd_track2_subset_v3/train/ATADD_T2_Train_127789.flac,0,music,-,ATADD_T2_Train_127789.flac
/root/atadd_track2_subset_v3/train/ATADD_T2_Train_127790.flac,0,music,-,ATADD_T2_Train_127790.flac
/root/atadd_track2_subset_v3/train/ATADD_T2_Train_127791.flac,0,music,-,ATADD_T2_Train_127791.flac
/root/atadd_track2_subset_v3/train/ATADD_T2_Train_127792.flac,0,music,-,ATADD_T2_Train_127792.flac
/root/atadd_track2_subset_v3/train/ATADD_T2_Train_127793.flac,0,music,-,ATADD_T2_Train_127793.flac
/root/atadd_track2_subset_v3/train/ATADD_T2_Train_127794.flac,0,music,-,ATADD_T2_Train_127794.flac
/root/atadd_track2_subset_v3/train/ATADD_T2_Train_127795.flac,0,music,-,ATADD_T2_Train_127795.flac
/root/atadd_track2_subset_v3/train/ATADD_T2_Train_127796.flac,0,music,-,ATADD_T2_Train_127796.flac
/root/atadd_track2_subset_v3/train/ATADD_T2_Train_127797.flac,0,music,-,ATADD_T2_Train_127797.flac
/root/atadd_track2_subset_v3/train/ATADD_T2_Train_127798.flac,0,music,-,ATADD_T2_Train_127798.flac
/root/atadd_track2_subset_v3/train/ATADD_T2_Train_127799.flac,0,music,-,ATADD_T2_Train_127799.flac
/root/atadd_track2_subset_v3/train/ATADD_T2_Train_127800.flac,0,music,-,ATADD_T2_Train_127800.flac
/root/atadd_track2_subset_v3/train/ATADD_T2_Train_127801.flac,0,music,-,ATADD_T2_Train_127801.flac
/root/atadd_track2_subset_v3/train/ATADD_T2_Train_127802.flac,0,music,-,ATADD_T2_Train_127802.flac
/root/atadd_track2_subset_v3/train/ATADD_T2_Train_127803.flac,0,music,-,ATADD_T2_Train_127803.flac
/root/atadd_track2_subset_v3/train/ATADD_T2_Train_127804.flac,0,music,-,ATADD_T2_Train_127804.flac
/root/atadd_track2_subset_v3/train/ATADD_T2_Train_127806.flac,0,music,-,ATADD_T2_Train_127806.flac
/root/atadd_track2_subset_v3/train/ATADD_T2_Train_127807.flac,0,music,-,ATADD_T2_Train_127807.flac
/root/atadd_track2_subset_v3/train/ATADD_T2_Train_127808.flac,0,music,-,ATADD_T2_Train_127808.flac
/root/atadd_track2_subset_v3/train/ATADD_T2_Train_127809.flac,0,music,-,ATADD_T2_Train_127809.flac
/root/atadd_track2_subset_v3/train/ATADD_T2_Train_127811.flac,0,music,-,ATADD_T2_Train_127811.flac
/root/atadd_track2_subset_v3/train/ATADD_T2_Train_127812.flac,0,music,-,ATADD_T2_Train_127812.flac
/root/atadd_track2_subset_v3/train/ATADD_T2_Train_127813.flac,0,music,-,ATADD_T2_Train_127813.flac
/root/atadd_track2_subset_v3/train/ATADD_T2_Train_127814.flac,0,music,-,ATADD_T2_Train_127814.flac
/root/atadd_track2_subset_v3/train/ATADD_T2_Train_127815.flac,0,music,-,ATADD_T2_Train_127815.flac
/root/atadd_track2_subset_v3/train/ATADD_T2_Train_127816.flac,0,music,-,ATADD_T2_Train_127816.flac
/root/atadd_track2_subset_v3/train/ATADD_T2_Train_127817.flac,0,music,-,ATADD_T2_Train_127817.flac
/root/atadd_track2_subset_v3/train/ATADD_T2_Train_127818.flac,0,music,-,ATADD_T2_Train_127818.flac
/root/atadd_track2_subset_v3/train/ATADD_T2_Train_127819.flac,0,music,-,ATADD_T2_Train_127819.flac
/root/atadd_track2_subset_v3/train/ATADD_T2_Train_127820.flac,0,music,-,ATADD_T2_Train_127820.flac
/root/atadd_track2_subset_v3/train/ATADD_T2_Train_127821.flac,0,music,-,ATADD_T2_Train_127821.flac
/root/atadd_track2_subset_v3/train/ATADD_T2_Train_127822.flac,0,music,-,ATADD_T2_Train_127822.flac
/root/atadd_track2_subset_v3/train/ATADD_T2_Train_127823.flac,0,music,-,ATADD_T2_Train_127823.flac
/root/atadd_track2_subset_v3/train/ATADD_T2_Train_127824.flac,0,music,-,ATADD_T2_Train_127824.flac
/root/atadd_track2_subset_v3/train/ATADD_T2_Train_127826.flac,0,music,-,ATADD_T2_Train_127826.flac
/root/atadd_track2_subset_v3/train/ATADD_T2_Train_127827.flac,0,music,-,ATADD_T2_Train_127827.flac
/root/atadd_track2_subset_v3/train/ATADD_T2_Train_127828.flac,0,music,-,ATADD_T2_Train_127828.flac
/root/atadd_track2_subset_v3/train/ATADD_T2_Train_127829.flac,0,music,-,ATADD_T2_Train_127829.flac
/root/atadd_track2_subset_v3/train/ATADD_T2_Train_127830.flac,0,music,-,ATADD_T2_Train_127830.flac
/root/atadd_track2_subset_v3/train/ATADD_T2_Train_127831.flac,0,music,-,ATADD_T2_Train_127831.flac
/root/atadd_track2_subset_v3/train/ATADD_T2_Train_127832.flac,0,music,-,ATADD_T2_Train_127832.flac
/root/atadd_track2_subset_v3/train/ATADD_T2_Train_127833.flac,0,music,-,ATADD_T2_Train_127833.flac
/root/atadd_track2_subset_v3/train/ATADD_T2_Train_127834.flac,0,music,-,ATADD_T2_Train_127834.flac
/root/atadd_track2_subset_v3/train/ATADD_T2_Train_127835.flac,0,music,-,ATADD_T2_Train_127835.flac
/root/atadd_track2_subset_v3/train/ATADD_T2_Train_127836.flac,0,music,-,ATADD_T2_Train_127836.flac
/root/atadd_track2_subset_v3/train/ATADD_T2_Train_127837.flac,0,music,-,ATADD_T2_Train_127837.flac
/root/atadd_track2_subset_v3/train/ATADD_T2_Train_127838.flac,0,music,-,ATADD_T2_Train_127838.flac
/root/atadd_track2_subset_v3/train/ATADD_T2_Train_127839.flac,0,music,-,ATADD_T2_Train_127839.flac
/root/atadd_track2_subset_v3/train/ATADD_T2_Train_127840.flac,0,music,-,ATADD_T2_Train_127840.flac
/root/atadd_track2_subset_v3/train/ATADD_T2_Train_127841.flac,0,music,-,ATADD_T2_Train_127841.flac
/root/atadd_track2_subset_v3/train/ATADD_T2_Train_127843.flac,0,music,-,ATADD_T2_Train_127843.flac
/root/atadd_track2_subset_v3/train/ATADD_T2_Train_127844.flac,0,music,-,ATADD_T2_Train_127844.flac
/root/atadd_track2_subset_v3/train/ATADD_T2_Train_127845.flac,0,music,-,ATADD_T2_Train_127845.flac
/root/atadd_track2_subset_v3/train/ATADD_T2_Train_127846.flac,0,music,-,ATADD_T2_Train_127846.flac
/root/atadd_track2_subset_v3/train/ATADD_T2_Train_127847.flac,0,music,-,ATADD_T2_Train_127847.flac
/root/atadd_track2_subset_v3/train/ATADD_T2_Train_127848.flac,0,music,-,ATADD_T2_Train_127848.flac
/root/atadd_track2_subset_v3/train/ATADD_T2_Train_127849.flac,0,music,-,ATADD_T2_Train_127849.flac
/root/atadd_track2_subset_v3/train/ATADD_T2_Train_127850.flac,0,music,-,ATADD_T2_Train_127850.flac
/root/atadd_track2_subset_v3/train/ATADD_T2_Train_127851.flac,0,music,-,ATADD_T2_Train_127851.flac
/root/atadd_track2_subset_v3/train/ATADD_T2_Train_127852.flac,0,music,-,ATADD_T2_Train_127852.flac
/root/atadd_track2_subset_v3/train/ATADD_T2_Train_127853.flac,0,music,-,ATADD_T2_Train_127853.flac
/root/atadd_track2_subset_v3/train/ATADD_T2_Train_127854.flac,0,music,-,ATADD_T2_Train_127854.flac
/root/atadd_track2_subset_v3/train/ATADD_T2_Train_127855.flac,0,music,-,ATADD_T2_Train_127855.flac
/root/atadd_track2_subset_v3/train/ATADD_T2_Train_127857.flac,0,music,-,ATADD_T2_Train_127857.flac
/root/atadd_track2_subset_v3/train/ATADD_T2_Train_127858.flac,0,music,-,ATADD_T2_Train_127858.flac
/root/atadd_track2_subset_v3/train/ATADD_T2_Train_127859.flac,0,music,-,ATADD_T2_Train_127859.flac
/root/atadd_track2_subset_v3/train/ATADD_T2_Train_127860.flac,0,music,-,ATADD_T2_Train_127860.flac
/root/atadd_track2_subset_v3/train/ATADD_T2_Train_127861.flac,0,music,-,ATADD_T2_Train_127861.flac
/root/atadd_track2_subset_v3/train/ATADD_T2_Train_127862.flac,0,music,-,ATADD_T2_Train_127862.flac
/root/atadd_track2_subset_v3/train/ATADD_T2_Train_127863.flac,0,music,-,ATADD_T2_Train_127863.flac
/root/atadd_track2_subset_v3/train/ATADD_T2_Train_127865.flac,0,music,-,ATADD_T2_Train_127865.flac
/root/atadd_track2_subset_v3/train/ATADD_T2_Train_127866.flac,0,music,-,ATADD_T2_Train_127866.flac
/root/atadd_track2_subset_v3/train/ATADD_T2_Train_127867.flac,0,music,-,ATADD_T2_Train_127867.flac
/root/atadd_track2_subset_v3/train/ATADD_T2_Train_127870.flac,0,music,-,ATADD_T2_Train_127870.flac
/root/atadd_track2_subset_v3/train/ATADD_T2_Train_127871.flac,0,music,-,ATADD_T2_Train_127871.flac
/root/atadd_track2_subset_v3/train/ATADD_T2_Train_127872.flac,0,music,-,ATADD_T2_Train_127872.flac
/root/atadd_track2_subset_v3/train/ATADD_T2_Train_127873.flac,0,music,-,ATADD_T2_Train_127873.flac
/root/atadd_track2_subset_v3/train/ATADD_T2_Train_127874.flac,0,music,-,ATADD_T2_Train_127874.flac
/root/atadd_track2_subset_v3/train/ATADD_T2_Train_127875.flac,0,music,-,ATADD_T2_Train_127875.flac
/root/atadd_track2_subset_v3/train/ATADD_T2_Train_127876.flac,0,music,-,ATADD_T2_Train_127876.flac
/root/atadd_track2_subset_v3/train/ATADD_T2_Train_127877.flac,0,music,-,ATADD_T2_Train_127877.flac
/root/atadd_track2_subset_v3/train/ATADD_T2_Train_127878.flac,0,music,-,ATADD_T2_Train_127878.flac
/root/atadd_track2_subset_v3/train/ATADD_T2_Train_127879.flac,0,music,-,ATADD_T2_Train_127879.flac
/root/atadd_track2_subset_v3/train/ATADD_T2_Train_127880.flac,0,music,-,ATADD_T2_Train_127880.flac
/root/atadd_track2_subset_v3/train/ATADD_T2_Train_127881.flac,0,music,-,ATADD_T2_Train_127881.flac
/root/atadd_track2_subset_v3/train/ATADD_T2_Train_127883.flac,0,music,-,ATADD_T2_Train_127883.flac
/root/atadd_track2_subset_v3/train/ATADD_T2_Train_127884.flac,0,music,-,ATADD_T2_Train_127884.flac
/root/atadd_track2_subset_v3/train/ATADD_T2_Train_127885.flac,0,music,-,ATADD_T2_Train_127885.flac
/root/atadd_track2_subset_v3/train/ATADD_T2_Train_127887.flac,0,music,-,ATADD_T2_Train_127887.flac
/root/atadd_track2_subset_v3/train/ATADD_T2_Train_127888.flac,0,music,-,ATADD_T2_Train_127888.flac
/root/atadd_track2_subset_v3/train/ATADD_T2_Train_127889.flac,0,music,-,ATADD_T2_Train_127889.flac
/root/atadd_track2_subset_v3/train/ATADD_T2_Train_127891.flac,0,music,-,ATADD_T2_Train_127891.flac
/root/atadd_track2_subset_v3/train/ATADD_T2_Train_127892.flac,0,music,-,ATADD_T2_Train_127892.flac
/root/atadd_track2_subset_v3/train/ATADD_T2_Train_127893.flac,0,music,-,ATADD_T2_Train_127893.flac
/root/atadd_track2_subset_v3/train/ATADD_T2_Train_127894.flac,0,music,-,ATADD_T2_Train_127894.flac
/root/atadd_track2_subset_v3/train/ATADD_T2_Train_127895.flac,0,music,-,ATADD_T2_Train_127895.flac
/root/atadd_track2_subset_v3/train/ATADD_T2_Train_127896.flac,0,music,-,ATADD_T2_Train_127896.flac
/root/atadd_track2_subset_v3/train/ATADD_T2_Train_127897.flac,0,music,-,ATADD_T2_Train_127897.flac
/root/atadd_track2_subset_v3/train/ATADD_T2_Train_127898.flac,0,music,-,ATADD_T2_Train_127898.flac
/root/atadd_track2_subset_v3/train/ATADD_T2_Train_127899.flac,0,music,-,ATADD_T2_Train_127899.flac
/root/atadd_track2_subset_v3/train/ATADD_T2_Train_127900.flac,0,music,-,ATADD_T2_Train_127900.flac
/root/atadd_track2_subset_v3/train/ATADD_T2_Train_127903.flac,0,music,-,ATADD_T2_Train_127903.flac
/root/atadd_track2_subset_v3/train/ATADD_T2_Train_127904.flac,0,music,-,ATADD_T2_Train_127904.flac
/root/atadd_track2_subset_v3/train/ATADD_T2_Train_127905.flac,0,music,-,ATADD_T2_Train_127905.flac
/root/atadd_track2_subset_v3/train/ATADD_T2_Train_127906.flac,0,music,-,ATADD_T2_Train_127906.flac
/root/atadd_track2_subset_v3/train/ATADD_T2_Train_127907.flac,0,music,-,ATADD_T2_Train_127907.flac
/root/atadd_track2_subset_v3/train/ATADD_T2_Train_127908.flac,0,music,-,ATADD_T2_Train_127908.flac
/root/atadd_track2_subset_v3/train/ATADD_T2_Train_127909.flac,0,music,-,ATADD_T2_Train_127909.flac
/root/atadd_track2_subset_v3/train/ATADD_T2_Train_127910.flac,0,music,-,ATADD_T2_Train_127910.flac
/root/atadd_track2_subset_v3/train/ATADD_T2_Train_127911.flac,0,music,-,ATADD_T2_Train_127911.flac
/root/atadd_track2_subset_v3/train/ATADD_T2_Train_127912.flac,0,music,-,ATADD_T2_Train_127912.flac
/root/atadd_track2_subset_v3/train/ATADD_T2_Train_127913.flac,0,music,-,ATADD_T2_Train_127913.flac
/root/atadd_track2_subset_v3/train/ATADD_T2_Train_127914.flac,0,music,-,ATADD_T2_Train_127914.flac
/root/atadd_track2_subset_v3/train/ATADD_T2_Train_127915.flac,0,music,-,ATADD_T2_Train_127915.flac
/root/atadd_track2_subset_v3/train/ATADD_T2_Train_127916.flac,0,music,-,ATADD_T2_Train_127916.flac
/root/atadd_track2_subset_v3/train/ATADD_T2_Train_127917.flac,0,music,-,ATADD_T2_Train_127917.flac
/root/atadd_track2_subset_v3/train/ATADD_T2_Train_127918.flac,0,music,-,ATADD_T2_Train_127918.flac
/root/atadd_track2_subset_v3/train/ATADD_T2_Train_127919.flac,0,music,-,ATADD_T2_Train_127919.flac
/root/atadd_track2_subset_v3/train/ATADD_T2_Train_127920.flac,0,music,-,ATADD_T2_Train_127920.flac
/root/atadd_track2_subset_v3/train/ATADD_T2_Train_127922.flac,0,music,-,ATADD_T2_Train_127922.flac
/root/atadd_track2_subset_v3/train/ATADD_T2_Train_127923.flac,0,music,-,ATADD_T2_Train_127923.flac
/root/atadd_track2_subset_v3/train/ATADD_T2_Train_127924.flac,0,music,-,ATADD_T2_Train_127924.flac
/root/atadd_track2_subset_v3/train/ATADD_T2_Train_127925.flac,0,music,-,ATADD_T2_Train_127925.flac
/root/atadd_track2_subset_v3/train/ATADD_T2_Train_127926.flac,0,music,-,ATADD_T2_Train_127926.flac
/root/atadd_track2_subset_v3/train/ATADD_T2_Train_127927.flac,0,music,-,ATADD_T2_Train_127927.flac
/root/atadd_track2_subset_v3/train/ATADD_T2_Train_127929.flac,0,music,-,ATADD_T2_Train_127929.flac
/root/atadd_track2_subset_v3/train/ATADD_T2_Train_127930.flac,0,music,-,ATADD_T2_Train_127930.flac
/root/atadd_track2_subset_v3/train/ATADD_T2_Train_127931.flac,0,music,-,ATADD_T2_Train_127931.flac
/root/atadd_track2_subset_v3/train/ATADD_T2_Train_127932.flac,0,music,-,ATADD_T2_Train_127932.flac
/root/atadd_track2_subset_v3/train/ATADD_T2_Train_127933.flac,0,music,-,ATADD_T2_Train_127933.flac
/root/atadd_track2_subset_v3/train/ATADD_T2_Train_127934.flac,0,music,-,ATADD_T2_Train_127934.flac
/root/atadd_track2_subset_v3/train/ATADD_T2_Train_127936.flac,0,music,-,ATADD_T2_Train_127936.flac
/root/atadd_track2_subset_v3/train/ATADD_T2_Train_127937.flac,0,music,-,ATADD_T2_Train_127937.flac
/root/atadd_track2_subset_v3/train/ATADD_T2_Train_127938.flac,0,music,-,ATADD_T2_Train_127938.flac
/root/atadd_track2_subset_v3/train/ATADD_T2_Train_127939.flac,0,music,-,ATADD_T2_Train_127939.flac
/root/atadd_track2_subset_v3/train/ATADD_T2_Train_127940.flac,0,music,-,ATADD_T2_Train_127940.flac
/root/atadd_track2_subset_v3/train/ATADD_T2_Train_127941.flac,0,music,-,ATADD_T2_Train_127941.flac
/root/atadd_track2_subset_v3/train/ATADD_T2_Train_127942.flac,0,music,-,ATADD_T2_Train_127942.flac
/root/atadd_track2_subset_v3/train/ATADD_T2_Train_127943.flac,0,music,-,ATADD_T2_Train_127943.flac
/root/atadd_track2_subset_v3/train/ATADD_T2_Train_127944.flac,0,music,-,ATADD_T2_Train_127944.flac
/root/atadd_track2_subset_v3/train/ATADD_T2_Train_127945.flac,0,music,-,ATADD_T2_Train_127945.flac
/root/atadd_track2_subset_v3/train/ATADD_T2_Train_127946.flac,0,music,-,ATADD_T2_Train_127946.flac
/root/atadd_track2_subset_v3/train/ATADD_T2_Train_127947.flac,0,music,-,ATADD_T2_Train_127947.flac
/root/atadd_track2_subset_v3/train/ATADD_T2_Train_127948.flac,0,music,-,ATADD_T2_Train_127948.flac
/root/atadd_track2_subset_v3/train/ATADD_T2_Train_127949.flac,0,music,-,ATADD_T2_Train_127949.flac
/root/atadd_track2_subset_v3/train/ATADD_T2_Train_127950.flac,0,music,-,ATADD_T2_Train_127950.flac
/root/atadd_track2_subset_v3/train/ATADD_T2_Train_127951.flac,0,music,-,ATADD_T2_Train_127951.flac
/root/atadd_track2_subset_v3/train/ATADD_T2_Train_127953.flac,0,music,-,ATADD_T2_Train_127953.flac
/root/atadd_track2_subset_v3/train/ATADD_T2_Train_127954.flac,0,music,-,ATADD_T2_Train_127954.flac
/root/atadd_track2_subset_v3/train/ATADD_T2_Train_127955.flac,0,music,-,ATADD_T2_Train_127955.flac
/root/atadd_track2_subset_v3/train/ATADD_T2_Train_127956.flac,0,music,-,ATADD_T2_Train_127956.flac
/root/atadd_track2_subset_v3/train/ATADD_T2_Train_127958.flac,0,music,-,ATADD_T2_Train_127958.flac
/root/atadd_track2_subset_v3/train/ATADD_T2_Train_127959.flac,0,music,-,ATADD_T2_Train_127959.flac
/root/atadd_track2_subset_v3/train/ATADD_T2_Train_127961.flac,0,music,-,ATADD_T2_Train_127961.flac
/root/atadd_track2_subset_v3/train/ATADD_T2_Train_127962.flac,0,music,-,ATADD_T2_Train_127962.flac
/root/atadd_track2_subset_v3/train/ATADD_T2_Train_127963.flac,0,music,-,ATADD_T2_Train_127963.flac
/root/atadd_track2_subset_v3/train/ATADD_T2_Train_127964.flac,0,music,-,ATADD_T2_Train_127964.flac
/root/atadd_track2_subset_v3/train/ATADD_T2_Train_127965.flac,0,music,-,ATADD_T2_Train_127965.flac
/root/atadd_track2_subset_v3/train/ATADD_T2_Train_127966.flac,0,music,-,ATADD_T2_Train_127966.flac
/root/atadd_track2_subset_v3/train/ATADD_T2_Train_127967.flac,0,music,-,ATADD_T2_Train_127967.flac
/root/atadd_track2_subset_v3/train/ATADD_T2_Train_127968.flac,0,music,-,ATADD_T2_Train_127968.flac
/root/atadd_track2_subset_v3/train/ATADD_T2_Train_127969.flac,0,music,-,ATADD_T2_Train_127969.flac
/root/atadd_track2_subset_v3/train/ATADD_T2_Train_127971.flac,0,music,-,ATADD_T2_Train_127971.flac
/root/atadd_track2_subset_v3/train/ATADD_T2_Train_127972.flac,0,music,-,ATADD_T2_Train_127972.flac
/root/atadd_track2_subset_v3/train/ATADD_T2_Train_127973.flac,0,music,-,ATADD_T2_Train_127973.flac
/root/atadd_track2_subset_v3/train/ATADD_T2_Train_127975.flac,0,music,-,ATADD_T2_Train_127975.flac
/root/atadd_track2_subset_v3/train/ATADD_T2_Train_127976.flac,0,music,-,ATADD_T2_Train_127976.flac
/root/atadd_track2_subset_v3/train/ATADD_T2_Train_127977.flac,0,music,-,ATADD_T2_Train_127977.flac
/root/atadd_track2_subset_v3/train/ATADD_T2_Train_127978.flac,0,music,-,ATADD_T2_Train_127978.flac
/root/atadd_track2_subset_v3/train/ATADD_T2_Train_127979.flac,0,music,-,ATADD_T2_Train_127979.flac
/root/atadd_track2_subset_v3/train/ATADD_T2_Train_127980.flac,0,music,-,ATADD_T2_Train_127980.flac
/root/atadd_track2_subset_v3/train/ATADD_T2_Train_127981.flac,0,music,-,ATADD_T2_Train_127981.flac
/root/atadd_track2_subset_v3/train/ATADD_T2_Train_127982.flac,0,music,-,ATADD_T2_Train_127982.flac
/root/atadd_track2_subset_v3/train/ATADD_T2_Train_127984.flac,0,music,-,ATADD_T2_Train_127984.flac
/root/atadd_track2_subset_v3/train/ATADD_T2_Train_127985.flac,0,music,-,ATADD_T2_Train_127985.flac
/root/atadd_track2_subset_v3/train/ATADD_T2_Train_127987.flac,0,music,-,ATADD_T2_Train_127987.flac
/root/atadd_track2_subset_v3/train/ATADD_T2_Train_127988.flac,0,music,-,ATADD_T2_Train_127988.flac
/root/atadd_track2_subset_v3/train/ATADD_T2_Train_127989.flac,0,music,-,ATADD_T2_Train_127989.flac
/root/atadd_track2_subset_v3/train/ATADD_T2_Train_127990.flac,0,music,-,ATADD_T2_Train_127990.flac
/root/atadd_track2_subset_v3/train/ATADD_T2_Train_127991.flac,0,music,-,ATADD_T2_Train_127991.flac
/root/atadd_track2_subset_v3/train/ATADD_T2_Train_127992.flac,0,music,-,ATADD_T2_Train_127992.flac
/root/atadd_track2_subset_v3/train/ATADD_T2_Train_127993.flac,0,music,-,ATADD_T2_Train_127993.flac
/root/atadd_track2_subset_v3/train/ATADD_T2_Train_127994.flac,0,music,-,ATADD_T2_Train_127994.flac
/root/atadd_track2_subset_v3/train/ATADD_T2_Train_127995.flac,0,music,-,ATADD_T2_Train_127995.flac
/root/atadd_track2_subset_v3/train/ATADD_T2_Train_127996.flac,0,music,-,ATADD_T2_Train_127996.flac
/root/atadd_track2_subset_v3/train/ATADD_T2_Train_127997.flac,0,music,-,ATADD_T2_Train_127997.flac
/root/atadd_track2_subset_v3/train/ATADD_T2_Train_127998.flac,0,music,-,ATADD_T2_Train_127998.flac
/root/atadd_track2_subset_v3/train/ATADD_T2_Train_127999.flac,0,music,-,ATADD_T2_Train_127999.flac
/root/atadd_track2_subset_v3/train/ATADD_T2_Train_128000.flac,0,music,-,ATADD_T2_Train_128000.flac
/root/atadd_track2_subset_v3/train/ATADD_T2_Train_128001.flac,0,music,-,ATADD_T2_Train_128001.flac
/root/atadd_track2_subset_v3/train/ATADD_T2_Train_128002.flac,0,music,-,ATADD_T2_Train_128002.flac
/root/atadd_track2_subset_v3/train/ATADD_T2_Train_128003.flac,0,music,-,ATADD_T2_Train_128003.flac
/root/atadd_track2_subset_v3/train/ATADD_T2_Train_128004.flac,0,music,-,ATADD_T2_Train_128004.flac
/root/atadd_track2_subset_v3/train/ATADD_T2_Train_128005.flac,0,music,-,ATADD_T2_Train_128005.flac
/root/atadd_track2_subset_v3/train/ATADD_T2_Train_128006.flac,0,music,-,ATADD_T2_Train_128006.flac
/root/atadd_track2_subset_v3/train/ATADD_T2_Train_128007.flac,0,music,-,ATADD_T2_Train_128007.flac
/root/atadd_track2_subset_v3/train/ATADD_T2_Train_128008.flac,0,music,-,ATADD_T2_Train_128008.flac
/root/atadd_track2_subset_v3/train/ATADD_T2_Train_128009.flac,0,music,-,ATADD_T2_Train_128009.flac
/root/atadd_track2_subset_v3/train/ATADD_T2_Train_128010.flac,0,music,-,ATADD_T2_Train_128010.flac
/root/atadd_track2_subset_v3/train/ATADD_T2_Train_128011.flac,0,music,-,ATADD_T2_Train_128011.flac
/root/atadd_track2_subset_v3/train/ATADD_T2_Train_128012.flac,0,music,-,ATADD_T2_Train_128012.flac
/root/atadd_track2_subset_v3/train/ATADD_T2_Train_128013.flac,0,music,-,ATADD_T2_Train_128013.flac
/root/atadd_track2_subset_v3/train/ATADD_T2_Train_128014.flac,0,music,-,ATADD_T2_Train_128014.flac
/root/atadd_track2_subset_v3/train/ATADD_T2_Train_128015.flac,0,music,-,ATADD_T2_Train_128015.flac
/root/atadd_track2_subset_v3/train/ATADD_T2_Train_128017.flac,0,music,-,ATADD_T2_Train_128017.flac
/root/atadd_track2_subset_v3/train/ATADD_T2_Train_128018.flac,0,music,-,ATADD_T2_Train_128018.flac
/root/atadd_track2_subset_v3/train/ATADD_T2_Train_128019.flac,0,music,-,ATADD_T2_Train_128019.flac
/root/atadd_track2_subset_v3/train/ATADD_T2_Train_128020.flac,0,music,-,ATADD_T2_Train_128020.flac
/root/atadd_track2_subset_v3/train/ATADD_T2_Train_128021.flac,0,music,-,ATADD_T2_Train_128021.flac
/root/atadd_track2_subset_v3/train/ATADD_T2_Train_128023.flac,0,music,-,ATADD_T2_Train_128023.flac
/root/atadd_track2_subset_v3/train/ATADD_T2_Train_128024.flac,0,music,-,ATADD_T2_Train_128024.flac
/root/atadd_track2_subset_v3/train/ATADD_T2_Train_128025.flac,0,music,-,ATADD_T2_Train_128025.flac
/root/atadd_track2_subset_v3/train/ATADD_T2_Train_128026.flac,0,music,-,ATADD_T2_Train_128026.flac
/root/atadd_track2_subset_v3/train/ATADD_T2_Train_128027.flac,0,music,-,ATADD_T2_Train_128027.flac
/root/atadd_track2_subset_v3/train/ATADD_T2_Train_128028.flac,0,music,-,ATADD_T2_Train_128028.flac
/root/atadd_track2_subset_v3/train/ATADD_T2_Train_128029.flac,0,music,-,ATADD_T2_Train_128029.flac
/root/atadd_track2_subset_v3/train/ATADD_T2_Train_128030.flac,0,music,-,ATADD_T2_Train_128030.flac
/root/atadd_track2_subset_v3/train/ATADD_T2_Train_128031.flac,0,music,-,ATADD_T2_Train_128031.flac
/root/atadd_track2_subset_v3/train/ATADD_T2_Train_128032.flac,0,music,-,ATADD_T2_Train_128032.flac
/root/atadd_track2_subset_v3/train/ATADD_T2_Train_128033.flac,0,music,-,ATADD_T2_Train_128033.flac
/root/atadd_track2_subset_v3/train/ATADD_T2_Train_128034.flac,0,music,-,ATADD_T2_Train_128034.flac
/root/atadd_track2_subset_v3/train/ATADD_T2_Train_128035.flac,0,music,-,ATADD_T2_Train_128035.flac
/root/atadd_track2_subset_v3/train/ATADD_T2_Train_128037.flac,0,music,-,ATADD_T2_Train_128037.flac
/root/atadd_track2_subset_v3/train/ATADD_T2_Train_128038.flac,0,music,-,ATADD_T2_Train_128038.flac
/root/atadd_track2_subset_v3/train/ATADD_T2_Train_128039.flac,0,music,-,ATADD_T2_Train_128039.flac
/root/atadd_track2_subset_v3/train/ATADD_T2_Train_128040.flac,0,music,-,ATADD_T2_Train_128040.flac
/root/atadd_track2_subset_v3/train/ATADD_T2_Train_128041.flac,0,music,-,ATADD_T2_Train_128041.flac
/root/atadd_track2_subset_v3/train/ATADD_T2_Train_128042.flac,0,music,-,ATADD_T2_Train_128042.flac
/root/atadd_track2_subset_v3/train/ATADD_T2_Train_128043.flac,0,music,-,ATADD_T2_Train_128043.flac
/root/atadd_track2_subset_v3/train/ATADD_T2_Train_128044.flac,0,music,-,ATADD_T2_Train_128044.flac
/root/atadd_track2_subset_v3/train/ATADD_T2_Train_128046.flac,0,music,-,ATADD_T2_Train_128046.flac
/root/atadd_track2_subset_v3/train/ATADD_T2_Train_128047.flac,0,music,-,ATADD_T2_Train_128047.flac
/root/atadd_track2_subset_v3/train/ATADD_T2_Train_128048.flac,0,music,-,ATADD_T2_Train_128048.flac
/root/atadd_track2_subset_v3/train/ATADD_T2_Train_128049.flac,0,music,-,ATADD_T2_Train_128049.flac
/root/atadd_track2_subset_v3/train/ATADD_T2_Train_128050.flac,0,music,-,ATADD_T2_Train_128050.flac
/root/atadd_track2_subset_v3/train/ATADD_T2_Train_128051.flac,0,music,-,ATADD_T2_Train_128051.flac
/root/atadd_track2_subset_v3/train/ATADD_T2_Train_128052.flac,0,music,-,ATADD_T2_Train_128052.flac
/root/atadd_track2_subset_v3/train/ATADD_T2_Train_128053.flac,0,music,-,ATADD_T2_Train_128053.flac
/root/atadd_track2_subset_v3/train/ATADD_T2_Train_128054.flac,0,music,-,ATADD_T2_Train_128054.flac
/root/atadd_track2_subset_v3/train/ATADD_T2_Train_128055.flac,0,music,-,ATADD_T2_Train_128055.flac
/root/atadd_track2_subset_v3/train/ATADD_T2_Train_128056.flac,0,music,-,ATADD_T2_Train_128056.flac
/root/atadd_track2_subset_v3/train/ATADD_T2_Train_128057.flac,0,music,-,ATADD_T2_Train_128057.flac
/root/atadd_track2_subset_v3/train/ATADD_T2_Train_128058.flac,0,music,-,ATADD_T2_Train_128058.flac
/root/atadd_track2_subset_v3/train/ATADD_T2_Train_128059.flac,0,music,-,ATADD_T2_Train_128059.flac
/root/atadd_track2_subset_v3/train/ATADD_T2_Train_128060.flac,0,music,-,ATADD_T2_Train_128060.flac
/root/atadd_track2_subset_v3/train/ATADD_T2_Train_128061.flac,0,music,-,ATADD_T2_Train_128061.flac
/root/atadd_track2_subset_v3/train/ATADD_T2_Train_128062.flac,0,music,-,ATADD_T2_Train_128062.flac
/root/atadd_track2_subset_v3/train/ATADD_T2_Train_128064.flac,0,music,-,ATADD_T2_Train_128064.flac
/root/atadd_track2_subset_v3/train/ATADD_T2_Train_128065.flac,0,music,-,ATADD_T2_Train_128065.flac
/root/atadd_track2_subset_v3/train/ATADD_T2_Train_128066.flac,0,music,-,ATADD_T2_Train_128066.flac
/root/atadd_track2_subset_v3/train/ATADD_T2_Train_128067.flac,0,music,-,ATADD_T2_Train_128067.flac
/root/atadd_track2_subset_v3/train/ATADD_T2_Train_128068.flac,0,music,-,ATADD_T2_Train_128068.flac
/root/atadd_track2_subset_v3/train/ATADD_T2_Train_128069.flac,0,music,-,ATADD_T2_Train_128069.flac
/root/atadd_track2_subset_v3/train/ATADD_T2_Train_128070.flac,0,music,-,ATADD_T2_Train_128070.flac
/root/atadd_track2_subset_v3/train/ATADD_T2_Train_128071.flac,0,music,-,ATADD_T2_Train_128071.flac
/root/atadd_track2_subset_v3/train/ATADD_T2_Train_128072.flac,0,music,-,ATADD_T2_Train_128072.flac
/root/atadd_track2_subset_v3/train/ATADD_T2_Train_128073.flac,0,music,-,ATADD_T2_Train_128073.flac
/root/atadd_track2_subset_v3/train/ATADD_T2_Train_128074.flac,0,music,-,ATADD_T2_Train_128074.flac
/root/atadd_track2_subset_v3/train/ATADD_T2_Train_128075.flac,0,music,-,ATADD_T2_Train_128075.flac
/root/atadd_track2_subset_v3/train/ATADD_T2_Train_128076.flac,0,music,-,ATADD_T2_Train_128076.flac
/root/atadd_track2_subset_v3/train/ATADD_T2_Train_128077.flac,0,music,-,ATADD_T2_Train_128077.flac
/root/atadd_track2_subset_v3/train/ATADD_T2_Train_128080.flac,0,music,-,ATADD_T2_Train_128080.flac
/root/atadd_track2_subset_v3/train/ATADD_T2_Train_128081.flac,0,music,-,ATADD_T2_Train_128081.flac
/root/atadd_track2_subset_v3/train/ATADD_T2_Train_128082.flac,0,music,-,ATADD_T2_Train_128082.flac
/root/atadd_track2_subset_v3/train/ATADD_T2_Train_128083.flac,0,music,-,ATADD_T2_Train_128083.flac
/root/atadd_track2_subset_v3/train/ATADD_T2_Train_128084.flac,0,music,-,ATADD_T2_Train_128084.flac
/root/atadd_track2_subset_v3/train/ATADD_T2_Train_128085.flac,0,music,-,ATADD_T2_Train_128085.flac
/root/atadd_track2_subset_v3/train/ATADD_T2_Train_128086.flac,0,music,-,ATADD_T2_Train_128086.flac
/root/atadd_track2_subset_v3/train/ATADD_T2_Train_128087.flac,0,music,-,ATADD_T2_Train_128087.flac
/root/atadd_track2_subset_v3/train/ATADD_T2_Train_128088.flac,0,music,-,ATADD_T2_Train_128088.flac
/root/atadd_track2_subset_v3/train/ATADD_T2_Train_128089.flac,0,music,-,ATADD_T2_Train_128089.flac
/root/atadd_track2_subset_v3/train/ATADD_T2_Train_128091.flac,0,music,-,ATADD_T2_Train_128091.flac
/root/atadd_track2_subset_v3/train/ATADD_T2_Train_128092.flac,0,music,-,ATADD_T2_Train_128092.flac
/root/atadd_track2_subset_v3/train/ATADD_T2_Train_128093.flac,0,music,-,ATADD_T2_Train_128093.flac
/root/atadd_track2_subset_v3/train/ATADD_T2_Train_128094.flac,0,music,-,ATADD_T2_Train_128094.flac
/root/atadd_track2_subset_v3/train/ATADD_T2_Train_128096.flac,0,music,-,ATADD_T2_Train_128096.flac
/root/atadd_track2_subset_v3/train/ATADD_T2_Train_128097.flac,0,music,-,ATADD_T2_Train_128097.flac
/root/atadd_track2_subset_v3/train/ATADD_T2_Train_128098.flac,0,music,-,ATADD_T2_Train_128098.flac
/root/atadd_track2_subset_v3/train/ATADD_T2_Train_128099.flac,0,music,-,ATADD_T2_Train_128099.flac
/root/atadd_track2_subset_v3/train/ATADD_T2_Train_128100.flac,0,music,-,ATADD_T2_Train_128100.flac
/root/atadd_track2_subset_v3/train/ATADD_T2_Train_128102.flac,0,music,-,ATADD_T2_Train_128102.flac
/root/atadd_track2_subset_v3/train/ATADD_T2_Train_128103.flac,0,music,-,ATADD_T2_Train_128103.flac
/root/atadd_track2_subset_v3/train/ATADD_T2_Train_128104.flac,0,music,-,ATADD_T2_Train_128104.flac
/root/atadd_track2_subset_v3/train/ATADD_T2_Train_128105.flac,0,music,-,ATADD_T2_Train_128105.flac
/root/atadd_track2_subset_v3/train/ATADD_T2_Train_128106.flac,0,music,-,ATADD_T2_Train_128106.flac
/root/atadd_track2_subset_v3/train/ATADD_T2_Train_128107.flac,0,music,-,ATADD_T2_Train_128107.flac
/root/atadd_track2_subset_v3/train/ATADD_T2_Train_128108.flac,0,music,-,ATADD_T2_Train_128108.flac
/root/atadd_track2_subset_v3/train/ATADD_T2_Train_128109.flac,0,music,-,ATADD_T2_Train_128109.flac
/root/atadd_track2_subset_v3/train/ATADD_T2_Train_128110.flac,0,music,-,ATADD_T2_Train_128110.flac
/root/atadd_track2_subset_v3/train/ATADD_T2_Train_128111.flac,0,music,-,ATADD_T2_Train_128111.flac
/root/atadd_track2_subset_v3/train/ATADD_T2_Train_128112.flac,0,music,-,ATADD_T2_Train_128112.flac
/root/atadd_track2_subset_v3/train/ATADD_T2_Train_128113.flac,0,music,-,ATADD_T2_Train_128113.flac
/root/atadd_track2_subset_v3/train/ATADD_T2_Train_128115.flac,0,music,-,ATADD_T2_Train_128115.flac
/root/atadd_track2_subset_v3/train/ATADD_T2_Train_128117.flac,0,music,-,ATADD_T2_Train_128117.flac
/root/atadd_track2_subset_v3/train/ATADD_T2_Train_128118.flac,0,music,-,ATADD_T2_Train_128118.flac
/root/atadd_track2_subset_v3/train/ATADD_T2_Train_128119.flac,0,music,-,ATADD_T2_Train_128119.flac
/root/atadd_track2_subset_v3/train/ATADD_T2_Train_128120.flac,0,music,-,ATADD_T2_Train_128120.flac
/root/atadd_track2_subset_v3/train/ATADD_T2_Train_128121.flac,0,music,-,ATADD_T2_Train_128121.flac
/root/atadd_track2_subset_v3/train/ATADD_T2_Train_128122.flac,0,music,-,ATADD_T2_Train_128122.flac
/root/atadd_track2_subset_v3/train/ATADD_T2_Train_128123.flac,0,music,-,ATADD_T2_Train_128123.flac
/root/atadd_track2_subset_v3/train/ATADD_T2_Train_128124.flac,0,music,-,ATADD_T2_Train_128124.flac
/root/atadd_track2_subset_v3/train/ATADD_T2_Train_128125.flac,0,music,-,ATADD_T2_Train_128125.flac
/root/atadd_track2_subset_v3/train/ATADD_T2_Train_128126.flac,0,music,-,ATADD_T2_Train_128126.flac
/root/atadd_track2_subset_v3/train/ATADD_T2_Train_128127.flac,0,music,-,ATADD_T2_Train_128127.flac
/root/atadd_track2_subset_v3/train/ATADD_T2_Train_128128.flac,0,music,-,ATADD_T2_Train_128128.flac
/root/atadd_track2_subset_v3/train/ATADD_T2_Train_128129.flac,0,music,-,ATADD_T2_Train_128129.flac
/root/atadd_track2_subset_v3/train/ATADD_T2_Train_128130.flac,0,music,-,ATADD_T2_Train_128130.flac
/root/atadd_track2_subset_v3/train/ATADD_T2_Train_128131.flac,0,music,-,ATADD_T2_Train_128131.flac
/root/atadd_track2_subset_v3/train/ATADD_T2_Train_128132.flac,0,music,-,ATADD_T2_Train_128132.flac
/root/atadd_track2_subset_v3/train/ATADD_T2_Train_128133.flac,0,music,-,ATADD_T2_Train_128133.flac
/root/atadd_track2_subset_v3/train/ATADD_T2_Train_128134.flac,0,music,-,ATADD_T2_Train_128134.flac
/root/atadd_track2_subset_v3/train/ATADD_T2_Train_128135.flac,0,music,-,ATADD_T2_Train_128135.flac
/root/atadd_track2_subset_v3/train/ATADD_T2_Train_128136.flac,0,music,-,ATADD_T2_Train_128136.flac
/root/atadd_track2_subset_v3/train/ATADD_T2_Train_128137.flac,0,music,-,ATADD_T2_Train_128137.flac
/root/atadd_track2_subset_v3/train/ATADD_T2_Train_128138.flac,0,music,-,ATADD_T2_Train_128138.flac
/root/atadd_track2_subset_v3/train/ATADD_T2_Train_128140.flac,0,music,-,ATADD_T2_Train_128140.flac
/root/atadd_track2_subset_v3/train/ATADD_T2_Train_128141.flac,0,music,-,ATADD_T2_Train_128141.flac
/root/atadd_track2_subset_v3/train/ATADD_T2_Train_128142.flac,0,music,-,ATADD_T2_Train_128142.flac
/root/atadd_track2_subset_v3/train/ATADD_T2_Train_128143.flac,0,music,-,ATADD_T2_Train_128143.flac
/root/atadd_track2_subset_v3/train/ATADD_T2_Train_128144.flac,0,music,-,ATADD_T2_Train_128144.flac
/root/atadd_track2_subset_v3/train/ATADD_T2_Train_128145.flac,0,music,-,ATADD_T2_Train_128145.flac
/root/atadd_track2_subset_v3/train/ATADD_T2_Train_128146.flac,0,music,-,ATADD_T2_Train_128146.flac
/root/atadd_track2_subset_v3/train/ATADD_T2_Train_128148.flac,0,music,-,ATADD_T2_Train_128148.flac
/root/atadd_track2_subset_v3/train/ATADD_T2_Train_128149.flac,0,music,-,ATADD_T2_Train_128149.flac
/root/atadd_track2_subset_v3/train/ATADD_T2_Train_128150.flac,0,music,-,ATADD_T2_Train_128150.flac
/root/atadd_track2_subset_v3/train/ATADD_T2_Train_128151.flac,0,music,-,ATADD_T2_Train_128151.flac
/root/atadd_track2_subset_v3/train/ATADD_T2_Train_128152.flac,0,music,-,ATADD_T2_Train_128152.flac
/root/atadd_track2_subset_v3/train/ATADD_T2_Train_128153.flac,0,music,-,ATADD_T2_Train_128153.flac
/root/atadd_track2_subset_v3/train/ATADD_T2_Train_128154.flac,0,music,-,ATADD_T2_Train_128154.flac
/root/atadd_track2_subset_v3/train/ATADD_T2_Train_128155.flac,0,music,-,ATADD_T2_Train_128155.flac
/root/atadd_track2_subset_v3/train/ATADD_T2_Train_128156.flac,0,music,-,ATADD_T2_Train_128156.flac
/root/atadd_track2_subset_v3/train/ATADD_T2_Train_128157.flac,0,music,-,ATADD_T2_Train_128157.flac
/root/atadd_track2_subset_v3/train/ATADD_T2_Train_128158.flac,0,music,-,ATADD_T2_Train_128158.flac
/root/atadd_track2_subset_v3/train/ATADD_T2_Train_128159.flac,0,music,-,ATADD_T2_Train_128159.flac
/root/atadd_track2_subset_v3/train/ATADD_T2_Train_128160.flac,0,music,-,ATADD_T2_Train_128160.flac
/root/atadd_track2_subset_v3/train/ATADD_T2_Train_128161.flac,0,music,-,ATADD_T2_Train_128161.flac
/root/atadd_track2_subset_v3/train/ATADD_T2_Train_128163.flac,0,music,-,ATADD_T2_Train_128163.flac
/root/atadd_track2_subset_v3/train/ATADD_T2_Train_128164.flac,0,music,-,ATADD_T2_Train_128164.flac
/root/atadd_track2_subset_v3/train/ATADD_T2_Train_128165.flac,0,music,-,ATADD_T2_Train_128165.flac
/root/atadd_track2_subset_v3/train/ATADD_T2_Train_128166.flac,0,music,-,ATADD_T2_Train_128166.flac
/root/atadd_track2_subset_v3/train/ATADD_T2_Train_128167.flac,0,music,-,ATADD_T2_Train_128167.flac
/root/atadd_track2_subset_v3/train/ATADD_T2_Train_128168.flac,0,music,-,ATADD_T2_Train_128168.flac
/root/atadd_track2_subset_v3/train/ATADD_T2_Train_128169.flac,0,music,-,ATADD_T2_Train_128169.flac
/root/atadd_track2_subset_v3/train/ATADD_T2_Train_128170.flac,0,music,-,ATADD_T2_Train_128170.flac
/root/atadd_track2_subset_v3/train/ATADD_T2_Train_128171.flac,0,music,-,ATADD_T2_Train_128171.flac
/root/atadd_track2_subset_v3/train/ATADD_T2_Train_128172.flac,0,music,-,ATADD_T2_Train_128172.flac
/root/atadd_track2_subset_v3/train/ATADD_T2_Train_128173.flac,0,music,-,ATADD_T2_Train_128173.flac
/root/atadd_track2_subset_v3/train/ATADD_T2_Train_128174.flac,0,music,-,ATADD_T2_Train_128174.flac
/root/atadd_track2_subset_v3/train/ATADD_T2_Train_128175.flac,0,music,-,ATADD_T2_Train_128175.flac
/root/atadd_track2_subset_v3/train/ATADD_T2_Train_128176.flac,0,music,-,ATADD_T2_Train_128176.flac
/root/atadd_track2_subset_v3/train/ATADD_T2_Train_128177.flac,0,music,-,ATADD_T2_Train_128177.flac
/root/atadd_track2_subset_v3/train/ATADD_T2_Train_128178.flac,0,music,-,ATADD_T2_Train_128178.flac
/root/atadd_track2_subset_v3/train/ATADD_T2_Train_128180.flac,0,music,-,ATADD_T2_Train_128180.flac
/root/atadd_track2_subset_v3/train/ATADD_T2_Train_128181.flac,0,music,-,ATADD_T2_Train_128181.flac
/root/atadd_track2_subset_v3/train/ATADD_T2_Train_128182.flac,0,music,-,ATADD_T2_Train_128182.flac
/root/atadd_track2_subset_v3/train/ATADD_T2_Train_128183.flac,0,music,-,ATADD_T2_Train_128183.flac
/root/atadd_track2_subset_v3/train/ATADD_T2_Train_128184.flac,0,music,-,ATADD_T2_Train_128184.flac
/root/atadd_track2_subset_v3/train/ATADD_T2_Train_128185.flac,0,music,-,ATADD_T2_Train_128185.flac
/root/atadd_track2_subset_v3/train/ATADD_T2_Train_128186.flac,0,music,-,ATADD_T2_Train_128186.flac
/root/atadd_track2_subset_v3/train/ATADD_T2_Train_128187.flac,0,music,-,ATADD_T2_Train_128187.flac
/root/atadd_track2_subset_v3/train/ATADD_T2_Train_128188.flac,0,music,-,ATADD_T2_Train_128188.flac
/root/atadd_track2_subset_v3/train/ATADD_T2_Train_128189.flac,0,music,-,ATADD_T2_Train_128189.flac
/root/atadd_track2_subset_v3/train/ATADD_T2_Train_128191.flac,0,music,-,ATADD_T2_Train_128191.flac
/root/atadd_track2_subset_v3/train/ATADD_T2_Train_128192.flac,0,music,-,ATADD_T2_Train_128192.flac
/root/atadd_track2_subset_v3/train/ATADD_T2_Train_128193.flac,0,music,-,ATADD_T2_Train_128193.flac
/root/atadd_track2_subset_v3/train/ATADD_T2_Train_128194.flac,0,music,-,ATADD_T2_Train_128194.flac
/root/atadd_track2_subset_v3/train/ATADD_T2_Train_128195.flac,0,music,-,ATADD_T2_Train_128195.flac
/root/atadd_track2_subset_v3/train/ATADD_T2_Train_128196.flac,0,music,-,ATADD_T2_Train_128196.flac
/root/atadd_track2_subset_v3/train/ATADD_T2_Train_128197.flac,0,music,-,ATADD_T2_Train_128197.flac
/root/atadd_track2_subset_v3/train/ATADD_T2_Train_128198.flac,0,music,-,ATADD_T2_Train_128198.flac
/root/atadd_track2_subset_v3/train/ATADD_T2_Train_128199.flac,0,music,-,ATADD_T2_Train_128199.flac
/root/atadd_track2_subset_v3/train/ATADD_T2_Train_128200.flac,0,music,-,ATADD_T2_Train_128200.flac
/root/atadd_track2_subset_v3/train/ATADD_T2_Train_128201.flac,0,music,-,ATADD_T2_Train_128201.flac
/root/atadd_track2_subset_v3/train/ATADD_T2_Train_128202.flac,0,music,-,ATADD_T2_Train_128202.flac
/root/atadd_track2_subset_v3/train/ATADD_T2_Train_128203.flac,0,music,-,ATADD_T2_Train_128203.flac
/root/atadd_track2_subset_v3/train/ATADD_T2_Train_128204.flac,0,music,-,ATADD_T2_Train_128204.flac
/root/atadd_track2_subset_v3/train/ATADD_T2_Train_128205.flac,0,music,-,ATADD_T2_Train_128205.flac
/root/atadd_track2_subset_v3/train/ATADD_T2_Train_128206.flac,0,music,-,ATADD_T2_Train_128206.flac
/root/atadd_track2_subset_v3/train/ATADD_T2_Train_128207.flac,0,music,-,ATADD_T2_Train_128207.flac
/root/atadd_track2_subset_v3/train/ATADD_T2_Train_128208.flac,0,music,-,ATADD_T2_Train_128208.flac
/root/atadd_track2_subset_v3/train/ATADD_T2_Train_128210.flac,0,music,-,ATADD_T2_Train_128210.flac
/root/atadd_track2_subset_v3/train/ATADD_T2_Train_128211.flac,0,music,-,ATADD_T2_Train_128211.flac
/root/atadd_track2_subset_v3/train/ATADD_T2_Train_128212.flac,0,music,-,ATADD_T2_Train_128212.flac
/root/atadd_track2_subset_v3/train/ATADD_T2_Train_128213.flac,0,music,-,ATADD_T2_Train_128213.flac
/root/atadd_track2_subset_v3/train/ATADD_T2_Train_128214.flac,0,music,-,ATADD_T2_Train_128214.flac
/root/atadd_track2_subset_v3/train/ATADD_T2_Train_128216.flac,0,music,-,ATADD_T2_Train_128216.flac
/root/atadd_track2_subset_v3/train/ATADD_T2_Train_128217.flac,0,music,-,ATADD_T2_Train_128217.flac
/root/atadd_track2_subset_v3/train/ATADD_T2_Train_128218.flac,0,music,-,ATADD_T2_Train_128218.flac
/root/atadd_track2_subset_v3/train/ATADD_T2_Train_128219.flac,0,music,-,ATADD_T2_Train_128219.flac
/root/atadd_track2_subset_v3/train/ATADD_T2_Train_128220.flac,0,music,-,ATADD_T2_Train_128220.flac
/root/atadd_track2_subset_v3/train/ATADD_T2_Train_128221.flac,0,music,-,ATADD_T2_Train_128221.flac
/root/atadd_track2_subset_v3/train/ATADD_T2_Train_128222.flac,0,music,-,ATADD_T2_Train_128222.flac
/root/atadd_track2_subset_v3/train/ATADD_T2_Train_128223.flac,0,music,-,ATADD_T2_Train_128223.flac
/root/atadd_track2_subset_v3/train/ATADD_T2_Train_128224.flac,0,music,-,ATADD_T2_Train_128224.flac
/root/atadd_track2_subset_v3/train/ATADD_T2_Train_128225.flac,0,music,-,ATADD_T2_Train_128225.flac
/root/atadd_track2_subset_v3/train/ATADD_T2_Train_128226.flac,0,music,-,ATADD_T2_Train_128226.flac
/root/atadd_track2_subset_v3/train/ATADD_T2_Train_128227.flac,0,music,-,ATADD_T2_Train_128227.flac
/root/atadd_track2_subset_v3/train/ATADD_T2_Train_128228.flac,0,music,-,ATADD_T2_Train_128228.flac
/root/atadd_track2_subset_v3/train/ATADD_T2_Train_128229.flac,0,music,-,ATADD_T2_Train_128229.flac
/root/atadd_track2_subset_v3/train/ATADD_T2_Train_128230.flac,0,music,-,ATADD_T2_Train_128230.flac
/root/atadd_track2_subset_v3/train/ATADD_T2_Train_128231.flac,0,music,-,ATADD_T2_Train_128231.flac
/root/atadd_track2_subset_v3/train/ATADD_T2_Train_128232.flac,0,music,-,ATADD_T2_Train_128232.flac
/root/atadd_track2_subset_v3/train/ATADD_T2_Train_128233.flac,0,music,-,ATADD_T2_Train_128233.flac
/root/atadd_track2_subset_v3/train/ATADD_T2_Train_128234.flac,0,music,-,ATADD_T2_Train_128234.flac
/root/atadd_track2_subset_v3/train/ATADD_T2_Train_128235.flac,0,music,-,ATADD_T2_Train_128235.flac
/root/atadd_track2_subset_v3/train/ATADD_T2_Train_128236.flac,0,music,-,ATADD_T2_Train_128236.flac
/root/atadd_track2_subset_v3/train/ATADD_T2_Train_128237.flac,0,music,-,ATADD_T2_Train_128237.flac
/root/atadd_track2_subset_v3/train/ATADD_T2_Train_128238.flac,0,music,-,ATADD_T2_Train_128238.flac
/root/atadd_track2_subset_v3/train/ATADD_T2_Train_128239.flac,0,music,-,ATADD_T2_Train_128239.flac
/root/atadd_track2_subset_v3/train/ATADD_T2_Train_128240.flac,0,music,-,ATADD_T2_Train_128240.flac
/root/atadd_track2_subset_v3/train/ATADD_T2_Train_128241.flac,0,music,-,ATADD_T2_Train_128241.flac
/root/atadd_track2_subset_v3/train/ATADD_T2_Train_128242.flac,0,music,-,ATADD_T2_Train_128242.flac
/root/atadd_track2_subset_v3/train/ATADD_T2_Train_128243.flac,0,music,-,ATADD_T2_Train_128243.flac
/root/atadd_track2_subset_v3/train/ATADD_T2_Train_128244.flac,0,music,-,ATADD_T2_Train_128244.flac
/root/atadd_track2_subset_v3/train/ATADD_T2_Train_128245.flac,0,music,-,ATADD_T2_Train_128245.flac
/root/atadd_track2_subset_v3/train/ATADD_T2_Train_128246.flac,0,music,-,ATADD_T2_Train_128246.flac
/root/atadd_track2_subset_v3/train/ATADD_T2_Train_128247.flac,0,music,-,ATADD_T2_Train_128247.flac
/root/atadd_track2_subset_v3/train/ATADD_T2_Train_128248.flac,0,music,-,ATADD_T2_Train_128248.flac
/root/atadd_track2_subset_v3/train/ATADD_T2_Train_128249.flac,0,music,-,ATADD_T2_Train_128249.flac
/root/atadd_track2_subset_v3/train/ATADD_T2_Train_128250.flac,0,music,-,ATADD_T2_Train_128250.flac
/root/atadd_track2_subset_v3/train/ATADD_T2_Train_128251.flac,0,music,-,ATADD_T2_Train_128251.flac
/root/atadd_track2_subset_v3/train/ATADD_T2_Train_128252.flac,0,music,-,ATADD_T2_Train_128252.flac
/root/atadd_track2_subset_v3/train/ATADD_T2_Train_128253.flac,0,music,-,ATADD_T2_Train_128253.flac
/root/atadd_track2_subset_v3/train/ATADD_T2_Train_128254.flac,0,music,-,ATADD_T2_Train_128254.flac
/root/atadd_track2_subset_v3/train/ATADD_T2_Train_128255.flac,0,music,-,ATADD_T2_Train_128255.flac
/root/atadd_track2_subset_v3/train/ATADD_T2_Train_128256.flac,0,music,-,ATADD_T2_Train_128256.flac
/root/atadd_track2_subset_v3/train/ATADD_T2_Train_128257.flac,0,music,-,ATADD_T2_Train_128257.flac
/root/atadd_track2_subset_v3/train/ATADD_T2_Train_128258.flac,0,music,-,ATADD_T2_Train_128258.flac
/root/atadd_track2_subset_v3/train/ATADD_T2_Train_128259.flac,0,music,-,ATADD_T2_Train_128259.flac
/root/atadd_track2_subset_v3/train/ATADD_T2_Train_128260.flac,0,music,-,ATADD_T2_Train_128260.flac
/root/atadd_track2_subset_v3/train/ATADD_T2_Train_128261.flac,0,music,-,ATADD_T2_Train_128261.flac
/root/atadd_track2_subset_v3/train/ATADD_T2_Train_128262.flac,0,music,-,ATADD_T2_Train_128262.flac
/root/atadd_track2_subset_v3/train/ATADD_T2_Train_128263.flac,0,music,-,ATADD_T2_Train_128263.flac
/root/atadd_track2_subset_v3/train/ATADD_T2_Train_128264.flac,0,music,-,ATADD_T2_Train_128264.flac
/root/atadd_track2_subset_v3/train/ATADD_T2_Train_128265.flac,0,music,-,ATADD_T2_Train_128265.flac
/root/atadd_track2_subset_v3/train/ATADD_T2_Train_128266.flac,0,music,-,ATADD_T2_Train_128266.flac
/root/atadd_track2_subset_v3/train/ATADD_T2_Train_128267.flac,0,music,-,ATADD_T2_Train_128267.flac
/root/atadd_track2_subset_v3/train/ATADD_T2_Train_128268.flac,0,music,-,ATADD_T2_Train_128268.flac
/root/atadd_track2_subset_v3/train/ATADD_T2_Train_128269.flac,0,music,-,ATADD_T2_Train_128269.flac
/root/atadd_track2_subset_v3/train/ATADD_T2_Train_128270.flac,0,music,-,ATADD_T2_Train_128270.flac
/root/atadd_track2_subset_v3/train/ATADD_T2_Train_128271.flac,0,music,-,ATADD_T2_Train_128271.flac
/root/atadd_track2_subset_v3/train/ATADD_T2_Train_128273.flac,0,music,-,ATADD_T2_Train_128273.flac
/root/atadd_track2_subset_v3/train/ATADD_T2_Train_128274.flac,0,music,-,ATADD_T2_Train_128274.flac
/root/atadd_track2_subset_v3/train/ATADD_T2_Train_128275.flac,0,music,-,ATADD_T2_Train_128275.flac
/root/atadd_track2_subset_v3/train/ATADD_T2_Train_128276.flac,0,music,-,ATADD_T2_Train_128276.flac
/root/atadd_track2_subset_v3/train/ATADD_T2_Train_128277.flac,0,music,-,ATADD_T2_Train_128277.flac
/root/atadd_track2_subset_v3/train/ATADD_T2_Train_128278.flac,0,music,-,ATADD_T2_Train_128278.flac
/root/atadd_track2_subset_v3/train/ATADD_T2_Train_128279.flac,0,music,-,ATADD_T2_Train_128279.flac
/root/atadd_track2_subset_v3/train/ATADD_T2_Train_128280.flac,0,music,-,ATADD_T2_Train_128280.flac
/root/atadd_track2_subset_v3/train/ATADD_T2_Train_128281.flac,0,music,-,ATADD_T2_Train_128281.flac
/root/atadd_track2_subset_v3/train/ATADD_T2_Train_128282.flac,0,music,-,ATADD_T2_Train_128282.flac
/root/atadd_track2_subset_v3/train/ATADD_T2_Train_128283.flac,0,music,-,ATADD_T2_Train_128283.flac
/root/atadd_track2_subset_v3/train/ATADD_T2_Train_128284.flac,0,music,-,ATADD_T2_Train_128284.flac
/root/atadd_track2_subset_v3/train/ATADD_T2_Train_128285.flac,0,music,-,ATADD_T2_Train_128285.flac
/root/atadd_track2_subset_v3/train/ATADD_T2_Train_128286.flac,0,music,-,ATADD_T2_Train_128286.flac
/root/atadd_track2_subset_v3/train/ATADD_T2_Train_128287.flac,0,music,-,ATADD_T2_Train_128287.flac
/root/atadd_track2_subset_v3/train/ATADD_T2_Train_128288.flac,0,music,-,ATADD_T2_Train_128288.flac
/root/atadd_track2_subset_v3/train/ATADD_T2_Train_128289.flac,0,music,-,ATADD_T2_Train_128289.flac
/root/atadd_track2_subset_v3/train/ATADD_T2_Train_128290.flac,0,music,-,ATADD_T2_Train_128290.flac
/root/atadd_track2_subset_v3/train/ATADD_T2_Train_128292.flac,0,music,-,ATADD_T2_Train_128292.flac
/root/atadd_track2_subset_v3/train/ATADD_T2_Train_128294.flac,0,music,-,ATADD_T2_Train_128294.flac
/root/atadd_track2_subset_v3/train/ATADD_T2_Train_128295.flac,0,music,-,ATADD_T2_Train_128295.flac
/root/atadd_track2_subset_v3/train/ATADD_T2_Train_128296.flac,0,music,-,ATADD_T2_Train_128296.flac
/root/atadd_track2_subset_v3/train/ATADD_T2_Train_128297.flac,0,music,-,ATADD_T2_Train_128297.flac
/root/atadd_track2_subset_v3/train/ATADD_T2_Train_128298.flac,0,music,-,ATADD_T2_Train_128298.flac
/root/atadd_track2_subset_v3/train/ATADD_T2_Train_128299.flac,0,music,-,ATADD_T2_Train_128299.flac
/root/atadd_track2_subset_v3/train/ATADD_T2_Train_128300.flac,0,music,-,ATADD_T2_Train_128300.flac
/root/atadd_track2_subset_v3/train/ATADD_T2_Train_128301.flac,0,music,-,ATADD_T2_Train_128301.flac
/root/atadd_track2_subset_v3/train/ATADD_T2_Train_128302.flac,0,music,-,ATADD_T2_Train_128302.flac
/root/atadd_track2_subset_v3/train/ATADD_T2_Train_128303.flac,0,music,-,ATADD_T2_Train_128303.flac
/root/atadd_track2_subset_v3/train/ATADD_T2_Train_128304.flac,0,music,-,ATADD_T2_Train_128304.flac
/root/atadd_track2_subset_v3/train/ATADD_T2_Train_128305.flac,0,music,-,ATADD_T2_Train_128305.flac
/root/atadd_track2_subset_v3/train/ATADD_T2_Train_128306.flac,0,music,-,ATADD_T2_Train_128306.flac
/root/atadd_track2_subset_v3/train/ATADD_T2_Train_128307.flac,0,music,-,ATADD_T2_Train_128307.flac
/root/atadd_track2_subset_v3/train/ATADD_T2_Train_128308.flac,0,music,-,ATADD_T2_Train_128308.flac
/root/atadd_track2_subset_v3/train/ATADD_T2_Train_128309.flac,0,music,-,ATADD_T2_Train_128309.flac
/root/atadd_track2_subset_v3/train/ATADD_T2_Train_128310.flac,0,music,-,ATADD_T2_Train_128310.flac
/root/atadd_track2_subset_v3/train/ATADD_T2_Train_128311.flac,0,music,-,ATADD_T2_Train_128311.flac
/root/atadd_track2_subset_v3/train/ATADD_T2_Train_128313.flac,0,music,-,ATADD_T2_Train_128313.flac
/root/atadd_track2_subset_v3/train/ATADD_T2_Train_128314.flac,0,music,-,ATADD_T2_Train_128314.flac
/root/atadd_track2_subset_v3/train/ATADD_T2_Train_128315.flac,0,music,-,ATADD_T2_Train_128315.flac
/root/atadd_track2_subset_v3/train/ATADD_T2_Train_128316.flac,0,music,-,ATADD_T2_Train_128316.flac
/root/atadd_track2_subset_v3/train/ATADD_T2_Train_128317.flac,0,music,-,ATADD_T2_Train_128317.flac
/root/atadd_track2_subset_v3/train/ATADD_T2_Train_128318.flac,0,music,-,ATADD_T2_Train_128318.flac
/root/atadd_track2_subset_v3/train/ATADD_T2_Train_128320.flac,0,music,-,ATADD_T2_Train_128320.flac
/root/atadd_track2_subset_v3/train/ATADD_T2_Train_128321.flac,0,music,-,ATADD_T2_Train_128321.flac
/root/atadd_track2_subset_v3/train/ATADD_T2_Train_128322.flac,0,music,-,ATADD_T2_Train_128322.flac
/root/atadd_track2_subset_v3/train/ATADD_T2_Train_128323.flac,0,music,-,ATADD_T2_Train_128323.flac
/root/atadd_track2_subset_v3/train/ATADD_T2_Train_128325.flac,0,music,-,ATADD_T2_Train_128325.flac
/root/atadd_track2_subset_v3/train/ATADD_T2_Train_128326.flac,0,music,-,ATADD_T2_Train_128326.flac
/root/atadd_track2_subset_v3/train/ATADD_T2_Train_128327.flac,0,music,-,ATADD_T2_Train_128327.flac
/root/atadd_track2_subset_v3/train/ATADD_T2_Train_128328.flac,0,music,-,ATADD_T2_Train_128328.flac
/root/atadd_track2_subset_v3/train/ATADD_T2_Train_128329.flac,0,music,-,ATADD_T2_Train_128329.flac
/root/atadd_track2_subset_v3/train/ATADD_T2_Train_128330.flac,0,music,-,ATADD_T2_Train_128330.flac
/root/atadd_track2_subset_v3/train/ATADD_T2_Train_128331.flac,0,music,-,ATADD_T2_Train_128331.flac
/root/atadd_track2_subset_v3/train/ATADD_T2_Train_128332.flac,0,music,-,ATADD_T2_Train_128332.flac
/root/atadd_track2_subset_v3/train/ATADD_T2_Train_128333.flac,0,music,-,ATADD_T2_Train_128333.flac
/root/atadd_track2_subset_v3/train/ATADD_T2_Train_128334.flac,0,music,-,ATADD_T2_Train_128334.flac
/root/atadd_track2_subset_v3/train/ATADD_T2_Train_128335.flac,0,music,-,ATADD_T2_Train_128335.flac
/root/atadd_track2_subset_v3/train/ATADD_T2_Train_128336.flac,0,music,-,ATADD_T2_Train_128336.flac
/root/atadd_track2_subset_v3/train/ATADD_T2_Train_128339.flac,0,music,-,ATADD_T2_Train_128339.flac
/root/atadd_track2_subset_v3/train/ATADD_T2_Train_128340.flac,0,music,-,ATADD_T2_Train_128340.flac
/root/atadd_track2_subset_v3/train/ATADD_T2_Train_128341.flac,0,music,-,ATADD_T2_Train_128341.flac
/root/atadd_track2_subset_v3/train/ATADD_T2_Train_128343.flac,0,music,-,ATADD_T2_Train_128343.flac
/root/atadd_track2_subset_v3/train/ATADD_T2_Train_128344.flac,0,music,-,ATADD_T2_Train_128344.flac
/root/atadd_track2_subset_v3/train/ATADD_T2_Train_128346.flac,0,music,-,ATADD_T2_Train_128346.flac
/root/atadd_track2_subset_v3/train/ATADD_T2_Train_128347.flac,0,music,-,ATADD_T2_Train_128347.flac
/root/atadd_track2_subset_v3/train/ATADD_T2_Train_128348.flac,0,music,-,ATADD_T2_Train_128348.flac
/root/atadd_track2_subset_v3/train/ATADD_T2_Train_128349.flac,0,music,-,ATADD_T2_Train_128349.flac
/root/atadd_track2_subset_v3/train/ATADD_T2_Train_128350.flac,0,music,-,ATADD_T2_Train_128350.flac
/root/atadd_track2_subset_v3/train/ATADD_T2_Train_128351.flac,0,music,-,ATADD_T2_Train_128351.flac
/root/atadd_track2_subset_v3/train/ATADD_T2_Train_128352.flac,0,music,-,ATADD_T2_Train_128352.flac
/root/atadd_track2_subset_v3/train/ATADD_T2_Train_128353.flac,0,music,-,ATADD_T2_Train_128353.flac
/root/atadd_track2_subset_v3/train/ATADD_T2_Train_128354.flac,0,music,-,ATADD_T2_Train_128354.flac
/root/atadd_track2_subset_v3/train/ATADD_T2_Train_128355.flac,0,music,-,ATADD_T2_Train_128355.flac
/root/atadd_track2_subset_v3/train/ATADD_T2_Train_128356.flac,0,music,-,ATADD_T2_Train_128356.flac
/root/atadd_track2_subset_v3/train/ATADD_T2_Train_128357.flac,0,music,-,ATADD_T2_Train_128357.flac
/root/atadd_track2_subset_v3/train/ATADD_T2_Train_128358.flac,0,music,-,ATADD_T2_Train_128358.flac
/root/atadd_track2_subset_v3/train/ATADD_T2_Train_128359.flac,0,music,-,ATADD_T2_Train_128359.flac
/root/atadd_track2_subset_v3/train/ATADD_T2_Train_128360.flac,0,music,-,ATADD_T2_Train_128360.flac
/root/atadd_track2_subset_v3/train/ATADD_T2_Train_128361.flac,0,music,-,ATADD_T2_Train_128361.flac
/root/atadd_track2_subset_v3/train/ATADD_T2_Train_128362.flac,0,music,-,ATADD_T2_Train_128362.flac
/root/atadd_track2_subset_v3/train/ATADD_T2_Train_128363.flac,0,music,-,ATADD_T2_Train_128363.flac
/root/atadd_track2_subset_v3/train/ATADD_T2_Train_128364.flac,0,music,-,ATADD_T2_Train_128364.flac
/root/atadd_track2_subset_v3/train/ATADD_T2_Train_128365.flac,0,music,-,ATADD_T2_Train_128365.flac
/root/atadd_track2_subset_v3/train/ATADD_T2_Train_128366.flac,0,music,-,ATADD_T2_Train_128366.flac
/root/atadd_track2_subset_v3/train/ATADD_T2_Train_128367.flac,0,music,-,ATADD_T2_Train_128367.flac
/root/atadd_track2_subset_v3/train/ATADD_T2_Train_128368.flac,0,music,-,ATADD_T2_Train_128368.flac
/root/atadd_track2_subset_v3/train/ATADD_T2_Train_128369.flac,0,music,-,ATADD_T2_Train_128369.flac
/root/atadd_track2_subset_v3/train/ATADD_T2_Train_128370.flac,0,music,-,ATADD_T2_Train_128370.flac
/root/atadd_track2_subset_v3/train/ATADD_T2_Train_128371.flac,0,music,-,ATADD_T2_Train_128371.flac
/root/atadd_track2_subset_v3/train/ATADD_T2_Train_128372.flac,0,music,-,ATADD_T2_Train_128372.flac
/root/atadd_track2_subset_v3/train/ATADD_T2_Train_128373.flac,0,music,-,ATADD_T2_Train_128373.flac
/root/atadd_track2_subset_v3/train/ATADD_T2_Train_128374.flac,0,music,-,ATADD_T2_Train_128374.flac
/root/atadd_track2_subset_v3/train/ATADD_T2_Train_128375.flac,0,music,-,ATADD_T2_Train_128375.flac
/root/atadd_track2_subset_v3/train/ATADD_T2_Train_128376.flac,0,music,-,ATADD_T2_Train_128376.flac
/root/atadd_track2_subset_v3/train/ATADD_T2_Train_128377.flac,0,music,-,ATADD_T2_Train_128377.flac
/root/atadd_track2_subset_v3/train/ATADD_T2_Train_128378.flac,0,music,-,ATADD_T2_Train_128378.flac
/root/atadd_track2_subset_v3/train/ATADD_T2_Train_128379.flac,0,music,-,ATADD_T2_Train_128379.flac
/root/atadd_track2_subset_v3/train/ATADD_T2_Train_128380.flac,0,music,-,ATADD_T2_Train_128380.flac
/root/atadd_track2_subset_v3/train/ATADD_T2_Train_128381.flac,0,music,-,ATADD_T2_Train_128381.flac
/root/atadd_track2_subset_v3/train/ATADD_T2_Train_128382.flac,0,music,-,ATADD_T2_Train_128382.flac
/root/atadd_track2_subset_v3/train/ATADD_T2_Train_128383.flac,0,music,-,ATADD_T2_Train_128383.flac
/root/atadd_track2_subset_v3/train/ATADD_T2_Train_128384.flac,0,music,-,ATADD_T2_Train_128384.flac
/root/atadd_track2_subset_v3/train/ATADD_T2_Train_128385.flac,0,music,-,ATADD_T2_Train_128385.flac
/root/atadd_track2_subset_v3/train/ATADD_T2_Train_128386.flac,0,music,-,ATADD_T2_Train_128386.flac
/root/atadd_track2_subset_v3/train/ATADD_T2_Train_128387.flac,0,music,-,ATADD_T2_Train_128387.flac
/root/atadd_track2_subset_v3/train/ATADD_T2_Train_128388.flac,0,music,-,ATADD_T2_Train_128388.flac
/root/atadd_track2_subset_v3/train/ATADD_T2_Train_128389.flac,0,music,-,ATADD_T2_Train_128389.flac
/root/atadd_track2_subset_v3/train/ATADD_T2_Train_128390.flac,0,music,-,ATADD_T2_Train_128390.flac
/root/atadd_track2_subset_v3/train/ATADD_T2_Train_128391.flac,0,music,-,ATADD_T2_Train_128391.flac
/root/atadd_track2_subset_v3/train/ATADD_T2_Train_128393.flac,0,music,-,ATADD_T2_Train_128393.flac
/root/atadd_track2_subset_v3/train/ATADD_T2_Train_128394.flac,0,music,-,ATADD_T2_Train_128394.flac
/root/atadd_track2_subset_v3/train/ATADD_T2_Train_128395.flac,0,music,-,ATADD_T2_Train_128395.flac
/root/atadd_track2_subset_v3/train/ATADD_T2_Train_128396.flac,0,music,-,ATADD_T2_Train_128396.flac
/root/atadd_track2_subset_v3/train/ATADD_T2_Train_128397.flac,0,music,-,ATADD_T2_Train_128397.flac
/root/atadd_track2_subset_v3/train/ATADD_T2_Train_128398.flac,0,music,-,ATADD_T2_Train_128398.flac
/root/atadd_track2_subset_v3/train/ATADD_T2_Train_128399.flac,0,music,-,ATADD_T2_Train_128399.flac
/root/atadd_track2_subset_v3/train/ATADD_T2_Train_128401.flac,0,music,-,ATADD_T2_Train_128401.flac
/root/atadd_track2_subset_v3/train/ATADD_T2_Train_128402.flac,0,music,-,ATADD_T2_Train_128402.flac
/root/atadd_track2_subset_v3/train/ATADD_T2_Train_128404.flac,0,music,-,ATADD_T2_Train_128404.flac
/root/atadd_track2_subset_v3/train/ATADD_T2_Train_128405.flac,0,music,-,ATADD_T2_Train_128405.flac
/root/atadd_track2_subset_v3/train/ATADD_T2_Train_128406.flac,0,music,-,ATADD_T2_Train_128406.flac
/root/atadd_track2_subset_v3/train/ATADD_T2_Train_128407.flac,0,music,-,ATADD_T2_Train_128407.flac
/root/atadd_track2_subset_v3/train/ATADD_T2_Train_128408.flac,0,music,-,ATADD_T2_Train_128408.flac
/root/atadd_track2_subset_v3/train/ATADD_T2_Train_128409.flac,0,music,-,ATADD_T2_Train_128409.flac
/root/atadd_track2_subset_v3/train/ATADD_T2_Train_128410.flac,0,music,-,ATADD_T2_Train_128410.flac
/root/atadd_track2_subset_v3/train/ATADD_T2_Train_128411.flac,0,music,-,ATADD_T2_Train_128411.flac
/root/atadd_track2_subset_v3/train/ATADD_T2_Train_128412.flac,0,music,-,ATADD_T2_Train_128412.flac
/root/atadd_track2_subset_v3/train/ATADD_T2_Train_128413.flac,0,music,-,ATADD_T2_Train_128413.flac
/root/atadd_track2_subset_v3/train/ATADD_T2_Train_128414.flac,0,music,-,ATADD_T2_Train_128414.flac
/root/atadd_track2_subset_v3/train/ATADD_T2_Train_128415.flac,0,music,-,ATADD_T2_Train_128415.flac
/root/atadd_track2_subset_v3/train/ATADD_T2_Train_128416.flac,0,music,-,ATADD_T2_Train_128416.flac
/root/atadd_track2_subset_v3/train/ATADD_T2_Train_128417.flac,0,music,-,ATADD_T2_Train_128417.flac
/root/atadd_track2_subset_v3/train/ATADD_T2_Train_128418.flac,0,music,-,ATADD_T2_Train_128418.flac
/root/atadd_track2_subset_v3/train/ATADD_T2_Train_128419.flac,0,music,-,ATADD_T2_Train_128419.flac
/root/atadd_track2_subset_v3/train/ATADD_T2_Train_128420.flac,0,music,-,ATADD_T2_Train_128420.flac
/root/atadd_track2_subset_v3/train/ATADD_T2_Train_128421.flac,0,music,-,ATADD_T2_Train_128421.flac
/root/atadd_track2_subset_v3/train/ATADD_T2_Train_128422.flac,0,music,-,ATADD_T2_Train_128422.flac
/root/atadd_track2_subset_v3/train/ATADD_T2_Train_128423.flac,0,music,-,ATADD_T2_Train_128423.flac
/root/atadd_track2_subset_v3/train/ATADD_T2_Train_128425.flac,0,music,-,ATADD_T2_Train_128425.flac
/root/atadd_track2_subset_v3/train/ATADD_T2_Train_128426.flac,0,music,-,ATADD_T2_Train_128426.flac
/root/atadd_track2_subset_v3/train/ATADD_T2_Train_128427.flac,0,music,-,ATADD_T2_Train_128427.flac
/root/atadd_track2_subset_v3/train/ATADD_T2_Train_128428.flac,0,music,-,ATADD_T2_Train_128428.flac
/root/atadd_track2_subset_v3/train/ATADD_T2_Train_128429.flac,0,music,-,ATADD_T2_Train_128429.flac
/root/atadd_track2_subset_v3/train/ATADD_T2_Train_128430.flac,0,music,-,ATADD_T2_Train_128430.flac
/root/atadd_track2_subset_v3/train/ATADD_T2_Train_128431.flac,0,music,-,ATADD_T2_Train_128431.flac
/root/atadd_track2_subset_v3/train/ATADD_T2_Train_128432.flac,0,music,-,ATADD_T2_Train_128432.flac
/root/atadd_track2_subset_v3/train/ATADD_T2_Train_128433.flac,0,music,-,ATADD_T2_Train_128433.flac
/root/atadd_track2_subset_v3/train/ATADD_T2_Train_128434.flac,0,music,-,ATADD_T2_Train_128434.flac
/root/atadd_track2_subset_v3/train/ATADD_T2_Train_128435.flac,0,music,-,ATADD_T2_Train_128435.flac
/root/atadd_track2_subset_v3/train/ATADD_T2_Train_128436.flac,0,music,-,ATADD_T2_Train_128436.flac
/root/atadd_track2_subset_v3/train/ATADD_T2_Train_128437.flac,0,music,-,ATADD_T2_Train_128437.flac
/root/atadd_track2_subset_v3/train/ATADD_T2_Train_128438.flac,0,music,-,ATADD_T2_Train_128438.flac
/root/atadd_track2_subset_v3/train/ATADD_T2_Train_128439.flac,0,music,-,ATADD_T2_Train_128439.flac
/root/atadd_track2_subset_v3/train/ATADD_T2_Train_128440.flac,0,music,-,ATADD_T2_Train_128440.flac
/root/atadd_track2_subset_v3/train/ATADD_T2_Train_128441.flac,0,music,-,ATADD_T2_Train_128441.flac
/root/atadd_track2_subset_v3/train/ATADD_T2_Train_128442.flac,0,music,-,ATADD_T2_Train_128442.flac
/root/atadd_track2_subset_v3/train/ATADD_T2_Train_128443.flac,0,music,-,ATADD_T2_Train_128443.flac
/root/atadd_track2_subset_v3/train/ATADD_T2_Train_128444.flac,0,music,-,ATADD_T2_Train_128444.flac
/root/atadd_track2_subset_v3/train/ATADD_T2_Train_128445.flac,0,music,-,ATADD_T2_Train_128445.flac
/root/atadd_track2_subset_v3/train/ATADD_T2_Train_128446.flac,0,music,-,ATADD_T2_Train_128446.flac
/root/atadd_track2_subset_v3/train/ATADD_T2_Train_128447.flac,0,music,-,ATADD_T2_Train_128447.flac
/root/atadd_track2_subset_v3/train/ATADD_T2_Train_128448.flac,0,music,-,ATADD_T2_Train_128448.flac
/root/atadd_track2_subset_v3/train/ATADD_T2_Train_128449.flac,0,music,-,ATADD_T2_Train_128449.flac
/root/atadd_track2_subset_v3/train/ATADD_T2_Train_128451.flac,0,music,-,ATADD_T2_Train_128451.flac
/root/atadd_track2_subset_v3/train/ATADD_T2_Train_128452.flac,0,music,-,ATADD_T2_Train_128452.flac
/root/atadd_track2_subset_v3/train/ATADD_T2_Train_128454.flac,0,music,-,ATADD_T2_Train_128454.flac
/root/atadd_track2_subset_v3/train/ATADD_T2_Train_128456.flac,0,music,-,ATADD_T2_Train_128456.flac
/root/atadd_track2_subset_v3/train/ATADD_T2_Train_128457.flac,0,music,-,ATADD_T2_Train_128457.flac
/root/atadd_track2_subset_v3/train/ATADD_T2_Train_128458.flac,0,music,-,ATADD_T2_Train_128458.flac
/root/atadd_track2_subset_v3/train/ATADD_T2_Train_128459.flac,0,music,-,ATADD_T2_Train_128459.flac
/root/atadd_track2_subset_v3/train/ATADD_T2_Train_128460.flac,0,music,-,ATADD_T2_Train_128460.flac
/root/atadd_track2_subset_v3/train/ATADD_T2_Train_128461.flac,0,music,-,ATADD_T2_Train_128461.flac
/root/atadd_track2_subset_v3/train/ATADD_T2_Train_128462.flac,0,music,-,ATADD_T2_Train_128462.flac
/root/atadd_track2_subset_v3/train/ATADD_T2_Train_128464.flac,0,music,-,ATADD_T2_Train_128464.flac
/root/atadd_track2_subset_v3/train/ATADD_T2_Train_128465.flac,0,music,-,ATADD_T2_Train_128465.flac
/root/atadd_track2_subset_v3/train/ATADD_T2_Train_128466.flac,0,music,-,ATADD_T2_Train_128466.flac
/root/atadd_track2_subset_v3/train/ATADD_T2_Train_128467.flac,0,music,-,ATADD_T2_Train_128467.flac
/root/atadd_track2_subset_v3/train/ATADD_T2_Train_128468.flac,0,music,-,ATADD_T2_Train_128468.flac
/root/atadd_track2_subset_v3/train/ATADD_T2_Train_128469.flac,0,music,-,ATADD_T2_Train_128469.flac
/root/atadd_track2_subset_v3/train/ATADD_T2_Train_128470.flac,0,music,-,ATADD_T2_Train_128470.flac
/root/atadd_track2_subset_v3/train/ATADD_T2_Train_128471.flac,0,music,-,ATADD_T2_Train_128471.flac
/root/atadd_track2_subset_v3/train/ATADD_T2_Train_128472.flac,0,music,-,ATADD_T2_Train_128472.flac
/root/atadd_track2_subset_v3/train/ATADD_T2_Train_128473.flac,0,music,-,ATADD_T2_Train_128473.flac
/root/atadd_track2_subset_v3/train/ATADD_T2_Train_128474.flac,0,music,-,ATADD_T2_Train_128474.flac
/root/atadd_track2_subset_v3/train/ATADD_T2_Train_128475.flac,0,music,-,ATADD_T2_Train_128475.flac
/root/atadd_track2_subset_v3/train/ATADD_T2_Train_128476.flac,0,music,-,ATADD_T2_Train_128476.flac
/root/atadd_track2_subset_v3/train/ATADD_T2_Train_128478.flac,0,music,-,ATADD_T2_Train_128478.flac
/root/atadd_track2_subset_v3/train/ATADD_T2_Train_128479.flac,0,music,-,ATADD_T2_Train_128479.flac
/root/atadd_track2_subset_v3/train/ATADD_T2_Train_128480.flac,0,music,-,ATADD_T2_Train_128480.flac
/root/atadd_track2_subset_v3/train/ATADD_T2_Train_128481.flac,0,music,-,ATADD_T2_Train_128481.flac
/root/atadd_track2_subset_v3/train/ATADD_T2_Train_128482.flac,0,music,-,ATADD_T2_Train_128482.flac
/root/atadd_track2_subset_v3/train/ATADD_T2_Train_128483.flac,0,music,-,ATADD_T2_Train_128483.flac
/root/atadd_track2_subset_v3/train/ATADD_T2_Train_128484.flac,0,music,-,ATADD_T2_Train_128484.flac
/root/atadd_track2_subset_v3/train/ATADD_T2_Train_128485.flac,0,music,-,ATADD_T2_Train_128485.flac
/root/atadd_track2_subset_v3/train/ATADD_T2_Train_128486.flac,0,music,-,ATADD_T2_Train_128486.flac
/root/atadd_track2_subset_v3/train/ATADD_T2_Train_128487.flac,0,music,-,ATADD_T2_Train_128487.flac
/root/atadd_track2_subset_v3/train/ATADD_T2_Train_128488.flac,0,music,-,ATADD_T2_Train_128488.flac
/root/atadd_track2_subset_v3/train/ATADD_T2_Train_128489.flac,0,music,-,ATADD_T2_Train_128489.flac
/root/atadd_track2_subset_v3/train/ATADD_T2_Train_128490.flac,0,music,-,ATADD_T2_Train_128490.flac
/root/atadd_track2_subset_v3/train/ATADD_T2_Train_128491.flac,0,music,-,ATADD_T2_Train_128491.flac
/root/atadd_track2_subset_v3/train/ATADD_T2_Train_128493.flac,0,music,-,ATADD_T2_Train_128493.flac
/root/atadd_track2_subset_v3/train/ATADD_T2_Train_128494.flac,0,music,-,ATADD_T2_Train_128494.flac
/root/atadd_track2_subset_v3/train/ATADD_T2_Train_128495.flac,0,music,-,ATADD_T2_Train_128495.flac
/root/atadd_track2_subset_v3/train/ATADD_T2_Train_128497.flac,0,music,-,ATADD_T2_Train_128497.flac
/root/atadd_track2_subset_v3/train/ATADD_T2_Train_128498.flac,0,music,-,ATADD_T2_Train_128498.flac
/root/atadd_track2_subset_v3/train/ATADD_T2_Train_128499.flac,0,music,-,ATADD_T2_Train_128499.flac
/root/atadd_track2_subset_v3/train/ATADD_T2_Train_128500.flac,0,music,-,ATADD_T2_Train_128500.flac
/root/atadd_track2_subset_v3/train/ATADD_T2_Train_128501.flac,0,music,-,ATADD_T2_Train_128501.flac
/root/atadd_track2_subset_v3/train/ATADD_T2_Train_128502.flac,0,music,-,ATADD_T2_Train_128502.flac
/root/atadd_track2_subset_v3/train/ATADD_T2_Train_128503.flac,0,music,-,ATADD_T2_Train_128503.flac
/root/atadd_track2_subset_v3/train/ATADD_T2_Train_128504.flac,0,music,-,ATADD_T2_Train_128504.flac
/root/atadd_track2_subset_v3/train/ATADD_T2_Train_128505.flac,0,music,-,ATADD_T2_Train_128505.flac
/root/atadd_track2_subset_v3/train/ATADD_T2_Train_128507.flac,0,music,-,ATADD_T2_Train_128507.flac
/root/atadd_track2_subset_v3/train/ATADD_T2_Train_128508.flac,0,music,-,ATADD_T2_Train_128508.flac
/root/atadd_track2_subset_v3/train/ATADD_T2_Train_128509.flac,0,music,-,ATADD_T2_Train_128509.flac
/root/atadd_track2_subset_v3/train/ATADD_T2_Train_128510.flac,0,music,-,ATADD_T2_Train_128510.flac
/root/atadd_track2_subset_v3/train/ATADD_T2_Train_128511.flac,0,music,-,ATADD_T2_Train_128511.flac
/root/atadd_track2_subset_v3/train/ATADD_T2_Train_128512.flac,0,music,-,ATADD_T2_Train_128512.flac
/root/atadd_track2_subset_v3/train/ATADD_T2_Train_128514.flac,0,music,-,ATADD_T2_Train_128514.flac
/root/atadd_track2_subset_v3/train/ATADD_T2_Train_128515.flac,0,music,-,ATADD_T2_Train_128515.flac
/root/atadd_track2_subset_v3/train/ATADD_T2_Train_128517.flac,0,music,-,ATADD_T2_Train_128517.flac
/root/atadd_track2_subset_v3/train/ATADD_T2_Train_128518.flac,0,music,-,ATADD_T2_Train_128518.flac
/root/atadd_track2_subset_v3/train/ATADD_T2_Train_128519.flac,0,music,-,ATADD_T2_Train_128519.flac
/root/atadd_track2_subset_v3/train/ATADD_T2_Train_128520.flac,0,music,-,ATADD_T2_Train_128520.flac
/root/atadd_track2_subset_v3/train/ATADD_T2_Train_128521.flac,0,music,-,ATADD_T2_Train_128521.flac
/root/atadd_track2_subset_v3/train/ATADD_T2_Train_128522.flac,0,music,-,ATADD_T2_Train_128522.flac
/root/atadd_track2_subset_v3/train/ATADD_T2_Train_128523.flac,0,music,-,ATADD_T2_Train_128523.flac
/root/atadd_track2_subset_v3/train/ATADD_T2_Train_128524.flac,0,music,-,ATADD_T2_Train_128524.flac
/root/atadd_track2_subset_v3/train/ATADD_T2_Train_128525.flac,0,music,-,ATADD_T2_Train_128525.flac
/root/atadd_track2_subset_v3/train/ATADD_T2_Train_128526.flac,0,music,-,ATADD_T2_Train_128526.flac
/root/atadd_track2_subset_v3/train/ATADD_T2_Train_128527.flac,0,music,-,ATADD_T2_Train_128527.flac
/root/atadd_track2_subset_v3/train/ATADD_T2_Train_128528.flac,0,music,-,ATADD_T2_Train_128528.flac
/root/atadd_track2_subset_v3/train/ATADD_T2_Train_128529.flac,0,music,-,ATADD_T2_Train_128529.flac
/root/atadd_track2_subset_v3/train/ATADD_T2_Train_128530.flac,0,music,-,ATADD_T2_Train_128530.flac
/root/atadd_track2_subset_v3/train/ATADD_T2_Train_128531.flac,0,music,-,ATADD_T2_Train_128531.flac
/root/atadd_track2_subset_v3/train/ATADD_T2_Train_128532.flac,0,music,-,ATADD_T2_Train_128532.flac
/root/atadd_track2_subset_v3/train/ATADD_T2_Train_128533.flac,0,music,-,ATADD_T2_Train_128533.flac
/root/atadd_track2_subset_v3/train/ATADD_T2_Train_128535.flac,0,music,-,ATADD_T2_Train_128535.flac
/root/atadd_track2_subset_v3/train/ATADD_T2_Train_128536.flac,0,music,-,ATADD_T2_Train_128536.flac
/root/atadd_track2_subset_v3/train/ATADD_T2_Train_128537.flac,0,music,-,ATADD_T2_Train_128537.flac
/root/atadd_track2_subset_v3/train/ATADD_T2_Train_128538.flac,0,music,-,ATADD_T2_Train_128538.flac
/root/atadd_track2_subset_v3/train/ATADD_T2_Train_128539.flac,0,music,-,ATADD_T2_Train_128539.flac
/root/atadd_track2_subset_v3/train/ATADD_T2_Train_128540.flac,0,music,-,ATADD_T2_Train_128540.flac
/root/atadd_track2_subset_v3/train/ATADD_T2_Train_128541.flac,0,music,-,ATADD_T2_Train_128541.flac
/root/atadd_track2_subset_v3/train/ATADD_T2_Train_128542.flac,0,music,-,ATADD_T2_Train_128542.flac
/root/atadd_track2_subset_v3/train/ATADD_T2_Train_128543.flac,0,music,-,ATADD_T2_Train_128543.flac
/root/atadd_track2_subset_v3/train/ATADD_T2_Train_128544.flac,0,music,-,ATADD_T2_Train_128544.flac
/root/atadd_track2_subset_v3/train/ATADD_T2_Train_128545.flac,0,music,-,ATADD_T2_Train_128545.flac
/root/atadd_track2_subset_v3/train/ATADD_T2_Train_128546.flac,0,music,-,ATADD_T2_Train_128546.flac
/root/atadd_track2_subset_v3/train/ATADD_T2_Train_128547.flac,0,music,-,ATADD_T2_Train_128547.flac
/root/atadd_track2_subset_v3/train/ATADD_T2_Train_128548.flac,0,music,-,ATADD_T2_Train_128548.flac
/root/atadd_track2_subset_v3/train/ATADD_T2_Train_128550.flac,0,music,-,ATADD_T2_Train_128550.flac
/root/atadd_track2_subset_v3/train/ATADD_T2_Train_128551.flac,0,music,-,ATADD_T2_Train_128551.flac
/root/atadd_track2_subset_v3/train/ATADD_T2_Train_128552.flac,0,music,-,ATADD_T2_Train_128552.flac
/root/atadd_track2_subset_v3/train/ATADD_T2_Train_128553.flac,0,music,-,ATADD_T2_Train_128553.flac
/root/atadd_track2_subset_v3/train/ATADD_T2_Train_128554.flac,0,music,-,ATADD_T2_Train_128554.flac
/root/atadd_track2_subset_v3/train/ATADD_T2_Train_128555.flac,0,music,-,ATADD_T2_Train_128555.flac
/root/atadd_track2_subset_v3/train/ATADD_T2_Train_128556.flac,0,music,-,ATADD_T2_Train_128556.flac
/root/atadd_track2_subset_v3/train/ATADD_T2_Train_128557.flac,0,music,-,ATADD_T2_Train_128557.flac
/root/atadd_track2_subset_v3/train/ATADD_T2_Train_128558.flac,0,music,-,ATADD_T2_Train_128558.flac
/root/atadd_track2_subset_v3/train/ATADD_T2_Train_128559.flac,0,music,-,ATADD_T2_Train_128559.flac
/root/atadd_track2_subset_v3/train/ATADD_T2_Train_128560.flac,0,music,-,ATADD_T2_Train_128560.flac
/root/atadd_track2_subset_v3/train/ATADD_T2_Train_128561.flac,0,music,-,ATADD_T2_Train_128561.flac
/root/atadd_track2_subset_v3/train/ATADD_T2_Train_128562.flac,0,music,-,ATADD_T2_Train_128562.flac
/root/atadd_track2_subset_v3/train/ATADD_T2_Train_128563.flac,0,music,-,ATADD_T2_Train_128563.flac
/root/atadd_track2_subset_v3/train/ATADD_T2_Train_128564.flac,0,music,-,ATADD_T2_Train_128564.flac
/root/atadd_track2_subset_v3/train/ATADD_T2_Train_128565.flac,0,music,-,ATADD_T2_Train_128565.flac
/root/atadd_track2_subset_v3/train/ATADD_T2_Train_128566.flac,0,music,-,ATADD_T2_Train_128566.flac
/root/atadd_track2_subset_v3/train/ATADD_T2_Train_128567.flac,0,music,-,ATADD_T2_Train_128567.flac
/root/atadd_track2_subset_v3/train/ATADD_T2_Train_128568.flac,0,music,-,ATADD_T2_Train_128568.flac
/root/atadd_track2_subset_v3/train/ATADD_T2_Train_128569.flac,0,music,-,ATADD_T2_Train_128569.flac
/root/atadd_track2_subset_v3/train/ATADD_T2_Train_128570.flac,0,music,-,ATADD_T2_Train_128570.flac
/root/atadd_track2_subset_v3/train/ATADD_T2_Train_128571.flac,0,music,-,ATADD_T2_Train_128571.flac
/root/atadd_track2_subset_v3/train/ATADD_T2_Train_128572.flac,0,music,-,ATADD_T2_Train_128572.flac
/root/atadd_track2_subset_v3/train/ATADD_T2_Train_128573.flac,0,music,-,ATADD_T2_Train_128573.flac
/root/atadd_track2_subset_v3/train/ATADD_T2_Train_128574.flac,0,music,-,ATADD_T2_Train_128574.flac
/root/atadd_track2_subset_v3/train/ATADD_T2_Train_128575.flac,0,music,-,ATADD_T2_Train_128575.flac
/root/atadd_track2_subset_v3/train/ATADD_T2_Train_128576.flac,0,music,-,ATADD_T2_Train_128576.flac
/root/atadd_track2_subset_v3/train/ATADD_T2_Train_128578.flac,0,music,-,ATADD_T2_Train_128578.flac
/root/atadd_track2_subset_v3/train/ATADD_T2_Train_128580.flac,0,music,-,ATADD_T2_Train_128580.flac
/root/atadd_track2_subset_v3/train/ATADD_T2_Train_128581.flac,0,music,-,ATADD_T2_Train_128581.flac
/root/atadd_track2_subset_v3/train/ATADD_T2_Train_128583.flac,0,music,-,ATADD_T2_Train_128583.flac
/root/atadd_track2_subset_v3/train/ATADD_T2_Train_128584.flac,0,music,-,ATADD_T2_Train_128584.flac
/root/atadd_track2_subset_v3/train/ATADD_T2_Train_128585.flac,0,music,-,ATADD_T2_Train_128585.flac
/root/atadd_track2_subset_v3/train/ATADD_T2_Train_128587.flac,0,music,-,ATADD_T2_Train_128587.flac
/root/atadd_track2_subset_v3/train/ATADD_T2_Train_128588.flac,0,music,-,ATADD_T2_Train_128588.flac
/root/atadd_track2_subset_v3/train/ATADD_T2_Train_128589.flac,0,music,-,ATADD_T2_Train_128589.flac
/root/atadd_track2_subset_v3/train/ATADD_T2_Train_128590.flac,0,music,-,ATADD_T2_Train_128590.flac
/root/atadd_track2_subset_v3/train/ATADD_T2_Train_128591.flac,0,music,-,ATADD_T2_Train_128591.flac
/root/atadd_track2_subset_v3/train/ATADD_T2_Train_128592.flac,0,music,-,ATADD_T2_Train_128592.flac
/root/atadd_track2_subset_v3/train/ATADD_T2_Train_128593.flac,0,music,-,ATADD_T2_Train_128593.flac
/root/atadd_track2_subset_v3/train/ATADD_T2_Train_128594.flac,0,music,-,ATADD_T2_Train_128594.flac
/root/atadd_track2_subset_v3/train/ATADD_T2_Train_128595.flac,0,music,-,ATADD_T2_Train_128595.flac
/root/atadd_track2_subset_v3/train/ATADD_T2_Train_128596.flac,0,music,-,ATADD_T2_Train_128596.flac
/root/atadd_track2_subset_v3/train/ATADD_T2_Train_128597.flac,0,music,-,ATADD_T2_Train_128597.flac
/root/atadd_track2_subset_v3/train/ATADD_T2_Train_128598.flac,0,music,-,ATADD_T2_Train_128598.flac
/root/atadd_track2_subset_v3/train/ATADD_T2_Train_128599.flac,0,music,-,ATADD_T2_Train_128599.flac
/root/atadd_track2_subset_v3/train/ATADD_T2_Train_128600.flac,0,music,-,ATADD_T2_Train_128600.flac
/root/atadd_track2_subset_v3/train/ATADD_T2_Train_128601.flac,0,music,-,ATADD_T2_Train_128601.flac
/root/atadd_track2_subset_v3/train/ATADD_T2_Train_128602.flac,0,music,-,ATADD_T2_Train_128602.flac
/root/atadd_track2_subset_v3/train/ATADD_T2_Train_128603.flac,0,music,-,ATADD_T2_Train_128603.flac
/root/atadd_track2_subset_v3/train/ATADD_T2_Train_128604.flac,0,music,-,ATADD_T2_Train_128604.flac
/root/atadd_track2_subset_v3/train/ATADD_T2_Train_128605.flac,0,music,-,ATADD_T2_Train_128605.flac
/root/atadd_track2_subset_v3/train/ATADD_T2_Train_128606.flac,0,music,-,ATADD_T2_Train_128606.flac
/root/atadd_track2_subset_v3/train/ATADD_T2_Train_128607.flac,0,music,-,ATADD_T2_Train_128607.flac
/root/atadd_track2_subset_v3/train/ATADD_T2_Train_128608.flac,0,music,-,ATADD_T2_Train_128608.flac
/root/atadd_track2_subset_v3/train/ATADD_T2_Train_128609.flac,0,music,-,ATADD_T2_Train_128609.flac
/root/atadd_track2_subset_v3/train/ATADD_T2_Train_128610.flac,0,music,-,ATADD_T2_Train_128610.flac
/root/atadd_track2_subset_v3/train/ATADD_T2_Train_128611.flac,0,music,-,ATADD_T2_Train_128611.flac
/root/atadd_track2_subset_v3/train/ATADD_T2_Train_128612.flac,0,music,-,ATADD_T2_Train_128612.flac
/root/atadd_track2_subset_v3/train/ATADD_T2_Train_128615.flac,0,music,-,ATADD_T2_Train_128615.flac
/root/atadd_track2_subset_v3/train/ATADD_T2_Train_128617.flac,0,music,-,ATADD_T2_Train_128617.flac
/root/atadd_track2_subset_v3/train/ATADD_T2_Train_128618.flac,0,music,-,ATADD_T2_Train_128618.flac
/root/atadd_track2_subset_v3/train/ATADD_T2_Train_128619.flac,0,music,-,ATADD_T2_Train_128619.flac
/root/atadd_track2_subset_v3/train/ATADD_T2_Train_128620.flac,0,music,-,ATADD_T2_Train_128620.flac
/root/atadd_track2_subset_v3/train/ATADD_T2_Train_128621.flac,0,music,-,ATADD_T2_Train_128621.flac
/root/atadd_track2_subset_v3/train/ATADD_T2_Train_128622.flac,0,music,-,ATADD_T2_Train_128622.flac
/root/atadd_track2_subset_v3/train/ATADD_T2_Train_128623.flac,0,music,-,ATADD_T2_Train_128623.flac
/root/atadd_track2_subset_v3/train/ATADD_T2_Train_128624.flac,0,music,-,ATADD_T2_Train_128624.flac
/root/atadd_track2_subset_v3/train/ATADD_T2_Train_128625.flac,0,music,-,ATADD_T2_Train_128625.flac
/root/atadd_track2_subset_v3/train/ATADD_T2_Train_128626.flac,0,music,-,ATADD_T2_Train_128626.flac
/root/atadd_track2_subset_v3/train/ATADD_T2_Train_128627.flac,0,music,-,ATADD_T2_Train_128627.flac
/root/atadd_track2_subset_v3/train/ATADD_T2_Train_128628.flac,0,music,-,ATADD_T2_Train_128628.flac
/root/atadd_track2_subset_v3/train/ATADD_T2_Train_128629.flac,0,music,-,ATADD_T2_Train_128629.flac
/root/atadd_track2_subset_v3/train/ATADD_T2_Train_128630.flac,0,music,-,ATADD_T2_Train_128630.flac
/root/atadd_track2_subset_v3/train/ATADD_T2_Train_128631.flac,0,music,-,ATADD_T2_Train_128631.flac
/root/atadd_track2_subset_v3/train/ATADD_T2_Train_128633.flac,0,music,-,ATADD_T2_Train_128633.flac
/root/atadd_track2_subset_v3/train/ATADD_T2_Train_128634.flac,0,music,-,ATADD_T2_Train_128634.flac
/root/atadd_track2_subset_v3/train/ATADD_T2_Train_128635.flac,0,music,-,ATADD_T2_Train_128635.flac
/root/atadd_track2_subset_v3/train/ATADD_T2_Train_128636.flac,0,music,-,ATADD_T2_Train_128636.flac
/root/atadd_track2_subset_v3/train/ATADD_T2_Train_128637.flac,0,music,-,ATADD_T2_Train_128637.flac
/root/atadd_track2_subset_v3/train/ATADD_T2_Train_128639.flac,0,music,-,ATADD_T2_Train_128639.flac
/root/atadd_track2_subset_v3/train/ATADD_T2_Train_128640.flac,0,music,-,ATADD_T2_Train_128640.flac
/root/atadd_track2_subset_v3/train/ATADD_T2_Train_128641.flac,0,music,-,ATADD_T2_Train_128641.flac
/root/atadd_track2_subset_v3/train/ATADD_T2_Train_128642.flac,0,music,-,ATADD_T2_Train_128642.flac
/root/atadd_track2_subset_v3/train/ATADD_T2_Train_128643.flac,0,music,-,ATADD_T2_Train_128643.flac
/root/atadd_track2_subset_v3/train/ATADD_T2_Train_128644.flac,0,music,-,ATADD_T2_Train_128644.flac
/root/atadd_track2_subset_v3/train/ATADD_T2_Train_128646.flac,0,music,-,ATADD_T2_Train_128646.flac
/root/atadd_track2_subset_v3/train/ATADD_T2_Train_128647.flac,0,music,-,ATADD_T2_Train_128647.flac
/root/atadd_track2_subset_v3/train/ATADD_T2_Train_128648.flac,0,music,-,ATADD_T2_Train_128648.flac
/root/atadd_track2_subset_v3/train/ATADD_T2_Train_128649.flac,0,music,-,ATADD_T2_Train_128649.flac
/root/atadd_track2_subset_v3/train/ATADD_T2_Train_128650.flac,0,music,-,ATADD_T2_Train_128650.flac
/root/atadd_track2_subset_v3/train/ATADD_T2_Train_128651.flac,0,music,-,ATADD_T2_Train_128651.flac
/root/atadd_track2_subset_v3/train/ATADD_T2_Train_128652.flac,0,music,-,ATADD_T2_Train_128652.flac
/root/atadd_track2_subset_v3/train/ATADD_T2_Train_128653.flac,0,music,-,ATADD_T2_Train_128653.flac
/root/atadd_track2_subset_v3/train/ATADD_T2_Train_128654.flac,0,music,-,ATADD_T2_Train_128654.flac
/root/atadd_track2_subset_v3/train/ATADD_T2_Train_128655.flac,0,music,-,ATADD_T2_Train_128655.flac
/root/atadd_track2_subset_v3/train/ATADD_T2_Train_128656.flac,0,music,-,ATADD_T2_Train_128656.flac
/root/atadd_track2_subset_v3/train/ATADD_T2_Train_128657.flac,0,music,-,ATADD_T2_Train_128657.flac
/root/atadd_track2_subset_v3/train/ATADD_T2_Train_128658.flac,0,music,-,ATADD_T2_Train_128658.flac
/root/atadd_track2_subset_v3/train/ATADD_T2_Train_128659.flac,0,music,-,ATADD_T2_Train_128659.flac
/root/atadd_track2_subset_v3/train/ATADD_T2_Train_128660.flac,0,music,-,ATADD_T2_Train_128660.flac
/root/atadd_track2_subset_v3/train/ATADD_T2_Train_128662.flac,0,music,-,ATADD_T2_Train_128662.flac
/root/atadd_track2_subset_v3/train/ATADD_T2_Train_128663.flac,0,music,-,ATADD_T2_Train_128663.flac
/root/atadd_track2_subset_v3/train/ATADD_T2_Train_128664.flac,0,music,-,ATADD_T2_Train_128664.flac
/root/atadd_track2_subset_v3/train/ATADD_T2_Train_128665.flac,0,music,-,ATADD_T2_Train_128665.flac
/root/atadd_track2_subset_v3/train/ATADD_T2_Train_128667.flac,0,music,-,ATADD_T2_Train_128667.flac
/root/atadd_track2_subset_v3/train/ATADD_T2_Train_128668.flac,0,music,-,ATADD_T2_Train_128668.flac
/root/atadd_track2_subset_v3/train/ATADD_T2_Train_128669.flac,0,music,-,ATADD_T2_Train_128669.flac
/root/atadd_track2_subset_v3/train/ATADD_T2_Train_128670.flac,0,music,-,ATADD_T2_Train_128670.flac
/root/atadd_track2_subset_v3/train/ATADD_T2_Train_128671.flac,0,music,-,ATADD_T2_Train_128671.flac
/root/atadd_track2_subset_v3/train/ATADD_T2_Train_128672.flac,0,music,-,ATADD_T2_Train_128672.flac
/root/atadd_track2_subset_v3/train/ATADD_T2_Train_128673.flac,0,music,-,ATADD_T2_Train_128673.flac
/root/atadd_track2_subset_v3/train/ATADD_T2_Train_128674.flac,0,music,-,ATADD_T2_Train_128674.flac
/root/atadd_track2_subset_v3/train/ATADD_T2_Train_128675.flac,0,music,-,ATADD_T2_Train_128675.flac
/root/atadd_track2_subset_v3/train/ATADD_T2_Train_128676.flac,0,music,-,ATADD_T2_Train_128676.flac
/root/atadd_track2_subset_v3/train/ATADD_T2_Train_128677.flac,0,music,-,ATADD_T2_Train_128677.flac
/root/atadd_track2_subset_v3/train/ATADD_T2_Train_128678.flac,0,music,-,ATADD_T2_Train_128678.flac
/root/atadd_track2_subset_v3/train/ATADD_T2_Train_128679.flac,0,music,-,ATADD_T2_Train_128679.flac
/root/atadd_track2_subset_v3/train/ATADD_T2_Train_128680.flac,0,music,-,ATADD_T2_Train_128680.flac
/root/atadd_track2_subset_v3/train/ATADD_T2_Train_128681.flac,0,music,-,ATADD_T2_Train_128681.flac
/root/atadd_track2_subset_v3/train/ATADD_T2_Train_128682.flac,0,music,-,ATADD_T2_Train_128682.flac
/root/atadd_track2_subset_v3/train/ATADD_T2_Train_128683.flac,0,music,-,ATADD_T2_Train_128683.flac
/root/atadd_track2_subset_v3/train/ATADD_T2_Train_128684.flac,0,music,-,ATADD_T2_Train_128684.flac
/root/atadd_track2_subset_v3/train/ATADD_T2_Train_128685.flac,0,music,-,ATADD_T2_Train_128685.flac
/root/atadd_track2_subset_v3/train/ATADD_T2_Train_128686.flac,0,music,-,ATADD_T2_Train_128686.flac
/root/atadd_track2_subset_v3/train/ATADD_T2_Train_128687.flac,0,music,-,ATADD_T2_Train_128687.flac
/root/atadd_track2_subset_v3/train/ATADD_T2_Train_128689.flac,0,music,-,ATADD_T2_Train_128689.flac
/root/atadd_track2_subset_v3/train/ATADD_T2_Train_128690.flac,0,music,-,ATADD_T2_Train_128690.flac
/root/atadd_track2_subset_v3/train/ATADD_T2_Train_128691.flac,0,music,-,ATADD_T2_Train_128691.flac
/root/atadd_track2_subset_v3/train/ATADD_T2_Train_128692.flac,0,music,-,ATADD_T2_Train_128692.flac
/root/atadd_track2_subset_v3/train/ATADD_T2_Train_128693.flac,0,music,-,ATADD_T2_Train_128693.flac
/root/atadd_track2_subset_v3/train/ATADD_T2_Train_128694.flac,0,music,-,ATADD_T2_Train_128694.flac
/root/atadd_track2_subset_v3/train/ATADD_T2_Train_128696.flac,0,music,-,ATADD_T2_Train_128696.flac
/root/atadd_track2_subset_v3/train/ATADD_T2_Train_128697.flac,0,music,-,ATADD_T2_Train_128697.flac
/root/atadd_track2_subset_v3/train/ATADD_T2_Train_128698.flac,0,music,-,ATADD_T2_Train_128698.flac
/root/atadd_track2_subset_v3/train/ATADD_T2_Train_128699.flac,0,music,-,ATADD_T2_Train_128699.flac
/root/atadd_track2_subset_v3/train/ATADD_T2_Train_128700.flac,0,music,-,ATADD_T2_Train_128700.flac
/root/atadd_track2_subset_v3/train/ATADD_T2_Train_128701.flac,0,music,-,ATADD_T2_Train_128701.flac
/root/atadd_track2_subset_v3/train/ATADD_T2_Train_128704.flac,0,music,-,ATADD_T2_Train_128704.flac
/root/atadd_track2_subset_v3/train/ATADD_T2_Train_128705.flac,0,music,-,ATADD_T2_Train_128705.flac
/root/atadd_track2_subset_v3/train/ATADD_T2_Train_128706.flac,0,music,-,ATADD_T2_Train_128706.flac
/root/atadd_track2_subset_v3/train/ATADD_T2_Train_128707.flac,0,music,-,ATADD_T2_Train_128707.flac
/root/atadd_track2_subset_v3/train/ATADD_T2_Train_128708.flac,0,music,-,ATADD_T2_Train_128708.flac
/root/atadd_track2_subset_v3/train/ATADD_T2_Train_128709.flac,0,music,-,ATADD_T2_Train_128709.flac
/root/atadd_track2_subset_v3/train/ATADD_T2_Train_128710.flac,0,music,-,ATADD_T2_Train_128710.flac
/root/atadd_track2_subset_v3/train/ATADD_T2_Train_128712.flac,0,music,-,ATADD_T2_Train_128712.flac
/root/atadd_track2_subset_v3/train/ATADD_T2_Train_128713.flac,0,music,-,ATADD_T2_Train_128713.flac
/root/atadd_track2_subset_v3/train/ATADD_T2_Train_128714.flac,0,music,-,ATADD_T2_Train_128714.flac
/root/atadd_track2_subset_v3/train/ATADD_T2_Train_128715.flac,0,music,-,ATADD_T2_Train_128715.flac
/root/atadd_track2_subset_v3/train/ATADD_T2_Train_128716.flac,0,music,-,ATADD_T2_Train_128716.flac
/root/atadd_track2_subset_v3/train/ATADD_T2_Train_128717.flac,0,music,-,ATADD_T2_Train_128717.flac
/root/atadd_track2_subset_v3/train/ATADD_T2_Train_128718.flac,0,music,-,ATADD_T2_Train_128718.flac
/root/atadd_track2_subset_v3/train/ATADD_T2_Train_128719.flac,0,music,-,ATADD_T2_Train_128719.flac
/root/atadd_track2_subset_v3/train/ATADD_T2_Train_128720.flac,0,music,-,ATADD_T2_Train_128720.flac
/root/atadd_track2_subset_v3/train/ATADD_T2_Train_128721.flac,0,music,-,ATADD_T2_Train_128721.flac
/root/atadd_track2_subset_v3/train/ATADD_T2_Train_128722.flac,0,music,-,ATADD_T2_Train_128722.flac
/root/atadd_track2_subset_v3/train/ATADD_T2_Train_128723.flac,0,music,-,ATADD_T2_Train_128723.flac
/root/atadd_track2_subset_v3/train/ATADD_T2_Train_128724.flac,0,music,-,ATADD_T2_Train_128724.flac
/root/atadd_track2_subset_v3/train/ATADD_T2_Train_128725.flac,0,music,-,ATADD_T2_Train_128725.flac
/root/atadd_track2_subset_v3/train/ATADD_T2_Train_128726.flac,0,music,-,ATADD_T2_Train_128726.flac
/root/atadd_track2_subset_v3/train/ATADD_T2_Train_128727.flac,0,music,-,ATADD_T2_Train_128727.flac
/root/atadd_track2_subset_v3/train/ATADD_T2_Train_128728.flac,0,music,-,ATADD_T2_Train_128728.flac
/root/atadd_track2_subset_v3/train/ATADD_T2_Train_128729.flac,0,music,-,ATADD_T2_Train_128729.flac
/root/atadd_track2_subset_v3/train/ATADD_T2_Train_128730.flac,0,music,-,ATADD_T2_Train_128730.flac
/root/atadd_track2_subset_v3/train/ATADD_T2_Train_128732.flac,0,music,-,ATADD_T2_Train_128732.flac
/root/atadd_track2_subset_v3/train/ATADD_T2_Train_128733.flac,0,music,-,ATADD_T2_Train_128733.flac
/root/atadd_track2_subset_v3/train/ATADD_T2_Train_128734.flac,0,music,-,ATADD_T2_Train_128734.flac
/root/atadd_track2_subset_v3/train/ATADD_T2_Train_128735.flac,0,music,-,ATADD_T2_Train_128735.flac
/root/atadd_track2_subset_v3/train/ATADD_T2_Train_128736.flac,0,music,-,ATADD_T2_Train_128736.flac
/root/atadd_track2_subset_v3/train/ATADD_T2_Train_128737.flac,0,music,-,ATADD_T2_Train_128737.flac
/root/atadd_track2_subset_v3/train/ATADD_T2_Train_128738.flac,0,music,-,ATADD_T2_Train_128738.flac
/root/atadd_track2_subset_v3/train/ATADD_T2_Train_128739.flac,0,music,-,ATADD_T2_Train_128739.flac
/root/atadd_track2_subset_v3/train/ATADD_T2_Train_128740.flac,0,music,-,ATADD_T2_Train_128740.flac
/root/atadd_track2_subset_v3/train/ATADD_T2_Train_128741.flac,0,music,-,ATADD_T2_Train_128741.flac
/root/atadd_track2_subset_v3/train/ATADD_T2_Train_128742.flac,0,music,-,ATADD_T2_Train_128742.flac
/root/atadd_track2_subset_v3/train/ATADD_T2_Train_128744.flac,0,music,-,ATADD_T2_Train_128744.flac
/root/atadd_track2_subset_v3/train/ATADD_T2_Train_128745.flac,0,music,-,ATADD_T2_Train_128745.flac
/root/atadd_track2_subset_v3/train/ATADD_T2_Train_128746.flac,0,music,-,ATADD_T2_Train_128746.flac
/root/atadd_track2_subset_v3/train/ATADD_T2_Train_128747.flac,0,music,-,ATADD_T2_Train_128747.flac
/root/atadd_track2_subset_v3/train/ATADD_T2_Train_128748.flac,0,music,-,ATADD_T2_Train_128748.flac
/root/atadd_track2_subset_v3/train/ATADD_T2_Train_128749.flac,0,music,-,ATADD_T2_Train_128749.flac
/root/atadd_track2_subset_v3/train/ATADD_T2_Train_128752.flac,0,music,-,ATADD_T2_Train_128752.flac
/root/atadd_track2_subset_v3/train/ATADD_T2_Train_128753.flac,0,music,-,ATADD_T2_Train_128753.flac
/root/atadd_track2_subset_v3/train/ATADD_T2_Train_128754.flac,0,music,-,ATADD_T2_Train_128754.flac
/root/atadd_track2_subset_v3/train/ATADD_T2_Train_128755.flac,0,music,-,ATADD_T2_Train_128755.flac
/root/atadd_track2_subset_v3/train/ATADD_T2_Train_128757.flac,0,music,-,ATADD_T2_Train_128757.flac
/root/atadd_track2_subset_v3/train/ATADD_T2_Train_128758.flac,0,music,-,ATADD_T2_Train_128758.flac
/root/atadd_track2_subset_v3/train/ATADD_T2_Train_128759.flac,0,music,-,ATADD_T2_Train_128759.flac
/root/atadd_track2_subset_v3/train/ATADD_T2_Train_128760.flac,0,music,-,ATADD_T2_Train_128760.flac
/root/atadd_track2_subset_v3/train/ATADD_T2_Train_128761.flac,0,music,-,ATADD_T2_Train_128761.flac
/root/atadd_track2_subset_v3/train/ATADD_T2_Train_128762.flac,0,music,-,ATADD_T2_Train_128762.flac
/root/atadd_track2_subset_v3/train/ATADD_T2_Train_128763.flac,0,music,-,ATADD_T2_Train_128763.flac
/root/atadd_track2_subset_v3/train/ATADD_T2_Train_128764.flac,0,music,-,ATADD_T2_Train_128764.flac
/root/atadd_track2_subset_v3/train/ATADD_T2_Train_128765.flac,0,music,-,ATADD_T2_Train_128765.flac
/root/atadd_track2_subset_v3/train/ATADD_T2_Train_128767.flac,0,music,-,ATADD_T2_Train_128767.flac
/root/atadd_track2_subset_v3/train/ATADD_T2_Train_128768.flac,0,music,-,ATADD_T2_Train_128768.flac
/root/atadd_track2_subset_v3/train/ATADD_T2_Train_128769.flac,0,music,-,ATADD_T2_Train_128769.flac
/root/atadd_track2_subset_v3/train/ATADD_T2_Train_128770.flac,0,music,-,ATADD_T2_Train_128770.flac
/root/atadd_track2_subset_v3/train/ATADD_T2_Train_128772.flac,0,music,-,ATADD_T2_Train_128772.flac
/root/atadd_track2_subset_v3/train/ATADD_T2_Train_128773.flac,0,music,-,ATADD_T2_Train_128773.flac
/root/atadd_track2_subset_v3/train/ATADD_T2_Train_128774.flac,0,music,-,ATADD_T2_Train_128774.flac
/root/atadd_track2_subset_v3/train/ATADD_T2_Train_128775.flac,0,music,-,ATADD_T2_Train_128775.flac
/root/atadd_track2_subset_v3/train/ATADD_T2_Train_128776.flac,0,music,-,ATADD_T2_Train_128776.flac
/root/atadd_track2_subset_v3/train/ATADD_T2_Train_128778.flac,0,music,-,ATADD_T2_Train_128778.flac
/root/atadd_track2_subset_v3/train/ATADD_T2_Train_128779.flac,0,music,-,ATADD_T2_Train_128779.flac
/root/atadd_track2_subset_v3/train/ATADD_T2_Train_128780.flac,0,music,-,ATADD_T2_Train_128780.flac
/root/atadd_track2_subset_v3/train/ATADD_T2_Train_128781.flac,0,music,-,ATADD_T2_Train_128781.flac
/root/atadd_track2_subset_v3/train/ATADD_T2_Train_128782.flac,0,music,-,ATADD_T2_Train_128782.flac
/root/atadd_track2_subset_v3/train/ATADD_T2_Train_128783.flac,0,music,-,ATADD_T2_Train_128783.flac
/root/atadd_track2_subset_v3/train/ATADD_T2_Train_128784.flac,0,music,-,ATADD_T2_Train_128784.flac
/root/atadd_track2_subset_v3/train/ATADD_T2_Train_128785.flac,0,music,-,ATADD_T2_Train_128785.flac
/root/atadd_track2_subset_v3/train/ATADD_T2_Train_128786.flac,0,music,-,ATADD_T2_Train_128786.flac
/root/atadd_track2_subset_v3/train/ATADD_T2_Train_128787.flac,0,music,-,ATADD_T2_Train_128787.flac
/root/atadd_track2_subset_v3/train/ATADD_T2_Train_128788.flac,0,music,-,ATADD_T2_Train_128788.flac
/root/atadd_track2_subset_v3/train/ATADD_T2_Train_128789.flac,0,music,-,ATADD_T2_Train_128789.flac
/root/atadd_track2_subset_v3/train/ATADD_T2_Train_128790.flac,0,music,-,ATADD_T2_Train_128790.flac
/root/atadd_track2_subset_v3/train/ATADD_T2_Train_128791.flac,0,music,-,ATADD_T2_Train_128791.flac
/root/atadd_track2_subset_v3/train/ATADD_T2_Train_128792.flac,0,music,-,ATADD_T2_Train_128792.flac
/root/atadd_track2_subset_v3/train/ATADD_T2_Train_128793.flac,0,music,-,ATADD_T2_Train_128793.flac
/root/atadd_track2_subset_v3/train/ATADD_T2_Train_128794.flac,0,music,-,ATADD_T2_Train_128794.flac
/root/atadd_track2_subset_v3/train/ATADD_T2_Train_128795.flac,0,music,-,ATADD_T2_Train_128795.flac
/root/atadd_track2_subset_v3/train/ATADD_T2_Train_128796.flac,0,music,-,ATADD_T2_Train_128796.flac
/root/atadd_track2_subset_v3/train/ATADD_T2_Train_128797.flac,0,music,-,ATADD_T2_Train_128797.flac
/root/atadd_track2_subset_v3/train/ATADD_T2_Train_128798.flac,0,music,-,ATADD_T2_Train_128798.flac
/root/atadd_track2_subset_v3/train/ATADD_T2_Train_128799.flac,0,music,-,ATADD_T2_Train_128799.flac
/root/atadd_track2_subset_v3/train/ATADD_T2_Train_128800.flac,0,music,-,ATADD_T2_Train_128800.flac
/root/atadd_track2_subset_v3/train/ATADD_T2_Train_128801.flac,0,music,-,ATADD_T2_Train_128801.flac
/root/atadd_track2_subset_v3/train/ATADD_T2_Train_128802.flac,0,music,-,ATADD_T2_Train_128802.flac
/root/atadd_track2_subset_v3/train/ATADD_T2_Train_128803.flac,0,music,-,ATADD_T2_Train_128803.flac
/root/atadd_track2_subset_v3/train/ATADD_T2_Train_128804.flac,0,music,-,ATADD_T2_Train_128804.flac
/root/atadd_track2_subset_v3/train/ATADD_T2_Train_128805.flac,0,music,-,ATADD_T2_Train_128805.flac
/root/atadd_track2_subset_v3/train/ATADD_T2_Train_128806.flac,0,music,-,ATADD_T2_Train_128806.flac
/root/atadd_track2_subset_v3/train/ATADD_T2_Train_128807.flac,0,music,-,ATADD_T2_Train_128807.flac
/root/atadd_track2_subset_v3/train/ATADD_T2_Train_128808.flac,0,music,-,ATADD_T2_Train_128808.flac
/root/atadd_track2_subset_v3/train/ATADD_T2_Train_128809.flac,0,music,-,ATADD_T2_Train_128809.flac
/root/atadd_track2_subset_v3/train/ATADD_T2_Train_128810.flac,0,music,-,ATADD_T2_Train_128810.flac
/root/atadd_track2_subset_v3/train/ATADD_T2_Train_128812.flac,0,music,-,ATADD_T2_Train_128812.flac
/root/atadd_track2_subset_v3/train/ATADD_T2_Train_128813.flac,0,music,-,ATADD_T2_Train_128813.flac
/root/atadd_track2_subset_v3/train/ATADD_T2_Train_128814.flac,0,music,-,ATADD_T2_Train_128814.flac
/root/atadd_track2_subset_v3/train/ATADD_T2_Train_128815.flac,0,music,-,ATADD_T2_Train_128815.flac
/root/atadd_track2_subset_v3/train/ATADD_T2_Train_128816.flac,0,music,-,ATADD_T2_Train_128816.flac
/root/atadd_track2_subset_v3/train/ATADD_T2_Train_128817.flac,0,music,-,ATADD_T2_Train_128817.flac
/root/atadd_track2_subset_v3/train/ATADD_T2_Train_128818.flac,0,music,-,ATADD_T2_Train_128818.flac
/root/atadd_track2_subset_v3/train/ATADD_T2_Train_128819.flac,0,music,-,ATADD_T2_Train_128819.flac
/root/atadd_track2_subset_v3/train/ATADD_T2_Train_128820.flac,0,music,-,ATADD_T2_Train_128820.flac
/root/atadd_track2_subset_v3/train/ATADD_T2_Train_128821.flac,0,music,-,ATADD_T2_Train_128821.flac
/root/atadd_track2_subset_v3/train/ATADD_T2_Train_128822.flac,0,music,-,ATADD_T2_Train_128822.flac
/root/atadd_track2_subset_v3/train/ATADD_T2_Train_128823.flac,0,music,-,ATADD_T2_Train_128823.flac
/root/atadd_track2_subset_v3/train/ATADD_T2_Train_128825.flac,0,music,-,ATADD_T2_Train_128825.flac
/root/atadd_track2_subset_v3/train/ATADD_T2_Train_128827.flac,0,music,-,ATADD_T2_Train_128827.flac
/root/atadd_track2_subset_v3/train/ATADD_T2_Train_128828.flac,0,music,-,ATADD_T2_Train_128828.flac
/root/atadd_track2_subset_v3/train/ATADD_T2_Train_128829.flac,0,music,-,ATADD_T2_Train_128829.flac
/root/atadd_track2_subset_v3/train/ATADD_T2_Train_128830.flac,0,music,-,ATADD_T2_Train_128830.flac
/root/atadd_track2_subset_v3/train/ATADD_T2_Train_128831.flac,0,music,-,ATADD_T2_Train_128831.flac
/root/atadd_track2_subset_v3/train/ATADD_T2_Train_128832.flac,0,music,-,ATADD_T2_Train_128832.flac
/root/atadd_track2_subset_v3/train/ATADD_T2_Train_128833.flac,0,music,-,ATADD_T2_Train_128833.flac
/root/atadd_track2_subset_v3/train/ATADD_T2_Train_128834.flac,0,music,-,ATADD_T2_Train_128834.flac
/root/atadd_track2_subset_v3/train/ATADD_T2_Train_128835.flac,0,music,-,ATADD_T2_Train_128835.flac
/root/atadd_track2_subset_v3/train/ATADD_T2_Train_128836.flac,0,music,-,ATADD_T2_Train_128836.flac
/root/atadd_track2_subset_v3/train/ATADD_T2_Train_128837.flac,0,music,-,ATADD_T2_Train_128837.flac
/root/atadd_track2_subset_v3/train/ATADD_T2_Train_128838.flac,0,music,-,ATADD_T2_Train_128838.flac
/root/atadd_track2_subset_v3/train/ATADD_T2_Train_128841.flac,0,music,-,ATADD_T2_Train_128841.flac
/root/atadd_track2_subset_v3/train/ATADD_T2_Train_128842.flac,0,music,-,ATADD_T2_Train_128842.flac
/root/atadd_track2_subset_v3/train/ATADD_T2_Train_128843.flac,0,music,-,ATADD_T2_Train_128843.flac
/root/atadd_track2_subset_v3/train/ATADD_T2_Train_128844.flac,0,music,-,ATADD_T2_Train_128844.flac
/root/atadd_track2_subset_v3/train/ATADD_T2_Train_128845.flac,0,music,-,ATADD_T2_Train_128845.flac
/root/atadd_track2_subset_v3/train/ATADD_T2_Train_128846.flac,0,music,-,ATADD_T2_Train_128846.flac
/root/atadd_track2_subset_v3/train/ATADD_T2_Train_128847.flac,0,music,-,ATADD_T2_Train_128847.flac
/root/atadd_track2_subset_v3/train/ATADD_T2_Train_128848.flac,0,music,-,ATADD_T2_Train_128848.flac
/root/atadd_track2_subset_v3/train/ATADD_T2_Train_128849.flac,0,music,-,ATADD_T2_Train_128849.flac
/root/atadd_track2_subset_v3/train/ATADD_T2_Train_128850.flac,0,music,-,ATADD_T2_Train_128850.flac
/root/atadd_track2_subset_v3/train/ATADD_T2_Train_128851.flac,0,music,-,ATADD_T2_Train_128851.flac
/root/atadd_track2_subset_v3/train/ATADD_T2_Train_128852.flac,0,music,-,ATADD_T2_Train_128852.flac
/root/atadd_track2_subset_v3/train/ATADD_T2_Train_128853.flac,0,music,-,ATADD_T2_Train_128853.flac
/root/atadd_track2_subset_v3/train/ATADD_T2_Train_128854.flac,0,music,-,ATADD_T2_Train_128854.flac
/root/atadd_track2_subset_v3/train/ATADD_T2_Train_128856.flac,0,music,-,ATADD_T2_Train_128856.flac
/root/atadd_track2_subset_v3/train/ATADD_T2_Train_128857.flac,0,music,-,ATADD_T2_Train_128857.flac
/root/atadd_track2_subset_v3/train/ATADD_T2_Train_128858.flac,0,music,-,ATADD_T2_Train_128858.flac
/root/atadd_track2_subset_v3/train/ATADD_T2_Train_128859.flac,0,music,-,ATADD_T2_Train_128859.flac
/root/atadd_track2_subset_v3/train/ATADD_T2_Train_128860.flac,0,music,-,ATADD_T2_Train_128860.flac
/root/atadd_track2_subset_v3/train/ATADD_T2_Train_128861.flac,0,music,-,ATADD_T2_Train_128861.flac
/root/atadd_track2_subset_v3/train/ATADD_T2_Train_128862.flac,0,music,-,ATADD_T2_Train_128862.flac
/root/atadd_track2_subset_v3/train/ATADD_T2_Train_128863.flac,0,music,-,ATADD_T2_Train_128863.flac
/root/atadd_track2_subset_v3/train/ATADD_T2_Train_128864.flac,0,music,-,ATADD_T2_Train_128864.flac
/root/atadd_track2_subset_v3/train/ATADD_T2_Train_128865.flac,0,music,-,ATADD_T2_Train_128865.flac
/root/atadd_track2_subset_v3/train/ATADD_T2_Train_128867.flac,0,music,-,ATADD_T2_Train_128867.flac
/root/atadd_track2_subset_v3/train/ATADD_T2_Train_128868.flac,0,music,-,ATADD_T2_Train_128868.flac
/root/atadd_track2_subset_v3/train/ATADD_T2_Train_128869.flac,0,music,-,ATADD_T2_Train_128869.flac
/root/atadd_track2_subset_v3/train/ATADD_T2_Train_128870.flac,0,music,-,ATADD_T2_Train_128870.flac
/root/atadd_track2_subset_v3/train/ATADD_T2_Train_128871.flac,0,music,-,ATADD_T2_Train_128871.flac
/root/atadd_track2_subset_v3/train/ATADD_T2_Train_128872.flac,0,music,-,ATADD_T2_Train_128872.flac
/root/atadd_track2_subset_v3/train/ATADD_T2_Train_128873.flac,0,music,-,ATADD_T2_Train_128873.flac
/root/atadd_track2_subset_v3/train/ATADD_T2_Train_128874.flac,0,music,-,ATADD_T2_Train_128874.flac
/root/atadd_track2_subset_v3/train/ATADD_T2_Train_128875.flac,0,music,-,ATADD_T2_Train_128875.flac
/root/atadd_track2_subset_v3/train/ATADD_T2_Train_128876.flac,0,music,-,ATADD_T2_Train_128876.flac
/root/atadd_track2_subset_v3/train/ATADD_T2_Train_128877.flac,0,music,-,ATADD_T2_Train_128877.flac
/root/atadd_track2_subset_v3/train/ATADD_T2_Train_128878.flac,0,music,-,ATADD_T2_Train_128878.flac
/root/atadd_track2_subset_v3/train/ATADD_T2_Train_128879.flac,0,music,-,ATADD_T2_Train_128879.flac
/root/atadd_track2_subset_v3/train/ATADD_T2_Train_128880.flac,0,music,-,ATADD_T2_Train_128880.flac
/root/atadd_track2_subset_v3/train/ATADD_T2_Train_128881.flac,0,music,-,ATADD_T2_Train_128881.flac
/root/atadd_track2_subset_v3/train/ATADD_T2_Train_128882.flac,0,music,-,ATADD_T2_Train_128882.flac
/root/atadd_track2_subset_v3/train/ATADD_T2_Train_128883.flac,0,music,-,ATADD_T2_Train_128883.flac
/root/atadd_track2_subset_v3/train/ATADD_T2_Train_128884.flac,0,music,-,ATADD_T2_Train_128884.flac
/root/atadd_track2_subset_v3/train/ATADD_T2_Train_128885.flac,0,music,-,ATADD_T2_Train_128885.flac
/root/atadd_track2_subset_v3/train/ATADD_T2_Train_128886.flac,0,music,-,ATADD_T2_Train_128886.flac
/root/atadd_track2_subset_v3/train/ATADD_T2_Train_128887.flac,0,music,-,ATADD_T2_Train_128887.flac
/root/atadd_track2_subset_v3/train/ATADD_T2_Train_128888.flac,0,music,-,ATADD_T2_Train_128888.flac
/root/atadd_track2_subset_v3/train/ATADD_T2_Train_128889.flac,0,music,-,ATADD_T2_Train_128889.flac
/root/atadd_track2_subset_v3/train/ATADD_T2_Train_128890.flac,0,music,-,ATADD_T2_Train_128890.flac
/root/atadd_track2_subset_v3/train/ATADD_T2_Train_128891.flac,0,music,-,ATADD_T2_Train_128891.flac
/root/atadd_track2_subset_v3/train/ATADD_T2_Train_128892.flac,0,music,-,ATADD_T2_Train_128892.flac
/root/atadd_track2_subset_v3/train/ATADD_T2_Train_128893.flac,0,music,-,ATADD_T2_Train_128893.flac
/root/atadd_track2_subset_v3/train/ATADD_T2_Train_128894.flac,0,music,-,ATADD_T2_Train_128894.flac
/root/atadd_track2_subset_v3/train/ATADD_T2_Train_128895.flac,0,music,-,ATADD_T2_Train_128895.flac
/root/atadd_track2_subset_v3/train/ATADD_T2_Train_128896.flac,0,music,-,ATADD_T2_Train_128896.flac
/root/atadd_track2_subset_v3/train/ATADD_T2_Train_128897.flac,0,music,-,ATADD_T2_Train_128897.flac
/root/atadd_track2_subset_v3/train/ATADD_T2_Train_128898.flac,0,music,-,ATADD_T2_Train_128898.flac
/root/atadd_track2_subset_v3/train/ATADD_T2_Train_128899.flac,0,music,-,ATADD_T2_Train_128899.flac
/root/atadd_track2_subset_v3/train/ATADD_T2_Train_128900.flac,0,music,-,ATADD_T2_Train_128900.flac
/root/atadd_track2_subset_v3/train/ATADD_T2_Train_128902.flac,0,music,-,ATADD_T2_Train_128902.flac
/root/atadd_track2_subset_v3/train/ATADD_T2_Train_128903.flac,0,music,-,ATADD_T2_Train_128903.flac
/root/atadd_track2_subset_v3/train/ATADD_T2_Train_128904.flac,0,music,-,ATADD_T2_Train_128904.flac
/root/atadd_track2_subset_v3/train/ATADD_T2_Train_128905.flac,0,music,-,ATADD_T2_Train_128905.flac
/root/atadd_track2_subset_v3/train/ATADD_T2_Train_128906.flac,0,music,-,ATADD_T2_Train_128906.flac
/root/atadd_track2_subset_v3/train/ATADD_T2_Train_128907.flac,0,music,-,ATADD_T2_Train_128907.flac
/root/atadd_track2_subset_v3/train/ATADD_T2_Train_128908.flac,0,music,-,ATADD_T2_Train_128908.flac
/root/atadd_track2_subset_v3/train/ATADD_T2_Train_128909.flac,0,music,-,ATADD_T2_Train_128909.flac
/root/atadd_track2_subset_v3/train/ATADD_T2_Train_128910.flac,0,music,-,ATADD_T2_Train_128910.flac
/root/atadd_track2_subset_v3/train/ATADD_T2_Train_128911.flac,0,music,-,ATADD_T2_Train_128911.flac
/root/atadd_track2_subset_v3/train/ATADD_T2_Train_128912.flac,0,music,-,ATADD_T2_Train_128912.flac
/root/atadd_track2_subset_v3/train/ATADD_T2_Train_128913.flac,0,music,-,ATADD_T2_Train_128913.flac
/root/atadd_track2_subset_v3/train/ATADD_T2_Train_128914.flac,0,music,-,ATADD_T2_Train_128914.flac
/root/atadd_track2_subset_v3/train/ATADD_T2_Train_128915.flac,0,music,-,ATADD_T2_Train_128915.flac
/root/atadd_track2_subset_v3/train/ATADD_T2_Train_128916.flac,0,music,-,ATADD_T2_Train_128916.flac
/root/atadd_track2_subset_v3/train/ATADD_T2_Train_128917.flac,0,music,-,ATADD_T2_Train_128917.flac
/root/atadd_track2_subset_v3/train/ATADD_T2_Train_128918.flac,0,music,-,ATADD_T2_Train_128918.flac
/root/atadd_track2_subset_v3/train/ATADD_T2_Train_128919.flac,0,music,-,ATADD_T2_Train_128919.flac
/root/atadd_track2_subset_v3/train/ATADD_T2_Train_128920.flac,0,music,-,ATADD_T2_Train_128920.flac
/root/atadd_track2_subset_v3/train/ATADD_T2_Train_128921.flac,0,music,-,ATADD_T2_Train_128921.flac
/root/atadd_track2_subset_v3/train/ATADD_T2_Train_128922.flac,0,music,-,ATADD_T2_Train_128922.flac
/root/atadd_track2_subset_v3/train/ATADD_T2_Train_128923.flac,0,music,-,ATADD_T2_Train_128923.flac
/root/atadd_track2_subset_v3/train/ATADD_T2_Train_128924.flac,0,music,-,ATADD_T2_Train_128924.flac
/root/atadd_track2_subset_v3/train/ATADD_T2_Train_128925.flac,0,music,-,ATADD_T2_Train_128925.flac
/root/atadd_track2_subset_v3/train/ATADD_T2_Train_128926.flac,0,music,-,ATADD_T2_Train_128926.flac
/root/atadd_track2_subset_v3/train/ATADD_T2_Train_128927.flac,0,music,-,ATADD_T2_Train_128927.flac
/root/atadd_track2_subset_v3/train/ATADD_T2_Train_128928.flac,0,music,-,ATADD_T2_Train_128928.flac
/root/atadd_track2_subset_v3/train/ATADD_T2_Train_128929.flac,0,music,-,ATADD_T2_Train_128929.flac
/root/atadd_track2_subset_v3/train/ATADD_T2_Train_128930.flac,0,music,-,ATADD_T2_Train_128930.flac
/root/atadd_track2_subset_v3/train/ATADD_T2_Train_128931.flac,0,music,-,ATADD_T2_Train_128931.flac
/root/atadd_track2_subset_v3/train/ATADD_T2_Train_128932.flac,0,music,-,ATADD_T2_Train_128932.flac
/root/atadd_track2_subset_v3/train/ATADD_T2_Train_128933.flac,0,music,-,ATADD_T2_Train_128933.flac
/root/atadd_track2_subset_v3/train/ATADD_T2_Train_128934.flac,0,music,-,ATADD_T2_Train_128934.flac
/root/atadd_track2_subset_v3/train/ATADD_T2_Train_128935.flac,0,music,-,ATADD_T2_Train_128935.flac
/root/atadd_track2_subset_v3/train/ATADD_T2_Train_128936.flac,0,music,-,ATADD_T2_Train_128936.flac
/root/atadd_track2_subset_v3/train/ATADD_T2_Train_128937.flac,0,music,-,ATADD_T2_Train_128937.flac
/root/atadd_track2_subset_v3/train/ATADD_T2_Train_128938.flac,0,music,-,ATADD_T2_Train_128938.flac
/root/atadd_track2_subset_v3/train/ATADD_T2_Train_128939.flac,0,music,-,ATADD_T2_Train_128939.flac
/root/atadd_track2_subset_v3/train/ATADD_T2_Train_128940.flac,0,music,-,ATADD_T2_Train_128940.flac
/root/atadd_track2_subset_v3/train/ATADD_T2_Train_128941.flac,0,music,-,ATADD_T2_Train_128941.flac
/root/atadd_track2_subset_v3/train/ATADD_T2_Train_128942.flac,0,music,-,ATADD_T2_Train_128942.flac
/root/atadd_track2_subset_v3/train/ATADD_T2_Train_128943.flac,0,music,-,ATADD_T2_Train_128943.flac
/root/atadd_track2_subset_v3/train/ATADD_T2_Train_128944.flac,0,music,-,ATADD_T2_Train_128944.flac
/root/atadd_track2_subset_v3/train/ATADD_T2_Train_128945.flac,0,music,-,ATADD_T2_Train_128945.flac
/root/atadd_track2_subset_v3/train/ATADD_T2_Train_128946.flac,0,music,-,ATADD_T2_Train_128946.flac
/root/atadd_track2_subset_v3/train/ATADD_T2_Train_128947.flac,0,music,-,ATADD_T2_Train_128947.flac
/root/atadd_track2_subset_v3/train/ATADD_T2_Train_128948.flac,0,music,-,ATADD_T2_Train_128948.flac
/root/atadd_track2_subset_v3/train/ATADD_T2_Train_128949.flac,0,music,-,ATADD_T2_Train_128949.flac
/root/atadd_track2_subset_v3/train/ATADD_T2_Train_128950.flac,0,music,-,ATADD_T2_Train_128950.flac
/root/atadd_track2_subset_v3/train/ATADD_T2_Train_128951.flac,0,music,-,ATADD_T2_Train_128951.flac
/root/atadd_track2_subset_v3/train/ATADD_T2_Train_128952.flac,0,music,-,ATADD_T2_Train_128952.flac
/root/atadd_track2_subset_v3/train/ATADD_T2_Train_128953.flac,0,music,-,ATADD_T2_Train_128953.flac
/root/atadd_track2_subset_v3/train/ATADD_T2_Train_128954.flac,0,music,-,ATADD_T2_Train_128954.flac
/root/atadd_track2_subset_v3/train/ATADD_T2_Train_128955.flac,0,music,-,ATADD_T2_Train_128955.flac
/root/atadd_track2_subset_v3/train/ATADD_T2_Train_128956.flac,0,music,-,ATADD_T2_Train_128956.flac
/root/atadd_track2_subset_v3/train/ATADD_T2_Train_128957.flac,0,music,-,ATADD_T2_Train_128957.flac
/root/atadd_track2_subset_v3/train/ATADD_T2_Train_128958.flac,0,music,-,ATADD_T2_Train_128958.flac
/root/atadd_track2_subset_v3/train/ATADD_T2_Train_128959.flac,0,music,-,ATADD_T2_Train_128959.flac
/root/atadd_track2_subset_v3/train/ATADD_T2_Train_128960.flac,0,music,-,ATADD_T2_Train_128960.flac
/root/atadd_track2_subset_v3/train/ATADD_T2_Train_128961.flac,0,music,-,ATADD_T2_Train_128961.flac
/root/atadd_track2_subset_v3/train/ATADD_T2_Train_128962.flac,0,music,-,ATADD_T2_Train_128962.flac
/root/atadd_track2_subset_v3/train/ATADD_T2_Train_128963.flac,0,music,-,ATADD_T2_Train_128963.flac
/root/atadd_track2_subset_v3/train/ATADD_T2_Train_128964.flac,0,music,-,ATADD_T2_Train_128964.flac
/root/atadd_track2_subset_v3/train/ATADD_T2_Train_128965.flac,0,music,-,ATADD_T2_Train_128965.flac
/root/atadd_track2_subset_v3/train/ATADD_T2_Train_128966.flac,0,music,-,ATADD_T2_Train_128966.flac
/root/atadd_track2_subset_v3/train/ATADD_T2_Train_128967.flac,0,music,-,ATADD_T2_Train_128967.flac
/root/atadd_track2_subset_v3/train/ATADD_T2_Train_128968.flac,0,music,-,ATADD_T2_Train_128968.flac
/root/atadd_track2_subset_v3/train/ATADD_T2_Train_128969.flac,0,music,-,ATADD_T2_Train_128969.flac
/root/atadd_track2_subset_v3/train/ATADD_T2_Train_128970.flac,0,music,-,ATADD_T2_Train_128970.flac
/root/atadd_track2_subset_v3/train/ATADD_T2_Train_128971.flac,0,music,-,ATADD_T2_Train_128971.flac
/root/atadd_track2_subset_v3/train/ATADD_T2_Train_128972.flac,0,music,-,ATADD_T2_Train_128972.flac
/root/atadd_track2_subset_v3/train/ATADD_T2_Train_128973.flac,0,music,-,ATADD_T2_Train_128973.flac
/root/atadd_track2_subset_v3/train/ATADD_T2_Train_128974.flac,0,music,-,ATADD_T2_Train_128974.flac
/root/atadd_track2_subset_v3/train/ATADD_T2_Train_128975.flac,0,music,-,ATADD_T2_Train_128975.flac
/root/atadd_track2_subset_v3/train/ATADD_T2_Train_128976.flac,0,music,-,ATADD_T2_Train_128976.flac
/root/atadd_track2_subset_v3/train/ATADD_T2_Train_128978.flac,0,music,-,ATADD_T2_Train_128978.flac
/root/atadd_track2_subset_v3/train/ATADD_T2_Train_128979.flac,0,music,-,ATADD_T2_Train_128979.flac
/root/atadd_track2_subset_v3/train/ATADD_T2_Train_128980.flac,0,music,-,ATADD_T2_Train_128980.flac
/root/atadd_track2_subset_v3/train/ATADD_T2_Train_128981.flac,0,music,-,ATADD_T2_Train_128981.flac
/root/atadd_track2_subset_v3/train/ATADD_T2_Train_128982.flac,0,music,-,ATADD_T2_Train_128982.flac
/root/atadd_track2_subset_v3/train/ATADD_T2_Train_128983.flac,0,music,-,ATADD_T2_Train_128983.flac
/root/atadd_track2_subset_v3/train/ATADD_T2_Train_128984.flac,0,music,-,ATADD_T2_Train_128984.flac
/root/atadd_track2_subset_v3/train/ATADD_T2_Train_128985.flac,0,music,-,ATADD_T2_Train_128985.flac
/root/atadd_track2_subset_v3/train/ATADD_T2_Train_128986.flac,0,music,-,ATADD_T2_Train_128986.flac
/root/atadd_track2_subset_v3/train/ATADD_T2_Train_128987.flac,0,music,-,ATADD_T2_Train_128987.flac
/root/atadd_track2_subset_v3/train/ATADD_T2_Train_128988.flac,0,music,-,ATADD_T2_Train_128988.flac
/root/atadd_track2_subset_v3/train/ATADD_T2_Train_128989.flac,0,music,-,ATADD_T2_Train_128989.flac
/root/atadd_track2_subset_v3/train/ATADD_T2_Train_128990.flac,0,music,-,ATADD_T2_Train_128990.flac
/root/atadd_track2_subset_v3/train/ATADD_T2_Train_128991.flac,0,music,-,ATADD_T2_Train_128991.flac
/root/atadd_track2_subset_v3/train/ATADD_T2_Train_128992.flac,0,music,-,ATADD_T2_Train_128992.flac
/root/atadd_track2_subset_v3/train/ATADD_T2_Train_128993.flac,0,music,-,ATADD_T2_Train_128993.flac
/root/atadd_track2_subset_v3/train/ATADD_T2_Train_128994.flac,0,music,-,ATADD_T2_Train_128994.flac
/root/atadd_track2_subset_v3/train/ATADD_T2_Train_128995.flac,0,music,-,ATADD_T2_Train_128995.flac
/root/atadd_track2_subset_v3/train/ATADD_T2_Train_128996.flac,0,music,-,ATADD_T2_Train_128996.flac
/root/atadd_track2_subset_v3/train/ATADD_T2_Train_128997.flac,0,music,-,ATADD_T2_Train_128997.flac
/root/atadd_track2_subset_v3/train/ATADD_T2_Train_128998.flac,0,music,-,ATADD_T2_Train_128998.flac
/root/atadd_track2_subset_v3/train/ATADD_T2_Train_128999.flac,0,music,-,ATADD_T2_Train_128999.flac
/root/atadd_track2_subset_v3/train/ATADD_T2_Train_129000.flac,0,music,-,ATADD_T2_Train_129000.flac
/root/atadd_track2_subset_v3/train/ATADD_T2_Train_129001.flac,0,music,-,ATADD_T2_Train_129001.flac
/root/atadd_track2_subset_v3/train/ATADD_T2_Train_129002.flac,0,music,-,ATADD_T2_Train_129002.flac
/root/atadd_track2_subset_v3/train/ATADD_T2_Train_129003.flac,0,music,-,ATADD_T2_Train_129003.flac
/root/atadd_track2_subset_v3/train/ATADD_T2_Train_129004.flac,0,music,-,ATADD_T2_Train_129004.flac
/root/atadd_track2_subset_v3/train/ATADD_T2_Train_129006.flac,0,music,-,ATADD_T2_Train_129006.flac
/root/atadd_track2_subset_v3/train/ATADD_T2_Train_129007.flac,0,music,-,ATADD_T2_Train_129007.flac
/root/atadd_track2_subset_v3/train/ATADD_T2_Train_129008.flac,0,music,-,ATADD_T2_Train_129008.flac
/root/atadd_track2_subset_v3/train/ATADD_T2_Train_129009.flac,0,music,-,ATADD_T2_Train_129009.flac
/root/atadd_track2_subset_v3/train/ATADD_T2_Train_129010.flac,0,music,-,ATADD_T2_Train_129010.flac
/root/atadd_track2_subset_v3/train/ATADD_T2_Train_129011.flac,0,music,-,ATADD_T2_Train_129011.flac
/root/atadd_track2_subset_v3/train/ATADD_T2_Train_129012.flac,0,music,-,ATADD_T2_Train_129012.flac
/root/atadd_track2_subset_v3/train/ATADD_T2_Train_129013.flac,0,music,-,ATADD_T2_Train_129013.flac
/root/atadd_track2_subset_v3/train/ATADD_T2_Train_129014.flac,0,music,-,ATADD_T2_Train_129014.flac
/root/atadd_track2_subset_v3/train/ATADD_T2_Train_129015.flac,0,music,-,ATADD_T2_Train_129015.flac
/root/atadd_track2_subset_v3/train/ATADD_T2_Train_129016.flac,0,music,-,ATADD_T2_Train_129016.flac
/root/atadd_track2_subset_v3/train/ATADD_T2_Train_129017.flac,0,music,-,ATADD_T2_Train_129017.flac
/root/atadd_track2_subset_v3/train/ATADD_T2_Train_129018.flac,0,music,-,ATADD_T2_Train_129018.flac
/root/atadd_track2_subset_v3/train/ATADD_T2_Train_129019.flac,0,music,-,ATADD_T2_Train_129019.flac
/root/atadd_track2_subset_v3/train/ATADD_T2_Train_129020.flac,0,music,-,ATADD_T2_Train_129020.flac
/root/atadd_track2_subset_v3/train/ATADD_T2_Train_129021.flac,0,music,-,ATADD_T2_Train_129021.flac
/root/atadd_track2_subset_v3/train/ATADD_T2_Train_129022.flac,0,music,-,ATADD_T2_Train_129022.flac
/root/atadd_track2_subset_v3/train/ATADD_T2_Train_129023.flac,0,music,-,ATADD_T2_Train_129023.flac
/root/atadd_track2_subset_v3/train/ATADD_T2_Train_129024.flac,0,music,-,ATADD_T2_Train_129024.flac
/root/atadd_track2_subset_v3/train/ATADD_T2_Train_129025.flac,0,music,-,ATADD_T2_Train_129025.flac
/root/atadd_track2_subset_v3/train/ATADD_T2_Train_129026.flac,0,music,-,ATADD_T2_Train_129026.flac
/root/atadd_track2_subset_v3/train/ATADD_T2_Train_129027.flac,0,music,-,ATADD_T2_Train_129027.flac
/root/atadd_track2_subset_v3/train/ATADD_T2_Train_129028.flac,0,music,-,ATADD_T2_Train_129028.flac
/root/atadd_track2_subset_v3/train/ATADD_T2_Train_129029.flac,0,music,-,ATADD_T2_Train_129029.flac
/root/atadd_track2_subset_v3/train/ATADD_T2_Train_129030.flac,0,music,-,ATADD_T2_Train_129030.flac
/root/atadd_track2_subset_v3/train/ATADD_T2_Train_129031.flac,0,music,-,ATADD_T2_Train_129031.flac
/root/atadd_track2_subset_v3/train/ATADD_T2_Train_129032.flac,0,music,-,ATADD_T2_Train_129032.flac
/root/atadd_track2_subset_v3/train/ATADD_T2_Train_129033.flac,0,music,-,ATADD_T2_Train_129033.flac
/root/atadd_track2_subset_v3/train/ATADD_T2_Train_129034.flac,0,music,-,ATADD_T2_Train_129034.flac
/root/atadd_track2_subset_v3/train/ATADD_T2_Train_129036.flac,0,music,-,ATADD_T2_Train_129036.flac
/root/atadd_track2_subset_v3/train/ATADD_T2_Train_129037.flac,0,music,-,ATADD_T2_Train_129037.flac
/root/atadd_track2_subset_v3/train/ATADD_T2_Train_129038.flac,0,music,-,ATADD_T2_Train_129038.flac
/root/atadd_track2_subset_v3/train/ATADD_T2_Train_129039.flac,0,music,-,ATADD_T2_Train_129039.flac
/root/atadd_track2_subset_v3/train/ATADD_T2_Train_129040.flac,0,music,-,ATADD_T2_Train_129040.flac
/root/atadd_track2_subset_v3/train/ATADD_T2_Train_129041.flac,0,music,-,ATADD_T2_Train_129041.flac
/root/atadd_track2_subset_v3/train/ATADD_T2_Train_129042.flac,0,music,-,ATADD_T2_Train_129042.flac
/root/atadd_track2_subset_v3/train/ATADD_T2_Train_129043.flac,0,music,-,ATADD_T2_Train_129043.flac
/root/atadd_track2_subset_v3/train/ATADD_T2_Train_129044.flac,0,music,-,ATADD_T2_Train_129044.flac
/root/atadd_track2_subset_v3/train/ATADD_T2_Train_129045.flac,0,music,-,ATADD_T2_Train_129045.flac
/root/atadd_track2_subset_v3/train/ATADD_T2_Train_129046.flac,0,music,-,ATADD_T2_Train_129046.flac
/root/atadd_track2_subset_v3/train/ATADD_T2_Train_129047.flac,0,music,-,ATADD_T2_Train_129047.flac
/root/atadd_track2_subset_v3/train/ATADD_T2_Train_129048.flac,0,music,-,ATADD_T2_Train_129048.flac
/root/atadd_track2_subset_v3/train/ATADD_T2_Train_129049.flac,0,music,-,ATADD_T2_Train_129049.flac
/root/atadd_track2_subset_v3/train/ATADD_T2_Train_129050.flac,0,music,-,ATADD_T2_Train_129050.flac
/root/atadd_track2_subset_v3/train/ATADD_T2_Train_129051.flac,0,music,-,ATADD_T2_Train_129051.flac
/root/atadd_track2_subset_v3/train/ATADD_T2_Train_129052.flac,0,music,-,ATADD_T2_Train_129052.flac
/root/atadd_track2_subset_v3/train/ATADD_T2_Train_129053.flac,0,music,-,ATADD_T2_Train_129053.flac
/root/atadd_track2_subset_v3/train/ATADD_T2_Train_129054.flac,0,music,-,ATADD_T2_Train_129054.flac
/root/atadd_track2_subset_v3/train/ATADD_T2_Train_129055.flac,0,music,-,ATADD_T2_Train_129055.flac
/root/atadd_track2_subset_v3/train/ATADD_T2_Train_129056.flac,0,music,-,ATADD_T2_Train_129056.flac
/root/atadd_track2_subset_v3/train/ATADD_T2_Train_129057.flac,0,music,-,ATADD_T2_Train_129057.flac
/root/atadd_track2_subset_v3/train/ATADD_T2_Train_129058.flac,0,music,-,ATADD_T2_Train_129058.flac
/root/atadd_track2_subset_v3/train/ATADD_T2_Train_129059.flac,0,music,-,ATADD_T2_Train_129059.flac
/root/atadd_track2_subset_v3/train/ATADD_T2_Train_129060.flac,0,music,-,ATADD_T2_Train_129060.flac
/root/atadd_track2_subset_v3/train/ATADD_T2_Train_129061.flac,0,music,-,ATADD_T2_Train_129061.flac
/root/atadd_track2_subset_v3/train/ATADD_T2_Train_129062.flac,0,music,-,ATADD_T2_Train_129062.flac
/root/atadd_track2_subset_v3/train/ATADD_T2_Train_129063.flac,0,music,-,ATADD_T2_Train_129063.flac
/root/atadd_track2_subset_v3/train/ATADD_T2_Train_129064.flac,0,music,-,ATADD_T2_Train_129064.flac
/root/atadd_track2_subset_v3/train/ATADD_T2_Train_129066.flac,0,music,-,ATADD_T2_Train_129066.flac
/root/atadd_track2_subset_v3/train/ATADD_T2_Train_129067.flac,0,music,-,ATADD_T2_Train_129067.flac
/root/atadd_track2_subset_v3/train/ATADD_T2_Train_129068.flac,0,music,-,ATADD_T2_Train_129068.flac
/root/atadd_track2_subset_v3/train/ATADD_T2_Train_129069.flac,0,music,-,ATADD_T2_Train_129069.flac
/root/atadd_track2_subset_v3/train/ATADD_T2_Train_129070.flac,0,music,-,ATADD_T2_Train_129070.flac
/root/atadd_track2_subset_v3/train/ATADD_T2_Train_129071.flac,0,music,-,ATADD_T2_Train_129071.flac
/root/atadd_track2_subset_v3/train/ATADD_T2_Train_129072.flac,0,music,-,ATADD_T2_Train_129072.flac
/root/atadd_track2_subset_v3/train/ATADD_T2_Train_129073.flac,0,music,-,ATADD_T2_Train_129073.flac
/root/atadd_track2_subset_v3/train/ATADD_T2_Train_129074.flac,0,music,-,ATADD_T2_Train_129074.flac
/root/atadd_track2_subset_v3/train/ATADD_T2_Train_129077.flac,0,music,-,ATADD_T2_Train_129077.flac
/root/atadd_track2_subset_v3/train/ATADD_T2_Train_129078.flac,0,music,-,ATADD_T2_Train_129078.flac
/root/atadd_track2_subset_v3/train/ATADD_T2_Train_129079.flac,0,music,-,ATADD_T2_Train_129079.flac
/root/atadd_track2_subset_v3/train/ATADD_T2_Train_129080.flac,0,music,-,ATADD_T2_Train_129080.flac
/root/atadd_track2_subset_v3/train/ATADD_T2_Train_129081.flac,0,music,-,ATADD_T2_Train_129081.flac
/root/atadd_track2_subset_v3/train/ATADD_T2_Train_129083.flac,0,music,-,ATADD_T2_Train_129083.flac
/root/atadd_track2_subset_v3/train/ATADD_T2_Train_129085.flac,0,music,-,ATADD_T2_Train_129085.flac
/root/atadd_track2_subset_v3/train/ATADD_T2_Train_129086.flac,0,music,-,ATADD_T2_Train_129086.flac
/root/atadd_track2_subset_v3/train/ATADD_T2_Train_129087.flac,0,music,-,ATADD_T2_Train_129087.flac
/root/atadd_track2_subset_v3/train/ATADD_T2_Train_129088.flac,0,music,-,ATADD_T2_Train_129088.flac
/root/atadd_track2_subset_v3/train/ATADD_T2_Train_129089.flac,0,music,-,ATADD_T2_Train_129089.flac
/root/atadd_track2_subset_v3/train/ATADD_T2_Train_129090.flac,0,music,-,ATADD_T2_Train_129090.flac
/root/atadd_track2_subset_v3/train/ATADD_T2_Train_129091.flac,0,music,-,ATADD_T2_Train_129091.flac
/root/atadd_track2_subset_v3/train/ATADD_T2_Train_129092.flac,0,music,-,ATADD_T2_Train_129092.flac
/root/atadd_track2_subset_v3/train/ATADD_T2_Train_129093.flac,0,music,-,ATADD_T2_Train_129093.flac
/root/atadd_track2_subset_v3/train/ATADD_T2_Train_129094.flac,0,music,-,ATADD_T2_Train_129094.flac
/root/atadd_track2_subset_v3/train/ATADD_T2_Train_129095.flac,0,music,-,ATADD_T2_Train_129095.flac
/root/atadd_track2_subset_v3/train/ATADD_T2_Train_129096.flac,0,music,-,ATADD_T2_Train_129096.flac
/root/atadd_track2_subset_v3/train/ATADD_T2_Train_129097.flac,0,music,-,ATADD_T2_Train_129097.flac
/root/atadd_track2_subset_v3/train/ATADD_T2_Train_129098.flac,0,music,-,ATADD_T2_Train_129098.flac
/root/atadd_track2_subset_v3/train/ATADD_T2_Train_129099.flac,0,music,-,ATADD_T2_Train_129099.flac
/root/atadd_track2_subset_v3/train/ATADD_T2_Train_129100.flac,0,music,-,ATADD_T2_Train_129100.flac
/root/atadd_track2_subset_v3/train/ATADD_T2_Train_129101.flac,0,music,-,ATADD_T2_Train_129101.flac
/root/atadd_track2_subset_v3/train/ATADD_T2_Train_129102.flac,0,music,-,ATADD_T2_Train_129102.flac
/root/atadd_track2_subset_v3/train/ATADD_T2_Train_129103.flac,0,music,-,ATADD_T2_Train_129103.flac
/root/atadd_track2_subset_v3/train/ATADD_T2_Train_129104.flac,0,music,-,ATADD_T2_Train_129104.flac
/root/atadd_track2_subset_v3/train/ATADD_T2_Train_129105.flac,0,music,-,ATADD_T2_Train_129105.flac
/root/atadd_track2_subset_v3/train/ATADD_T2_Train_129106.flac,0,music,-,ATADD_T2_Train_129106.flac
/root/atadd_track2_subset_v3/train/ATADD_T2_Train_129107.flac,0,music,-,ATADD_T2_Train_129107.flac
/root/atadd_track2_subset_v3/train/ATADD_T2_Train_129108.flac,0,music,-,ATADD_T2_Train_129108.flac
/root/atadd_track2_subset_v3/train/ATADD_T2_Train_129109.flac,0,music,-,ATADD_T2_Train_129109.flac
/root/atadd_track2_subset_v3/train/ATADD_T2_Train_129110.flac,0,music,-,ATADD_T2_Train_129110.flac
/root/atadd_track2_subset_v3/train/ATADD_T2_Train_129111.flac,0,music,-,ATADD_T2_Train_129111.flac
/root/atadd_track2_subset_v3/train/ATADD_T2_Train_129112.flac,0,music,-,ATADD_T2_Train_129112.flac
/root/atadd_track2_subset_v3/train/ATADD_T2_Train_129113.flac,0,music,-,ATADD_T2_Train_129113.flac
/root/atadd_track2_subset_v3/train/ATADD_T2_Train_129114.flac,0,music,-,ATADD_T2_Train_129114.flac
/root/atadd_track2_subset_v3/train/ATADD_T2_Train_129116.flac,0,music,-,ATADD_T2_Train_129116.flac
/root/atadd_track2_subset_v3/train/ATADD_T2_Train_129117.flac,0,music,-,ATADD_T2_Train_129117.flac
/root/atadd_track2_subset_v3/train/ATADD_T2_Train_129118.flac,0,music,-,ATADD_T2_Train_129118.flac
/root/atadd_track2_subset_v3/train/ATADD_T2_Train_129119.flac,0,music,-,ATADD_T2_Train_129119.flac
/root/atadd_track2_subset_v3/train/ATADD_T2_Train_129121.flac,0,music,-,ATADD_T2_Train_129121.flac
/root/atadd_track2_subset_v3/train/ATADD_T2_Train_129122.flac,0,music,-,ATADD_T2_Train_129122.flac
/root/atadd_track2_subset_v3/train/ATADD_T2_Train_129123.flac,0,music,-,ATADD_T2_Train_129123.flac
/root/atadd_track2_subset_v3/train/ATADD_T2_Train_129124.flac,0,music,-,ATADD_T2_Train_129124.flac
/root/atadd_track2_subset_v3/train/ATADD_T2_Train_129125.flac,0,music,-,ATADD_T2_Train_129125.flac
/root/atadd_track2_subset_v3/train/ATADD_T2_Train_129126.flac,0,music,-,ATADD_T2_Train_129126.flac
/root/atadd_track2_subset_v3/train/ATADD_T2_Train_129127.flac,0,music,-,ATADD_T2_Train_129127.flac
/root/atadd_track2_subset_v3/train/ATADD_T2_Train_129128.flac,0,music,-,ATADD_T2_Train_129128.flac
/root/atadd_track2_subset_v3/train/ATADD_T2_Train_129129.flac,0,music,-,ATADD_T2_Train_129129.flac
/root/atadd_track2_subset_v3/train/ATADD_T2_Train_129131.flac,0,music,-,ATADD_T2_Train_129131.flac
/root/atadd_track2_subset_v3/train/ATADD_T2_Train_129132.flac,0,music,-,ATADD_T2_Train_129132.flac
/root/atadd_track2_subset_v3/train/ATADD_T2_Train_129133.flac,0,music,-,ATADD_T2_Train_129133.flac
/root/atadd_track2_subset_v3/train/ATADD_T2_Train_129134.flac,0,music,-,ATADD_T2_Train_129134.flac
/root/atadd_track2_subset_v3/train/ATADD_T2_Train_129135.flac,0,music,-,ATADD_T2_Train_129135.flac
/root/atadd_track2_subset_v3/train/ATADD_T2_Train_129136.flac,0,music,-,ATADD_T2_Train_129136.flac
/root/atadd_track2_subset_v3/train/ATADD_T2_Train_129137.flac,0,music,-,ATADD_T2_Train_129137.flac
/root/atadd_track2_subset_v3/train/ATADD_T2_Train_129138.flac,0,music,-,ATADD_T2_Train_129138.flac
/root/atadd_track2_subset_v3/train/ATADD_T2_Train_129139.flac,0,music,-,ATADD_T2_Train_129139.flac
/root/atadd_track2_subset_v3/train/ATADD_T2_Train_129140.flac,0,music,-,ATADD_T2_Train_129140.flac
/root/atadd_track2_subset_v3/train/ATADD_T2_Train_129141.flac,0,music,-,ATADD_T2_Train_129141.flac
/root/atadd_track2_subset_v3/train/ATADD_T2_Train_129142.flac,0,music,-,ATADD_T2_Train_129142.flac
/root/atadd_track2_subset_v3/train/ATADD_T2_Train_129144.flac,0,music,-,ATADD_T2_Train_129144.flac
/root/atadd_track2_subset_v3/train/ATADD_T2_Train_129145.flac,0,music,-,ATADD_T2_Train_129145.flac
/root/atadd_track2_subset_v3/train/ATADD_T2_Train_129146.flac,0,music,-,ATADD_T2_Train_129146.flac
/root/atadd_track2_subset_v3/train/ATADD_T2_Train_129147.flac,0,music,-,ATADD_T2_Train_129147.flac
/root/atadd_track2_subset_v3/train/ATADD_T2_Train_129148.flac,0,music,-,ATADD_T2_Train_129148.flac
/root/atadd_track2_subset_v3/train/ATADD_T2_Train_129149.flac,0,music,-,ATADD_T2_Train_129149.flac
/root/atadd_track2_subset_v3/train/ATADD_T2_Train_129150.flac,0,music,-,ATADD_T2_Train_129150.flac
/root/atadd_track2_subset_v3/train/ATADD_T2_Train_129151.flac,0,music,-,ATADD_T2_Train_129151.flac
/root/atadd_track2_subset_v3/train/ATADD_T2_Train_129152.flac,0,music,-,ATADD_T2_Train_129152.flac
/root/atadd_track2_subset_v3/train/ATADD_T2_Train_129153.flac,0,music,-,ATADD_T2_Train_129153.flac
/root/atadd_track2_subset_v3/train/ATADD_T2_Train_129154.flac,0,music,-,ATADD_T2_Train_129154.flac
/root/atadd_track2_subset_v3/train/ATADD_T2_Train_129155.flac,0,music,-,ATADD_T2_Train_129155.flac
/root/atadd_track2_subset_v3/train/ATADD_T2_Train_129156.flac,0,music,-,ATADD_T2_Train_129156.flac
/root/atadd_track2_subset_v3/train/ATADD_T2_Train_129157.flac,0,music,-,ATADD_T2_Train_129157.flac
/root/atadd_track2_subset_v3/train/ATADD_T2_Train_129158.flac,0,music,-,ATADD_T2_Train_129158.flac
/root/atadd_track2_subset_v3/train/ATADD_T2_Train_129159.flac,0,music,-,ATADD_T2_Train_129159.flac
/root/atadd_track2_subset_v3/train/ATADD_T2_Train_129160.flac,0,music,-,ATADD_T2_Train_129160.flac
/root/atadd_track2_subset_v3/train/ATADD_T2_Train_129162.flac,0,music,-,ATADD_T2_Train_129162.flac
/root/atadd_track2_subset_v3/train/ATADD_T2_Train_129163.flac,0,music,-,ATADD_T2_Train_129163.flac
/root/atadd_track2_subset_v3/train/ATADD_T2_Train_129164.flac,0,music,-,ATADD_T2_Train_129164.flac
/root/atadd_track2_subset_v3/train/ATADD_T2_Train_129165.flac,0,music,-,ATADD_T2_Train_129165.flac
/root/atadd_track2_subset_v3/train/ATADD_T2_Train_129166.flac,0,music,-,ATADD_T2_Train_129166.flac
/root/atadd_track2_subset_v3/train/ATADD_T2_Train_129167.flac,0,music,-,ATADD_T2_Train_129167.flac
/root/atadd_track2_subset_v3/train/ATADD_T2_Train_129168.flac,0,music,-,ATADD_T2_Train_129168.flac
/root/atadd_track2_subset_v3/train/ATADD_T2_Train_129169.flac,0,music,-,ATADD_T2_Train_129169.flac
/root/atadd_track2_subset_v3/train/ATADD_T2_Train_129170.flac,0,music,-,ATADD_T2_Train_129170.flac
/root/atadd_track2_subset_v3/train/ATADD_T2_Train_129171.flac,0,music,-,ATADD_T2_Train_129171.flac
/root/atadd_track2_subset_v3/train/ATADD_T2_Train_129172.flac,0,music,-,ATADD_T2_Train_129172.flac
/root/atadd_track2_subset_v3/train/ATADD_T2_Train_129173.flac,0,music,-,ATADD_T2_Train_129173.flac
/root/atadd_track2_subset_v3/train/ATADD_T2_Train_129174.flac,0,music,-,ATADD_T2_Train_129174.flac
/root/atadd_track2_subset_v3/train/ATADD_T2_Train_129175.flac,0,music,-,ATADD_T2_Train_129175.flac
/root/atadd_track2_subset_v3/train/ATADD_T2_Train_129177.flac,0,music,-,ATADD_T2_Train_129177.flac
/root/atadd_track2_subset_v3/train/ATADD_T2_Train_129178.flac,0,music,-,ATADD_T2_Train_129178.flac
/root/atadd_track2_subset_v3/train/ATADD_T2_Train_129180.flac,0,music,-,ATADD_T2_Train_129180.flac
/root/atadd_track2_subset_v3/train/ATADD_T2_Train_129181.flac,0,music,-,ATADD_T2_Train_129181.flac
/root/atadd_track2_subset_v3/train/ATADD_T2_Train_129182.flac,0,music,-,ATADD_T2_Train_129182.flac
/root/atadd_track2_subset_v3/train/ATADD_T2_Train_129183.flac,0,music,-,ATADD_T2_Train_129183.flac
/root/atadd_track2_subset_v3/train/ATADD_T2_Train_129184.flac,0,music,-,ATADD_T2_Train_129184.flac
/root/atadd_track2_subset_v3/train/ATADD_T2_Train_129185.flac,0,music,-,ATADD_T2_Train_129185.flac
/root/atadd_track2_subset_v3/train/ATADD_T2_Train_129186.flac,0,music,-,ATADD_T2_Train_129186.flac
/root/atadd_track2_subset_v3/train/ATADD_T2_Train_129187.flac,0,music,-,ATADD_T2_Train_129187.flac
/root/atadd_track2_subset_v3/train/ATADD_T2_Train_129188.flac,0,music,-,ATADD_T2_Train_129188.flac
/root/atadd_track2_subset_v3/train/ATADD_T2_Train_129189.flac,0,music,-,ATADD_T2_Train_129189.flac
/root/atadd_track2_subset_v3/train/ATADD_T2_Train_129190.flac,0,music,-,ATADD_T2_Train_129190.flac
/root/atadd_track2_subset_v3/train/ATADD_T2_Train_129191.flac,0,music,-,ATADD_T2_Train_129191.flac
/root/atadd_track2_subset_v3/train/ATADD_T2_Train_129192.flac,0,music,-,ATADD_T2_Train_129192.flac
/root/atadd_track2_subset_v3/train/ATADD_T2_Train_129193.flac,0,music,-,ATADD_T2_Train_129193.flac
/root/atadd_track2_subset_v3/train/ATADD_T2_Train_129194.flac,0,music,-,ATADD_T2_Train_129194.flac
/root/atadd_track2_subset_v3/train/ATADD_T2_Train_129195.flac,0,music,-,ATADD_T2_Train_129195.flac
/root/atadd_track2_subset_v3/train/ATADD_T2_Train_129196.flac,0,music,-,ATADD_T2_Train_129196.flac
/root/atadd_track2_subset_v3/train/ATADD_T2_Train_129197.flac,0,music,-,ATADD_T2_Train_129197.flac
/root/atadd_track2_subset_v3/train/ATADD_T2_Train_129198.flac,0,music,-,ATADD_T2_Train_129198.flac
/root/atadd_track2_subset_v3/train/ATADD_T2_Train_129199.flac,0,music,-,ATADD_T2_Train_129199.flac
/root/atadd_track2_subset_v3/train/ATADD_T2_Train_129200.flac,0,music,-,ATADD_T2_Train_129200.flac
/root/atadd_track2_subset_v3/train/ATADD_T2_Train_129201.flac,0,music,-,ATADD_T2_Train_129201.flac
/root/atadd_track2_subset_v3/train/ATADD_T2_Train_129202.flac,0,music,-,ATADD_T2_Train_129202.flac
/root/atadd_track2_subset_v3/train/ATADD_T2_Train_129203.flac,0,music,-,ATADD_T2_Train_129203.flac
/root/atadd_track2_subset_v3/train/ATADD_T2_Train_129204.flac,0,music,-,ATADD_T2_Train_129204.flac
/root/atadd_track2_subset_v3/train/ATADD_T2_Train_129205.flac,0,music,-,ATADD_T2_Train_129205.flac
/root/atadd_track2_subset_v3/train/ATADD_T2_Train_129206.flac,0,music,-,ATADD_T2_Train_129206.flac
/root/atadd_track2_subset_v3/train/ATADD_T2_Train_129207.flac,0,music,-,ATADD_T2_Train_129207.flac
/root/atadd_track2_subset_v3/train/ATADD_T2_Train_129208.flac,0,music,-,ATADD_T2_Train_129208.flac
/root/atadd_track2_subset_v3/train/ATADD_T2_Train_129210.flac,0,music,-,ATADD_T2_Train_129210.flac
/root/atadd_track2_subset_v3/train/ATADD_T2_Train_129211.flac,0,music,-,ATADD_T2_Train_129211.flac
/root/atadd_track2_subset_v3/train/ATADD_T2_Train_129212.flac,0,music,-,ATADD_T2_Train_129212.flac
/root/atadd_track2_subset_v3/train/ATADD_T2_Train_129213.flac,0,music,-,ATADD_T2_Train_129213.flac
/root/atadd_track2_subset_v3/train/ATADD_T2_Train_129214.flac,0,music,-,ATADD_T2_Train_129214.flac
/root/atadd_track2_subset_v3/train/ATADD_T2_Train_129215.flac,0,music,-,ATADD_T2_Train_129215.flac
/root/atadd_track2_subset_v3/train/ATADD_T2_Train_129216.flac,0,music,-,ATADD_T2_Train_129216.flac
/root/atadd_track2_subset_v3/train/ATADD_T2_Train_129217.flac,0,music,-,ATADD_T2_Train_129217.flac
/root/atadd_track2_subset_v3/train/ATADD_T2_Train_129218.flac,0,music,-,ATADD_T2_Train_129218.flac
/root/atadd_track2_subset_v3/train/ATADD_T2_Train_129219.flac,0,music,-,ATADD_T2_Train_129219.flac
/root/atadd_track2_subset_v3/train/ATADD_T2_Train_129220.flac,0,music,-,ATADD_T2_Train_129220.flac
/root/atadd_track2_subset_v3/train/ATADD_T2_Train_129221.flac,0,music,-,ATADD_T2_Train_129221.flac
/root/atadd_track2_subset_v3/train/ATADD_T2_Train_129222.flac,0,music,-,ATADD_T2_Train_129222.flac
/root/atadd_track2_subset_v3/train/ATADD_T2_Train_129223.flac,0,music,-,ATADD_T2_Train_129223.flac
/root/atadd_track2_subset_v3/train/ATADD_T2_Train_129224.flac,0,music,-,ATADD_T2_Train_129224.flac
/root/atadd_track2_subset_v3/train/ATADD_T2_Train_129225.flac,0,music,-,ATADD_T2_Train_129225.flac
/root/atadd_track2_subset_v3/train/ATADD_T2_Train_129226.flac,0,music,-,ATADD_T2_Train_129226.flac
/root/atadd_track2_subset_v3/train/ATADD_T2_Train_129227.flac,0,music,-,ATADD_T2_Train_129227.flac
/root/atadd_track2_subset_v3/train/ATADD_T2_Train_129228.flac,0,music,-,ATADD_T2_Train_129228.flac
/root/atadd_track2_subset_v3/train/ATADD_T2_Train_129229.flac,0,music,-,ATADD_T2_Train_129229.flac
/root/atadd_track2_subset_v3/train/ATADD_T2_Train_129230.flac,0,music,-,ATADD_T2_Train_129230.flac
/root/atadd_track2_subset_v3/train/ATADD_T2_Train_129231.flac,0,music,-,ATADD_T2_Train_129231.flac
/root/atadd_track2_subset_v3/train/ATADD_T2_Train_129232.flac,0,music,-,ATADD_T2_Train_129232.flac
/root/atadd_track2_subset_v3/train/ATADD_T2_Train_129233.flac,0,music,-,ATADD_T2_Train_129233.flac
/root/atadd_track2_subset_v3/train/ATADD_T2_Train_129234.flac,0,music,-,ATADD_T2_Train_129234.flac
/root/atadd_track2_subset_v3/train/ATADD_T2_Train_129235.flac,0,music,-,ATADD_T2_Train_129235.flac
/root/atadd_track2_subset_v3/train/ATADD_T2_Train_129236.flac,0,music,-,ATADD_T2_Train_129236.flac
/root/atadd_track2_subset_v3/train/ATADD_T2_Train_129237.flac,0,music,-,ATADD_T2_Train_129237.flac
/root/atadd_track2_subset_v3/train/ATADD_T2_Train_129238.flac,0,music,-,ATADD_T2_Train_129238.flac
/root/atadd_track2_subset_v3/train/ATADD_T2_Train_129239.flac,0,music,-,ATADD_T2_Train_129239.flac
/root/atadd_track2_subset_v3/train/ATADD_T2_Train_129241.flac,0,music,-,ATADD_T2_Train_129241.flac
/root/atadd_track2_subset_v3/train/ATADD_T2_Train_129242.flac,0,music,-,ATADD_T2_Train_129242.flac
/root/atadd_track2_subset_v3/train/ATADD_T2_Train_129243.flac,0,music,-,ATADD_T2_Train_129243.flac
/root/atadd_track2_subset_v3/train/ATADD_T2_Train_129244.flac,0,music,-,ATADD_T2_Train_129244.flac
/root/atadd_track2_subset_v3/train/ATADD_T2_Train_129246.flac,0,music,-,ATADD_T2_Train_129246.flac
/root/atadd_track2_subset_v3/train/ATADD_T2_Train_129247.flac,0,music,-,ATADD_T2_Train_129247.flac
/root/atadd_track2_subset_v3/train/ATADD_T2_Train_129248.flac,0,music,-,ATADD_T2_Train_129248.flac
/root/atadd_track2_subset_v3/train/ATADD_T2_Train_129249.flac,0,music,-,ATADD_T2_Train_129249.flac
/root/atadd_track2_subset_v3/train/ATADD_T2_Train_129250.flac,0,music,-,ATADD_T2_Train_129250.flac
/root/atadd_track2_subset_v3/train/ATADD_T2_Train_129251.flac,0,music,-,ATADD_T2_Train_129251.flac
/root/atadd_track2_subset_v3/train/ATADD_T2_Train_129252.flac,0,music,-,ATADD_T2_Train_129252.flac
/root/atadd_track2_subset_v3/train/ATADD_T2_Train_129253.flac,0,music,-,ATADD_T2_Train_129253.flac
/root/atadd_track2_subset_v3/train/ATADD_T2_Train_129254.flac,0,music,-,ATADD_T2_Train_129254.flac
/root/atadd_track2_subset_v3/train/ATADD_T2_Train_129255.flac,0,music,-,ATADD_T2_Train_129255.flac
/root/atadd_track2_subset_v3/train/ATADD_T2_Train_129256.flac,0,music,-,ATADD_T2_Train_129256.flac
/root/atadd_track2_subset_v3/train/ATADD_T2_Train_129257.flac,0,music,-,ATADD_T2_Train_129257.flac
/root/atadd_track2_subset_v3/train/ATADD_T2_Train_129258.flac,0,music,-,ATADD_T2_Train_129258.flac
/root/atadd_track2_subset_v3/train/ATADD_T2_Train_129259.flac,0,music,-,ATADD_T2_Train_129259.flac
/root/atadd_track2_subset_v3/train/ATADD_T2_Train_129260.flac,0,music,-,ATADD_T2_Train_129260.flac
/root/atadd_track2_subset_v3/train/ATADD_T2_Train_129261.flac,0,music,-,ATADD_T2_Train_129261.flac
/root/atadd_track2_subset_v3/train/ATADD_T2_Train_129262.flac,0,music,-,ATADD_T2_Train_129262.flac
/root/atadd_track2_subset_v3/train/ATADD_T2_Train_129263.flac,0,music,-,ATADD_T2_Train_129263.flac
/root/atadd_track2_subset_v3/train/ATADD_T2_Train_129264.flac,0,music,-,ATADD_T2_Train_129264.flac
/root/atadd_track2_subset_v3/train/ATADD_T2_Train_129265.flac,0,music,-,ATADD_T2_Train_129265.flac
/root/atadd_track2_subset_v3/train/ATADD_T2_Train_129266.flac,0,music,-,ATADD_T2_Train_129266.flac
/root/atadd_track2_subset_v3/train/ATADD_T2_Train_129267.flac,0,music,-,ATADD_T2_Train_129267.flac
/root/atadd_track2_subset_v3/train/ATADD_T2_Train_129268.flac,0,music,-,ATADD_T2_Train_129268.flac
/root/atadd_track2_subset_v3/train/ATADD_T2_Train_129269.flac,0,music,-,ATADD_T2_Train_129269.flac
/root/atadd_track2_subset_v3/train/ATADD_T2_Train_129270.flac,0,music,-,ATADD_T2_Train_129270.flac
/root/atadd_track2_subset_v3/train/ATADD_T2_Train_129271.flac,0,music,-,ATADD_T2_Train_129271.flac
/root/atadd_track2_subset_v3/train/ATADD_T2_Train_129272.flac,0,music,-,ATADD_T2_Train_129272.flac
/root/atadd_track2_subset_v3/train/ATADD_T2_Train_129273.flac,0,music,-,ATADD_T2_Train_129273.flac
/root/atadd_track2_subset_v3/train/ATADD_T2_Train_129274.flac,0,music,-,ATADD_T2_Train_129274.flac
/root/atadd_track2_subset_v3/train/ATADD_T2_Train_129275.flac,0,music,-,ATADD_T2_Train_129275.flac
/root/atadd_track2_subset_v3/train/ATADD_T2_Train_129276.flac,0,music,-,ATADD_T2_Train_129276.flac
/root/atadd_track2_subset_v3/train/ATADD_T2_Train_129277.flac,0,music,-,ATADD_T2_Train_129277.flac
/root/atadd_track2_subset_v3/train/ATADD_T2_Train_129278.flac,0,music,-,ATADD_T2_Train_129278.flac
/root/atadd_track2_subset_v3/train/ATADD_T2_Train_129279.flac,0,music,-,ATADD_T2_Train_129279.flac
/root/atadd_track2_subset_v3/train/ATADD_T2_Train_129280.flac,0,music,-,ATADD_T2_Train_129280.flac
/root/atadd_track2_subset_v3/train/ATADD_T2_Train_129281.flac,0,music,-,ATADD_T2_Train_129281.flac
/root/atadd_track2_subset_v3/train/ATADD_T2_Train_129282.flac,0,music,-,ATADD_T2_Train_129282.flac
/root/atadd_track2_subset_v3/train/ATADD_T2_Train_129283.flac,0,music,-,ATADD_T2_Train_129283.flac
/root/atadd_track2_subset_v3/train/ATADD_T2_Train_129284.flac,0,music,-,ATADD_T2_Train_129284.flac
/root/atadd_track2_subset_v3/train/ATADD_T2_Train_129285.flac,0,music,-,ATADD_T2_Train_129285.flac
/root/atadd_track2_subset_v3/train/ATADD_T2_Train_129286.flac,0,music,-,ATADD_T2_Train_129286.flac
/root/atadd_track2_subset_v3/train/ATADD_T2_Train_129287.flac,0,music,-,ATADD_T2_Train_129287.flac
/root/atadd_track2_subset_v3/train/ATADD_T2_Train_129289.flac,0,music,-,ATADD_T2_Train_129289.flac
/root/atadd_track2_subset_v3/train/ATADD_T2_Train_129290.flac,0,music,-,ATADD_T2_Train_129290.flac
/root/atadd_track2_subset_v3/train/ATADD_T2_Train_129291.flac,0,music,-,ATADD_T2_Train_129291.flac
/root/atadd_track2_subset_v3/train/ATADD_T2_Train_129293.flac,0,music,-,ATADD_T2_Train_129293.flac
/root/atadd_track2_subset_v3/train/ATADD_T2_Train_129294.flac,0,music,-,ATADD_T2_Train_129294.flac
/root/atadd_track2_subset_v3/train/ATADD_T2_Train_129295.flac,0,music,-,ATADD_T2_Train_129295.flac
/root/atadd_track2_subset_v3/train/ATADD_T2_Train_129296.flac,0,music,-,ATADD_T2_Train_129296.flac
/root/atadd_track2_subset_v3/train/ATADD_T2_Train_129297.flac,0,music,-,ATADD_T2_Train_129297.flac
/root/atadd_track2_subset_v3/train/ATADD_T2_Train_129298.flac,0,music,-,ATADD_T2_Train_129298.flac
/root/atadd_track2_subset_v3/train/ATADD_T2_Train_129299.flac,0,music,-,ATADD_T2_Train_129299.flac
/root/atadd_track2_subset_v3/train/ATADD_T2_Train_129300.flac,0,music,-,ATADD_T2_Train_129300.flac
/root/atadd_track2_subset_v3/train/ATADD_T2_Train_129301.flac,0,music,-,ATADD_T2_Train_129301.flac
/root/atadd_track2_subset_v3/train/ATADD_T2_Train_129302.flac,0,music,-,ATADD_T2_Train_129302.flac
/root/atadd_track2_subset_v3/train/ATADD_T2_Train_129303.flac,0,music,-,ATADD_T2_Train_129303.flac
/root/atadd_track2_subset_v3/train/ATADD_T2_Train_129304.flac,0,music,-,ATADD_T2_Train_129304.flac
/root/atadd_track2_subset_v3/train/ATADD_T2_Train_129305.flac,0,music,-,ATADD_T2_Train_129305.flac
/root/atadd_track2_subset_v3/train/ATADD_T2_Train_129306.flac,0,music,-,ATADD_T2_Train_129306.flac
/root/atadd_track2_subset_v3/train/ATADD_T2_Train_129307.flac,0,music,-,ATADD_T2_Train_129307.flac
/root/atadd_track2_subset_v3/train/ATADD_T2_Train_129308.flac,0,music,-,ATADD_T2_Train_129308.flac
/root/atadd_track2_subset_v3/train/ATADD_T2_Train_129309.flac,0,music,-,ATADD_T2_Train_129309.flac
/root/atadd_track2_subset_v3/train/ATADD_T2_Train_129310.flac,0,music,-,ATADD_T2_Train_129310.flac
/root/atadd_track2_subset_v3/train/ATADD_T2_Train_129311.flac,0,music,-,ATADD_T2_Train_129311.flac
/root/atadd_track2_subset_v3/train/ATADD_T2_Train_129312.flac,0,music,-,ATADD_T2_Train_129312.flac
/root/atadd_track2_subset_v3/train/ATADD_T2_Train_129313.flac,0,music,-,ATADD_T2_Train_129313.flac
/root/atadd_track2_subset_v3/train/ATADD_T2_Train_129314.flac,0,music,-,ATADD_T2_Train_129314.flac
/root/atadd_track2_subset_v3/train/ATADD_T2_Train_129315.flac,0,music,-,ATADD_T2_Train_129315.flac
/root/atadd_track2_subset_v3/train/ATADD_T2_Train_129316.flac,0,music,-,ATADD_T2_Train_129316.flac
/root/atadd_track2_subset_v3/train/ATADD_T2_Train_129318.flac,0,music,-,ATADD_T2_Train_129318.flac
/root/atadd_track2_subset_v3/train/ATADD_T2_Train_129319.flac,0,music,-,ATADD_T2_Train_129319.flac
/root/atadd_track2_subset_v3/train/ATADD_T2_Train_129320.flac,0,music,-,ATADD_T2_Train_129320.flac
/root/atadd_track2_subset_v3/train/ATADD_T2_Train_129321.flac,0,music,-,ATADD_T2_Train_129321.flac
/root/atadd_track2_subset_v3/train/ATADD_T2_Train_129322.flac,0,music,-,ATADD_T2_Train_129322.flac
/root/atadd_track2_subset_v3/train/ATADD_T2_Train_129324.flac,0,music,-,ATADD_T2_Train_129324.flac
/root/atadd_track2_subset_v3/train/ATADD_T2_Train_129325.flac,0,music,-,ATADD_T2_Train_129325.flac
/root/atadd_track2_subset_v3/train/ATADD_T2_Train_129326.flac,0,music,-,ATADD_T2_Train_129326.flac
/root/atadd_track2_subset_v3/train/ATADD_T2_Train_129327.flac,0,music,-,ATADD_T2_Train_129327.flac
/root/atadd_track2_subset_v3/train/ATADD_T2_Train_129328.flac,0,music,-,ATADD_T2_Train_129328.flac
/root/atadd_track2_subset_v3/train/ATADD_T2_Train_129329.flac,0,music,-,ATADD_T2_Train_129329.flac
/root/atadd_track2_subset_v3/train/ATADD_T2_Train_129330.flac,0,music,-,ATADD_T2_Train_129330.flac
/root/atadd_track2_subset_v3/train/ATADD_T2_Train_129331.flac,0,music,-,ATADD_T2_Train_129331.flac
/root/atadd_track2_subset_v3/train/ATADD_T2_Train_129332.flac,0,music,-,ATADD_T2_Train_129332.flac
/root/atadd_track2_subset_v3/train/ATADD_T2_Train_129333.flac,0,music,-,ATADD_T2_Train_129333.flac
/root/atadd_track2_subset_v3/train/ATADD_T2_Train_129334.flac,0,music,-,ATADD_T2_Train_129334.flac
/root/atadd_track2_subset_v3/train/ATADD_T2_Train_129335.flac,0,music,-,ATADD_T2_Train_129335.flac
/root/atadd_track2_subset_v3/train/ATADD_T2_Train_129336.flac,0,music,-,ATADD_T2_Train_129336.flac
/root/atadd_track2_subset_v3/train/ATADD_T2_Train_129337.flac,0,music,-,ATADD_T2_Train_129337.flac
/root/atadd_track2_subset_v3/train/ATADD_T2_Train_129338.flac,0,music,-,ATADD_T2_Train_129338.flac
/root/atadd_track2_subset_v3/train/ATADD_T2_Train_129339.flac,0,music,-,ATADD_T2_Train_129339.flac
/root/atadd_track2_subset_v3/train/ATADD_T2_Train_129341.flac,0,music,-,ATADD_T2_Train_129341.flac
/root/atadd_track2_subset_v3/train/ATADD_T2_Train_129342.flac,0,music,-,ATADD_T2_Train_129342.flac
/root/atadd_track2_subset_v3/train/ATADD_T2_Train_129343.flac,0,music,-,ATADD_T2_Train_129343.flac
/root/atadd_track2_subset_v3/train/ATADD_T2_Train_129344.flac,0,music,-,ATADD_T2_Train_129344.flac
/root/atadd_track2_subset_v3/train/ATADD_T2_Train_129345.flac,0,music,-,ATADD_T2_Train_129345.flac
/root/atadd_track2_subset_v3/train/ATADD_T2_Train_129347.flac,0,music,-,ATADD_T2_Train_129347.flac
/root/atadd_track2_subset_v3/train/ATADD_T2_Train_129348.flac,0,music,-,ATADD_T2_Train_129348.flac
/root/atadd_track2_subset_v3/train/ATADD_T2_Train_129349.flac,0,music,-,ATADD_T2_Train_129349.flac
/root/atadd_track2_subset_v3/train/ATADD_T2_Train_129350.flac,0,music,-,ATADD_T2_Train_129350.flac
/root/atadd_track2_subset_v3/train/ATADD_T2_Train_129351.flac,0,music,-,ATADD_T2_Train_129351.flac
/root/atadd_track2_subset_v3/train/ATADD_T2_Train_129353.flac,0,music,-,ATADD_T2_Train_129353.flac
/root/atadd_track2_subset_v3/train/ATADD_T2_Train_129354.flac,0,music,-,ATADD_T2_Train_129354.flac
/root/atadd_track2_subset_v3/train/ATADD_T2_Train_129355.flac,0,music,-,ATADD_T2_Train_129355.flac
/root/atadd_track2_subset_v3/train/ATADD_T2_Train_129356.flac,0,music,-,ATADD_T2_Train_129356.flac
/root/atadd_track2_subset_v3/train/ATADD_T2_Train_129357.flac,0,music,-,ATADD_T2_Train_129357.flac
/root/atadd_track2_subset_v3/train/ATADD_T2_Train_129358.flac,0,music,-,ATADD_T2_Train_129358.flac
/root/atadd_track2_subset_v3/train/ATADD_T2_Train_129359.flac,0,music,-,ATADD_T2_Train_129359.flac
/root/atadd_track2_subset_v3/train/ATADD_T2_Train_129360.flac,0,music,-,ATADD_T2_Train_129360.flac
/root/atadd_track2_subset_v3/train/ATADD_T2_Train_129361.flac,0,music,-,ATADD_T2_Train_129361.flac
/root/atadd_track2_subset_v3/train/ATADD_T2_Train_129362.flac,0,music,-,ATADD_T2_Train_129362.flac
/root/atadd_track2_subset_v3/train/ATADD_T2_Train_129363.flac,0,music,-,ATADD_T2_Train_129363.flac
/root/atadd_track2_subset_v3/train/ATADD_T2_Train_129364.flac,0,music,-,ATADD_T2_Train_129364.flac
/root/atadd_track2_subset_v3/train/ATADD_T2_Train_129365.flac,0,music,-,ATADD_T2_Train_129365.flac
/root/atadd_track2_subset_v3/train/ATADD_T2_Train_129366.flac,0,music,-,ATADD_T2_Train_129366.flac
/root/atadd_track2_subset_v3/train/ATADD_T2_Train_129367.flac,0,music,-,ATADD_T2_Train_129367.flac
/root/atadd_track2_subset_v3/train/ATADD_T2_Train_129368.flac,0,music,-,ATADD_T2_Train_129368.flac
/root/atadd_track2_subset_v3/train/ATADD_T2_Train_129369.flac,0,music,-,ATADD_T2_Train_129369.flac
/root/atadd_track2_subset_v3/train/ATADD_T2_Train_129370.flac,0,music,-,ATADD_T2_Train_129370.flac
/root/atadd_track2_subset_v3/train/ATADD_T2_Train_129371.flac,0,music,-,ATADD_T2_Train_129371.flac
/root/atadd_track2_subset_v3/train/ATADD_T2_Train_129372.flac,0,music,-,ATADD_T2_Train_129372.flac
/root/atadd_track2_subset_v3/train/ATADD_T2_Train_129373.flac,0,music,-,ATADD_T2_Train_129373.flac
/root/atadd_track2_subset_v3/train/ATADD_T2_Train_129374.flac,0,music,-,ATADD_T2_Train_129374.flac
/root/atadd_track2_subset_v3/train/ATADD_T2_Train_129375.flac,0,music,-,ATADD_T2_Train_129375.flac
/root/atadd_track2_subset_v3/train/ATADD_T2_Train_129376.flac,0,music,-,ATADD_T2_Train_129376.flac
/root/atadd_track2_subset_v3/train/ATADD_T2_Train_129377.flac,0,music,-,ATADD_T2_Train_129377.flac
/root/atadd_track2_subset_v3/train/ATADD_T2_Train_129378.flac,0,music,-,ATADD_T2_Train_129378.flac
/root/atadd_track2_subset_v3/train/ATADD_T2_Train_129379.flac,0,music,-,ATADD_T2_Train_129379.flac
/root/atadd_track2_subset_v3/train/ATADD_T2_Train_129380.flac,0,music,-,ATADD_T2_Train_129380.flac
/root/atadd_track2_subset_v3/train/ATADD_T2_Train_129381.flac,0,music,-,ATADD_T2_Train_129381.flac
/root/atadd_track2_subset_v3/train/ATADD_T2_Train_129382.flac,0,music,-,ATADD_T2_Train_129382.flac
/root/atadd_track2_subset_v3/train/ATADD_T2_Train_129383.flac,0,music,-,ATADD_T2_Train_129383.flac
/root/atadd_track2_subset_v3/train/ATADD_T2_Train_129384.flac,0,music,-,ATADD_T2_Train_129384.flac
/root/atadd_track2_subset_v3/train/ATADD_T2_Train_129385.flac,0,music,-,ATADD_T2_Train_129385.flac
/root/atadd_track2_subset_v3/train/ATADD_T2_Train_129386.flac,0,music,-,ATADD_T2_Train_129386.flac
/root/atadd_track2_subset_v3/train/ATADD_T2_Train_129387.flac,0,music,-,ATADD_T2_Train_129387.flac
/root/atadd_track2_subset_v3/train/ATADD_T2_Train_129388.flac,0,music,-,ATADD_T2_Train_129388.flac
/root/atadd_track2_subset_v3/train/ATADD_T2_Train_129389.flac,0,music,-,ATADD_T2_Train_129389.flac
/root/atadd_track2_subset_v3/train/ATADD_T2_Train_129390.flac,0,music,-,ATADD_T2_Train_129390.flac
/root/atadd_track2_subset_v3/train/ATADD_T2_Train_129391.flac,0,music,-,ATADD_T2_Train_129391.flac
/root/atadd_track2_subset_v3/train/ATADD_T2_Train_129392.flac,0,music,-,ATADD_T2_Train_129392.flac
/root/atadd_track2_subset_v3/train/ATADD_T2_Train_129393.flac,0,music,-,ATADD_T2_Train_129393.flac
/root/atadd_track2_subset_v3/train/ATADD_T2_Train_129394.flac,0,music,-,ATADD_T2_Train_129394.flac
/root/atadd_track2_subset_v3/train/ATADD_T2_Train_129395.flac,0,music,-,ATADD_T2_Train_129395.flac
/root/atadd_track2_subset_v3/train/ATADD_T2_Train_129396.flac,0,music,-,ATADD_T2_Train_129396.flac
/root/atadd_track2_subset_v3/train/ATADD_T2_Train_129397.flac,0,music,-,ATADD_T2_Train_129397.flac
/root/atadd_track2_subset_v3/train/ATADD_T2_Train_129398.flac,0,music,-,ATADD_T2_Train_129398.flac
/root/atadd_track2_subset_v3/train/ATADD_T2_Train_129399.flac,0,music,-,ATADD_T2_Train_129399.flac
/root/atadd_track2_subset_v3/train/ATADD_T2_Train_129400.flac,0,music,-,ATADD_T2_Train_129400.flac
/root/atadd_track2_subset_v3/train/ATADD_T2_Train_129401.flac,0,music,-,ATADD_T2_Train_129401.flac
/root/atadd_track2_subset_v3/train/ATADD_T2_Train_129402.flac,0,music,-,ATADD_T2_Train_129402.flac
/root/atadd_track2_subset_v3/train/ATADD_T2_Train_129403.flac,0,music,-,ATADD_T2_Train_129403.flac
/root/atadd_track2_subset_v3/train/ATADD_T2_Train_129404.flac,0,music,-,ATADD_T2_Train_129404.flac
/root/atadd_track2_subset_v3/train/ATADD_T2_Train_129405.flac,0,music,-,ATADD_T2_Train_129405.flac
/root/atadd_track2_subset_v3/train/ATADD_T2_Train_129406.flac,0,music,-,ATADD_T2_Train_129406.flac
/root/atadd_track2_subset_v3/train/ATADD_T2_Train_129408.flac,0,music,-,ATADD_T2_Train_129408.flac
/root/atadd_track2_subset_v3/train/ATADD_T2_Train_129409.flac,0,music,-,ATADD_T2_Train_129409.flac
/root/atadd_track2_subset_v3/train/ATADD_T2_Train_129410.flac,0,music,-,ATADD_T2_Train_129410.flac
/root/atadd_track2_subset_v3/train/ATADD_T2_Train_129411.flac,0,music,-,ATADD_T2_Train_129411.flac
/root/atadd_track2_subset_v3/train/ATADD_T2_Train_129412.flac,0,music,-,ATADD_T2_Train_129412.flac
/root/atadd_track2_subset_v3/train/ATADD_T2_Train_129414.flac,0,music,-,ATADD_T2_Train_129414.flac
/root/atadd_track2_subset_v3/train/ATADD_T2_Train_129415.flac,0,music,-,ATADD_T2_Train_129415.flac
/root/atadd_track2_subset_v3/train/ATADD_T2_Train_129416.flac,0,music,-,ATADD_T2_Train_129416.flac
/root/atadd_track2_subset_v3/train/ATADD_T2_Train_129417.flac,0,music,-,ATADD_T2_Train_129417.flac
/root/atadd_track2_subset_v3/train/ATADD_T2_Train_129419.flac,0,music,-,ATADD_T2_Train_129419.flac
/root/atadd_track2_subset_v3/train/ATADD_T2_Train_129421.flac,0,music,-,ATADD_T2_Train_129421.flac
/root/atadd_track2_subset_v3/train/ATADD_T2_Train_129422.flac,0,music,-,ATADD_T2_Train_129422.flac
/root/atadd_track2_subset_v3/train/ATADD_T2_Train_129423.flac,0,music,-,ATADD_T2_Train_129423.flac
/root/atadd_track2_subset_v3/train/ATADD_T2_Train_129424.flac,0,music,-,ATADD_T2_Train_129424.flac
/root/atadd_track2_subset_v3/train/ATADD_T2_Train_129425.flac,0,music,-,ATADD_T2_Train_129425.flac
/root/atadd_track2_subset_v3/train/ATADD_T2_Train_129426.flac,0,music,-,ATADD_T2_Train_129426.flac
/root/atadd_track2_subset_v3/train/ATADD_T2_Train_129427.flac,0,music,-,ATADD_T2_Train_129427.flac
/root/atadd_track2_subset_v3/train/ATADD_T2_Train_129428.flac,0,music,-,ATADD_T2_Train_129428.flac
/root/atadd_track2_subset_v3/train/ATADD_T2_Train_129429.flac,0,music,-,ATADD_T2_Train_129429.flac
/root/atadd_track2_subset_v3/train/ATADD_T2_Train_129430.flac,0,music,-,ATADD_T2_Train_129430.flac
/root/atadd_track2_subset_v3/train/ATADD_T2_Train_129431.flac,0,music,-,ATADD_T2_Train_129431.flac
/root/atadd_track2_subset_v3/train/ATADD_T2_Train_129432.flac,0,music,-,ATADD_T2_Train_129432.flac
/root/atadd_track2_subset_v3/train/ATADD_T2_Train_129433.flac,0,music,-,ATADD_T2_Train_129433.flac
/root/atadd_track2_subset_v3/train/ATADD_T2_Train_129434.flac,0,music,-,ATADD_T2_Train_129434.flac
/root/atadd_track2_subset_v3/train/ATADD_T2_Train_129435.flac,0,music,-,ATADD_T2_Train_129435.flac
/root/atadd_track2_subset_v3/train/ATADD_T2_Train_129436.flac,0,music,-,ATADD_T2_Train_129436.flac
/root/atadd_track2_subset_v3/train/ATADD_T2_Train_129437.flac,0,music,-,ATADD_T2_Train_129437.flac
/root/atadd_track2_subset_v3/train/ATADD_T2_Train_129439.flac,0,music,-,ATADD_T2_Train_129439.flac
/root/atadd_track2_subset_v3/train/ATADD_T2_Train_129440.flac,0,music,-,ATADD_T2_Train_129440.flac
/root/atadd_track2_subset_v3/train/ATADD_T2_Train_129441.flac,0,music,-,ATADD_T2_Train_129441.flac
/root/atadd_track2_subset_v3/train/ATADD_T2_Train_129442.flac,0,music,-,ATADD_T2_Train_129442.flac
/root/atadd_track2_subset_v3/train/ATADD_T2_Train_129443.flac,0,music,-,ATADD_T2_Train_129443.flac
/root/atadd_track2_subset_v3/train/ATADD_T2_Train_129444.flac,0,music,-,ATADD_T2_Train_129444.flac
/root/atadd_track2_subset_v3/train/ATADD_T2_Train_129445.flac,0,music,-,ATADD_T2_Train_129445.flac
/root/atadd_track2_subset_v3/train/ATADD_T2_Train_129446.flac,0,music,-,ATADD_T2_Train_129446.flac
/root/atadd_track2_subset_v3/train/ATADD_T2_Train_129447.flac,0,music,-,ATADD_T2_Train_129447.flac
/root/atadd_track2_subset_v3/train/ATADD_T2_Train_129448.flac,0,music,-,ATADD_T2_Train_129448.flac
/root/atadd_track2_subset_v3/train/ATADD_T2_Train_129449.flac,0,music,-,ATADD_T2_Train_129449.flac
/root/atadd_track2_subset_v3/train/ATADD_T2_Train_129450.flac,0,music,-,ATADD_T2_Train_129450.flac
/root/atadd_track2_subset_v3/train/ATADD_T2_Train_129451.flac,0,music,-,ATADD_T2_Train_129451.flac
/root/atadd_track2_subset_v3/train/ATADD_T2_Train_129452.flac,0,music,-,ATADD_T2_Train_129452.flac
/root/atadd_track2_subset_v3/train/ATADD_T2_Train_129453.flac,0,music,-,ATADD_T2_Train_129453.flac
/root/atadd_track2_subset_v3/train/ATADD_T2_Train_129454.flac,0,music,-,ATADD_T2_Train_129454.flac
/root/atadd_track2_subset_v3/train/ATADD_T2_Train_129455.flac,0,music,-,ATADD_T2_Train_129455.flac
/root/atadd_track2_subset_v3/train/ATADD_T2_Train_129456.flac,0,music,-,ATADD_T2_Train_129456.flac
/root/atadd_track2_subset_v3/train/ATADD_T2_Train_129457.flac,0,music,-,ATADD_T2_Train_129457.flac
/root/atadd_track2_subset_v3/train/ATADD_T2_Train_129458.flac,0,music,-,ATADD_T2_Train_129458.flac
/root/atadd_track2_subset_v3/train/ATADD_T2_Train_129459.flac,0,music,-,ATADD_T2_Train_129459.flac
/root/atadd_track2_subset_v3/train/ATADD_T2_Train_129460.flac,0,music,-,ATADD_T2_Train_129460.flac
/root/atadd_track2_subset_v3/train/ATADD_T2_Train_129461.flac,0,music,-,ATADD_T2_Train_129461.flac
/root/atadd_track2_subset_v3/train/ATADD_T2_Train_129462.flac,0,music,-,ATADD_T2_Train_129462.flac
/root/atadd_track2_subset_v3/train/ATADD_T2_Train_129463.flac,0,music,-,ATADD_T2_Train_129463.flac
/root/atadd_track2_subset_v3/train/ATADD_T2_Train_129464.flac,0,music,-,ATADD_T2_Train_129464.flac
/root/atadd_track2_subset_v3/train/ATADD_T2_Train_129465.flac,0,music,-,ATADD_T2_Train_129465.flac
/root/atadd_track2_subset_v3/train/ATADD_T2_Train_129466.flac,0,music,-,ATADD_T2_Train_129466.flac
/root/atadd_track2_subset_v3/train/ATADD_T2_Train_129467.flac,0,music,-,ATADD_T2_Train_129467.flac
/root/atadd_track2_subset_v3/train/ATADD_T2_Train_129468.flac,0,music,-,ATADD_T2_Train_129468.flac
/root/atadd_track2_subset_v3/train/ATADD_T2_Train_129469.flac,0,music,-,ATADD_T2_Train_129469.flac
/root/atadd_track2_subset_v3/train/ATADD_T2_Train_129470.flac,0,music,-,ATADD_T2_Train_129470.flac
/root/atadd_track2_subset_v3/train/ATADD_T2_Train_129471.flac,0,music,-,ATADD_T2_Train_129471.flac
/root/atadd_track2_subset_v3/train/ATADD_T2_Train_129472.flac,0,music,-,ATADD_T2_Train_129472.flac
/root/atadd_track2_subset_v3/train/ATADD_T2_Train_129473.flac,0,music,-,ATADD_T2_Train_129473.flac
/root/atadd_track2_subset_v3/train/ATADD_T2_Train_129474.flac,0,music,-,ATADD_T2_Train_129474.flac
/root/atadd_track2_subset_v3/train/ATADD_T2_Train_129475.flac,0,music,-,ATADD_T2_Train_129475.flac
/root/atadd_track2_subset_v3/train/ATADD_T2_Train_129476.flac,0,music,-,ATADD_T2_Train_129476.flac
/root/atadd_track2_subset_v3/train/ATADD_T2_Train_129477.flac,0,music,-,ATADD_T2_Train_129477.flac
/root/atadd_track2_subset_v3/train/ATADD_T2_Train_129478.flac,0,music,-,ATADD_T2_Train_129478.flac
/root/atadd_track2_subset_v3/train/ATADD_T2_Train_129479.flac,0,music,-,ATADD_T2_Train_129479.flac
/root/atadd_track2_subset_v3/train/ATADD_T2_Train_129480.flac,0,music,-,ATADD_T2_Train_129480.flac
/root/atadd_track2_subset_v3/train/ATADD_T2_Train_129481.flac,0,music,-,ATADD_T2_Train_129481.flac
/root/atadd_track2_subset_v3/train/ATADD_T2_Train_129482.flac,0,music,-,ATADD_T2_Train_129482.flac
/root/atadd_track2_subset_v3/train/ATADD_T2_Train_129483.flac,0,music,-,ATADD_T2_Train_129483.flac
/root/atadd_track2_subset_v3/train/ATADD_T2_Train_129484.flac,0,music,-,ATADD_T2_Train_129484.flac
/root/atadd_track2_subset_v3/train/ATADD_T2_Train_129486.flac,0,music,-,ATADD_T2_Train_129486.flac
/root/atadd_track2_subset_v3/train/ATADD_T2_Train_129487.flac,0,music,-,ATADD_T2_Train_129487.flac
/root/atadd_track2_subset_v3/train/ATADD_T2_Train_129488.flac,0,music,-,ATADD_T2_Train_129488.flac
/root/atadd_track2_subset_v3/train/ATADD_T2_Train_129490.flac,0,music,-,ATADD_T2_Train_129490.flac
/root/atadd_track2_subset_v3/train/ATADD_T2_Train_129491.flac,0,music,-,ATADD_T2_Train_129491.flac
/root/atadd_track2_subset_v3/train/ATADD_T2_Train_129492.flac,0,music,-,ATADD_T2_Train_129492.flac
/root/atadd_track2_subset_v3/train/ATADD_T2_Train_129493.flac,0,music,-,ATADD_T2_Train_129493.flac
/root/atadd_track2_subset_v3/train/ATADD_T2_Train_129494.flac,0,music,-,ATADD_T2_Train_129494.flac
/root/atadd_track2_subset_v3/train/ATADD_T2_Train_129495.flac,0,music,-,ATADD_T2_Train_129495.flac
/root/atadd_track2_subset_v3/train/ATADD_T2_Train_129497.flac,0,music,-,ATADD_T2_Train_129497.flac
/root/atadd_track2_subset_v3/train/ATADD_T2_Train_129498.flac,0,music,-,ATADD_T2_Train_129498.flac
/root/atadd_track2_subset_v3/train/ATADD_T2_Train_129499.flac,0,music,-,ATADD_T2_Train_129499.flac
/root/atadd_track2_subset_v3/train/ATADD_T2_Train_129500.flac,0,music,-,ATADD_T2_Train_129500.flac
/root/atadd_track2_subset_v3/train/ATADD_T2_Train_129501.flac,0,music,-,ATADD_T2_Train_129501.flac
/root/atadd_track2_subset_v3/train/ATADD_T2_Train_129502.flac,0,music,-,ATADD_T2_Train_129502.flac
/root/atadd_track2_subset_v3/train/ATADD_T2_Train_129503.flac,0,music,-,ATADD_T2_Train_129503.flac
/root/atadd_track2_subset_v3/train/ATADD_T2_Train_129504.flac,0,music,-,ATADD_T2_Train_129504.flac
/root/atadd_track2_subset_v3/train/ATADD_T2_Train_129505.flac,0,music,-,ATADD_T2_Train_129505.flac
/root/atadd_track2_subset_v3/train/ATADD_T2_Train_129506.flac,0,music,-,ATADD_T2_Train_129506.flac
/root/atadd_track2_subset_v3/train/ATADD_T2_Train_129508.flac,0,music,-,ATADD_T2_Train_129508.flac
/root/atadd_track2_subset_v3/train/ATADD_T2_Train_129509.flac,0,music,-,ATADD_T2_Train_129509.flac
/root/atadd_track2_subset_v3/train/ATADD_T2_Train_129510.flac,0,music,-,ATADD_T2_Train_129510.flac
/root/atadd_track2_subset_v3/train/ATADD_T2_Train_129511.flac,0,music,-,ATADD_T2_Train_129511.flac
/root/atadd_track2_subset_v3/train/ATADD_T2_Train_129512.flac,0,music,-,ATADD_T2_Train_129512.flac
/root/atadd_track2_subset_v3/train/ATADD_T2_Train_129513.flac,0,music,-,ATADD_T2_Train_129513.flac
/root/atadd_track2_subset_v3/train/ATADD_T2_Train_129514.flac,0,music,-,ATADD_T2_Train_129514.flac
/root/atadd_track2_subset_v3/train/ATADD_T2_Train_129515.flac,0,music,-,ATADD_T2_Train_129515.flac
/root/atadd_track2_subset_v3/train/ATADD_T2_Train_129516.flac,0,music,-,ATADD_T2_Train_129516.flac
/root/atadd_track2_subset_v3/train/ATADD_T2_Train_129517.flac,0,music,-,ATADD_T2_Train_129517.flac
/root/atadd_track2_subset_v3/train/ATADD_T2_Train_129518.flac,0,music,-,ATADD_T2_Train_129518.flac
/root/atadd_track2_subset_v3/train/ATADD_T2_Train_129519.flac,0,music,-,ATADD_T2_Train_129519.flac
/root/atadd_track2_subset_v3/train/ATADD_T2_Train_129520.flac,0,music,-,ATADD_T2_Train_129520.flac
/root/atadd_track2_subset_v3/train/ATADD_T2_Train_129521.flac,0,music,-,ATADD_T2_Train_129521.flac
/root/atadd_track2_subset_v3/train/ATADD_T2_Train_129523.flac,0,music,-,ATADD_T2_Train_129523.flac
/root/atadd_track2_subset_v3/train/ATADD_T2_Train_129524.flac,0,music,-,ATADD_T2_Train_129524.flac
/root/atadd_track2_subset_v3/train/ATADD_T2_Train_129525.flac,0,music,-,ATADD_T2_Train_129525.flac
/root/atadd_track2_subset_v3/train/ATADD_T2_Train_129526.flac,0,music,-,ATADD_T2_Train_129526.flac
/root/atadd_track2_subset_v3/train/ATADD_T2_Train_129527.flac,0,music,-,ATADD_T2_Train_129527.flac
/root/atadd_track2_subset_v3/train/ATADD_T2_Train_129528.flac,0,music,-,ATADD_T2_Train_129528.flac
/root/atadd_track2_subset_v3/train/ATADD_T2_Train_129529.flac,0,music,-,ATADD_T2_Train_129529.flac
/root/atadd_track2_subset_v3/train/ATADD_T2_Train_129530.flac,0,music,-,ATADD_T2_Train_129530.flac
/root/atadd_track2_subset_v3/train/ATADD_T2_Train_129531.flac,0,music,-,ATADD_T2_Train_129531.flac
/root/atadd_track2_subset_v3/train/ATADD_T2_Train_129532.flac,0,music,-,ATADD_T2_Train_129532.flac
/root/atadd_track2_subset_v3/train/ATADD_T2_Train_129533.flac,0,music,-,ATADD_T2_Train_129533.flac
/root/atadd_track2_subset_v3/train/ATADD_T2_Train_129534.flac,0,music,-,ATADD_T2_Train_129534.flac
/root/atadd_track2_subset_v3/train/ATADD_T2_Train_129535.flac,0,music,-,ATADD_T2_Train_129535.flac
/root/atadd_track2_subset_v3/train/ATADD_T2_Train_129536.flac,0,music,-,ATADD_T2_Train_129536.flac
/root/atadd_track2_subset_v3/train/ATADD_T2_Train_129537.flac,0,music,-,ATADD_T2_Train_129537.flac
/root/atadd_track2_subset_v3/train/ATADD_T2_Train_129538.flac,0,music,-,ATADD_T2_Train_129538.flac
/root/atadd_track2_subset_v3/train/ATADD_T2_Train_129539.flac,0,music,-,ATADD_T2_Train_129539.flac
/root/atadd_track2_subset_v3/train/ATADD_T2_Train_129541.flac,0,music,-,ATADD_T2_Train_129541.flac
/root/atadd_track2_subset_v3/train/ATADD_T2_Train_129542.flac,0,music,-,ATADD_T2_Train_129542.flac
/root/atadd_track2_subset_v3/train/ATADD_T2_Train_129543.flac,0,music,-,ATADD_T2_Train_129543.flac
/root/atadd_track2_subset_v3/train/ATADD_T2_Train_129544.flac,0,music,-,ATADD_T2_Train_129544.flac
/root/atadd_track2_subset_v3/train/ATADD_T2_Train_129545.flac,0,music,-,ATADD_T2_Train_129545.flac
/root/atadd_track2_subset_v3/train/ATADD_T2_Train_129546.flac,0,music,-,ATADD_T2_Train_129546.flac
/root/atadd_track2_subset_v3/train/ATADD_T2_Train_129547.flac,0,music,-,ATADD_T2_Train_129547.flac
/root/atadd_track2_subset_v3/train/ATADD_T2_Train_129548.flac,0,music,-,ATADD_T2_Train_129548.flac
/root/atadd_track2_subset_v3/train/ATADD_T2_Train_129549.flac,0,music,-,ATADD_T2_Train_129549.flac
/root/atadd_track2_subset_v3/train/ATADD_T2_Train_129550.flac,0,music,-,ATADD_T2_Train_129550.flac
/root/atadd_track2_subset_v3/train/ATADD_T2_Train_129551.flac,0,music,-,ATADD_T2_Train_129551.flac
/root/atadd_track2_subset_v3/train/ATADD_T2_Train_129552.flac,0,music,-,ATADD_T2_Train_129552.flac
/root/atadd_track2_subset_v3/train/ATADD_T2_Train_129553.flac,0,music,-,ATADD_T2_Train_129553.flac
/root/atadd_track2_subset_v3/train/ATADD_T2_Train_129554.flac,0,music,-,ATADD_T2_Train_129554.flac
/root/atadd_track2_subset_v3/train/ATADD_T2_Train_129555.flac,0,music,-,ATADD_T2_Train_129555.flac
/root/atadd_track2_subset_v3/train/ATADD_T2_Train_129556.flac,0,music,-,ATADD_T2_Train_129556.flac
/root/atadd_track2_subset_v3/train/ATADD_T2_Train_129557.flac,0,music,-,ATADD_T2_Train_129557.flac
/root/atadd_track2_subset_v3/train/ATADD_T2_Train_129558.flac,0,music,-,ATADD_T2_Train_129558.flac
/root/atadd_track2_subset_v3/train/ATADD_T2_Train_129559.flac,0,music,-,ATADD_T2_Train_129559.flac
/root/atadd_track2_subset_v3/train/ATADD_T2_Train_129560.flac,0,music,-,ATADD_T2_Train_129560.flac
/root/atadd_track2_subset_v3/train/ATADD_T2_Train_129561.flac,0,music,-,ATADD_T2_Train_129561.flac
/root/atadd_track2_subset_v3/train/ATADD_T2_Train_129562.flac,0,music,-,ATADD_T2_Train_129562.flac
/root/atadd_track2_subset_v3/train/ATADD_T2_Train_129563.flac,0,music,-,ATADD_T2_Train_129563.flac
/root/atadd_track2_subset_v3/train/ATADD_T2_Train_129564.flac,0,music,-,ATADD_T2_Train_129564.flac
/root/atadd_track2_subset_v3/train/ATADD_T2_Train_129566.flac,0,music,-,ATADD_T2_Train_129566.flac
/root/atadd_track2_subset_v3/train/ATADD_T2_Train_129567.flac,0,music,-,ATADD_T2_Train_129567.flac
/root/atadd_track2_subset_v3/train/ATADD_T2_Train_129568.flac,0,music,-,ATADD_T2_Train_129568.flac
/root/atadd_track2_subset_v3/train/ATADD_T2_Train_129569.flac,0,music,-,ATADD_T2_Train_129569.flac
/root/atadd_track2_subset_v3/train/ATADD_T2_Train_129570.flac,0,music,-,ATADD_T2_Train_129570.flac
/root/atadd_track2_subset_v3/train/ATADD_T2_Train_129571.flac,0,music,-,ATADD_T2_Train_129571.flac
/root/atadd_track2_subset_v3/train/ATADD_T2_Train_129572.flac,0,music,-,ATADD_T2_Train_129572.flac
/root/atadd_track2_subset_v3/train/ATADD_T2_Train_129574.flac,0,music,-,ATADD_T2_Train_129574.flac
/root/atadd_track2_subset_v3/train/ATADD_T2_Train_129575.flac,0,music,-,ATADD_T2_Train_129575.flac
/root/atadd_track2_subset_v3/train/ATADD_T2_Train_129576.flac,0,music,-,ATADD_T2_Train_129576.flac
/root/atadd_track2_subset_v3/train/ATADD_T2_Train_129577.flac,0,music,-,ATADD_T2_Train_129577.flac
/root/atadd_track2_subset_v3/train/ATADD_T2_Train_129578.flac,0,music,-,ATADD_T2_Train_129578.flac
/root/atadd_track2_subset_v3/train/ATADD_T2_Train_129579.flac,0,music,-,ATADD_T2_Train_129579.flac
/root/atadd_track2_subset_v3/train/ATADD_T2_Train_129580.flac,0,music,-,ATADD_T2_Train_129580.flac
/root/atadd_track2_subset_v3/train/ATADD_T2_Train_129581.flac,0,music,-,ATADD_T2_Train_129581.flac
/root/atadd_track2_subset_v3/train/ATADD_T2_Train_129582.flac,0,music,-,ATADD_T2_Train_129582.flac
/root/atadd_track2_subset_v3/train/ATADD_T2_Train_129583.flac,0,music,-,ATADD_T2_Train_129583.flac
/root/atadd_track2_subset_v3/train/ATADD_T2_Train_129584.flac,0,music,-,ATADD_T2_Train_129584.flac
/root/atadd_track2_subset_v3/train/ATADD_T2_Train_129585.flac,0,music,-,ATADD_T2_Train_129585.flac
/root/atadd_track2_subset_v3/train/ATADD_T2_Train_129586.flac,0,music,-,ATADD_T2_Train_129586.flac
/root/atadd_track2_subset_v3/train/ATADD_T2_Train_129587.flac,0,music,-,ATADD_T2_Train_129587.flac
/root/atadd_track2_subset_v3/train/ATADD_T2_Train_129588.flac,0,music,-,ATADD_T2_Train_129588.flac
/root/atadd_track2_subset_v3/train/ATADD_T2_Train_129589.flac,0,music,-,ATADD_T2_Train_129589.flac
/root/atadd_track2_subset_v3/train/ATADD_T2_Train_129590.flac,0,music,-,ATADD_T2_Train_129590.flac
/root/atadd_track2_subset_v3/train/ATADD_T2_Train_129591.flac,0,music,-,ATADD_T2_Train_129591.flac
/root/atadd_track2_subset_v3/train/ATADD_T2_Train_129592.flac,0,music,-,ATADD_T2_Train_129592.flac
/root/atadd_track2_subset_v3/train/ATADD_T2_Train_129594.flac,0,music,-,ATADD_T2_Train_129594.flac
/root/atadd_track2_subset_v3/train/ATADD_T2_Train_129595.flac,0,music,-,ATADD_T2_Train_129595.flac
/root/atadd_track2_subset_v3/train/ATADD_T2_Train_129596.flac,0,music,-,ATADD_T2_Train_129596.flac
/root/atadd_track2_subset_v3/train/ATADD_T2_Train_129597.flac,0,music,-,ATADD_T2_Train_129597.flac
/root/atadd_track2_subset_v3/train/ATADD_T2_Train_129598.flac,0,music,-,ATADD_T2_Train_129598.flac
/root/atadd_track2_subset_v3/train/ATADD_T2_Train_129599.flac,0,music,-,ATADD_T2_Train_129599.flac
/root/atadd_track2_subset_v3/train/ATADD_T2_Train_129600.flac,0,music,-,ATADD_T2_Train_129600.flac
/root/atadd_track2_subset_v3/train/ATADD_T2_Train_129601.flac,0,music,-,ATADD_T2_Train_129601.flac
/root/atadd_track2_subset_v3/train/ATADD_T2_Train_129602.flac,0,music,-,ATADD_T2_Train_129602.flac
/root/atadd_track2_subset_v3/train/ATADD_T2_Train_129603.flac,0,music,-,ATADD_T2_Train_129603.flac
/root/atadd_track2_subset_v3/train/ATADD_T2_Train_129604.flac,0,music,-,ATADD_T2_Train_129604.flac
/root/atadd_track2_subset_v3/train/ATADD_T2_Train_129605.flac,0,music,-,ATADD_T2_Train_129605.flac
/root/atadd_track2_subset_v3/train/ATADD_T2_Train_129606.flac,0,music,-,ATADD_T2_Train_129606.flac
/root/atadd_track2_subset_v3/train/ATADD_T2_Train_129607.flac,0,music,-,ATADD_T2_Train_129607.flac
/root/atadd_track2_subset_v3/train/ATADD_T2_Train_129608.flac,0,music,-,ATADD_T2_Train_129608.flac
/root/atadd_track2_subset_v3/train/ATADD_T2_Train_129609.flac,0,music,-,ATADD_T2_Train_129609.flac
/root/atadd_track2_subset_v3/train/ATADD_T2_Train_129610.flac,0,music,-,ATADD_T2_Train_129610.flac
/root/atadd_track2_subset_v3/train/ATADD_T2_Train_129611.flac,0,music,-,ATADD_T2_Train_129611.flac
/root/atadd_track2_subset_v3/train/ATADD_T2_Train_129612.flac,0,music,-,ATADD_T2_Train_129612.flac
/root/atadd_track2_subset_v3/train/ATADD_T2_Train_129613.flac,0,music,-,ATADD_T2_Train_129613.flac
/root/atadd_track2_subset_v3/train/ATADD_T2_Train_129614.flac,0,music,-,ATADD_T2_Train_129614.flac
/root/atadd_track2_subset_v3/train/ATADD_T2_Train_129615.flac,0,music,-,ATADD_T2_Train_129615.flac
/root/atadd_track2_subset_v3/train/ATADD_T2_Train_129616.flac,0,music,-,ATADD_T2_Train_129616.flac
/root/atadd_track2_subset_v3/train/ATADD_T2_Train_129617.flac,0,music,-,ATADD_T2_Train_129617.flac
/root/atadd_track2_subset_v3/train/ATADD_T2_Train_129618.flac,0,music,-,ATADD_T2_Train_129618.flac
/root/atadd_track2_subset_v3/train/ATADD_T2_Train_129619.flac,0,music,-,ATADD_T2_Train_129619.flac
/root/atadd_track2_subset_v3/train/ATADD_T2_Train_129620.flac,0,music,-,ATADD_T2_Train_129620.flac
/root/atadd_track2_subset_v3/train/ATADD_T2_Train_129621.flac,0,music,-,ATADD_T2_Train_129621.flac
/root/atadd_track2_subset_v3/train/ATADD_T2_Train_129622.flac,0,music,-,ATADD_T2_Train_129622.flac
/root/atadd_track2_subset_v3/train/ATADD_T2_Train_129623.flac,0,music,-,ATADD_T2_Train_129623.flac
/root/atadd_track2_subset_v3/train/ATADD_T2_Train_129624.flac,0,music,-,ATADD_T2_Train_129624.flac
/root/atadd_track2_subset_v3/train/ATADD_T2_Train_129626.flac,0,music,-,ATADD_T2_Train_129626.flac
/root/atadd_track2_subset_v3/train/ATADD_T2_Train_129627.flac,0,music,-,ATADD_T2_Train_129627.flac
/root/atadd_track2_subset_v3/train/ATADD_T2_Train_129628.flac,0,music,-,ATADD_T2_Train_129628.flac
/root/atadd_track2_subset_v3/train/ATADD_T2_Train_129629.flac,0,music,-,ATADD_T2_Train_129629.flac
/root/atadd_track2_subset_v3/train/ATADD_T2_Train_129630.flac,0,music,-,ATADD_T2_Train_129630.flac
/root/atadd_track2_subset_v3/train/ATADD_T2_Train_129631.flac,0,music,-,ATADD_T2_Train_129631.flac
/root/atadd_track2_subset_v3/train/ATADD_T2_Train_129632.flac,0,music,-,ATADD_T2_Train_129632.flac
/root/atadd_track2_subset_v3/train/ATADD_T2_Train_129633.flac,0,music,-,ATADD_T2_Train_129633.flac
/root/atadd_track2_subset_v3/train/ATADD_T2_Train_129635.flac,0,music,-,ATADD_T2_Train_129635.flac
/root/atadd_track2_subset_v3/train/ATADD_T2_Train_129636.flac,0,music,-,ATADD_T2_Train_129636.flac
/root/atadd_track2_subset_v3/train/ATADD_T2_Train_129637.flac,0,music,-,ATADD_T2_Train_129637.flac
/root/atadd_track2_subset_v3/train/ATADD_T2_Train_129638.flac,0,music,-,ATADD_T2_Train_129638.flac
/root/atadd_track2_subset_v3/train/ATADD_T2_Train_129639.flac,0,music,-,ATADD_T2_Train_129639.flac
/root/atadd_track2_subset_v3/train/ATADD_T2_Train_129640.flac,0,music,-,ATADD_T2_Train_129640.flac
/root/atadd_track2_subset_v3/train/ATADD_T2_Train_129641.flac,0,music,-,ATADD_T2_Train_129641.flac
/root/atadd_track2_subset_v3/train/ATADD_T2_Train_129642.flac,0,music,-,ATADD_T2_Train_129642.flac
/root/atadd_track2_subset_v3/train/ATADD_T2_Train_129643.flac,0,music,-,ATADD_T2_Train_129643.flac
/root/atadd_track2_subset_v3/train/ATADD_T2_Train_129644.flac,0,music,-,ATADD_T2_Train_129644.flac
/root/atadd_track2_subset_v3/train/ATADD_T2_Train_129645.flac,0,music,-,ATADD_T2_Train_129645.flac
/root/atadd_track2_subset_v3/train/ATADD_T2_Train_129646.flac,0,music,-,ATADD_T2_Train_129646.flac
/root/atadd_track2_subset_v3/train/ATADD_T2_Train_129647.flac,0,music,-,ATADD_T2_Train_129647.flac
/root/atadd_track2_subset_v3/train/ATADD_T2_Train_129648.flac,0,music,-,ATADD_T2_Train_129648.flac
/root/atadd_track2_subset_v3/train/ATADD_T2_Train_129649.flac,0,music,-,ATADD_T2_Train_129649.flac
/root/atadd_track2_subset_v3/train/ATADD_T2_Train_129650.flac,0,music,-,ATADD_T2_Train_129650.flac
/root/atadd_track2_subset_v3/train/ATADD_T2_Train_129651.flac,0,music,-,ATADD_T2_Train_129651.flac
/root/atadd_track2_subset_v3/train/ATADD_T2_Train_129652.flac,0,music,-,ATADD_T2_Train_129652.flac
/root/atadd_track2_subset_v3/train/ATADD_T2_Train_129653.flac,0,music,-,ATADD_T2_Train_129653.flac
/root/atadd_track2_subset_v3/train/ATADD_T2_Train_129654.flac,0,music,-,ATADD_T2_Train_129654.flac
/root/atadd_track2_subset_v3/train/ATADD_T2_Train_129655.flac,0,music,-,ATADD_T2_Train_129655.flac
/root/atadd_track2_subset_v3/train/ATADD_T2_Train_129657.flac,0,music,-,ATADD_T2_Train_129657.flac
/root/atadd_track2_subset_v3/train/ATADD_T2_Train_129658.flac,0,music,-,ATADD_T2_Train_129658.flac
/root/atadd_track2_subset_v3/train/ATADD_T2_Train_129659.flac,0,music,-,ATADD_T2_Train_129659.flac
/root/atadd_track2_subset_v3/train/ATADD_T2_Train_129660.flac,0,music,-,ATADD_T2_Train_129660.flac
/root/atadd_track2_subset_v3/train/ATADD_T2_Train_129661.flac,0,music,-,ATADD_T2_Train_129661.flac
/root/atadd_track2_subset_v3/train/ATADD_T2_Train_129662.flac,0,music,-,ATADD_T2_Train_129662.flac
/root/atadd_track2_subset_v3/train/ATADD_T2_Train_129663.flac,0,music,-,ATADD_T2_Train_129663.flac
/root/atadd_track2_subset_v3/train/ATADD_T2_Train_129665.flac,0,music,-,ATADD_T2_Train_129665.flac
/root/atadd_track2_subset_v3/train/ATADD_T2_Train_129666.flac,0,music,-,ATADD_T2_Train_129666.flac
/root/atadd_track2_subset_v3/train/ATADD_T2_Train_129667.flac,0,music,-,ATADD_T2_Train_129667.flac
/root/atadd_track2_subset_v3/train/ATADD_T2_Train_129668.flac,0,music,-,ATADD_T2_Train_129668.flac
/root/atadd_track2_subset_v3/train/ATADD_T2_Train_129670.flac,0,music,-,ATADD_T2_Train_129670.flac
/root/atadd_track2_subset_v3/train/ATADD_T2_Train_129671.flac,0,music,-,ATADD_T2_Train_129671.flac
/root/atadd_track2_subset_v3/train/ATADD_T2_Train_129672.flac,0,music,-,ATADD_T2_Train_129672.flac
/root/atadd_track2_subset_v3/train/ATADD_T2_Train_129673.flac,0,music,-,ATADD_T2_Train_129673.flac
/root/atadd_track2_subset_v3/train/ATADD_T2_Train_129674.flac,0,music,-,ATADD_T2_Train_129674.flac
/root/atadd_track2_subset_v3/train/ATADD_T2_Train_129675.flac,0,music,-,ATADD_T2_Train_129675.flac
/root/atadd_track2_subset_v3/train/ATADD_T2_Train_129676.flac,0,music,-,ATADD_T2_Train_129676.flac
/root/atadd_track2_subset_v3/train/ATADD_T2_Train_129677.flac,0,music,-,ATADD_T2_Train_129677.flac
/root/atadd_track2_subset_v3/train/ATADD_T2_Train_129678.flac,0,music,-,ATADD_T2_Train_129678.flac
/root/atadd_track2_subset_v3/train/ATADD_T2_Train_129679.flac,0,music,-,ATADD_T2_Train_129679.flac
/root/atadd_track2_subset_v3/train/ATADD_T2_Train_129680.flac,0,music,-,ATADD_T2_Train_129680.flac
/root/atadd_track2_subset_v3/train/ATADD_T2_Train_129681.flac,0,music,-,ATADD_T2_Train_129681.flac
/root/atadd_track2_subset_v3/train/ATADD_T2_Train_129682.flac,0,music,-,ATADD_T2_Train_129682.flac
/root/atadd_track2_subset_v3/train/ATADD_T2_Train_129683.flac,0,music,-,ATADD_T2_Train_129683.flac
/root/atadd_track2_subset_v3/train/ATADD_T2_Train_129684.flac,0,music,-,ATADD_T2_Train_129684.flac
/root/atadd_track2_subset_v3/train/ATADD_T2_Train_129685.flac,0,music,-,ATADD_T2_Train_129685.flac
/root/atadd_track2_subset_v3/train/ATADD_T2_Train_129686.flac,0,music,-,ATADD_T2_Train_129686.flac
/root/atadd_track2_subset_v3/train/ATADD_T2_Train_129688.flac,0,music,-,ATADD_T2_Train_129688.flac
/root/atadd_track2_subset_v3/train/ATADD_T2_Train_129689.flac,0,music,-,ATADD_T2_Train_129689.flac
/root/atadd_track2_subset_v3/train/ATADD_T2_Train_129690.flac,0,music,-,ATADD_T2_Train_129690.flac
/root/atadd_track2_subset_v3/train/ATADD_T2_Train_129691.flac,0,music,-,ATADD_T2_Train_129691.flac
/root/atadd_track2_subset_v3/train/ATADD_T2_Train_129692.flac,0,music,-,ATADD_T2_Train_129692.flac
/root/atadd_track2_subset_v3/train/ATADD_T2_Train_129693.flac,0,music,-,ATADD_T2_Train_129693.flac
/root/atadd_track2_subset_v3/train/ATADD_T2_Train_129694.flac,0,music,-,ATADD_T2_Train_129694.flac
/root/atadd_track2_subset_v3/train/ATADD_T2_Train_129695.flac,0,music,-,ATADD_T2_Train_129695.flac
/root/atadd_track2_subset_v3/train/ATADD_T2_Train_129696.flac,0,music,-,ATADD_T2_Train_129696.flac
/root/atadd_track2_subset_v3/train/ATADD_T2_Train_129697.flac,0,music,-,ATADD_T2_Train_129697.flac
/root/atadd_track2_subset_v3/train/ATADD_T2_Train_129698.flac,0,music,-,ATADD_T2_Train_129698.flac
/root/atadd_track2_subset_v3/train/ATADD_T2_Train_129699.flac,0,music,-,ATADD_T2_Train_129699.flac
/root/atadd_track2_subset_v3/train/ATADD_T2_Train_129700.flac,0,music,-,ATADD_T2_Train_129700.flac
/root/atadd_track2_subset_v3/train/ATADD_T2_Train_129701.flac,0,music,-,ATADD_T2_Train_129701.flac
/root/atadd_track2_subset_v3/train/ATADD_T2_Train_129702.flac,0,music,-,ATADD_T2_Train_129702.flac
/root/atadd_track2_subset_v3/train/ATADD_T2_Train_129703.flac,0,music,-,ATADD_T2_Train_129703.flac
/root/atadd_track2_subset_v3/train/ATADD_T2_Train_129704.flac,0,music,-,ATADD_T2_Train_129704.flac
/root/atadd_track2_subset_v3/train/ATADD_T2_Train_129705.flac,0,music,-,ATADD_T2_Train_129705.flac
/root/atadd_track2_subset_v3/train/ATADD_T2_Train_129706.flac,0,music,-,ATADD_T2_Train_129706.flac
/root/atadd_track2_subset_v3/train/ATADD_T2_Train_129707.flac,0,music,-,ATADD_T2_Train_129707.flac
/root/atadd_track2_subset_v3/train/ATADD_T2_Train_129708.flac,0,music,-,ATADD_T2_Train_129708.flac
/root/atadd_track2_subset_v3/train/ATADD_T2_Train_129710.flac,0,music,-,ATADD_T2_Train_129710.flac
/root/atadd_track2_subset_v3/train/ATADD_T2_Train_129711.flac,0,music,-,ATADD_T2_Train_129711.flac
/root/atadd_track2_subset_v3/train/ATADD_T2_Train_129712.flac,0,music,-,ATADD_T2_Train_129712.flac
/root/atadd_track2_subset_v3/train/ATADD_T2_Train_129716.flac,1,music,MusicGen,ATADD_T2_Train_129716.flac
/root/atadd_track2_subset_v3/train/ATADD_T2_Train_129718.flac,1,music,MusicGen,ATADD_T2_Train_129718.flac
/root/atadd_track2_subset_v3/train/ATADD_T2_Train_129722.flac,1,music,MusicGen,ATADD_T2_Train_129722.flac
/root/atadd_track2_subset_v3/train/ATADD_T2_Train_129726.flac,1,music,MusicGen,ATADD_T2_Train_129726.flac
/root/atadd_track2_subset_v3/train/ATADD_T2_Train_129731.flac,1,music,MusicGen,ATADD_T2_Train_129731.flac
/root/atadd_track2_subset_v3/train/ATADD_T2_Train_129735.flac,1,music,MusicGen,ATADD_T2_Train_129735.flac
/root/atadd_track2_subset_v3/train/ATADD_T2_Train_129748.flac,1,music,MusicGen,ATADD_T2_Train_129748.flac
/root/atadd_track2_subset_v3/train/ATADD_T2_Train_129750.flac,1,music,MusicGen,ATADD_T2_Train_129750.flac
/root/atadd_track2_subset_v3/train/ATADD_T2_Train_129752.flac,1,music,MusicGen,ATADD_T2_Train_129752.flac
/root/atadd_track2_subset_v3/train/ATADD_T2_Train_129754.flac,1,music,MusicGen,ATADD_T2_Train_129754.flac
/root/atadd_track2_subset_v3/train/ATADD_T2_Train_129760.flac,1,music,MusicGen,ATADD_T2_Train_129760.flac
/root/atadd_track2_subset_v3/train/ATADD_T2_Train_129764.flac,1,music,MusicGen,ATADD_T2_Train_129764.flac
/root/atadd_track2_subset_v3/train/ATADD_T2_Train_129768.flac,1,music,MusicGen,ATADD_T2_Train_129768.flac
/root/atadd_track2_subset_v3/train/ATADD_T2_Train_129771.flac,1,music,MusicGen,ATADD_T2_Train_129771.flac
/root/atadd_track2_subset_v3/train/ATADD_T2_Train_129783.flac,1,music,MusicGen,ATADD_T2_Train_129783.flac
/root/atadd_track2_subset_v3/train/ATADD_T2_Train_129784.flac,1,music,MusicGen,ATADD_T2_Train_129784.flac
/root/atadd_track2_subset_v3/train/ATADD_T2_Train_129794.flac,1,music,MusicGen,ATADD_T2_Train_129794.flac
/root/atadd_track2_subset_v3/train/ATADD_T2_Train_129797.flac,1,music,MusicGen,ATADD_T2_Train_129797.flac
/root/atadd_track2_subset_v3/train/ATADD_T2_Train_129800.flac,1,music,MusicGen,ATADD_T2_Train_129800.flac
/root/atadd_track2_subset_v3/train/ATADD_T2_Train_129802.flac,1,music,MusicGen,ATADD_T2_Train_129802.flac
/root/atadd_track2_subset_v3/train/ATADD_T2_Train_129805.flac,1,music,MusicGen,ATADD_T2_Train_129805.flac
/root/atadd_track2_subset_v3/train/ATADD_T2_Train_129811.flac,1,music,MusicGen,ATADD_T2_Train_129811.flac
/root/atadd_track2_subset_v3/train/ATADD_T2_Train_129819.flac,1,music,MusicGen,ATADD_T2_Train_129819.flac
/root/atadd_track2_subset_v3/train/ATADD_T2_Train_129826.flac,1,music,MusicGen,ATADD_T2_Train_129826.flac
/root/atadd_track2_subset_v3/train/ATADD_T2_Train_129829.flac,1,music,MusicGen,ATADD_T2_Train_129829.flac
/root/atadd_track2_subset_v3/train/ATADD_T2_Train_129838.flac,1,music,MusicGen,ATADD_T2_Train_129838.flac
/root/atadd_track2_subset_v3/train/ATADD_T2_Train_129848.flac,1,music,MusicGen,ATADD_T2_Train_129848.flac
/root/atadd_track2_subset_v3/train/ATADD_T2_Train_129855.flac,1,music,MusicGen,ATADD_T2_Train_129855.flac
/root/atadd_track2_subset_v3/train/ATADD_T2_Train_129858.flac,1,music,MusicGen,ATADD_T2_Train_129858.flac
/root/atadd_track2_subset_v3/train/ATADD_T2_Train_129865.flac,1,music,MusicGen,ATADD_T2_Train_129865.flac
/root/atadd_track2_subset_v3/train/ATADD_T2_Train_129867.flac,1,music,MusicGen,ATADD_T2_Train_129867.flac
/root/atadd_track2_subset_v3/train/ATADD_T2_Train_129871.flac,1,music,MusicGen,ATADD_T2_Train_129871.flac
/root/atadd_track2_subset_v3/train/ATADD_T2_Train_129877.flac,1,music,MusicGen,ATADD_T2_Train_129877.flac
/root/atadd_track2_subset_v3/train/ATADD_T2_Train_129882.flac,1,music,MusicGen,ATADD_T2_Train_129882.flac
/root/atadd_track2_subset_v3/train/ATADD_T2_Train_129883.flac,1,music,MusicGen,ATADD_T2_Train_129883.flac
/root/atadd_track2_subset_v3/train/ATADD_T2_Train_129885.flac,1,music,MusicGen,ATADD_T2_Train_129885.flac
/root/atadd_track2_subset_v3/train/ATADD_T2_Train_129886.flac,1,music,MusicGen,ATADD_T2_Train_129886.flac
/root/atadd_track2_subset_v3/train/ATADD_T2_Train_129892.flac,1,music,MusicGen,ATADD_T2_Train_129892.flac
/root/atadd_track2_subset_v3/train/ATADD_T2_Train_129894.flac,1,music,MusicGen,ATADD_T2_Train_129894.flac
/root/atadd_track2_subset_v3/train/ATADD_T2_Train_129897.flac,1,music,MusicGen,ATADD_T2_Train_129897.flac
/root/atadd_track2_subset_v3/train/ATADD_T2_Train_129906.flac,1,music,MusicGen,ATADD_T2_Train_129906.flac
/root/atadd_track2_subset_v3/train/ATADD_T2_Train_129913.flac,1,music,MusicGen,ATADD_T2_Train_129913.flac
/root/atadd_track2_subset_v3/train/ATADD_T2_Train_129921.flac,1,music,MusicGen,ATADD_T2_Train_129921.flac
/root/atadd_track2_subset_v3/train/ATADD_T2_Train_129922.flac,1,music,MusicGen,ATADD_T2_Train_129922.flac
/root/atadd_track2_subset_v3/train/ATADD_T2_Train_129925.flac,1,music,MusicGen,ATADD_T2_Train_129925.flac
/root/atadd_track2_subset_v3/train/ATADD_T2_Train_129929.flac,1,music,MusicGen,ATADD_T2_Train_129929.flac
/root/atadd_track2_subset_v3/train/ATADD_T2_Train_129930.flac,1,music,MusicGen,ATADD_T2_Train_129930.flac
/root/atadd_track2_subset_v3/train/ATADD_T2_Train_129934.flac,1,music,MusicGen,ATADD_T2_Train_129934.flac
/root/atadd_track2_subset_v3/train/ATADD_T2_Train_129936.flac,1,music,MusicGen,ATADD_T2_Train_129936.flac
/root/atadd_track2_subset_v3/train/ATADD_T2_Train_129946.flac,1,music,MusicGen,ATADD_T2_Train_129946.flac
/root/atadd_track2_subset_v3/train/ATADD_T2_Train_129948.flac,1,music,MusicGen,ATADD_T2_Train_129948.flac
/root/atadd_track2_subset_v3/train/ATADD_T2_Train_129949.flac,1,music,MusicGen,ATADD_T2_Train_129949.flac
/root/atadd_track2_subset_v3/train/ATADD_T2_Train_129953.flac,1,music,MusicGen,ATADD_T2_Train_129953.flac
/root/atadd_track2_subset_v3/train/ATADD_T2_Train_129964.flac,1,music,MusicGen,ATADD_T2_Train_129964.flac
/root/atadd_track2_subset_v3/train/ATADD_T2_Train_129966.flac,1,music,MusicGen,ATADD_T2_Train_129966.flac
/root/atadd_track2_subset_v3/train/ATADD_T2_Train_129969.flac,1,music,MusicGen,ATADD_T2_Train_129969.flac
/root/atadd_track2_subset_v3/train/ATADD_T2_Train_129974.flac,1,music,MusicGen,ATADD_T2_Train_129974.flac
/root/atadd_track2_subset_v3/train/ATADD_T2_Train_129977.flac,1,music,MusicGen,ATADD_T2_Train_129977.flac
/root/atadd_track2_subset_v3/train/ATADD_T2_Train_129978.flac,1,music,MusicGen,ATADD_T2_Train_129978.flac
/root/atadd_track2_subset_v3/train/ATADD_T2_Train_129980.flac,1,music,MusicGen,ATADD_T2_Train_129980.flac
/root/atadd_track2_subset_v3/train/ATADD_T2_Train_129981.flac,1,music,MusicGen,ATADD_T2_Train_129981.flac
/root/atadd_track2_subset_v3/train/ATADD_T2_Train_129985.flac,1,music,MusicGen,ATADD_T2_Train_129985.flac
/root/atadd_track2_subset_v3/train/ATADD_T2_Train_129988.flac,1,music,MusicGen,ATADD_T2_Train_129988.flac
/root/atadd_track2_subset_v3/train/ATADD_T2_Train_129990.flac,1,music,MusicGen,ATADD_T2_Train_129990.flac
/root/atadd_track2_subset_v3/train/ATADD_T2_Train_130001.flac,1,music,MusicGen,ATADD_T2_Train_130001.flac
/root/atadd_track2_subset_v3/train/ATADD_T2_Train_130004.flac,1,music,MusicGen,ATADD_T2_Train_130004.flac
/root/atadd_track2_subset_v3/train/ATADD_T2_Train_130012.flac,1,music,MusicGen,ATADD_T2_Train_130012.flac
/root/atadd_track2_subset_v3/train/ATADD_T2_Train_130016.flac,1,music,MusicGen,ATADD_T2_Train_130016.flac
/root/atadd_track2_subset_v3/train/ATADD_T2_Train_130017.flac,1,music,MusicGen,ATADD_T2_Train_130017.flac
/root/atadd_track2_subset_v3/train/ATADD_T2_Train_130018.flac,1,music,MusicGen,ATADD_T2_Train_130018.flac
/root/atadd_track2_subset_v3/train/ATADD_T2_Train_130020.flac,1,music,MusicGen,ATADD_T2_Train_130020.flac
/root/atadd_track2_subset_v3/train/ATADD_T2_Train_130022.flac,1,music,MusicGen,ATADD_T2_Train_130022.flac
/root/atadd_track2_subset_v3/train/ATADD_T2_Train_130027.flac,1,music,MusicGen,ATADD_T2_Train_130027.flac
/root/atadd_track2_subset_v3/train/ATADD_T2_Train_130029.flac,1,music,MusicGen,ATADD_T2_Train_130029.flac
/root/atadd_track2_subset_v3/train/ATADD_T2_Train_130031.flac,1,music,MusicGen,ATADD_T2_Train_130031.flac
/root/atadd_track2_subset_v3/train/ATADD_T2_Train_130032.flac,1,music,MusicGen,ATADD_T2_Train_130032.flac
/root/atadd_track2_subset_v3/train/ATADD_T2_Train_130045.flac,1,music,MusicGen,ATADD_T2_Train_130045.flac
/root/atadd_track2_subset_v3/train/ATADD_T2_Train_130058.flac,1,music,MusicGen,ATADD_T2_Train_130058.flac
/root/atadd_track2_subset_v3/train/ATADD_T2_Train_130060.flac,1,music,MusicGen,ATADD_T2_Train_130060.flac
/root/atadd_track2_subset_v3/train/ATADD_T2_Train_130063.flac,1,music,MusicGen,ATADD_T2_Train_130063.flac
/root/atadd_track2_subset_v3/train/ATADD_T2_Train_130078.flac,1,music,MusicGen,ATADD_T2_Train_130078.flac
/root/atadd_track2_subset_v3/train/ATADD_T2_Train_130084.flac,1,music,MusicGen,ATADD_T2_Train_130084.flac
/root/atadd_track2_subset_v3/train/ATADD_T2_Train_130086.flac,1,music,MusicGen,ATADD_T2_Train_130086.flac
/root/atadd_track2_subset_v3/train/ATADD_T2_Train_130087.flac,1,music,MusicGen,ATADD_T2_Train_130087.flac
/root/atadd_track2_subset_v3/train/ATADD_T2_Train_130089.flac,1,music,MusicGen,ATADD_T2_Train_130089.flac
/root/atadd_track2_subset_v3/train/ATADD_T2_Train_130094.flac,1,music,MusicGen,ATADD_T2_Train_130094.flac
/root/atadd_track2_subset_v3/train/ATADD_T2_Train_130100.flac,1,music,MusicGen,ATADD_T2_Train_130100.flac
/root/atadd_track2_subset_v3/train/ATADD_T2_Train_130101.flac,1,music,MusicGen,ATADD_T2_Train_130101.flac
/root/atadd_track2_subset_v3/train/ATADD_T2_Train_130104.flac,1,music,MusicGen,ATADD_T2_Train_130104.flac
/root/atadd_track2_subset_v3/train/ATADD_T2_Train_130108.flac,1,music,MusicGen,ATADD_T2_Train_130108.flac
/root/atadd_track2_subset_v3/train/ATADD_T2_Train_130114.flac,1,music,MusicGen,ATADD_T2_Train_130114.flac
/root/atadd_track2_subset_v3/train/ATADD_T2_Train_130115.flac,1,music,MusicGen,ATADD_T2_Train_130115.flac
/root/atadd_track2_subset_v3/train/ATADD_T2_Train_130117.flac,1,music,MusicGen,ATADD_T2_Train_130117.flac
/root/atadd_track2_subset_v3/train/ATADD_T2_Train_130118.flac,1,music,MusicGen,ATADD_T2_Train_130118.flac
/root/atadd_track2_subset_v3/train/ATADD_T2_Train_130127.flac,1,music,MusicGen,ATADD_T2_Train_130127.flac
/root/atadd_track2_subset_v3/train/ATADD_T2_Train_130128.flac,1,music,MusicGen,ATADD_T2_Train_130128.flac
/root/atadd_track2_subset_v3/train/ATADD_T2_Train_130130.flac,1,music,MusicGen,ATADD_T2_Train_130130.flac
/root/atadd_track2_subset_v3/train/ATADD_T2_Train_130131.flac,1,music,MusicGen,ATADD_T2_Train_130131.flac
/root/atadd_track2_subset_v3/train/ATADD_T2_Train_130137.flac,1,music,MusicGen,ATADD_T2_Train_130137.flac
/root/atadd_track2_subset_v3/train/ATADD_T2_Train_130161.flac,1,music,MusicGen,ATADD_T2_Train_130161.flac
/root/atadd_track2_subset_v3/train/ATADD_T2_Train_130164.flac,1,music,MusicGen,ATADD_T2_Train_130164.flac
/root/atadd_track2_subset_v3/train/ATADD_T2_Train_130169.flac,1,music,MusicGen,ATADD_T2_Train_130169.flac
/root/atadd_track2_subset_v3/train/ATADD_T2_Train_130174.flac,1,music,MusicGen,ATADD_T2_Train_130174.flac
/root/atadd_track2_subset_v3/train/ATADD_T2_Train_130176.flac,1,music,MusicGen,ATADD_T2_Train_130176.flac
/root/atadd_track2_subset_v3/train/ATADD_T2_Train_130195.flac,1,music,MusicGen,ATADD_T2_Train_130195.flac
/root/atadd_track2_subset_v3/train/ATADD_T2_Train_130196.flac,1,music,MusicGen,ATADD_T2_Train_130196.flac
/root/atadd_track2_subset_v3/train/ATADD_T2_Train_130199.flac,1,music,MusicGen,ATADD_T2_Train_130199.flac
/root/atadd_track2_subset_v3/train/ATADD_T2_Train_130215.flac,1,music,MusicGen,ATADD_T2_Train_130215.flac
/root/atadd_track2_subset_v3/train/ATADD_T2_Train_130216.flac,1,music,MusicGen,ATADD_T2_Train_130216.flac
/root/atadd_track2_subset_v3/train/ATADD_T2_Train_130225.flac,1,music,MusicGen,ATADD_T2_Train_130225.flac
/root/atadd_track2_subset_v3/train/ATADD_T2_Train_130226.flac,1,music,MusicGen,ATADD_T2_Train_130226.flac
/root/atadd_track2_subset_v3/train/ATADD_T2_Train_130228.flac,1,music,MusicGen,ATADD_T2_Train_130228.flac
/root/atadd_track2_subset_v3/train/ATADD_T2_Train_130230.flac,1,music,MusicGen,ATADD_T2_Train_130230.flac
/root/atadd_track2_subset_v3/train/ATADD_T2_Train_130244.flac,1,music,MusicGen,ATADD_T2_Train_130244.flac
/root/atadd_track2_subset_v3/train/ATADD_T2_Train_130245.flac,1,music,MusicGen,ATADD_T2_Train_130245.flac
/root/atadd_track2_subset_v3/train/ATADD_T2_Train_130246.flac,1,music,MusicGen,ATADD_T2_Train_130246.flac
/root/atadd_track2_subset_v3/train/ATADD_T2_Train_130251.flac,1,music,MusicGen,ATADD_T2_Train_130251.flac
/root/atadd_track2_subset_v3/train/ATADD_T2_Train_130255.flac,1,music,MusicGen,ATADD_T2_Train_130255.flac
/root/atadd_track2_subset_v3/train/ATADD_T2_Train_130258.flac,1,music,MusicGen,ATADD_T2_Train_130258.flac
/root/atadd_track2_subset_v3/train/ATADD_T2_Train_130259.flac,1,music,MusicGen,ATADD_T2_Train_130259.flac
/root/atadd_track2_subset_v3/train/ATADD_T2_Train_130261.flac,1,music,MusicGen,ATADD_T2_Train_130261.flac
/root/atadd_track2_subset_v3/train/ATADD_T2_Train_130266.flac,1,music,MusicGen,ATADD_T2_Train_130266.flac
/root/atadd_track2_subset_v3/train/ATADD_T2_Train_130274.flac,1,music,MusicGen,ATADD_T2_Train_130274.flac
/root/atadd_track2_subset_v3/train/ATADD_T2_Train_130278.flac,1,music,MusicGen,ATADD_T2_Train_130278.flac
/root/atadd_track2_subset_v3/train/ATADD_T2_Train_130295.flac,1,music,MusicGen,ATADD_T2_Train_130295.flac
/root/atadd_track2_subset_v3/train/ATADD_T2_Train_130300.flac,1,music,MusicGen,ATADD_T2_Train_130300.flac
/root/atadd_track2_subset_v3/train/ATADD_T2_Train_130310.flac,1,music,MusicGen,ATADD_T2_Train_130310.flac
/root/atadd_track2_subset_v3/train/ATADD_T2_Train_130323.flac,1,music,MusicGen,ATADD_T2_Train_130323.flac
/root/atadd_track2_subset_v3/train/ATADD_T2_Train_130327.flac,1,music,MusicGen,ATADD_T2_Train_130327.flac
/root/atadd_track2_subset_v3/train/ATADD_T2_Train_130333.flac,1,music,MusicGen,ATADD_T2_Train_130333.flac
/root/atadd_track2_subset_v3/train/ATADD_T2_Train_130335.flac,1,music,MusicGen,ATADD_T2_Train_130335.flac
/root/atadd_track2_subset_v3/train/ATADD_T2_Train_130339.flac,1,music,MusicGen,ATADD_T2_Train_130339.flac
/root/atadd_track2_subset_v3/train/ATADD_T2_Train_130348.flac,1,music,MusicGen,ATADD_T2_Train_130348.flac
/root/atadd_track2_subset_v3/train/ATADD_T2_Train_130351.flac,1,music,MusicGen,ATADD_T2_Train_130351.flac
/root/atadd_track2_subset_v3/train/ATADD_T2_Train_130352.flac,1,music,MusicGen,ATADD_T2_Train_130352.flac
/root/atadd_track2_subset_v3/train/ATADD_T2_Train_130353.flac,1,music,MusicGen,ATADD_T2_Train_130353.flac
/root/atadd_track2_subset_v3/train/ATADD_T2_Train_130359.flac,1,music,MusicGen,ATADD_T2_Train_130359.flac
/root/atadd_track2_subset_v3/train/ATADD_T2_Train_130362.flac,1,music,MusicGen,ATADD_T2_Train_130362.flac
/root/atadd_track2_subset_v3/train/ATADD_T2_Train_130366.flac,1,music,MusicGen,ATADD_T2_Train_130366.flac
/root/atadd_track2_subset_v3/train/ATADD_T2_Train_130370.flac,1,music,MusicGen,ATADD_T2_Train_130370.flac
/root/atadd_track2_subset_v3/train/ATADD_T2_Train_130375.flac,1,music,MusicGen,ATADD_T2_Train_130375.flac
/root/atadd_track2_subset_v3/train/ATADD_T2_Train_130379.flac,1,music,MusicGen,ATADD_T2_Train_130379.flac
/root/atadd_track2_subset_v3/train/ATADD_T2_Train_130380.flac,1,music,MusicGen,ATADD_T2_Train_130380.flac
/root/atadd_track2_subset_v3/train/ATADD_T2_Train_130392.flac,1,music,MusicGen,ATADD_T2_Train_130392.flac
/root/atadd_track2_subset_v3/train/ATADD_T2_Train_130396.flac,1,music,MusicGen,ATADD_T2_Train_130396.flac
/root/atadd_track2_subset_v3/train/ATADD_T2_Train_130402.flac,1,music,MusicGen,ATADD_T2_Train_130402.flac
/root/atadd_track2_subset_v3/train/ATADD_T2_Train_130412.flac,1,music,MusicGen,ATADD_T2_Train_130412.flac
/root/atadd_track2_subset_v3/train/ATADD_T2_Train_130426.flac,1,music,MusicGen,ATADD_T2_Train_130426.flac
/root/atadd_track2_subset_v3/train/ATADD_T2_Train_130427.flac,1,music,MusicGen,ATADD_T2_Train_130427.flac
/root/atadd_track2_subset_v3/train/ATADD_T2_Train_130431.flac,1,music,MusicGen,ATADD_T2_Train_130431.flac
/root/atadd_track2_subset_v3/train/ATADD_T2_Train_130438.flac,1,music,MusicGen,ATADD_T2_Train_130438.flac
/root/atadd_track2_subset_v3/train/ATADD_T2_Train_130448.flac,1,music,MusicGen,ATADD_T2_Train_130448.flac
/root/atadd_track2_subset_v3/train/ATADD_T2_Train_130453.flac,1,music,MusicGen,ATADD_T2_Train_130453.flac
/root/atadd_track2_subset_v3/train/ATADD_T2_Train_130457.flac,1,music,MusicGen,ATADD_T2_Train_130457.flac
/root/atadd_track2_subset_v3/train/ATADD_T2_Train_130469.flac,1,music,MusicGen,ATADD_T2_Train_130469.flac
/root/atadd_track2_subset_v3/train/ATADD_T2_Train_130472.flac,1,music,MusicGen,ATADD_T2_Train_130472.flac
/root/atadd_track2_subset_v3/train/ATADD_T2_Train_130488.flac,1,music,MusicGen,ATADD_T2_Train_130488.flac
/root/atadd_track2_subset_v3/train/ATADD_T2_Train_130491.flac,1,music,MusicGen,ATADD_T2_Train_130491.flac
/root/atadd_track2_subset_v3/train/ATADD_T2_Train_130496.flac,1,music,MusicGen,ATADD_T2_Train_130496.flac
/root/atadd_track2_subset_v3/train/ATADD_T2_Train_130513.flac,1,music,MusicGen,ATADD_T2_Train_130513.flac
/root/atadd_track2_subset_v3/train/ATADD_T2_Train_130517.flac,1,music,MusicGen,ATADD_T2_Train_130517.flac
/root/atadd_track2_subset_v3/train/ATADD_T2_Train_130522.flac,1,music,MusicGen,ATADD_T2_Train_130522.flac
/root/atadd_track2_subset_v3/train/ATADD_T2_Train_130525.flac,1,music,MusicGen,ATADD_T2_Train_130525.flac
/root/atadd_track2_subset_v3/train/ATADD_T2_Train_130532.flac,1,music,MusicGen,ATADD_T2_Train_130532.flac
/root/atadd_track2_subset_v3/train/ATADD_T2_Train_130533.flac,1,music,MusicGen,ATADD_T2_Train_130533.flac
/root/atadd_track2_subset_v3/train/ATADD_T2_Train_130541.flac,1,music,MusicGen,ATADD_T2_Train_130541.flac
/root/atadd_track2_subset_v3/train/ATADD_T2_Train_130547.flac,1,music,MusicGen,ATADD_T2_Train_130547.flac
/root/atadd_track2_subset_v3/train/ATADD_T2_Train_130554.flac,1,music,MusicGen,ATADD_T2_Train_130554.flac
/root/atadd_track2_subset_v3/train/ATADD_T2_Train_130556.flac,1,music,MusicGen,ATADD_T2_Train_130556.flac
/root/atadd_track2_subset_v3/train/ATADD_T2_Train_130557.flac,1,music,MusicGen,ATADD_T2_Train_130557.flac
/root/atadd_track2_subset_v3/train/ATADD_T2_Train_130560.flac,1,music,MusicGen,ATADD_T2_Train_130560.flac
/root/atadd_track2_subset_v3/train/ATADD_T2_Train_130562.flac,1,music,MusicGen,ATADD_T2_Train_130562.flac
/root/atadd_track2_subset_v3/train/ATADD_T2_Train_130567.flac,1,music,MusicGen,ATADD_T2_Train_130567.flac
/root/atadd_track2_subset_v3/train/ATADD_T2_Train_130573.flac,1,music,MusicGen,ATADD_T2_Train_130573.flac
/root/atadd_track2_subset_v3/train/ATADD_T2_Train_130574.flac,1,music,MusicGen,ATADD_T2_Train_130574.flac
/root/atadd_track2_subset_v3/train/ATADD_T2_Train_130576.flac,1,music,MusicGen,ATADD_T2_Train_130576.flac
/root/atadd_track2_subset_v3/train/ATADD_T2_Train_130582.flac,1,music,MusicGen,ATADD_T2_Train_130582.flac
/root/atadd_track2_subset_v3/train/ATADD_T2_Train_130586.flac,1,music,MusicGen,ATADD_T2_Train_130586.flac
/root/atadd_track2_subset_v3/train/ATADD_T2_Train_130591.flac,1,music,MusicGen,ATADD_T2_Train_130591.flac
/root/atadd_track2_subset_v3/train/ATADD_T2_Train_130594.flac,1,music,MusicGen,ATADD_T2_Train_130594.flac
/root/atadd_track2_subset_v3/train/ATADD_T2_Train_130596.flac,1,music,MusicGen,ATADD_T2_Train_130596.flac
/root/atadd_track2_subset_v3/train/ATADD_T2_Train_130601.flac,1,music,MusicGen,ATADD_T2_Train_130601.flac
/root/atadd_track2_subset_v3/train/ATADD_T2_Train_130609.flac,1,music,MusicGen,ATADD_T2_Train_130609.flac
/root/atadd_track2_subset_v3/train/ATADD_T2_Train_130612.flac,1,music,MusicGen,ATADD_T2_Train_130612.flac
/root/atadd_track2_subset_v3/train/ATADD_T2_Train_130617.flac,1,music,MusicGen,ATADD_T2_Train_130617.flac
/root/atadd_track2_subset_v3/train/ATADD_T2_Train_130636.flac,1,music,MusicGen,ATADD_T2_Train_130636.flac
/root/atadd_track2_subset_v3/train/ATADD_T2_Train_130637.flac,1,music,MusicGen,ATADD_T2_Train_130637.flac
/root/atadd_track2_subset_v3/train/ATADD_T2_Train_130642.flac,1,music,MusicGen,ATADD_T2_Train_130642.flac
/root/atadd_track2_subset_v3/train/ATADD_T2_Train_130649.flac,1,music,MusicGen,ATADD_T2_Train_130649.flac
/root/atadd_track2_subset_v3/train/ATADD_T2_Train_130653.flac,1,music,MusicGen,ATADD_T2_Train_130653.flac
/root/atadd_track2_subset_v3/train/ATADD_T2_Train_130657.flac,1,music,MusicGen,ATADD_T2_Train_130657.flac
/root/atadd_track2_subset_v3/train/ATADD_T2_Train_130658.flac,1,music,MusicGen,ATADD_T2_Train_130658.flac
/root/atadd_track2_subset_v3/train/ATADD_T2_Train_130661.flac,1,music,MusicGen,ATADD_T2_Train_130661.flac
/root/atadd_track2_subset_v3/train/ATADD_T2_Train_130664.flac,1,music,MusicGen,ATADD_T2_Train_130664.flac
/root/atadd_track2_subset_v3/train/ATADD_T2_Train_130669.flac,1,music,MusicGen,ATADD_T2_Train_130669.flac
/root/atadd_track2_subset_v3/train/ATADD_T2_Train_130673.flac,1,music,MusicGen,ATADD_T2_Train_130673.flac
/root/atadd_track2_subset_v3/train/ATADD_T2_Train_130674.flac,1,music,MusicGen,ATADD_T2_Train_130674.flac
/root/atadd_track2_subset_v3/train/ATADD_T2_Train_130679.flac,1,music,MusicGen,ATADD_T2_Train_130679.flac
/root/atadd_track2_subset_v3/train/ATADD_T2_Train_130683.flac,1,music,MusicGen,ATADD_T2_Train_130683.flac
/root/atadd_track2_subset_v3/train/ATADD_T2_Train_130689.flac,1,music,MusicGen,ATADD_T2_Train_130689.flac
/root/atadd_track2_subset_v3/train/ATADD_T2_Train_130705.flac,1,music,MusicGen,ATADD_T2_Train_130705.flac
/root/atadd_track2_subset_v3/train/ATADD_T2_Train_130714.flac,1,music,MusicGen,ATADD_T2_Train_130714.flac
/root/atadd_track2_subset_v3/train/ATADD_T2_Train_130717.flac,1,music,MusicGen,ATADD_T2_Train_130717.flac
/root/atadd_track2_subset_v3/train/ATADD_T2_Train_130722.flac,1,music,MusicGen,ATADD_T2_Train_130722.flac
/root/atadd_track2_subset_v3/train/ATADD_T2_Train_130724.flac,1,music,MusicGen,ATADD_T2_Train_130724.flac
/root/atadd_track2_subset_v3/train/ATADD_T2_Train_130728.flac,1,music,MusicGen,ATADD_T2_Train_130728.flac
/root/atadd_track2_subset_v3/train/ATADD_T2_Train_130729.flac,1,music,MusicGen,ATADD_T2_Train_130729.flac
/root/atadd_track2_subset_v3/train/ATADD_T2_Train_130731.flac,1,music,MusicGen,ATADD_T2_Train_130731.flac
/root/atadd_track2_subset_v3/train/ATADD_T2_Train_130733.flac,1,music,MusicGen,ATADD_T2_Train_130733.flac
/root/atadd_track2_subset_v3/train/ATADD_T2_Train_130735.flac,1,music,MusicGen,ATADD_T2_Train_130735.flac
/root/atadd_track2_subset_v3/train/ATADD_T2_Train_130742.flac,1,music,MusicGen,ATADD_T2_Train_130742.flac
/root/atadd_track2_subset_v3/train/ATADD_T2_Train_130747.flac,1,music,MusicGen,ATADD_T2_Train_130747.flac
/root/atadd_track2_subset_v3/train/ATADD_T2_Train_130751.flac,1,music,MusicGen,ATADD_T2_Train_130751.flac
/root/atadd_track2_subset_v3/train/ATADD_T2_Train_130752.flac,1,music,MusicGen,ATADD_T2_Train_130752.flac
/root/atadd_track2_subset_v3/train/ATADD_T2_Train_130754.flac,1,music,MusicGen,ATADD_T2_Train_130754.flac
/root/atadd_track2_subset_v3/train/ATADD_T2_Train_130764.flac,1,music,MusicGen,ATADD_T2_Train_130764.flac
/root/atadd_track2_subset_v3/train/ATADD_T2_Train_130768.flac,1,music,MusicGen,ATADD_T2_Train_130768.flac
/root/atadd_track2_subset_v3/train/ATADD_T2_Train_130769.flac,1,music,MusicGen,ATADD_T2_Train_130769.flac
/root/atadd_track2_subset_v3/train/ATADD_T2_Train_130771.flac,1,music,MusicGen,ATADD_T2_Train_130771.flac
/root/atadd_track2_subset_v3/train/ATADD_T2_Train_130774.flac,1,music,MusicGen,ATADD_T2_Train_130774.flac
/root/atadd_track2_subset_v3/train/ATADD_T2_Train_130780.flac,1,music,MusicGen,ATADD_T2_Train_130780.flac
/root/atadd_track2_subset_v3/train/ATADD_T2_Train_130782.flac,1,music,MusicGen,ATADD_T2_Train_130782.flac
/root/atadd_track2_subset_v3/train/ATADD_T2_Train_130784.flac,1,music,MusicGen,ATADD_T2_Train_130784.flac
/root/atadd_track2_subset_v3/train/ATADD_T2_Train_130785.flac,1,music,MusicGen,ATADD_T2_Train_130785.flac
/root/atadd_track2_subset_v3/train/ATADD_T2_Train_130791.flac,1,music,MusicGen,ATADD_T2_Train_130791.flac
/root/atadd_track2_subset_v3/train/ATADD_T2_Train_130796.flac,1,music,MusicGen,ATADD_T2_Train_130796.flac
/root/atadd_track2_subset_v3/train/ATADD_T2_Train_130806.flac,1,music,MusicGen,ATADD_T2_Train_130806.flac
/root/atadd_track2_subset_v3/train/ATADD_T2_Train_130807.flac,1,music,MusicGen,ATADD_T2_Train_130807.flac
/root/atadd_track2_subset_v3/train/ATADD_T2_Train_130813.flac,1,music,MusicGen,ATADD_T2_Train_130813.flac
/root/atadd_track2_subset_v3/train/ATADD_T2_Train_130814.flac,1,music,MusicGen,ATADD_T2_Train_130814.flac
/root/atadd_track2_subset_v3/train/ATADD_T2_Train_130821.flac,1,music,MusicGen,ATADD_T2_Train_130821.flac
/root/atadd_track2_subset_v3/train/ATADD_T2_Train_130848.flac,1,music,MusicGen,ATADD_T2_Train_130848.flac
/root/atadd_track2_subset_v3/train/ATADD_T2_Train_130850.flac,1,music,MusicGen,ATADD_T2_Train_130850.flac
/root/atadd_track2_subset_v3/train/ATADD_T2_Train_130853.flac,1,music,MusicGen,ATADD_T2_Train_130853.flac
/root/atadd_track2_subset_v3/train/ATADD_T2_Train_130864.flac,1,music,MusicGen,ATADD_T2_Train_130864.flac
/root/atadd_track2_subset_v3/train/ATADD_T2_Train_130870.flac,1,music,MusicGen,ATADD_T2_Train_130870.flac
/root/atadd_track2_subset_v3/train/ATADD_T2_Train_130871.flac,1,music,MusicGen,ATADD_T2_Train_130871.flac
/root/atadd_track2_subset_v3/train/ATADD_T2_Train_130887.flac,1,music,MusicGen,ATADD_T2_Train_130887.flac
/root/atadd_track2_subset_v3/train/ATADD_T2_Train_130889.flac,1,music,MusicGen,ATADD_T2_Train_130889.flac
/root/atadd_track2_subset_v3/train/ATADD_T2_Train_130893.flac,1,music,MusicGen,ATADD_T2_Train_130893.flac
/root/atadd_track2_subset_v3/train/ATADD_T2_Train_130894.flac,1,music,MusicGen,ATADD_T2_Train_130894.flac
/root/atadd_track2_subset_v3/train/ATADD_T2_Train_130903.flac,1,music,MusicGen,ATADD_T2_Train_130903.flac
/root/atadd_track2_subset_v3/train/ATADD_T2_Train_130912.flac,1,music,MusicGen,ATADD_T2_Train_130912.flac
/root/atadd_track2_subset_v3/train/ATADD_T2_Train_130914.flac,1,music,MusicGen,ATADD_T2_Train_130914.flac
/root/atadd_track2_subset_v3/train/ATADD_T2_Train_130915.flac,1,music,MusicGen,ATADD_T2_Train_130915.flac
/root/atadd_track2_subset_v3/train/ATADD_T2_Train_130917.flac,1,music,MusicGen,ATADD_T2_Train_130917.flac
/root/atadd_track2_subset_v3/train/ATADD_T2_Train_130924.flac,1,music,MusicGen,ATADD_T2_Train_130924.flac
/root/atadd_track2_subset_v3/train/ATADD_T2_Train_130926.flac,1,music,MusicGen,ATADD_T2_Train_130926.flac
/root/atadd_track2_subset_v3/train/ATADD_T2_Train_130932.flac,1,music,MusicGen,ATADD_T2_Train_130932.flac
/root/atadd_track2_subset_v3/train/ATADD_T2_Train_130935.flac,1,music,MusicGen,ATADD_T2_Train_130935.flac
/root/atadd_track2_subset_v3/train/ATADD_T2_Train_130937.flac,1,music,MusicGen,ATADD_T2_Train_130937.flac
/root/atadd_track2_subset_v3/train/ATADD_T2_Train_130940.flac,1,music,MusicGen,ATADD_T2_Train_130940.flac
/root/atadd_track2_subset_v3/train/ATADD_T2_Train_130945.flac,1,music,MusicGen,ATADD_T2_Train_130945.flac
/root/atadd_track2_subset_v3/train/ATADD_T2_Train_130949.flac,1,music,MusicGen,ATADD_T2_Train_130949.flac
/root/atadd_track2_subset_v3/train/ATADD_T2_Train_130950.flac,1,music,MusicGen,ATADD_T2_Train_130950.flac
/root/atadd_track2_subset_v3/train/ATADD_T2_Train_130954.flac,1,music,MusicGen,ATADD_T2_Train_130954.flac
/root/atadd_track2_subset_v3/train/ATADD_T2_Train_130956.flac,1,music,MusicGen,ATADD_T2_Train_130956.flac
/root/atadd_track2_subset_v3/train/ATADD_T2_Train_130966.flac,1,music,MusicGen,ATADD_T2_Train_130966.flac
/root/atadd_track2_subset_v3/train/ATADD_T2_Train_130968.flac,1,music,MusicGen,ATADD_T2_Train_130968.flac
/root/atadd_track2_subset_v3/train/ATADD_T2_Train_130981.flac,1,music,MusicGen,ATADD_T2_Train_130981.flac
/root/atadd_track2_subset_v3/train/ATADD_T2_Train_130983.flac,1,music,MusicGen,ATADD_T2_Train_130983.flac
/root/atadd_track2_subset_v3/train/ATADD_T2_Train_130988.flac,1,music,MusicGen,ATADD_T2_Train_130988.flac
/root/atadd_track2_subset_v3/train/ATADD_T2_Train_130992.flac,1,music,MusicGen,ATADD_T2_Train_130992.flac
/root/atadd_track2_subset_v3/train/ATADD_T2_Train_130995.flac,1,music,MusicGen,ATADD_T2_Train_130995.flac
/root/atadd_track2_subset_v3/train/ATADD_T2_Train_130997.flac,1,music,MusicGen,ATADD_T2_Train_130997.flac
/root/atadd_track2_subset_v3/train/ATADD_T2_Train_131004.flac,1,music,MusicGen,ATADD_T2_Train_131004.flac
/root/atadd_track2_subset_v3/train/ATADD_T2_Train_131005.flac,1,music,MusicGen,ATADD_T2_Train_131005.flac
/root/atadd_track2_subset_v3/train/ATADD_T2_Train_131008.flac,1,music,MusicGen,ATADD_T2_Train_131008.flac
/root/atadd_track2_subset_v3/train/ATADD_T2_Train_131015.flac,1,music,MusicGen,ATADD_T2_Train_131015.flac
/root/atadd_track2_subset_v3/train/ATADD_T2_Train_131018.flac,1,music,MusicGen,ATADD_T2_Train_131018.flac
/root/atadd_track2_subset_v3/train/ATADD_T2_Train_131019.flac,1,music,MusicGen,ATADD_T2_Train_131019.flac
/root/atadd_track2_subset_v3/train/ATADD_T2_Train_131020.flac,1,music,MusicGen,ATADD_T2_Train_131020.flac
/root/atadd_track2_subset_v3/train/ATADD_T2_Train_131021.flac,1,music,MusicGen,ATADD_T2_Train_131021.flac
/root/atadd_track2_subset_v3/train/ATADD_T2_Train_131031.flac,1,music,MusicGen,ATADD_T2_Train_131031.flac
/root/atadd_track2_subset_v3/train/ATADD_T2_Train_131032.flac,1,music,MusicGen,ATADD_T2_Train_131032.flac
/root/atadd_track2_subset_v3/train/ATADD_T2_Train_131034.flac,1,music,MusicGen,ATADD_T2_Train_131034.flac
/root/atadd_track2_subset_v3/train/ATADD_T2_Train_131037.flac,1,music,MusicGen,ATADD_T2_Train_131037.flac
/root/atadd_track2_subset_v3/train/ATADD_T2_Train_131044.flac,1,music,MusicGen,ATADD_T2_Train_131044.flac
/root/atadd_track2_subset_v3/train/ATADD_T2_Train_131057.flac,1,music,MusicGen,ATADD_T2_Train_131057.flac
/root/atadd_track2_subset_v3/train/ATADD_T2_Train_131058.flac,1,music,MusicGen,ATADD_T2_Train_131058.flac
/root/atadd_track2_subset_v3/train/ATADD_T2_Train_131062.flac,1,music,MusicGen,ATADD_T2_Train_131062.flac
/root/atadd_track2_subset_v3/train/ATADD_T2_Train_131076.flac,1,music,MusicGen,ATADD_T2_Train_131076.flac
/root/atadd_track2_subset_v3/train/ATADD_T2_Train_131081.flac,1,music,MusicGen,ATADD_T2_Train_131081.flac
/root/atadd_track2_subset_v3/train/ATADD_T2_Train_131083.flac,1,music,MusicGen,ATADD_T2_Train_131083.flac
/root/atadd_track2_subset_v3/train/ATADD_T2_Train_131086.flac,1,music,MusicGen,ATADD_T2_Train_131086.flac
/root/atadd_track2_subset_v3/train/ATADD_T2_Train_131091.flac,1,music,MusicGen,ATADD_T2_Train_131091.flac
/root/atadd_track2_subset_v3/train/ATADD_T2_Train_131097.flac,1,music,MusicGen,ATADD_T2_Train_131097.flac
/root/atadd_track2_subset_v3/train/ATADD_T2_Train_131099.flac,1,music,MusicGen,ATADD_T2_Train_131099.flac
/root/atadd_track2_subset_v3/train/ATADD_T2_Train_131100.flac,1,music,MusicGen,ATADD_T2_Train_131100.flac
/root/atadd_track2_subset_v3/train/ATADD_T2_Train_131107.flac,1,music,MusicGen,ATADD_T2_Train_131107.flac
/root/atadd_track2_subset_v3/train/ATADD_T2_Train_131111.flac,1,music,MusicGen,ATADD_T2_Train_131111.flac
/root/atadd_track2_subset_v3/train/ATADD_T2_Train_131112.flac,1,music,MusicGen,ATADD_T2_Train_131112.flac
/root/atadd_track2_subset_v3/train/ATADD_T2_Train_131115.flac,1,music,MusicGen,ATADD_T2_Train_131115.flac
/root/atadd_track2_subset_v3/train/ATADD_T2_Train_131126.flac,1,music,MusicGen,ATADD_T2_Train_131126.flac
/root/atadd_track2_subset_v3/train/ATADD_T2_Train_131133.flac,1,music,MusicGen,ATADD_T2_Train_131133.flac
/root/atadd_track2_subset_v3/train/ATADD_T2_Train_131136.flac,1,music,MusicGen,ATADD_T2_Train_131136.flac
/root/atadd_track2_subset_v3/train/ATADD_T2_Train_131139.flac,1,music,MusicGen,ATADD_T2_Train_131139.flac
/root/atadd_track2_subset_v3/train/ATADD_T2_Train_131143.flac,1,music,MusicGen,ATADD_T2_Train_131143.flac
/root/atadd_track2_subset_v3/train/ATADD_T2_Train_131144.flac,1,music,MusicGen,ATADD_T2_Train_131144.flac
/root/atadd_track2_subset_v3/train/ATADD_T2_Train_131148.flac,1,music,MusicGen,ATADD_T2_Train_131148.flac
/root/atadd_track2_subset_v3/train/ATADD_T2_Train_131149.flac,1,music,MusicGen,ATADD_T2_Train_131149.flac
/root/atadd_track2_subset_v3/train/ATADD_T2_Train_131151.flac,1,music,MusicGen,ATADD_T2_Train_131151.flac
/root/atadd_track2_subset_v3/train/ATADD_T2_Train_131156.flac,1,music,MusicGen,ATADD_T2_Train_131156.flac
/root/atadd_track2_subset_v3/train/ATADD_T2_Train_131157.flac,1,music,MusicGen,ATADD_T2_Train_131157.flac
/root/atadd_track2_subset_v3/train/ATADD_T2_Train_131162.flac,1,music,MusicGen,ATADD_T2_Train_131162.flac
/root/atadd_track2_subset_v3/train/ATADD_T2_Train_131164.flac,1,music,MusicGen,ATADD_T2_Train_131164.flac
/root/atadd_track2_subset_v3/train/ATADD_T2_Train_131165.flac,1,music,MusicGen,ATADD_T2_Train_131165.flac
/root/atadd_track2_subset_v3/train/ATADD_T2_Train_131167.flac,1,music,MusicGen,ATADD_T2_Train_131167.flac
/root/atadd_track2_subset_v3/train/ATADD_T2_Train_131175.flac,1,music,MusicGen,ATADD_T2_Train_131175.flac
/root/atadd_track2_subset_v3/train/ATADD_T2_Train_131177.flac,1,music,MusicGen,ATADD_T2_Train_131177.flac
/root/atadd_track2_subset_v3/train/ATADD_T2_Train_131195.flac,1,music,MusicGen,ATADD_T2_Train_131195.flac
/root/atadd_track2_subset_v3/train/ATADD_T2_Train_131197.flac,1,music,MusicGen,ATADD_T2_Train_131197.flac
/root/atadd_track2_subset_v3/train/ATADD_T2_Train_131198.flac,1,music,MusicGen,ATADD_T2_Train_131198.flac
/root/atadd_track2_subset_v3/train/ATADD_T2_Train_131201.flac,1,music,MusicGen,ATADD_T2_Train_131201.flac
/root/atadd_track2_subset_v3/train/ATADD_T2_Train_131202.flac,1,music,MusicGen,ATADD_T2_Train_131202.flac
/root/atadd_track2_subset_v3/train/ATADD_T2_Train_131204.flac,1,music,MusicGen,ATADD_T2_Train_131204.flac
/root/atadd_track2_subset_v3/train/ATADD_T2_Train_131211.flac,1,music,MusicGen,ATADD_T2_Train_131211.flac
/root/atadd_track2_subset_v3/train/ATADD_T2_Train_131213.flac,1,music,MusicGen,ATADD_T2_Train_131213.flac
/root/atadd_track2_subset_v3/train/ATADD_T2_Train_131214.flac,1,music,MusicGen,ATADD_T2_Train_131214.flac
/root/atadd_track2_subset_v3/train/ATADD_T2_Train_131216.flac,1,music,MusicGen,ATADD_T2_Train_131216.flac
/root/atadd_track2_subset_v3/train/ATADD_T2_Train_131217.flac,1,music,MusicGen,ATADD_T2_Train_131217.flac
/root/atadd_track2_subset_v3/train/ATADD_T2_Train_131218.flac,1,music,MusicGen,ATADD_T2_Train_131218.flac
/root/atadd_track2_subset_v3/train/ATADD_T2_Train_131219.flac,1,music,MusicGen,ATADD_T2_Train_131219.flac
/root/atadd_track2_subset_v3/train/ATADD_T2_Train_131220.flac,1,music,MusicGen,ATADD_T2_Train_131220.flac
/root/atadd_track2_subset_v3/train/ATADD_T2_Train_131227.flac,1,music,MusicGen,ATADD_T2_Train_131227.flac
/root/atadd_track2_subset_v3/train/ATADD_T2_Train_131234.flac,1,music,MusicGen,ATADD_T2_Train_131234.flac
/root/atadd_track2_subset_v3/train/ATADD_T2_Train_131236.flac,1,music,MusicGen,ATADD_T2_Train_131236.flac
/root/atadd_track2_subset_v3/train/ATADD_T2_Train_131238.flac,1,music,MusicGen,ATADD_T2_Train_131238.flac
/root/atadd_track2_subset_v3/train/ATADD_T2_Train_131249.flac,1,music,MusicGen,ATADD_T2_Train_131249.flac
/root/atadd_track2_subset_v3/train/ATADD_T2_Train_131252.flac,1,music,MusicGen,ATADD_T2_Train_131252.flac
/root/atadd_track2_subset_v3/train/ATADD_T2_Train_131256.flac,1,music,MusicGen,ATADD_T2_Train_131256.flac
/root/atadd_track2_subset_v3/train/ATADD_T2_Train_131276.flac,1,music,MusicGen,ATADD_T2_Train_131276.flac
/root/atadd_track2_subset_v3/train/ATADD_T2_Train_131277.flac,1,music,MusicGen,ATADD_T2_Train_131277.flac
/root/atadd_track2_subset_v3/train/ATADD_T2_Train_131279.flac,1,music,MusicGen,ATADD_T2_Train_131279.flac
/root/atadd_track2_subset_v3/train/ATADD_T2_Train_131284.flac,1,music,MusicGen,ATADD_T2_Train_131284.flac
/root/atadd_track2_subset_v3/train/ATADD_T2_Train_131290.flac,1,music,MusicGen,ATADD_T2_Train_131290.flac
/root/atadd_track2_subset_v3/train/ATADD_T2_Train_131293.flac,1,music,MusicGen,ATADD_T2_Train_131293.flac
/root/atadd_track2_subset_v3/train/ATADD_T2_Train_131299.flac,1,music,MusicGen,ATADD_T2_Train_131299.flac
/root/atadd_track2_subset_v3/train/ATADD_T2_Train_131302.flac,1,music,MusicGen,ATADD_T2_Train_131302.flac
/root/atadd_track2_subset_v3/train/ATADD_T2_Train_131304.flac,1,music,MusicGen,ATADD_T2_Train_131304.flac
/root/atadd_track2_subset_v3/train/ATADD_T2_Train_131305.flac,1,music,MusicGen,ATADD_T2_Train_131305.flac
/root/atadd_track2_subset_v3/train/ATADD_T2_Train_131307.flac,1,music,MusicGen,ATADD_T2_Train_131307.flac
/root/atadd_track2_subset_v3/train/ATADD_T2_Train_131308.flac,1,music,MusicGen,ATADD_T2_Train_131308.flac
/root/atadd_track2_subset_v3/train/ATADD_T2_Train_131317.flac,1,music,MusicGen,ATADD_T2_Train_131317.flac
/root/atadd_track2_subset_v3/train/ATADD_T2_Train_131320.flac,1,music,MusicGen,ATADD_T2_Train_131320.flac
/root/atadd_track2_subset_v3/train/ATADD_T2_Train_131328.flac,1,music,MusicGen,ATADD_T2_Train_131328.flac
/root/atadd_track2_subset_v3/train/ATADD_T2_Train_131339.flac,1,music,MusicGen,ATADD_T2_Train_131339.flac
/root/atadd_track2_subset_v3/train/ATADD_T2_Train_131343.flac,1,music,MusicGen,ATADD_T2_Train_131343.flac
/root/atadd_track2_subset_v3/train/ATADD_T2_Train_131354.flac,1,music,MusicGen,ATADD_T2_Train_131354.flac
/root/atadd_track2_subset_v3/train/ATADD_T2_Train_131356.flac,1,music,MusicGen,ATADD_T2_Train_131356.flac
/root/atadd_track2_subset_v3/train/ATADD_T2_Train_131358.flac,1,music,MusicGen,ATADD_T2_Train_131358.flac
/root/atadd_track2_subset_v3/train/ATADD_T2_Train_131360.flac,1,music,MusicGen,ATADD_T2_Train_131360.flac
/root/atadd_track2_subset_v3/train/ATADD_T2_Train_131362.flac,1,music,MusicGen,ATADD_T2_Train_131362.flac
/root/atadd_track2_subset_v3/train/ATADD_T2_Train_131369.flac,1,music,MusicGen,ATADD_T2_Train_131369.flac
/root/atadd_track2_subset_v3/train/ATADD_T2_Train_131370.flac,1,music,MusicGen,ATADD_T2_Train_131370.flac
/root/atadd_track2_subset_v3/train/ATADD_T2_Train_131371.flac,1,music,MusicGen,ATADD_T2_Train_131371.flac
/root/atadd_track2_subset_v3/train/ATADD_T2_Train_131372.flac,1,music,MusicGen,ATADD_T2_Train_131372.flac
/root/atadd_track2_subset_v3/train/ATADD_T2_Train_131376.flac,1,music,MusicGen,ATADD_T2_Train_131376.flac
/root/atadd_track2_subset_v3/train/ATADD_T2_Train_131377.flac,1,music,MusicGen,ATADD_T2_Train_131377.flac
/root/atadd_track2_subset_v3/train/ATADD_T2_Train_131379.flac,1,music,MusicGen,ATADD_T2_Train_131379.flac
/root/atadd_track2_subset_v3/train/ATADD_T2_Train_131389.flac,1,music,MusicGen,ATADD_T2_Train_131389.flac
/root/atadd_track2_subset_v3/train/ATADD_T2_Train_131395.flac,1,music,MusicGen,ATADD_T2_Train_131395.flac
/root/atadd_track2_subset_v3/train/ATADD_T2_Train_131396.flac,1,music,MusicGen,ATADD_T2_Train_131396.flac
/root/atadd_track2_subset_v3/train/ATADD_T2_Train_131398.flac,1,music,MusicGen,ATADD_T2_Train_131398.flac
/root/atadd_track2_subset_v3/train/ATADD_T2_Train_131401.flac,1,music,MusicGen,ATADD_T2_Train_131401.flac
/root/atadd_track2_subset_v3/train/ATADD_T2_Train_131404.flac,1,music,MusicGen,ATADD_T2_Train_131404.flac
/root/atadd_track2_subset_v3/train/ATADD_T2_Train_131409.flac,1,music,MusicGen,ATADD_T2_Train_131409.flac
/root/atadd_track2_subset_v3/train/ATADD_T2_Train_131418.flac,1,music,MusicGen,ATADD_T2_Train_131418.flac
/root/atadd_track2_subset_v3/train/ATADD_T2_Train_131419.flac,1,music,MusicGen,ATADD_T2_Train_131419.flac
/root/atadd_track2_subset_v3/train/ATADD_T2_Train_131422.flac,1,music,MusicGen,ATADD_T2_Train_131422.flac
/root/atadd_track2_subset_v3/train/ATADD_T2_Train_131428.flac,1,music,MusicGen,ATADD_T2_Train_131428.flac
/root/atadd_track2_subset_v3/train/ATADD_T2_Train_131430.flac,1,music,MusicGen,ATADD_T2_Train_131430.flac
/root/atadd_track2_subset_v3/train/ATADD_T2_Train_131433.flac,1,music,MusicGen,ATADD_T2_Train_131433.flac
/root/atadd_track2_subset_v3/train/ATADD_T2_Train_131436.flac,1,music,MusicGen,ATADD_T2_Train_131436.flac
/root/atadd_track2_subset_v3/train/ATADD_T2_Train_131438.flac,1,music,MusicGen,ATADD_T2_Train_131438.flac
/root/atadd_track2_subset_v3/train/ATADD_T2_Train_131451.flac,1,music,MusicGen,ATADD_T2_Train_131451.flac
/root/atadd_track2_subset_v3/train/ATADD_T2_Train_131458.flac,1,music,MusicGen,ATADD_T2_Train_131458.flac
/root/atadd_track2_subset_v3/train/ATADD_T2_Train_131467.flac,1,music,MusicGen,ATADD_T2_Train_131467.flac
/root/atadd_track2_subset_v3/train/ATADD_T2_Train_131469.flac,1,music,MusicGen,ATADD_T2_Train_131469.flac
/root/atadd_track2_subset_v3/train/ATADD_T2_Train_131471.flac,1,music,MusicGen,ATADD_T2_Train_131471.flac
/root/atadd_track2_subset_v3/train/ATADD_T2_Train_131472.flac,1,music,MusicGen,ATADD_T2_Train_131472.flac
/root/atadd_track2_subset_v3/train/ATADD_T2_Train_131475.flac,1,music,MusicGen,ATADD_T2_Train_131475.flac
/root/atadd_track2_subset_v3/train/ATADD_T2_Train_131476.flac,1,music,MusicGen,ATADD_T2_Train_131476.flac
/root/atadd_track2_subset_v3/train/ATADD_T2_Train_131484.flac,1,music,MusicGen,ATADD_T2_Train_131484.flac
/root/atadd_track2_subset_v3/train/ATADD_T2_Train_131487.flac,1,music,MusicGen,ATADD_T2_Train_131487.flac
/root/atadd_track2_subset_v3/train/ATADD_T2_Train_131488.flac,1,music,MusicGen,ATADD_T2_Train_131488.flac
/root/atadd_track2_subset_v3/train/ATADD_T2_Train_131489.flac,1,music,MusicGen,ATADD_T2_Train_131489.flac
/root/atadd_track2_subset_v3/train/ATADD_T2_Train_131491.flac,1,music,MusicGen,ATADD_T2_Train_131491.flac
/root/atadd_track2_subset_v3/train/ATADD_T2_Train_131495.flac,1,music,MusicGen,ATADD_T2_Train_131495.flac
/root/atadd_track2_subset_v3/train/ATADD_T2_Train_131499.flac,1,music,MusicGen,ATADD_T2_Train_131499.flac
/root/atadd_track2_subset_v3/train/ATADD_T2_Train_131501.flac,1,music,MusicGen,ATADD_T2_Train_131501.flac
/root/atadd_track2_subset_v3/train/ATADD_T2_Train_131508.flac,1,music,MusicGen,ATADD_T2_Train_131508.flac
/root/atadd_track2_subset_v3/train/ATADD_T2_Train_131516.flac,1,music,MusicGen,ATADD_T2_Train_131516.flac
/root/atadd_track2_subset_v3/train/ATADD_T2_Train_131528.flac,1,music,MusicGen,ATADD_T2_Train_131528.flac
/root/atadd_track2_subset_v3/train/ATADD_T2_Train_131529.flac,1,music,MusicGen,ATADD_T2_Train_131529.flac
/root/atadd_track2_subset_v3/train/ATADD_T2_Train_131536.flac,1,music,MusicGen,ATADD_T2_Train_131536.flac
/root/atadd_track2_subset_v3/train/ATADD_T2_Train_131545.flac,1,music,MusicGen,ATADD_T2_Train_131545.flac
/root/atadd_track2_subset_v3/train/ATADD_T2_Train_131551.flac,1,music,MusicGen,ATADD_T2_Train_131551.flac
/root/atadd_track2_subset_v3/train/ATADD_T2_Train_131553.flac,1,music,MusicGen,ATADD_T2_Train_131553.flac
/root/atadd_track2_subset_v3/train/ATADD_T2_Train_131554.flac,1,music,MusicGen,ATADD_T2_Train_131554.flac
/root/atadd_track2_subset_v3/train/ATADD_T2_Train_131562.flac,1,music,MusicGen,ATADD_T2_Train_131562.flac
/root/atadd_track2_subset_v3/train/ATADD_T2_Train_131567.flac,1,music,MusicGen,ATADD_T2_Train_131567.flac
/root/atadd_track2_subset_v3/train/ATADD_T2_Train_131573.flac,1,music,MusicGen,ATADD_T2_Train_131573.flac
/root/atadd_track2_subset_v3/train/ATADD_T2_Train_131576.flac,1,music,MusicGen,ATADD_T2_Train_131576.flac
/root/atadd_track2_subset_v3/train/ATADD_T2_Train_131577.flac,1,music,MusicGen,ATADD_T2_Train_131577.flac
/root/atadd_track2_subset_v3/train/ATADD_T2_Train_131586.flac,1,music,MusicGen,ATADD_T2_Train_131586.flac
/root/atadd_track2_subset_v3/train/ATADD_T2_Train_131592.flac,1,music,MusicGen,ATADD_T2_Train_131592.flac
/root/atadd_track2_subset_v3/train/ATADD_T2_Train_131595.flac,1,music,MusicGen,ATADD_T2_Train_131595.flac
/root/atadd_track2_subset_v3/train/ATADD_T2_Train_131601.flac,1,music,MusicGen,ATADD_T2_Train_131601.flac
/root/atadd_track2_subset_v3/train/ATADD_T2_Train_131604.flac,1,music,MusicGen,ATADD_T2_Train_131604.flac
/root/atadd_track2_subset_v3/train/ATADD_T2_Train_131610.flac,1,music,MusicGen,ATADD_T2_Train_131610.flac
/root/atadd_track2_subset_v3/train/ATADD_T2_Train_131611.flac,1,music,MusicGen,ATADD_T2_Train_131611.flac
/root/atadd_track2_subset_v3/train/ATADD_T2_Train_131613.flac,1,music,MusicGen,ATADD_T2_Train_131613.flac
/root/atadd_track2_subset_v3/train/ATADD_T2_Train_131629.flac,1,music,MusicGen,ATADD_T2_Train_131629.flac
/root/atadd_track2_subset_v3/train/ATADD_T2_Train_131632.flac,1,music,MusicGen,ATADD_T2_Train_131632.flac
/root/atadd_track2_subset_v3/train/ATADD_T2_Train_131634.flac,1,music,MusicGen,ATADD_T2_Train_131634.flac
/root/atadd_track2_subset_v3/train/ATADD_T2_Train_131637.flac,1,music,MusicGen,ATADD_T2_Train_131637.flac
/root/atadd_track2_subset_v3/train/ATADD_T2_Train_131642.flac,1,music,MusicGen,ATADD_T2_Train_131642.flac
/root/atadd_track2_subset_v3/train/ATADD_T2_Train_131651.flac,1,music,MusicGen,ATADD_T2_Train_131651.flac
/root/atadd_track2_subset_v3/train/ATADD_T2_Train_131655.flac,1,music,MusicGen,ATADD_T2_Train_131655.flac
/root/atadd_track2_subset_v3/train/ATADD_T2_Train_131658.flac,1,music,MusicGen,ATADD_T2_Train_131658.flac
/root/atadd_track2_subset_v3/train/ATADD_T2_Train_131664.flac,1,music,MusicGen,ATADD_T2_Train_131664.flac
/root/atadd_track2_subset_v3/train/ATADD_T2_Train_131667.flac,1,music,MusicGen,ATADD_T2_Train_131667.flac
/root/atadd_track2_subset_v3/train/ATADD_T2_Train_131675.flac,1,music,MusicGen,ATADD_T2_Train_131675.flac
/root/atadd_track2_subset_v3/train/ATADD_T2_Train_131676.flac,1,music,MusicGen,ATADD_T2_Train_131676.flac
/root/atadd_track2_subset_v3/train/ATADD_T2_Train_131678.flac,1,music,MusicGen,ATADD_T2_Train_131678.flac
/root/atadd_track2_subset_v3/train/ATADD_T2_Train_131680.flac,1,music,MusicGen,ATADD_T2_Train_131680.flac
/root/atadd_track2_subset_v3/train/ATADD_T2_Train_131686.flac,1,music,MusicGen,ATADD_T2_Train_131686.flac
/root/atadd_track2_subset_v3/train/ATADD_T2_Train_131687.flac,1,music,MusicGen,ATADD_T2_Train_131687.flac
/root/atadd_track2_subset_v3/train/ATADD_T2_Train_131693.flac,1,music,MusicGen,ATADD_T2_Train_131693.flac
/root/atadd_track2_subset_v3/train/ATADD_T2_Train_131694.flac,1,music,MusicGen,ATADD_T2_Train_131694.flac
/root/atadd_track2_subset_v3/train/ATADD_T2_Train_131697.flac,1,music,MusicGen,ATADD_T2_Train_131697.flac
/root/atadd_track2_subset_v3/train/ATADD_T2_Train_131699.flac,1,music,MusicGen,ATADD_T2_Train_131699.flac
/root/atadd_track2_subset_v3/train/ATADD_T2_Train_131706.flac,1,music,MusicGen,ATADD_T2_Train_131706.flac
/root/atadd_track2_subset_v3/train/ATADD_T2_Train_131710.flac,1,music,MusicGen,ATADD_T2_Train_131710.flac
/root/atadd_track2_subset_v3/train/ATADD_T2_Train_131711.flac,1,music,MusicGen,ATADD_T2_Train_131711.flac
/root/atadd_track2_subset_v3/train/ATADD_T2_Train_131732.flac,1,music,MusicGen,ATADD_T2_Train_131732.flac
/root/atadd_track2_subset_v3/train/ATADD_T2_Train_131733.flac,1,music,MusicGen,ATADD_T2_Train_131733.flac
/root/atadd_track2_subset_v3/train/ATADD_T2_Train_131736.flac,1,music,MusicGen,ATADD_T2_Train_131736.flac
/root/atadd_track2_subset_v3/train/ATADD_T2_Train_131740.flac,1,music,MusicGen,ATADD_T2_Train_131740.flac
/root/atadd_track2_subset_v3/train/ATADD_T2_Train_131745.flac,1,music,MusicGen,ATADD_T2_Train_131745.flac
/root/atadd_track2_subset_v3/train/ATADD_T2_Train_131748.flac,1,music,MusicGen,ATADD_T2_Train_131748.flac
/root/atadd_track2_subset_v3/train/ATADD_T2_Train_131753.flac,1,music,MusicGen,ATADD_T2_Train_131753.flac
/root/atadd_track2_subset_v3/train/ATADD_T2_Train_131763.flac,1,music,MusicGen,ATADD_T2_Train_131763.flac
/root/atadd_track2_subset_v3/train/ATADD_T2_Train_131771.flac,1,music,MusicGen,ATADD_T2_Train_131771.flac
/root/atadd_track2_subset_v3/train/ATADD_T2_Train_131772.flac,1,music,MusicGen,ATADD_T2_Train_131772.flac
/root/atadd_track2_subset_v3/train/ATADD_T2_Train_131780.flac,1,music,MusicGen,ATADD_T2_Train_131780.flac
/root/atadd_track2_subset_v3/train/ATADD_T2_Train_131784.flac,1,music,MusicGen,ATADD_T2_Train_131784.flac
/root/atadd_track2_subset_v3/train/ATADD_T2_Train_131785.flac,1,music,MusicGen,ATADD_T2_Train_131785.flac
/root/atadd_track2_subset_v3/train/ATADD_T2_Train_131786.flac,1,music,MusicGen,ATADD_T2_Train_131786.flac
/root/atadd_track2_subset_v3/train/ATADD_T2_Train_131788.flac,1,music,MusicGen,ATADD_T2_Train_131788.flac
/root/atadd_track2_subset_v3/train/ATADD_T2_Train_131794.flac,1,music,MusicGen,ATADD_T2_Train_131794.flac
/root/atadd_track2_subset_v3/train/ATADD_T2_Train_131795.flac,1,music,MusicGen,ATADD_T2_Train_131795.flac
/root/atadd_track2_subset_v3/train/ATADD_T2_Train_131802.flac,1,music,MusicGen,ATADD_T2_Train_131802.flac
/root/atadd_track2_subset_v3/train/ATADD_T2_Train_131803.flac,1,music,MusicGen,ATADD_T2_Train_131803.flac
/root/atadd_track2_subset_v3/train/ATADD_T2_Train_131804.flac,1,music,MusicGen,ATADD_T2_Train_131804.flac
/root/atadd_track2_subset_v3/train/ATADD_T2_Train_131805.flac,1,music,MusicGen,ATADD_T2_Train_131805.flac
/root/atadd_track2_subset_v3/train/ATADD_T2_Train_131811.flac,1,music,MusicGen,ATADD_T2_Train_131811.flac
/root/atadd_track2_subset_v3/train/ATADD_T2_Train_131812.flac,1,music,MusicGen,ATADD_T2_Train_131812.flac
/root/atadd_track2_subset_v3/train/ATADD_T2_Train_131817.flac,1,music,MusicGen,ATADD_T2_Train_131817.flac
/root/atadd_track2_subset_v3/train/ATADD_T2_Train_131825.flac,1,music,MusicGen,ATADD_T2_Train_131825.flac
/root/atadd_track2_subset_v3/train/ATADD_T2_Train_131840.flac,1,music,MusicGen,ATADD_T2_Train_131840.flac
/root/atadd_track2_subset_v3/train/ATADD_T2_Train_131852.flac,1,music,MusicGen,ATADD_T2_Train_131852.flac
/root/atadd_track2_subset_v3/train/ATADD_T2_Train_131854.flac,1,music,MusicGen,ATADD_T2_Train_131854.flac
/root/atadd_track2_subset_v3/train/ATADD_T2_Train_131858.flac,1,music,MusicGen,ATADD_T2_Train_131858.flac
/root/atadd_track2_subset_v3/train/ATADD_T2_Train_131863.flac,1,music,MusicGen,ATADD_T2_Train_131863.flac
/root/atadd_track2_subset_v3/train/ATADD_T2_Train_131865.flac,1,music,MusicGen,ATADD_T2_Train_131865.flac
/root/atadd_track2_subset_v3/train/ATADD_T2_Train_131867.flac,1,music,MusicGen,ATADD_T2_Train_131867.flac
/root/atadd_track2_subset_v3/train/ATADD_T2_Train_131872.flac,1,music,MusicGen,ATADD_T2_Train_131872.flac
/root/atadd_track2_subset_v3/train/ATADD_T2_Train_131879.flac,1,music,MusicGen,ATADD_T2_Train_131879.flac
/root/atadd_track2_subset_v3/train/ATADD_T2_Train_131881.flac,1,music,MusicGen,ATADD_T2_Train_131881.flac
/root/atadd_track2_subset_v3/train/ATADD_T2_Train_131908.flac,1,music,MusicGen,ATADD_T2_Train_131908.flac
/root/atadd_track2_subset_v3/train/ATADD_T2_Train_131912.flac,1,music,MusicGen,ATADD_T2_Train_131912.flac
/root/atadd_track2_subset_v3/train/ATADD_T2_Train_131914.flac,1,music,MusicGen,ATADD_T2_Train_131914.flac
/root/atadd_track2_subset_v3/train/ATADD_T2_Train_131916.flac,1,music,MusicGen,ATADD_T2_Train_131916.flac
/root/atadd_track2_subset_v3/train/ATADD_T2_Train_131917.flac,1,music,MusicGen,ATADD_T2_Train_131917.flac
/root/atadd_track2_subset_v3/train/ATADD_T2_Train_131920.flac,1,music,MusicGen,ATADD_T2_Train_131920.flac
/root/atadd_track2_subset_v3/train/ATADD_T2_Train_131921.flac,1,music,MusicGen,ATADD_T2_Train_131921.flac
/root/atadd_track2_subset_v3/train/ATADD_T2_Train_131925.flac,1,music,MusicGen,ATADD_T2_Train_131925.flac
/root/atadd_track2_subset_v3/train/ATADD_T2_Train_131926.flac,1,music,MusicGen,ATADD_T2_Train_131926.flac
/root/atadd_track2_subset_v3/train/ATADD_T2_Train_131930.flac,1,music,MusicGen,ATADD_T2_Train_131930.flac
/root/atadd_track2_subset_v3/train/ATADD_T2_Train_131934.flac,1,music,MusicGen,ATADD_T2_Train_131934.flac
/root/atadd_track2_subset_v3/train/ATADD_T2_Train_131939.flac,1,music,MusicGen,ATADD_T2_Train_131939.flac
/root/atadd_track2_subset_v3/train/ATADD_T2_Train_131940.flac,1,music,MusicGen,ATADD_T2_Train_131940.flac
/root/atadd_track2_subset_v3/train/ATADD_T2_Train_131947.flac,1,music,MusicGen,ATADD_T2_Train_131947.flac
/root/atadd_track2_subset_v3/train/ATADD_T2_Train_131950.flac,1,music,MusicGen,ATADD_T2_Train_131950.flac
/root/atadd_track2_subset_v3/train/ATADD_T2_Train_131954.flac,1,music,MusicGen,ATADD_T2_Train_131954.flac
/root/atadd_track2_subset_v3/train/ATADD_T2_Train_131955.flac,1,music,MusicGen,ATADD_T2_Train_131955.flac
/root/atadd_track2_subset_v3/train/ATADD_T2_Train_131956.flac,1,music,MusicGen,ATADD_T2_Train_131956.flac
/root/atadd_track2_subset_v3/train/ATADD_T2_Train_131958.flac,1,music,MusicGen,ATADD_T2_Train_131958.flac
/root/atadd_track2_subset_v3/train/ATADD_T2_Train_131961.flac,1,music,MusicGen,ATADD_T2_Train_131961.flac
/root/atadd_track2_subset_v3/train/ATADD_T2_Train_131967.flac,1,music,MusicGen,ATADD_T2_Train_131967.flac
/root/atadd_track2_subset_v3/train/ATADD_T2_Train_131968.flac,1,music,MusicGen,ATADD_T2_Train_131968.flac
/root/atadd_track2_subset_v3/train/ATADD_T2_Train_131971.flac,1,music,MusicGen,ATADD_T2_Train_131971.flac
/root/atadd_track2_subset_v3/train/ATADD_T2_Train_131972.flac,1,music,MusicGen,ATADD_T2_Train_131972.flac
/root/atadd_track2_subset_v3/train/ATADD_T2_Train_131974.flac,1,music,MusicGen,ATADD_T2_Train_131974.flac
/root/atadd_track2_subset_v3/train/ATADD_T2_Train_131979.flac,1,music,MusicGen,ATADD_T2_Train_131979.flac
/root/atadd_track2_subset_v3/train/ATADD_T2_Train_131980.flac,1,music,MusicGen,ATADD_T2_Train_131980.flac
/root/atadd_track2_subset_v3/train/ATADD_T2_Train_131987.flac,1,music,MusicGen,ATADD_T2_Train_131987.flac
/root/atadd_track2_subset_v3/train/ATADD_T2_Train_131992.flac,1,music,MusicGen,ATADD_T2_Train_131992.flac
/root/atadd_track2_subset_v3/train/ATADD_T2_Train_131993.flac,1,music,MusicGen,ATADD_T2_Train_131993.flac
/root/atadd_track2_subset_v3/train/ATADD_T2_Train_132000.flac,1,music,MusicGen,ATADD_T2_Train_132000.flac
/root/atadd_track2_subset_v3/train/ATADD_T2_Train_132005.flac,1,music,MusicGen,ATADD_T2_Train_132005.flac
/root/atadd_track2_subset_v3/train/ATADD_T2_Train_132021.flac,1,music,MusicGen,ATADD_T2_Train_132021.flac
/root/atadd_track2_subset_v3/train/ATADD_T2_Train_132033.flac,1,music,MusicGen,ATADD_T2_Train_132033.flac
/root/atadd_track2_subset_v3/train/ATADD_T2_Train_132034.flac,1,music,MusicGen,ATADD_T2_Train_132034.flac
/root/atadd_track2_subset_v3/train/ATADD_T2_Train_132039.flac,1,music,MusicGen,ATADD_T2_Train_132039.flac
/root/atadd_track2_subset_v3/train/ATADD_T2_Train_132045.flac,1,music,MusicGen,ATADD_T2_Train_132045.flac
/root/atadd_track2_subset_v3/train/ATADD_T2_Train_132046.flac,1,music,MusicGen,ATADD_T2_Train_132046.flac
/root/atadd_track2_subset_v3/train/ATADD_T2_Train_132050.flac,1,music,MusicGen,ATADD_T2_Train_132050.flac
/root/atadd_track2_subset_v3/train/ATADD_T2_Train_132052.flac,1,music,MusicGen,ATADD_T2_Train_132052.flac
/root/atadd_track2_subset_v3/train/ATADD_T2_Train_132074.flac,1,music,MusicGen,ATADD_T2_Train_132074.flac
/root/atadd_track2_subset_v3/train/ATADD_T2_Train_132076.flac,1,music,MusicGen,ATADD_T2_Train_132076.flac
/root/atadd_track2_subset_v3/train/ATADD_T2_Train_132084.flac,1,music,MusicGen,ATADD_T2_Train_132084.flac
/root/atadd_track2_subset_v3/train/ATADD_T2_Train_132089.flac,1,music,MusicGen,ATADD_T2_Train_132089.flac
/root/atadd_track2_subset_v3/train/ATADD_T2_Train_132090.flac,1,music,MusicGen,ATADD_T2_Train_132090.flac
/root/atadd_track2_subset_v3/train/ATADD_T2_Train_132091.flac,1,music,MusicGen,ATADD_T2_Train_132091.flac
/root/atadd_track2_subset_v3/train/ATADD_T2_Train_132097.flac,1,music,MusicGen,ATADD_T2_Train_132097.flac
/root/atadd_track2_subset_v3/train/ATADD_T2_Train_132099.flac,1,music,MusicGen,ATADD_T2_Train_132099.flac
/root/atadd_track2_subset_v3/train/ATADD_T2_Train_132101.flac,1,music,MusicGen,ATADD_T2_Train_132101.flac
/root/atadd_track2_subset_v3/train/ATADD_T2_Train_132104.flac,1,music,MusicGen,ATADD_T2_Train_132104.flac
/root/atadd_track2_subset_v3/train/ATADD_T2_Train_132106.flac,1,music,MusicGen,ATADD_T2_Train_132106.flac
/root/atadd_track2_subset_v3/train/ATADD_T2_Train_132109.flac,1,music,MusicGen,ATADD_T2_Train_132109.flac
/root/atadd_track2_subset_v3/train/ATADD_T2_Train_132113.flac,1,music,MusicGen,ATADD_T2_Train_132113.flac
/root/atadd_track2_subset_v3/train/ATADD_T2_Train_132121.flac,1,music,MusicGen,ATADD_T2_Train_132121.flac
/root/atadd_track2_subset_v3/train/ATADD_T2_Train_132122.flac,1,music,MusicGen,ATADD_T2_Train_132122.flac
/root/atadd_track2_subset_v3/train/ATADD_T2_Train_132128.flac,1,music,MusicGen,ATADD_T2_Train_132128.flac
/root/atadd_track2_subset_v3/train/ATADD_T2_Train_132129.flac,1,music,MusicGen,ATADD_T2_Train_132129.flac
/root/atadd_track2_subset_v3/train/ATADD_T2_Train_132133.flac,1,music,MusicGen,ATADD_T2_Train_132133.flac
/root/atadd_track2_subset_v3/train/ATADD_T2_Train_132136.flac,1,music,MusicGen,ATADD_T2_Train_132136.flac
/root/atadd_track2_subset_v3/train/ATADD_T2_Train_132139.flac,1,music,MusicGen,ATADD_T2_Train_132139.flac
/root/atadd_track2_subset_v3/train/ATADD_T2_Train_132140.flac,1,music,MusicGen,ATADD_T2_Train_132140.flac
/root/atadd_track2_subset_v3/train/ATADD_T2_Train_132143.flac,1,music,MusicGen,ATADD_T2_Train_132143.flac
/root/atadd_track2_subset_v3/train/ATADD_T2_Train_132144.flac,1,music,MusicGen,ATADD_T2_Train_132144.flac
/root/atadd_track2_subset_v3/train/ATADD_T2_Train_132148.flac,1,music,MusicGen,ATADD_T2_Train_132148.flac
/root/atadd_track2_subset_v3/train/ATADD_T2_Train_132149.flac,1,music,MusicGen,ATADD_T2_Train_132149.flac
/root/atadd_track2_subset_v3/train/ATADD_T2_Train_132153.flac,1,music,MusicGen,ATADD_T2_Train_132153.flac
/root/atadd_track2_subset_v3/train/ATADD_T2_Train_132160.flac,1,music,MusicGen,ATADD_T2_Train_132160.flac
/root/atadd_track2_subset_v3/train/ATADD_T2_Train_132164.flac,1,music,MusicGen,ATADD_T2_Train_132164.flac
/root/atadd_track2_subset_v3/train/ATADD_T2_Train_132165.flac,1,music,MusicGen,ATADD_T2_Train_132165.flac
/root/atadd_track2_subset_v3/train/ATADD_T2_Train_132166.flac,1,music,MusicGen,ATADD_T2_Train_132166.flac
/root/atadd_track2_subset_v3/train/ATADD_T2_Train_132170.flac,1,music,MusicGen,ATADD_T2_Train_132170.flac
/root/atadd_track2_subset_v3/train/ATADD_T2_Train_132171.flac,1,music,MusicGen,ATADD_T2_Train_132171.flac
/root/atadd_track2_subset_v3/train/ATADD_T2_Train_132172.flac,1,music,MusicGen,ATADD_T2_Train_132172.flac
/root/atadd_track2_subset_v3/train/ATADD_T2_Train_132178.flac,1,music,MusicGen,ATADD_T2_Train_132178.flac
/root/atadd_track2_subset_v3/train/ATADD_T2_Train_132180.flac,1,music,MusicGen,ATADD_T2_Train_132180.flac
/root/atadd_track2_subset_v3/train/ATADD_T2_Train_132182.flac,1,music,MusicGen,ATADD_T2_Train_132182.flac
/root/atadd_track2_subset_v3/train/ATADD_T2_Train_132183.flac,1,music,MusicGen,ATADD_T2_Train_132183.flac
/root/atadd_track2_subset_v3/train/ATADD_T2_Train_132187.flac,1,music,MusicGen,ATADD_T2_Train_132187.flac
/root/atadd_track2_subset_v3/train/ATADD_T2_Train_132203.flac,1,music,MusicGen,ATADD_T2_Train_132203.flac
/root/atadd_track2_subset_v3/train/ATADD_T2_Train_132204.flac,1,music,MusicGen,ATADD_T2_Train_132204.flac
/root/atadd_track2_subset_v3/train/ATADD_T2_Train_132215.flac,1,music,MusicGen,ATADD_T2_Train_132215.flac
/root/atadd_track2_subset_v3/train/ATADD_T2_Train_132218.flac,1,music,MusicGen,ATADD_T2_Train_132218.flac
/root/atadd_track2_subset_v3/train/ATADD_T2_Train_132227.flac,1,music,MusicGen,ATADD_T2_Train_132227.flac
/root/atadd_track2_subset_v3/train/ATADD_T2_Train_132232.flac,1,music,MusicGen,ATADD_T2_Train_132232.flac
/root/atadd_track2_subset_v3/train/ATADD_T2_Train_132233.flac,1,music,MusicGen,ATADD_T2_Train_132233.flac
/root/atadd_track2_subset_v3/train/ATADD_T2_Train_132234.flac,1,music,MusicGen,ATADD_T2_Train_132234.flac
/root/atadd_track2_subset_v3/train/ATADD_T2_Train_132238.flac,1,music,MusicGen,ATADD_T2_Train_132238.flac
/root/atadd_track2_subset_v3/train/ATADD_T2_Train_132239.flac,1,music,MusicGen,ATADD_T2_Train_132239.flac
/root/atadd_track2_subset_v3/train/ATADD_T2_Train_132241.flac,1,music,MusicGen,ATADD_T2_Train_132241.flac
/root/atadd_track2_subset_v3/train/ATADD_T2_Train_132251.flac,1,music,MusicGen,ATADD_T2_Train_132251.flac
/root/atadd_track2_subset_v3/train/ATADD_T2_Train_132262.flac,1,music,MusicGen,ATADD_T2_Train_132262.flac
/root/atadd_track2_subset_v3/train/ATADD_T2_Train_132263.flac,1,music,MusicGen,ATADD_T2_Train_132263.flac
/root/atadd_track2_subset_v3/train/ATADD_T2_Train_132264.flac,1,music,MusicGen,ATADD_T2_Train_132264.flac
/root/atadd_track2_subset_v3/train/ATADD_T2_Train_132265.flac,1,music,MusicGen,ATADD_T2_Train_132265.flac
/root/atadd_track2_subset_v3/train/ATADD_T2_Train_132266.flac,1,music,MusicGen,ATADD_T2_Train_132266.flac
/root/atadd_track2_subset_v3/train/ATADD_T2_Train_132272.flac,1,music,MusicGen,ATADD_T2_Train_132272.flac
/root/atadd_track2_subset_v3/train/ATADD_T2_Train_132280.flac,1,music,MusicGen,ATADD_T2_Train_132280.flac
/root/atadd_track2_subset_v3/train/ATADD_T2_Train_132282.flac,1,music,MusicGen,ATADD_T2_Train_132282.flac
/root/atadd_track2_subset_v3/train/ATADD_T2_Train_132284.flac,1,music,MusicGen,ATADD_T2_Train_132284.flac
/root/atadd_track2_subset_v3/train/ATADD_T2_Train_132290.flac,1,music,MusicGen,ATADD_T2_Train_132290.flac
/root/atadd_track2_subset_v3/train/ATADD_T2_Train_132293.flac,1,music,MusicGen,ATADD_T2_Train_132293.flac
/root/atadd_track2_subset_v3/train/ATADD_T2_Train_132295.flac,1,music,MusicGen,ATADD_T2_Train_132295.flac
/root/atadd_track2_subset_v3/train/ATADD_T2_Train_132296.flac,1,music,MusicGen,ATADD_T2_Train_132296.flac
/root/atadd_track2_subset_v3/train/ATADD_T2_Train_132297.flac,1,music,MusicGen,ATADD_T2_Train_132297.flac
/root/atadd_track2_subset_v3/train/ATADD_T2_Train_132299.flac,1,music,MusicGen,ATADD_T2_Train_132299.flac
/root/atadd_track2_subset_v3/train/ATADD_T2_Train_132300.flac,1,music,MusicGen,ATADD_T2_Train_132300.flac
/root/atadd_track2_subset_v3/train/ATADD_T2_Train_132302.flac,1,music,MusicGen,ATADD_T2_Train_132302.flac
/root/atadd_track2_subset_v3/train/ATADD_T2_Train_132303.flac,1,music,MusicGen,ATADD_T2_Train_132303.flac
/root/atadd_track2_subset_v3/train/ATADD_T2_Train_132305.flac,1,music,MusicGen,ATADD_T2_Train_132305.flac
/root/atadd_track2_subset_v3/train/ATADD_T2_Train_132308.flac,1,music,MusicGen,ATADD_T2_Train_132308.flac
/root/atadd_track2_subset_v3/train/ATADD_T2_Train_132309.flac,1,music,MusicGen,ATADD_T2_Train_132309.flac
/root/atadd_track2_subset_v3/train/ATADD_T2_Train_132327.flac,1,music,MusicGen,ATADD_T2_Train_132327.flac
/root/atadd_track2_subset_v3/train/ATADD_T2_Train_132335.flac,1,music,MusicGen,ATADD_T2_Train_132335.flac
/root/atadd_track2_subset_v3/train/ATADD_T2_Train_132336.flac,1,music,MusicGen,ATADD_T2_Train_132336.flac
/root/atadd_track2_subset_v3/train/ATADD_T2_Train_132338.flac,1,music,MusicGen,ATADD_T2_Train_132338.flac
/root/atadd_track2_subset_v3/train/ATADD_T2_Train_132341.flac,1,music,MusicGen,ATADD_T2_Train_132341.flac
/root/atadd_track2_subset_v3/train/ATADD_T2_Train_132342.flac,1,music,MusicGen,ATADD_T2_Train_132342.flac
/root/atadd_track2_subset_v3/train/ATADD_T2_Train_132344.flac,1,music,MusicGen,ATADD_T2_Train_132344.flac
/root/atadd_track2_subset_v3/train/ATADD_T2_Train_132348.flac,1,music,MusicGen,ATADD_T2_Train_132348.flac
/root/atadd_track2_subset_v3/train/ATADD_T2_Train_132353.flac,1,music,MusicGen,ATADD_T2_Train_132353.flac
/root/atadd_track2_subset_v3/train/ATADD_T2_Train_132354.flac,1,music,MusicGen,ATADD_T2_Train_132354.flac
/root/atadd_track2_subset_v3/train/ATADD_T2_Train_132360.flac,1,music,MusicGen,ATADD_T2_Train_132360.flac
/root/atadd_track2_subset_v3/train/ATADD_T2_Train_132361.flac,1,music,MusicGen,ATADD_T2_Train_132361.flac
/root/atadd_track2_subset_v3/train/ATADD_T2_Train_132373.flac,1,music,MusicGen,ATADD_T2_Train_132373.flac
/root/atadd_track2_subset_v3/train/ATADD_T2_Train_132374.flac,1,music,MusicGen,ATADD_T2_Train_132374.flac
/root/atadd_track2_subset_v3/train/ATADD_T2_Train_132383.flac,1,music,MusicGen,ATADD_T2_Train_132383.flac
/root/atadd_track2_subset_v3/train/ATADD_T2_Train_132386.flac,1,music,MusicGen,ATADD_T2_Train_132386.flac
/root/atadd_track2_subset_v3/train/ATADD_T2_Train_132387.flac,1,music,MusicGen,ATADD_T2_Train_132387.flac
/root/atadd_track2_subset_v3/train/ATADD_T2_Train_132395.flac,1,music,MusicGen,ATADD_T2_Train_132395.flac
/root/atadd_track2_subset_v3/train/ATADD_T2_Train_132396.flac,1,music,MusicGen,ATADD_T2_Train_132396.flac
/root/atadd_track2_subset_v3/train/ATADD_T2_Train_132397.flac,1,music,MusicGen,ATADD_T2_Train_132397.flac
/root/atadd_track2_subset_v3/train/ATADD_T2_Train_132399.flac,1,music,MusicGen,ATADD_T2_Train_132399.flac
/root/atadd_track2_subset_v3/train/ATADD_T2_Train_132401.flac,1,music,MusicGen,ATADD_T2_Train_132401.flac
/root/atadd_track2_subset_v3/train/ATADD_T2_Train_132411.flac,1,music,MusicGen,ATADD_T2_Train_132411.flac
/root/atadd_track2_subset_v3/train/ATADD_T2_Train_132413.flac,1,music,MusicGen,ATADD_T2_Train_132413.flac
/root/atadd_track2_subset_v3/train/ATADD_T2_Train_132420.flac,1,music,MusicGen,ATADD_T2_Train_132420.flac
/root/atadd_track2_subset_v3/train/ATADD_T2_Train_132421.flac,1,music,MusicGen,ATADD_T2_Train_132421.flac
/root/atadd_track2_subset_v3/train/ATADD_T2_Train_132422.flac,1,music,MusicGen,ATADD_T2_Train_132422.flac
/root/atadd_track2_subset_v3/train/ATADD_T2_Train_132440.flac,1,music,MusicGen,ATADD_T2_Train_132440.flac
/root/atadd_track2_subset_v3/train/ATADD_T2_Train_132452.flac,1,music,MusicGen,ATADD_T2_Train_132452.flac
/root/atadd_track2_subset_v3/train/ATADD_T2_Train_132459.flac,1,music,MusicGen,ATADD_T2_Train_132459.flac
/root/atadd_track2_subset_v3/train/ATADD_T2_Train_132461.flac,1,music,MusicGen,ATADD_T2_Train_132461.flac
/root/atadd_track2_subset_v3/train/ATADD_T2_Train_132463.flac,1,music,MusicGen,ATADD_T2_Train_132463.flac
/root/atadd_track2_subset_v3/train/ATADD_T2_Train_132466.flac,1,music,MusicGen,ATADD_T2_Train_132466.flac
/root/atadd_track2_subset_v3/train/ATADD_T2_Train_132473.flac,1,music,MusicGen,ATADD_T2_Train_132473.flac
/root/atadd_track2_subset_v3/train/ATADD_T2_Train_132475.flac,1,music,MusicGen,ATADD_T2_Train_132475.flac
/root/atadd_track2_subset_v3/train/ATADD_T2_Train_132476.flac,1,music,MusicGen,ATADD_T2_Train_132476.flac
/root/atadd_track2_subset_v3/train/ATADD_T2_Train_132488.flac,1,music,MusicGen,ATADD_T2_Train_132488.flac
/root/atadd_track2_subset_v3/train/ATADD_T2_Train_132489.flac,1,music,MusicGen,ATADD_T2_Train_132489.flac
/root/atadd_track2_subset_v3/train/ATADD_T2_Train_132490.flac,1,music,MusicGen,ATADD_T2_Train_132490.flac
/root/atadd_track2_subset_v3/train/ATADD_T2_Train_132491.flac,1,music,MusicGen,ATADD_T2_Train_132491.flac
/root/atadd_track2_subset_v3/train/ATADD_T2_Train_132495.flac,1,music,MusicGen,ATADD_T2_Train_132495.flac
/root/atadd_track2_subset_v3/train/ATADD_T2_Train_132496.flac,1,music,MusicGen,ATADD_T2_Train_132496.flac
/root/atadd_track2_subset_v3/train/ATADD_T2_Train_132497.flac,1,music,MusicGen,ATADD_T2_Train_132497.flac
/root/atadd_track2_subset_v3/train/ATADD_T2_Train_132502.flac,1,music,MusicGen,ATADD_T2_Train_132502.flac
/root/atadd_track2_subset_v3/train/ATADD_T2_Train_132504.flac,1,music,MusicGen,ATADD_T2_Train_132504.flac
/root/atadd_track2_subset_v3/train/ATADD_T2_Train_132510.flac,1,music,MusicGen,ATADD_T2_Train_132510.flac
/root/atadd_track2_subset_v3/train/ATADD_T2_Train_132518.flac,1,music,MusicGen,ATADD_T2_Train_132518.flac
/root/atadd_track2_subset_v3/train/ATADD_T2_Train_132519.flac,1,music,MusicGen,ATADD_T2_Train_132519.flac
/root/atadd_track2_subset_v3/train/ATADD_T2_Train_132521.flac,1,music,MusicGen,ATADD_T2_Train_132521.flac
/root/atadd_track2_subset_v3/train/ATADD_T2_Train_132522.flac,1,music,MusicGen,ATADD_T2_Train_132522.flac
/root/atadd_track2_subset_v3/train/ATADD_T2_Train_132526.flac,1,music,MusicGen,ATADD_T2_Train_132526.flac
/root/atadd_track2_subset_v3/train/ATADD_T2_Train_132538.flac,1,music,MusicGen,ATADD_T2_Train_132538.flac
/root/atadd_track2_subset_v3/train/ATADD_T2_Train_132543.flac,1,music,MusicGen,ATADD_T2_Train_132543.flac
/root/atadd_track2_subset_v3/train/ATADD_T2_Train_132547.flac,1,music,MusicGen,ATADD_T2_Train_132547.flac
/root/atadd_track2_subset_v3/train/ATADD_T2_Train_132552.flac,1,music,MusicGen,ATADD_T2_Train_132552.flac
/root/atadd_track2_subset_v3/train/ATADD_T2_Train_132553.flac,1,music,MusicGen,ATADD_T2_Train_132553.flac
/root/atadd_track2_subset_v3/train/ATADD_T2_Train_132555.flac,1,music,MusicGen,ATADD_T2_Train_132555.flac
/root/atadd_track2_subset_v3/train/ATADD_T2_Train_132558.flac,1,music,MusicGen,ATADD_T2_Train_132558.flac
/root/atadd_track2_subset_v3/train/ATADD_T2_Train_132561.flac,1,music,MusicGen,ATADD_T2_Train_132561.flac
/root/atadd_track2_subset_v3/train/ATADD_T2_Train_132563.flac,1,music,MusicGen,ATADD_T2_Train_132563.flac
/root/atadd_track2_subset_v3/train/ATADD_T2_Train_132564.flac,1,music,MusicGen,ATADD_T2_Train_132564.flac
/root/atadd_track2_subset_v3/train/ATADD_T2_Train_132573.flac,1,music,MusicGen,ATADD_T2_Train_132573.flac
/root/atadd_track2_subset_v3/train/ATADD_T2_Train_132580.flac,1,music,MusicGen,ATADD_T2_Train_132580.flac
/root/atadd_track2_subset_v3/train/ATADD_T2_Train_132584.flac,1,music,MusicGen,ATADD_T2_Train_132584.flac
/root/atadd_track2_subset_v3/train/ATADD_T2_Train_132587.flac,1,music,MusicGen,ATADD_T2_Train_132587.flac
/root/atadd_track2_subset_v3/train/ATADD_T2_Train_132589.flac,1,music,MusicGen,ATADD_T2_Train_132589.flac
/root/atadd_track2_subset_v3/train/ATADD_T2_Train_132597.flac,1,music,MusicGen,ATADD_T2_Train_132597.flac
/root/atadd_track2_subset_v3/train/ATADD_T2_Train_132598.flac,1,music,MusicGen,ATADD_T2_Train_132598.flac
/root/atadd_track2_subset_v3/train/ATADD_T2_Train_132600.flac,1,music,MusicGen,ATADD_T2_Train_132600.flac
/root/atadd_track2_subset_v3/train/ATADD_T2_Train_132601.flac,1,music,MusicGen,ATADD_T2_Train_132601.flac
/root/atadd_track2_subset_v3/train/ATADD_T2_Train_132620.flac,1,music,MusicGen,ATADD_T2_Train_132620.flac
/root/atadd_track2_subset_v3/train/ATADD_T2_Train_132629.flac,1,music,MusicGen,ATADD_T2_Train_132629.flac
/root/atadd_track2_subset_v3/train/ATADD_T2_Train_132638.flac,1,music,MusicGen,ATADD_T2_Train_132638.flac
/root/atadd_track2_subset_v3/train/ATADD_T2_Train_132639.flac,1,music,MusicGen,ATADD_T2_Train_132639.flac
/root/atadd_track2_subset_v3/train/ATADD_T2_Train_132640.flac,1,music,MusicGen,ATADD_T2_Train_132640.flac
/root/atadd_track2_subset_v3/train/ATADD_T2_Train_132644.flac,1,music,MusicGen,ATADD_T2_Train_132644.flac
/root/atadd_track2_subset_v3/train/ATADD_T2_Train_132647.flac,1,music,MusicGen,ATADD_T2_Train_132647.flac
/root/atadd_track2_subset_v3/train/ATADD_T2_Train_132649.flac,1,music,MusicGen,ATADD_T2_Train_132649.flac
/root/atadd_track2_subset_v3/train/ATADD_T2_Train_132663.flac,1,music,MusicGen,ATADD_T2_Train_132663.flac
/root/atadd_track2_subset_v3/train/ATADD_T2_Train_132664.flac,1,music,MusicGen,ATADD_T2_Train_132664.flac
/root/atadd_track2_subset_v3/train/ATADD_T2_Train_132666.flac,1,music,MusicGen,ATADD_T2_Train_132666.flac
/root/atadd_track2_subset_v3/train/ATADD_T2_Train_132667.flac,1,music,MusicGen,ATADD_T2_Train_132667.flac
/root/atadd_track2_subset_v3/train/ATADD_T2_Train_132668.flac,1,music,MusicGen,ATADD_T2_Train_132668.flac
/root/atadd_track2_subset_v3/train/ATADD_T2_Train_132670.flac,1,music,MusicGen,ATADD_T2_Train_132670.flac
/root/atadd_track2_subset_v3/train/ATADD_T2_Train_132671.flac,1,music,MusicGen,ATADD_T2_Train_132671.flac
/root/atadd_track2_subset_v3/train/ATADD_T2_Train_132672.flac,1,music,MusicGen,ATADD_T2_Train_132672.flac
/root/atadd_track2_subset_v3/train/ATADD_T2_Train_132674.flac,1,music,MusicGen,ATADD_T2_Train_132674.flac
/root/atadd_track2_subset_v3/train/ATADD_T2_Train_132675.flac,1,music,MusicGen,ATADD_T2_Train_132675.flac
/root/atadd_track2_subset_v3/train/ATADD_T2_Train_132680.flac,1,music,MusicGen,ATADD_T2_Train_132680.flac
/root/atadd_track2_subset_v3/train/ATADD_T2_Train_132691.flac,1,music,MusicGen,ATADD_T2_Train_132691.flac
/root/atadd_track2_subset_v3/train/ATADD_T2_Train_132692.flac,1,music,MusicGen,ATADD_T2_Train_132692.flac
/root/atadd_track2_subset_v3/train/ATADD_T2_Train_132697.flac,1,music,MusicGen,ATADD_T2_Train_132697.flac
/root/atadd_track2_subset_v3/train/ATADD_T2_Train_132699.flac,1,music,MusicGen,ATADD_T2_Train_132699.flac
/root/atadd_track2_subset_v3/train/ATADD_T2_Train_132701.flac,1,music,MusicGen,ATADD_T2_Train_132701.flac
/root/atadd_track2_subset_v3/train/ATADD_T2_Train_132702.flac,1,music,MusicGen,ATADD_T2_Train_132702.flac
/root/atadd_track2_subset_v3/train/ATADD_T2_Train_132705.flac,1,music,MusicGen,ATADD_T2_Train_132705.flac
/root/atadd_track2_subset_v3/train/ATADD_T2_Train_132711.flac,1,music,MusicGen,ATADD_T2_Train_132711.flac
/root/atadd_track2_subset_v3/train/ATADD_T2_Train_132716.flac,1,music,MusicGen,ATADD_T2_Train_132716.flac
/root/atadd_track2_subset_v3/train/ATADD_T2_Train_132718.flac,1,music,MusicGen,ATADD_T2_Train_132718.flac
/root/atadd_track2_subset_v3/train/ATADD_T2_Train_132719.flac,1,music,MusicGen,ATADD_T2_Train_132719.flac
/root/atadd_track2_subset_v3/train/ATADD_T2_Train_132725.flac,1,music,MusicGen,ATADD_T2_Train_132725.flac
/root/atadd_track2_subset_v3/train/ATADD_T2_Train_132726.flac,1,music,MusicGen,ATADD_T2_Train_132726.flac
/root/atadd_track2_subset_v3/train/ATADD_T2_Train_132737.flac,1,music,MusicGen,ATADD_T2_Train_132737.flac
/root/atadd_track2_subset_v3/train/ATADD_T2_Train_132742.flac,1,music,MusicGen,ATADD_T2_Train_132742.flac
/root/atadd_track2_subset_v3/train/ATADD_T2_Train_132752.flac,1,music,MusicGen,ATADD_T2_Train_132752.flac
/root/atadd_track2_subset_v3/train/ATADD_T2_Train_132758.flac,1,music,MusicGen,ATADD_T2_Train_132758.flac
/root/atadd_track2_subset_v3/train/ATADD_T2_Train_132760.flac,1,music,MusicGen,ATADD_T2_Train_132760.flac
/root/atadd_track2_subset_v3/train/ATADD_T2_Train_132761.flac,1,music,MusicGen,ATADD_T2_Train_132761.flac
/root/atadd_track2_subset_v3/train/ATADD_T2_Train_132762.flac,1,music,MusicGen,ATADD_T2_Train_132762.flac
/root/atadd_track2_subset_v3/train/ATADD_T2_Train_132763.flac,1,music,MusicGen,ATADD_T2_Train_132763.flac
/root/atadd_track2_subset_v3/train/ATADD_T2_Train_132765.flac,1,music,MusicGen,ATADD_T2_Train_132765.flac
/root/atadd_track2_subset_v3/train/ATADD_T2_Train_132766.flac,1,music,MusicGen,ATADD_T2_Train_132766.flac
/root/atadd_track2_subset_v3/train/ATADD_T2_Train_132767.flac,1,music,MusicGen,ATADD_T2_Train_132767.flac
/root/atadd_track2_subset_v3/train/ATADD_T2_Train_132769.flac,1,music,MusicGen,ATADD_T2_Train_132769.flac
/root/atadd_track2_subset_v3/train/ATADD_T2_Train_132771.flac,1,music,MusicGen,ATADD_T2_Train_132771.flac
/root/atadd_track2_subset_v3/train/ATADD_T2_Train_132773.flac,1,music,MusicGen,ATADD_T2_Train_132773.flac
/root/atadd_track2_subset_v3/train/ATADD_T2_Train_132774.flac,1,music,MusicGen,ATADD_T2_Train_132774.flac
/root/atadd_track2_subset_v3/train/ATADD_T2_Train_132775.flac,1,music,MusicGen,ATADD_T2_Train_132775.flac
/root/atadd_track2_subset_v3/train/ATADD_T2_Train_132776.flac,1,music,MusicGen,ATADD_T2_Train_132776.flac
/root/atadd_track2_subset_v3/train/ATADD_T2_Train_132783.flac,1,music,MusicGen,ATADD_T2_Train_132783.flac
/root/atadd_track2_subset_v3/train/ATADD_T2_Train_132803.flac,1,music,MusicGen,ATADD_T2_Train_132803.flac
/root/atadd_track2_subset_v3/train/ATADD_T2_Train_132809.flac,1,music,MusicGen,ATADD_T2_Train_132809.flac
/root/atadd_track2_subset_v3/train/ATADD_T2_Train_132816.flac,1,music,MusicGen,ATADD_T2_Train_132816.flac
/root/atadd_track2_subset_v3/train/ATADD_T2_Train_132825.flac,1,music,MusicGen,ATADD_T2_Train_132825.flac
/root/atadd_track2_subset_v3/train/ATADD_T2_Train_132828.flac,1,music,MusicGen,ATADD_T2_Train_132828.flac
/root/atadd_track2_subset_v3/train/ATADD_T2_Train_132831.flac,1,music,MusicGen,ATADD_T2_Train_132831.flac
/root/atadd_track2_subset_v3/train/ATADD_T2_Train_132833.flac,1,music,MusicGen,ATADD_T2_Train_132833.flac
/root/atadd_track2_subset_v3/train/ATADD_T2_Train_132837.flac,1,music,MusicGen,ATADD_T2_Train_132837.flac
/root/atadd_track2_subset_v3/train/ATADD_T2_Train_132838.flac,1,music,MusicGen,ATADD_T2_Train_132838.flac
/root/atadd_track2_subset_v3/train/ATADD_T2_Train_132844.flac,1,music,MusicGen,ATADD_T2_Train_132844.flac
/root/atadd_track2_subset_v3/train/ATADD_T2_Train_132855.flac,1,music,MusicGen,ATADD_T2_Train_132855.flac
/root/atadd_track2_subset_v3/train/ATADD_T2_Train_132857.flac,1,music,MusicGen,ATADD_T2_Train_132857.flac
/root/atadd_track2_subset_v3/train/ATADD_T2_Train_132868.flac,1,music,MusicGen,ATADD_T2_Train_132868.flac
/root/atadd_track2_subset_v3/train/ATADD_T2_Train_132869.flac,1,music,MusicGen,ATADD_T2_Train_132869.flac
/root/atadd_track2_subset_v3/train/ATADD_T2_Train_132877.flac,1,music,MusicGen,ATADD_T2_Train_132877.flac
/root/atadd_track2_subset_v3/train/ATADD_T2_Train_132881.flac,1,music,MusicGen,ATADD_T2_Train_132881.flac
/root/atadd_track2_subset_v3/train/ATADD_T2_Train_132882.flac,1,music,MusicGen,ATADD_T2_Train_132882.flac
/root/atadd_track2_subset_v3/train/ATADD_T2_Train_132885.flac,1,music,MusicGen,ATADD_T2_Train_132885.flac
/root/atadd_track2_subset_v3/train/ATADD_T2_Train_132889.flac,1,music,MusicGen,ATADD_T2_Train_132889.flac
/root/atadd_track2_subset_v3/train/ATADD_T2_Train_132891.flac,1,music,MusicGen,ATADD_T2_Train_132891.flac
/root/atadd_track2_subset_v3/train/ATADD_T2_Train_132896.flac,1,music,MusicGen,ATADD_T2_Train_132896.flac
/root/atadd_track2_subset_v3/train/ATADD_T2_Train_132897.flac,1,music,MusicGen,ATADD_T2_Train_132897.flac
/root/atadd_track2_subset_v3/train/ATADD_T2_Train_132905.flac,1,music,MusicGen,ATADD_T2_Train_132905.flac
/root/atadd_track2_subset_v3/train/ATADD_T2_Train_132911.flac,1,music,MusicGen,ATADD_T2_Train_132911.flac
/root/atadd_track2_subset_v3/train/ATADD_T2_Train_132913.flac,1,music,MusicGen,ATADD_T2_Train_132913.flac
/root/atadd_track2_subset_v3/train/ATADD_T2_Train_132914.flac,1,music,MusicGen,ATADD_T2_Train_132914.flac
/root/atadd_track2_subset_v3/train/ATADD_T2_Train_132921.flac,1,music,MusicGen,ATADD_T2_Train_132921.flac
/root/atadd_track2_subset_v3/train/ATADD_T2_Train_132930.flac,1,music,MusicGen,ATADD_T2_Train_132930.flac
/root/atadd_track2_subset_v3/train/ATADD_T2_Train_132931.flac,1,music,MusicGen,ATADD_T2_Train_132931.flac
/root/atadd_track2_subset_v3/train/ATADD_T2_Train_132937.flac,1,music,MusicGen,ATADD_T2_Train_132937.flac
/root/atadd_track2_subset_v3/train/ATADD_T2_Train_132938.flac,1,music,MusicGen,ATADD_T2_Train_132938.flac
/root/atadd_track2_subset_v3/train/ATADD_T2_Train_132944.flac,1,music,MusicGen,ATADD_T2_Train_132944.flac
/root/atadd_track2_subset_v3/train/ATADD_T2_Train_132956.flac,1,music,MusicGen,ATADD_T2_Train_132956.flac
/root/atadd_track2_subset_v3/train/ATADD_T2_Train_132957.flac,1,music,MusicGen,ATADD_T2_Train_132957.flac
/root/atadd_track2_subset_v3/train/ATADD_T2_Train_132959.flac,1,music,MusicGen,ATADD_T2_Train_132959.flac
/root/atadd_track2_subset_v3/train/ATADD_T2_Train_132962.flac,1,music,MusicGen,ATADD_T2_Train_132962.flac
/root/atadd_track2_subset_v3/train/ATADD_T2_Train_132964.flac,1,music,MusicGen,ATADD_T2_Train_132964.flac
/root/atadd_track2_subset_v3/train/ATADD_T2_Train_132968.flac,1,music,MusicGen,ATADD_T2_Train_132968.flac
/root/atadd_track2_subset_v3/train/ATADD_T2_Train_132975.flac,1,music,MusicGen,ATADD_T2_Train_132975.flac
/root/atadd_track2_subset_v3/train/ATADD_T2_Train_132980.flac,1,music,MusicGen,ATADD_T2_Train_132980.flac
/root/atadd_track2_subset_v3/train/ATADD_T2_Train_132983.flac,1,music,MusicGen,ATADD_T2_Train_132983.flac
/root/atadd_track2_subset_v3/train/ATADD_T2_Train_132985.flac,1,music,MusicGen,ATADD_T2_Train_132985.flac
/root/atadd_track2_subset_v3/train/ATADD_T2_Train_132989.flac,1,music,MusicGen,ATADD_T2_Train_132989.flac
/root/atadd_track2_subset_v3/train/ATADD_T2_Train_132991.flac,1,music,MusicGen,ATADD_T2_Train_132991.flac
/root/atadd_track2_subset_v3/train/ATADD_T2_Train_132994.flac,1,music,MusicGen,ATADD_T2_Train_132994.flac
/root/atadd_track2_subset_v3/train/ATADD_T2_Train_132996.flac,1,music,MusicGen,ATADD_T2_Train_132996.flac
/root/atadd_track2_subset_v3/train/ATADD_T2_Train_132998.flac,1,music,MusicGen,ATADD_T2_Train_132998.flac
/root/atadd_track2_subset_v3/train/ATADD_T2_Train_133001.flac,1,music,MusicGen,ATADD_T2_Train_133001.flac
/root/atadd_track2_subset_v3/train/ATADD_T2_Train_133005.flac,1,music,MusicGen,ATADD_T2_Train_133005.flac
/root/atadd_track2_subset_v3/train/ATADD_T2_Train_133006.flac,1,music,MusicGen,ATADD_T2_Train_133006.flac
/root/atadd_track2_subset_v3/train/ATADD_T2_Train_133007.flac,1,music,MusicGen,ATADD_T2_Train_133007.flac
/root/atadd_track2_subset_v3/train/ATADD_T2_Train_133014.flac,1,music,MusicGen,ATADD_T2_Train_133014.flac
/root/atadd_track2_subset_v3/train/ATADD_T2_Train_133019.flac,1,music,MusicGen,ATADD_T2_Train_133019.flac
/root/atadd_track2_subset_v3/train/ATADD_T2_Train_133021.flac,1,music,MusicGen,ATADD_T2_Train_133021.flac
/root/atadd_track2_subset_v3/train/ATADD_T2_Train_133022.flac,1,music,MusicGen,ATADD_T2_Train_133022.flac
/root/atadd_track2_subset_v3/train/ATADD_T2_Train_133023.flac,1,music,MusicGen,ATADD_T2_Train_133023.flac
/root/atadd_track2_subset_v3/train/ATADD_T2_Train_133027.flac,1,music,MusicGen,ATADD_T2_Train_133027.flac
/root/atadd_track2_subset_v3/train/ATADD_T2_Train_133031.flac,1,music,MusicGen,ATADD_T2_Train_133031.flac
/root/atadd_track2_subset_v3/train/ATADD_T2_Train_133032.flac,1,music,MusicGen,ATADD_T2_Train_133032.flac
/root/atadd_track2_subset_v3/train/ATADD_T2_Train_133036.flac,1,music,MusicGen,ATADD_T2_Train_133036.flac
/root/atadd_track2_subset_v3/train/ATADD_T2_Train_133047.flac,1,music,MusicGen,ATADD_T2_Train_133047.flac
/root/atadd_track2_subset_v3/train/ATADD_T2_Train_133052.flac,1,music,MusicGen,ATADD_T2_Train_133052.flac
/root/atadd_track2_subset_v3/train/ATADD_T2_Train_133062.flac,1,music,MusicGen,ATADD_T2_Train_133062.flac
/root/atadd_track2_subset_v3/train/ATADD_T2_Train_133064.flac,1,music,MusicGen,ATADD_T2_Train_133064.flac
/root/atadd_track2_subset_v3/train/ATADD_T2_Train_133065.flac,1,music,MusicGen,ATADD_T2_Train_133065.flac
/root/atadd_track2_subset_v3/train/ATADD_T2_Train_133068.flac,1,music,MusicGen,ATADD_T2_Train_133068.flac
/root/atadd_track2_subset_v3/train/ATADD_T2_Train_133069.flac,1,music,MusicGen,ATADD_T2_Train_133069.flac
/root/atadd_track2_subset_v3/train/ATADD_T2_Train_133071.flac,1,music,MusicGen,ATADD_T2_Train_133071.flac
/root/atadd_track2_subset_v3/train/ATADD_T2_Train_133074.flac,1,music,MusicGen,ATADD_T2_Train_133074.flac
/root/atadd_track2_subset_v3/train/ATADD_T2_Train_133076.flac,1,music,MusicGen,ATADD_T2_Train_133076.flac
/root/atadd_track2_subset_v3/train/ATADD_T2_Train_133078.flac,1,music,MusicGen,ATADD_T2_Train_133078.flac
/root/atadd_track2_subset_v3/train/ATADD_T2_Train_133081.flac,1,music,MusicGen,ATADD_T2_Train_133081.flac
/root/atadd_track2_subset_v3/train/ATADD_T2_Train_133084.flac,1,music,MusicGen,ATADD_T2_Train_133084.flac
/root/atadd_track2_subset_v3/train/ATADD_T2_Train_133088.flac,1,music,MusicGen,ATADD_T2_Train_133088.flac
/root/atadd_track2_subset_v3/train/ATADD_T2_Train_133094.flac,1,music,MusicGen,ATADD_T2_Train_133094.flac
/root/atadd_track2_subset_v3/train/ATADD_T2_Train_133095.flac,1,music,MusicGen,ATADD_T2_Train_133095.flac
/root/atadd_track2_subset_v3/train/ATADD_T2_Train_133097.flac,1,music,MusicGen,ATADD_T2_Train_133097.flac
/root/atadd_track2_subset_v3/train/ATADD_T2_Train_133104.flac,1,music,MusicGen,ATADD_T2_Train_133104.flac
/root/atadd_track2_subset_v3/train/ATADD_T2_Train_133106.flac,1,music,MusicGen,ATADD_T2_Train_133106.flac
/root/atadd_track2_subset_v3/train/ATADD_T2_Train_133107.flac,1,music,MusicGen,ATADD_T2_Train_133107.flac
/root/atadd_track2_subset_v3/train/ATADD_T2_Train_133109.flac,1,music,MusicGen,ATADD_T2_Train_133109.flac
/root/atadd_track2_subset_v3/train/ATADD_T2_Train_133111.flac,1,music,MusicGen,ATADD_T2_Train_133111.flac
/root/atadd_track2_subset_v3/train/ATADD_T2_Train_133118.flac,1,music,MusicGen,ATADD_T2_Train_133118.flac
/root/atadd_track2_subset_v3/train/ATADD_T2_Train_133119.flac,1,music,MusicGen,ATADD_T2_Train_133119.flac
/root/atadd_track2_subset_v3/train/ATADD_T2_Train_133124.flac,1,music,MusicGen,ATADD_T2_Train_133124.flac
/root/atadd_track2_subset_v3/train/ATADD_T2_Train_133138.flac,1,music,MusicGen,ATADD_T2_Train_133138.flac
/root/atadd_track2_subset_v3/train/ATADD_T2_Train_133140.flac,1,music,MusicGen,ATADD_T2_Train_133140.flac
/root/atadd_track2_subset_v3/train/ATADD_T2_Train_133144.flac,1,music,MusicGen,ATADD_T2_Train_133144.flac
/root/atadd_track2_subset_v3/train/ATADD_T2_Train_133150.flac,1,music,MusicGen,ATADD_T2_Train_133150.flac
/root/atadd_track2_subset_v3/train/ATADD_T2_Train_133171.flac,1,music,MusicGen,ATADD_T2_Train_133171.flac
/root/atadd_track2_subset_v3/train/ATADD_T2_Train_133174.flac,1,music,MusicGen,ATADD_T2_Train_133174.flac
/root/atadd_track2_subset_v3/train/ATADD_T2_Train_133175.flac,1,music,MusicGen,ATADD_T2_Train_133175.flac
/root/atadd_track2_subset_v3/train/ATADD_T2_Train_133181.flac,1,music,MusicGen,ATADD_T2_Train_133181.flac
/root/atadd_track2_subset_v3/train/ATADD_T2_Train_133184.flac,1,music,MusicGen,ATADD_T2_Train_133184.flac
/root/atadd_track2_subset_v3/train/ATADD_T2_Train_133190.flac,1,music,MusicGen,ATADD_T2_Train_133190.flac
/root/atadd_track2_subset_v3/train/ATADD_T2_Train_133192.flac,1,music,MusicGen,ATADD_T2_Train_133192.flac
/root/atadd_track2_subset_v3/train/ATADD_T2_Train_133195.flac,1,music,MusicGen,ATADD_T2_Train_133195.flac
/root/atadd_track2_subset_v3/train/ATADD_T2_Train_133196.flac,1,music,MusicGen,ATADD_T2_Train_133196.flac
/root/atadd_track2_subset_v3/train/ATADD_T2_Train_133199.flac,1,music,MusicGen,ATADD_T2_Train_133199.flac
/root/atadd_track2_subset_v3/train/ATADD_T2_Train_133201.flac,1,music,MusicGen,ATADD_T2_Train_133201.flac
/root/atadd_track2_subset_v3/train/ATADD_T2_Train_133204.flac,1,music,MusicGen,ATADD_T2_Train_133204.flac
/root/atadd_track2_subset_v3/train/ATADD_T2_Train_133205.flac,1,music,MusicGen,ATADD_T2_Train_133205.flac
/root/atadd_track2_subset_v3/train/ATADD_T2_Train_133207.flac,1,music,MusicGen,ATADD_T2_Train_133207.flac
/root/atadd_track2_subset_v3/train/ATADD_T2_Train_133208.flac,1,music,MusicGen,ATADD_T2_Train_133208.flac
/root/atadd_track2_subset_v3/train/ATADD_T2_Train_133217.flac,1,music,MusicGen,ATADD_T2_Train_133217.flac
/root/atadd_track2_subset_v3/train/ATADD_T2_Train_133218.flac,1,music,MusicGen,ATADD_T2_Train_133218.flac
/root/atadd_track2_subset_v3/train/ATADD_T2_Train_133219.flac,1,music,MusicGen,ATADD_T2_Train_133219.flac
/root/atadd_track2_subset_v3/train/ATADD_T2_Train_133220.flac,1,music,MusicGen,ATADD_T2_Train_133220.flac
/root/atadd_track2_subset_v3/train/ATADD_T2_Train_133229.flac,1,music,MusicGen,ATADD_T2_Train_133229.flac
/root/atadd_track2_subset_v3/train/ATADD_T2_Train_133235.flac,1,music,MusicGen,ATADD_T2_Train_133235.flac
/root/atadd_track2_subset_v3/train/ATADD_T2_Train_133244.flac,1,music,MusicGen,ATADD_T2_Train_133244.flac
/root/atadd_track2_subset_v3/train/ATADD_T2_Train_133250.flac,1,music,MusicGen,ATADD_T2_Train_133250.flac
/root/atadd_track2_subset_v3/train/ATADD_T2_Train_133253.flac,1,music,MusicGen,ATADD_T2_Train_133253.flac
/root/atadd_track2_subset_v3/train/ATADD_T2_Train_133255.flac,1,music,MusicGen,ATADD_T2_Train_133255.flac
/root/atadd_track2_subset_v3/train/ATADD_T2_Train_133259.flac,1,music,MusicGen,ATADD_T2_Train_133259.flac
/root/atadd_track2_subset_v3/train/ATADD_T2_Train_133263.flac,1,music,MusicGen,ATADD_T2_Train_133263.flac
/root/atadd_track2_subset_v3/train/ATADD_T2_Train_133265.flac,1,music,MusicGen,ATADD_T2_Train_133265.flac
/root/atadd_track2_subset_v3/train/ATADD_T2_Train_133270.flac,1,music,MusicGen,ATADD_T2_Train_133270.flac
/root/atadd_track2_subset_v3/train/ATADD_T2_Train_133279.flac,1,music,MusicGen,ATADD_T2_Train_133279.flac
/root/atadd_track2_subset_v3/train/ATADD_T2_Train_133283.flac,1,music,MusicGen,ATADD_T2_Train_133283.flac
/root/atadd_track2_subset_v3/train/ATADD_T2_Train_133286.flac,1,music,MusicGen,ATADD_T2_Train_133286.flac
/root/atadd_track2_subset_v3/train/ATADD_T2_Train_133292.flac,1,music,MusicGen,ATADD_T2_Train_133292.flac
/root/atadd_track2_subset_v3/train/ATADD_T2_Train_133293.flac,1,music,MusicGen,ATADD_T2_Train_133293.flac
/root/atadd_track2_subset_v3/train/ATADD_T2_Train_133296.flac,1,music,MusicGen,ATADD_T2_Train_133296.flac
/root/atadd_track2_subset_v3/train/ATADD_T2_Train_133304.flac,1,music,MusicGen,ATADD_T2_Train_133304.flac
/root/atadd_track2_subset_v3/train/ATADD_T2_Train_133305.flac,1,music,MusicGen,ATADD_T2_Train_133305.flac
/root/atadd_track2_subset_v3/train/ATADD_T2_Train_133314.flac,1,music,MusicGen,ATADD_T2_Train_133314.flac
/root/atadd_track2_subset_v3/train/ATADD_T2_Train_133315.flac,1,music,MusicGen,ATADD_T2_Train_133315.flac
/root/atadd_track2_subset_v3/train/ATADD_T2_Train_133329.flac,1,music,MusicGen,ATADD_T2_Train_133329.flac
/root/atadd_track2_subset_v3/train/ATADD_T2_Train_133331.flac,1,music,MusicGen,ATADD_T2_Train_133331.flac
/root/atadd_track2_subset_v3/train/ATADD_T2_Train_133345.flac,1,music,MusicGen,ATADD_T2_Train_133345.flac
/root/atadd_track2_subset_v3/train/ATADD_T2_Train_133346.flac,1,music,MusicGen,ATADD_T2_Train_133346.flac
/root/atadd_track2_subset_v3/train/ATADD_T2_Train_133347.flac,1,music,MusicGen,ATADD_T2_Train_133347.flac
/root/atadd_track2_subset_v3/train/ATADD_T2_Train_133356.flac,1,music,MusicGen,ATADD_T2_Train_133356.flac
/root/atadd_track2_subset_v3/train/ATADD_T2_Train_133361.flac,1,music,MusicGen,ATADD_T2_Train_133361.flac
/root/atadd_track2_subset_v3/train/ATADD_T2_Train_133368.flac,1,music,MusicGen,ATADD_T2_Train_133368.flac
/root/atadd_track2_subset_v3/train/ATADD_T2_Train_133378.flac,1,music,MusicGen,ATADD_T2_Train_133378.flac
/root/atadd_track2_subset_v3/train/ATADD_T2_Train_133389.flac,1,music,MusicGen,ATADD_T2_Train_133389.flac
/root/atadd_track2_subset_v3/train/ATADD_T2_Train_133400.flac,1,music,MusicGen,ATADD_T2_Train_133400.flac
/root/atadd_track2_subset_v3/train/ATADD_T2_Train_133404.flac,1,music,MusicGen,ATADD_T2_Train_133404.flac
/root/atadd_track2_subset_v3/train/ATADD_T2_Train_133407.flac,1,music,MusicGen,ATADD_T2_Train_133407.flac
/root/atadd_track2_subset_v3/train/ATADD_T2_Train_133410.flac,1,music,MusicGen,ATADD_T2_Train_133410.flac
/root/atadd_track2_subset_v3/train/ATADD_T2_Train_133413.flac,1,music,MusicGen,ATADD_T2_Train_133413.flac
/root/atadd_track2_subset_v3/train/ATADD_T2_Train_133417.flac,1,music,MusicGen,ATADD_T2_Train_133417.flac
/root/atadd_track2_subset_v3/train/ATADD_T2_Train_133422.flac,1,music,MusicGen,ATADD_T2_Train_133422.flac
/root/atadd_track2_subset_v3/train/ATADD_T2_Train_133426.flac,1,music,MusicGen,ATADD_T2_Train_133426.flac
/root/atadd_track2_subset_v3/train/ATADD_T2_Train_133428.flac,1,music,MusicGen,ATADD_T2_Train_133428.flac
/root/atadd_track2_subset_v3/train/ATADD_T2_Train_133430.flac,1,music,MusicGen,ATADD_T2_Train_133430.flac
/root/atadd_track2_subset_v3/train/ATADD_T2_Train_133437.flac,1,music,MusicGen,ATADD_T2_Train_133437.flac
/root/atadd_track2_subset_v3/train/ATADD_T2_Train_133442.flac,1,music,MusicGen,ATADD_T2_Train_133442.flac
/root/atadd_track2_subset_v3/train/ATADD_T2_Train_133443.flac,1,music,MusicGen,ATADD_T2_Train_133443.flac
/root/atadd_track2_subset_v3/train/ATADD_T2_Train_133444.flac,1,music,MusicGen,ATADD_T2_Train_133444.flac
/root/atadd_track2_subset_v3/train/ATADD_T2_Train_133447.flac,1,music,MusicGen,ATADD_T2_Train_133447.flac
/root/atadd_track2_subset_v3/train/ATADD_T2_Train_133448.flac,1,music,MusicGen,ATADD_T2_Train_133448.flac
/root/atadd_track2_subset_v3/train/ATADD_T2_Train_133449.flac,1,music,MusicGen,ATADD_T2_Train_133449.flac
/root/atadd_track2_subset_v3/train/ATADD_T2_Train_133451.flac,1,music,MusicGen,ATADD_T2_Train_133451.flac
/root/atadd_track2_subset_v3/train/ATADD_T2_Train_133455.flac,1,music,MusicGen,ATADD_T2_Train_133455.flac
/root/atadd_track2_subset_v3/train/ATADD_T2_Train_133456.flac,1,music,MusicGen,ATADD_T2_Train_133456.flac
/root/atadd_track2_subset_v3/train/ATADD_T2_Train_133461.flac,1,music,MusicGen,ATADD_T2_Train_133461.flac
/root/atadd_track2_subset_v3/train/ATADD_T2_Train_133462.flac,1,music,MusicGen,ATADD_T2_Train_133462.flac
/root/atadd_track2_subset_v3/train/ATADD_T2_Train_133466.flac,1,music,MusicGen,ATADD_T2_Train_133466.flac
/root/atadd_track2_subset_v3/train/ATADD_T2_Train_133468.flac,1,music,MusicGen,ATADD_T2_Train_133468.flac
/root/atadd_track2_subset_v3/train/ATADD_T2_Train_133472.flac,1,music,MusicGen,ATADD_T2_Train_133472.flac
/root/atadd_track2_subset_v3/train/ATADD_T2_Train_133473.flac,1,music,MusicGen,ATADD_T2_Train_133473.flac
/root/atadd_track2_subset_v3/train/ATADD_T2_Train_133477.flac,1,music,MusicGen,ATADD_T2_Train_133477.flac
/root/atadd_track2_subset_v3/train/ATADD_T2_Train_133484.flac,1,music,MusicGen,ATADD_T2_Train_133484.flac
/root/atadd_track2_subset_v3/train/ATADD_T2_Train_133486.flac,1,music,MusicGen,ATADD_T2_Train_133486.flac
/root/atadd_track2_subset_v3/train/ATADD_T2_Train_133487.flac,1,music,MusicGen,ATADD_T2_Train_133487.flac
/root/atadd_track2_subset_v3/train/ATADD_T2_Train_133492.flac,1,music,MusicGen,ATADD_T2_Train_133492.flac
/root/atadd_track2_subset_v3/train/ATADD_T2_Train_133494.flac,1,music,MusicGen,ATADD_T2_Train_133494.flac
/root/atadd_track2_subset_v3/train/ATADD_T2_Train_133495.flac,1,music,MusicGen,ATADD_T2_Train_133495.flac
/root/atadd_track2_subset_v3/train/ATADD_T2_Train_133497.flac,1,music,MusicGen,ATADD_T2_Train_133497.flac
/root/atadd_track2_subset_v3/train/ATADD_T2_Train_133502.flac,1,music,MusicGen,ATADD_T2_Train_133502.flac
/root/atadd_track2_subset_v3/train/ATADD_T2_Train_133507.flac,1,music,MusicGen,ATADD_T2_Train_133507.flac
/root/atadd_track2_subset_v3/train/ATADD_T2_Train_133510.flac,1,music,MusicGen,ATADD_T2_Train_133510.flac
/root/atadd_track2_subset_v3/train/ATADD_T2_Train_133511.flac,1,music,MusicGen,ATADD_T2_Train_133511.flac
/root/atadd_track2_subset_v3/train/ATADD_T2_Train_133513.flac,1,music,MusicGen,ATADD_T2_Train_133513.flac
/root/atadd_track2_subset_v3/train/ATADD_T2_Train_133516.flac,1,music,MusicGen,ATADD_T2_Train_133516.flac
/root/atadd_track2_subset_v3/train/ATADD_T2_Train_133518.flac,1,music,MusicGen,ATADD_T2_Train_133518.flac
/root/atadd_track2_subset_v3/train/ATADD_T2_Train_133521.flac,1,music,MusicGen,ATADD_T2_Train_133521.flac
/root/atadd_track2_subset_v3/train/ATADD_T2_Train_133522.flac,1,music,MusicGen,ATADD_T2_Train_133522.flac
/root/atadd_track2_subset_v3/train/ATADD_T2_Train_133536.flac,1,music,MusicGen,ATADD_T2_Train_133536.flac
/root/atadd_track2_subset_v3/train/ATADD_T2_Train_133545.flac,1,music,MusicGen,ATADD_T2_Train_133545.flac
/root/atadd_track2_subset_v3/train/ATADD_T2_Train_133547.flac,1,music,MusicGen,ATADD_T2_Train_133547.flac
/root/atadd_track2_subset_v3/train/ATADD_T2_Train_133557.flac,1,music,MusicGen,ATADD_T2_Train_133557.flac
/root/atadd_track2_subset_v3/train/ATADD_T2_Train_133559.flac,1,music,MusicGen,ATADD_T2_Train_133559.flac
/root/atadd_track2_subset_v3/train/ATADD_T2_Train_133560.flac,1,music,MusicGen,ATADD_T2_Train_133560.flac
/root/atadd_track2_subset_v3/train/ATADD_T2_Train_133562.flac,1,music,MusicGen,ATADD_T2_Train_133562.flac
/root/atadd_track2_subset_v3/train/ATADD_T2_Train_133563.flac,1,music,MusicGen,ATADD_T2_Train_133563.flac
/root/atadd_track2_subset_v3/train/ATADD_T2_Train_133570.flac,1,music,MusicGen,ATADD_T2_Train_133570.flac
/root/atadd_track2_subset_v3/train/ATADD_T2_Train_133571.flac,1,music,MusicGen,ATADD_T2_Train_133571.flac
/root/atadd_track2_subset_v3/train/ATADD_T2_Train_133572.flac,1,music,MusicGen,ATADD_T2_Train_133572.flac
/root/atadd_track2_subset_v3/train/ATADD_T2_Train_133574.flac,1,music,MusicGen,ATADD_T2_Train_133574.flac
/root/atadd_track2_subset_v3/train/ATADD_T2_Train_133575.flac,1,music,MusicGen,ATADD_T2_Train_133575.flac
/root/atadd_track2_subset_v3/train/ATADD_T2_Train_133581.flac,1,music,MusicGen,ATADD_T2_Train_133581.flac
/root/atadd_track2_subset_v3/train/ATADD_T2_Train_133586.flac,1,music,MusicGen,ATADD_T2_Train_133586.flac
/root/atadd_track2_subset_v3/train/ATADD_T2_Train_133589.flac,1,music,MusicGen,ATADD_T2_Train_133589.flac
/root/atadd_track2_subset_v3/train/ATADD_T2_Train_133590.flac,1,music,MusicGen,ATADD_T2_Train_133590.flac
/root/atadd_track2_subset_v3/train/ATADD_T2_Train_133594.flac,1,music,MusicGen,ATADD_T2_Train_133594.flac
/root/atadd_track2_subset_v3/train/ATADD_T2_Train_133600.flac,1,music,MusicGen,ATADD_T2_Train_133600.flac
/root/atadd_track2_subset_v3/train/ATADD_T2_Train_133602.flac,1,music,MusicGen,ATADD_T2_Train_133602.flac
/root/atadd_track2_subset_v3/train/ATADD_T2_Train_133606.flac,1,music,MusicGen,ATADD_T2_Train_133606.flac
/root/atadd_track2_subset_v3/train/ATADD_T2_Train_133615.flac,1,music,MusicGen,ATADD_T2_Train_133615.flac
/root/atadd_track2_subset_v3/train/ATADD_T2_Train_133623.flac,1,music,MusicGen,ATADD_T2_Train_133623.flac
/root/atadd_track2_subset_v3/train/ATADD_T2_Train_133625.flac,1,music,MusicGen,ATADD_T2_Train_133625.flac
/root/atadd_track2_subset_v3/train/ATADD_T2_Train_133626.flac,1,music,MusicGen,ATADD_T2_Train_133626.flac
/root/atadd_track2_subset_v3/train/ATADD_T2_Train_133630.flac,1,music,MusicGen,ATADD_T2_Train_133630.flac
/root/atadd_track2_subset_v3/train/ATADD_T2_Train_133639.flac,1,music,MusicGen,ATADD_T2_Train_133639.flac
/root/atadd_track2_subset_v3/train/ATADD_T2_Train_133641.flac,1,music,MusicGen,ATADD_T2_Train_133641.flac
/root/atadd_track2_subset_v3/train/ATADD_T2_Train_133642.flac,1,music,MusicGen,ATADD_T2_Train_133642.flac
/root/atadd_track2_subset_v3/train/ATADD_T2_Train_133644.flac,1,music,MusicGen,ATADD_T2_Train_133644.flac
/root/atadd_track2_subset_v3/train/ATADD_T2_Train_133654.flac,1,music,MusicGen,ATADD_T2_Train_133654.flac
/root/atadd_track2_subset_v3/train/ATADD_T2_Train_133657.flac,1,music,MusicGen,ATADD_T2_Train_133657.flac
/root/atadd_track2_subset_v3/train/ATADD_T2_Train_133664.flac,1,music,MusicGen,ATADD_T2_Train_133664.flac
/root/atadd_track2_subset_v3/train/ATADD_T2_Train_133666.flac,1,music,MusicGen,ATADD_T2_Train_133666.flac
/root/atadd_track2_subset_v3/train/ATADD_T2_Train_133669.flac,1,music,MusicGen,ATADD_T2_Train_133669.flac
/root/atadd_track2_subset_v3/train/ATADD_T2_Train_133678.flac,1,music,MusicGen,ATADD_T2_Train_133678.flac
/root/atadd_track2_subset_v3/train/ATADD_T2_Train_133679.flac,1,music,MusicGen,ATADD_T2_Train_133679.flac
/root/atadd_track2_subset_v3/train/ATADD_T2_Train_133685.flac,1,music,MusicGen,ATADD_T2_Train_133685.flac
/root/atadd_track2_subset_v3/train/ATADD_T2_Train_133689.flac,1,music,MusicGen,ATADD_T2_Train_133689.flac
/root/atadd_track2_subset_v3/train/ATADD_T2_Train_133691.flac,1,music,MusicGen,ATADD_T2_Train_133691.flac
/root/atadd_track2_subset_v3/train/ATADD_T2_Train_133692.flac,1,music,MusicGen,ATADD_T2_Train_133692.flac
/root/atadd_track2_subset_v3/train/ATADD_T2_Train_133705.flac,1,music,MusicGen,ATADD_T2_Train_133705.flac
/root/atadd_track2_subset_v3/train/ATADD_T2_Train_133706.flac,1,music,MusicGen,ATADD_T2_Train_133706.flac
/root/atadd_track2_subset_v3/train/ATADD_T2_Train_133715.flac,1,music,MusicGen,ATADD_T2_Train_133715.flac
/root/atadd_track2_subset_v3/train/ATADD_T2_Train_133718.flac,1,music,MusicGen,ATADD_T2_Train_133718.flac
/root/atadd_track2_subset_v3/train/ATADD_T2_Train_133727.flac,1,music,MusicGen,ATADD_T2_Train_133727.flac
/root/atadd_track2_subset_v3/train/ATADD_T2_Train_133731.flac,1,music,MusicGen,ATADD_T2_Train_133731.flac
/root/atadd_track2_subset_v3/train/ATADD_T2_Train_133748.flac,1,music,MusicGen,ATADD_T2_Train_133748.flac
/root/atadd_track2_subset_v3/train/ATADD_T2_Train_133750.flac,1,music,MusicGen,ATADD_T2_Train_133750.flac
/root/atadd_track2_subset_v3/train/ATADD_T2_Train_133751.flac,1,music,MusicGen,ATADD_T2_Train_133751.flac
/root/atadd_track2_subset_v3/train/ATADD_T2_Train_133762.flac,1,music,MusicGen,ATADD_T2_Train_133762.flac
/root/atadd_track2_subset_v3/train/ATADD_T2_Train_133772.flac,1,music,MusicGen,ATADD_T2_Train_133772.flac
/root/atadd_track2_subset_v3/train/ATADD_T2_Train_133781.flac,1,music,MusicGen,ATADD_T2_Train_133781.flac
/root/atadd_track2_subset_v3/train/ATADD_T2_Train_133784.flac,1,music,MusicGen,ATADD_T2_Train_133784.flac
/root/atadd_track2_subset_v3/train/ATADD_T2_Train_133787.flac,1,music,MusicGen,ATADD_T2_Train_133787.flac
/root/atadd_track2_subset_v3/train/ATADD_T2_Train_133791.flac,1,music,MusicGen,ATADD_T2_Train_133791.flac
/root/atadd_track2_subset_v3/train/ATADD_T2_Train_133796.flac,1,music,MusicGen,ATADD_T2_Train_133796.flac
/root/atadd_track2_subset_v3/train/ATADD_T2_Train_133798.flac,1,music,MusicGen,ATADD_T2_Train_133798.flac
/root/atadd_track2_subset_v3/train/ATADD_T2_Train_133803.flac,1,music,MusicGen,ATADD_T2_Train_133803.flac
/root/atadd_track2_subset_v3/train/ATADD_T2_Train_133810.flac,1,music,MusicGen,ATADD_T2_Train_133810.flac
/root/atadd_track2_subset_v3/train/ATADD_T2_Train_133814.flac,1,music,MusicGen,ATADD_T2_Train_133814.flac
/root/atadd_track2_subset_v3/train/ATADD_T2_Train_133819.flac,1,music,MusicGen,ATADD_T2_Train_133819.flac
/root/atadd_track2_subset_v3/train/ATADD_T2_Train_133833.flac,1,music,MusicGen,ATADD_T2_Train_133833.flac
/root/atadd_track2_subset_v3/train/ATADD_T2_Train_133839.flac,1,music,MusicGen,ATADD_T2_Train_133839.flac
/root/atadd_track2_subset_v3/train/ATADD_T2_Train_133847.flac,1,music,MusicGen,ATADD_T2_Train_133847.flac
/root/atadd_track2_subset_v3/train/ATADD_T2_Train_133848.flac,1,music,MusicGen,ATADD_T2_Train_133848.flac
/root/atadd_track2_subset_v3/train/ATADD_T2_Train_133849.flac,1,music,MusicGen,ATADD_T2_Train_133849.flac
/root/atadd_track2_subset_v3/train/ATADD_T2_Train_133850.flac,1,music,MusicGen,ATADD_T2_Train_133850.flac
/root/atadd_track2_subset_v3/train/ATADD_T2_Train_133855.flac,1,music,MusicGen,ATADD_T2_Train_133855.flac
/root/atadd_track2_subset_v3/train/ATADD_T2_Train_133860.flac,1,music,MusicGen,ATADD_T2_Train_133860.flac
/root/atadd_track2_subset_v3/train/ATADD_T2_Train_133866.flac,1,music,MusicGen,ATADD_T2_Train_133866.flac
/root/atadd_track2_subset_v3/train/ATADD_T2_Train_133870.flac,1,music,MusicGen,ATADD_T2_Train_133870.flac
/root/atadd_track2_subset_v3/train/ATADD_T2_Train_133872.flac,1,music,MusicGen,ATADD_T2_Train_133872.flac
/root/atadd_track2_subset_v3/train/ATADD_T2_Train_133883.flac,1,music,MusicGen,ATADD_T2_Train_133883.flac
/root/atadd_track2_subset_v3/train/ATADD_T2_Train_133885.flac,1,music,MusicGen,ATADD_T2_Train_133885.flac
/root/atadd_track2_subset_v3/train/ATADD_T2_Train_133889.flac,1,music,MusicGen,ATADD_T2_Train_133889.flac
/root/atadd_track2_subset_v3/train/ATADD_T2_Train_133895.flac,1,music,MusicGen,ATADD_T2_Train_133895.flac
/root/atadd_track2_subset_v3/train/ATADD_T2_Train_133900.flac,1,music,MusicGen,ATADD_T2_Train_133900.flac
/root/atadd_track2_subset_v3/train/ATADD_T2_Train_133903.flac,1,music,MusicGen,ATADD_T2_Train_133903.flac
/root/atadd_track2_subset_v3/train/ATADD_T2_Train_133905.flac,1,music,MusicGen,ATADD_T2_Train_133905.flac
/root/atadd_track2_subset_v3/train/ATADD_T2_Train_133914.flac,1,music,MusicGen,ATADD_T2_Train_133914.flac
/root/atadd_track2_subset_v3/train/ATADD_T2_Train_133915.flac,1,music,MusicGen,ATADD_T2_Train_133915.flac
/root/atadd_track2_subset_v3/train/ATADD_T2_Train_133918.flac,1,music,MusicGen,ATADD_T2_Train_133918.flac
/root/atadd_track2_subset_v3/train/ATADD_T2_Train_133919.flac,1,music,MusicGen,ATADD_T2_Train_133919.flac
/root/atadd_track2_subset_v3/train/ATADD_T2_Train_133920.flac,1,music,MusicGen,ATADD_T2_Train_133920.flac
/root/atadd_track2_subset_v3/train/ATADD_T2_Train_133929.flac,1,music,MusicLDM,ATADD_T2_Train_133929.flac
/root/atadd_track2_subset_v3/train/ATADD_T2_Train_133933.flac,1,music,MusicLDM,ATADD_T2_Train_133933.flac
/root/atadd_track2_subset_v3/train/ATADD_T2_Train_133937.flac,1,music,MusicLDM,ATADD_T2_Train_133937.flac
/root/atadd_track2_subset_v3/train/ATADD_T2_Train_133938.flac,1,music,MusicLDM,ATADD_T2_Train_133938.flac
/root/atadd_track2_subset_v3/train/ATADD_T2_Train_133941.flac,1,music,MusicLDM,ATADD_T2_Train_133941.flac
/root/atadd_track2_subset_v3/train/ATADD_T2_Train_133946.flac,1,music,MusicLDM,ATADD_T2_Train_133946.flac
/root/atadd_track2_subset_v3/train/ATADD_T2_Train_133953.flac,1,music,MusicLDM,ATADD_T2_Train_133953.flac
/root/atadd_track2_subset_v3/train/ATADD_T2_Train_133965.flac,1,music,MusicLDM,ATADD_T2_Train_133965.flac
/root/atadd_track2_subset_v3/train/ATADD_T2_Train_133972.flac,1,music,MusicLDM,ATADD_T2_Train_133972.flac
/root/atadd_track2_subset_v3/train/ATADD_T2_Train_133975.flac,1,music,MusicLDM,ATADD_T2_Train_133975.flac
/root/atadd_track2_subset_v3/train/ATADD_T2_Train_133976.flac,1,music,MusicLDM,ATADD_T2_Train_133976.flac
/root/atadd_track2_subset_v3/train/ATADD_T2_Train_133983.flac,1,music,MusicLDM,ATADD_T2_Train_133983.flac
/root/atadd_track2_subset_v3/train/ATADD_T2_Train_133988.flac,1,music,MusicLDM,ATADD_T2_Train_133988.flac
/root/atadd_track2_subset_v3/train/ATADD_T2_Train_133992.flac,1,music,MusicLDM,ATADD_T2_Train_133992.flac
/root/atadd_track2_subset_v3/train/ATADD_T2_Train_133994.flac,1,music,MusicLDM,ATADD_T2_Train_133994.flac
/root/atadd_track2_subset_v3/train/ATADD_T2_Train_133996.flac,1,music,MusicLDM,ATADD_T2_Train_133996.flac
/root/atadd_track2_subset_v3/train/ATADD_T2_Train_133997.flac,1,music,MusicLDM,ATADD_T2_Train_133997.flac
/root/atadd_track2_subset_v3/train/ATADD_T2_Train_133999.flac,1,music,MusicLDM,ATADD_T2_Train_133999.flac
/root/atadd_track2_subset_v3/train/ATADD_T2_Train_134001.flac,1,music,MusicLDM,ATADD_T2_Train_134001.flac
/root/atadd_track2_subset_v3/train/ATADD_T2_Train_134006.flac,1,music,MusicLDM,ATADD_T2_Train_134006.flac
/root/atadd_track2_subset_v3/train/ATADD_T2_Train_134007.flac,1,music,MusicLDM,ATADD_T2_Train_134007.flac
/root/atadd_track2_subset_v3/train/ATADD_T2_Train_134010.flac,1,music,MusicLDM,ATADD_T2_Train_134010.flac
/root/atadd_track2_subset_v3/train/ATADD_T2_Train_134012.flac,1,music,MusicLDM,ATADD_T2_Train_134012.flac
/root/atadd_track2_subset_v3/train/ATADD_T2_Train_134014.flac,1,music,MusicLDM,ATADD_T2_Train_134014.flac
/root/atadd_track2_subset_v3/train/ATADD_T2_Train_134019.flac,1,music,MusicLDM,ATADD_T2_Train_134019.flac
/root/atadd_track2_subset_v3/train/ATADD_T2_Train_134031.flac,1,music,MusicLDM,ATADD_T2_Train_134031.flac
/root/atadd_track2_subset_v3/train/ATADD_T2_Train_134035.flac,1,music,MusicLDM,ATADD_T2_Train_134035.flac
/root/atadd_track2_subset_v3/train/ATADD_T2_Train_134036.flac,1,music,MusicLDM,ATADD_T2_Train_134036.flac
/root/atadd_track2_subset_v3/train/ATADD_T2_Train_134037.flac,1,music,MusicLDM,ATADD_T2_Train_134037.flac
/root/atadd_track2_subset_v3/train/ATADD_T2_Train_134043.flac,1,music,MusicLDM,ATADD_T2_Train_134043.flac
/root/atadd_track2_subset_v3/train/ATADD_T2_Train_134044.flac,1,music,MusicLDM,ATADD_T2_Train_134044.flac
/root/atadd_track2_subset_v3/train/ATADD_T2_Train_134045.flac,1,music,MusicLDM,ATADD_T2_Train_134045.flac
/root/atadd_track2_subset_v3/train/ATADD_T2_Train_134048.flac,1,music,MusicLDM,ATADD_T2_Train_134048.flac
/root/atadd_track2_subset_v3/train/ATADD_T2_Train_134053.flac,1,music,MusicLDM,ATADD_T2_Train_134053.flac
/root/atadd_track2_subset_v3/train/ATADD_T2_Train_134054.flac,1,music,MusicLDM,ATADD_T2_Train_134054.flac
/root/atadd_track2_subset_v3/train/ATADD_T2_Train_134055.flac,1,music,MusicLDM,ATADD_T2_Train_134055.flac
/root/atadd_track2_subset_v3/train/ATADD_T2_Train_134060.flac,1,music,MusicLDM,ATADD_T2_Train_134060.flac
/root/atadd_track2_subset_v3/train/ATADD_T2_Train_134061.flac,1,music,MusicLDM,ATADD_T2_Train_134061.flac
/root/atadd_track2_subset_v3/train/ATADD_T2_Train_134070.flac,1,music,MusicLDM,ATADD_T2_Train_134070.flac
/root/atadd_track2_subset_v3/train/ATADD_T2_Train_134075.flac,1,music,MusicLDM,ATADD_T2_Train_134075.flac
/root/atadd_track2_subset_v3/train/ATADD_T2_Train_134082.flac,1,music,MusicLDM,ATADD_T2_Train_134082.flac
/root/atadd_track2_subset_v3/train/ATADD_T2_Train_134083.flac,1,music,MusicLDM,ATADD_T2_Train_134083.flac
/root/atadd_track2_subset_v3/train/ATADD_T2_Train_134084.flac,1,music,MusicLDM,ATADD_T2_Train_134084.flac
/root/atadd_track2_subset_v3/train/ATADD_T2_Train_134087.flac,1,music,MusicLDM,ATADD_T2_Train_134087.flac
/root/atadd_track2_subset_v3/train/ATADD_T2_Train_134089.flac,1,music,MusicLDM,ATADD_T2_Train_134089.flac
/root/atadd_track2_subset_v3/train/ATADD_T2_Train_134097.flac,1,music,MusicLDM,ATADD_T2_Train_134097.flac
/root/atadd_track2_subset_v3/train/ATADD_T2_Train_134100.flac,1,music,MusicLDM,ATADD_T2_Train_134100.flac
/root/atadd_track2_subset_v3/train/ATADD_T2_Train_134101.flac,1,music,MusicLDM,ATADD_T2_Train_134101.flac
/root/atadd_track2_subset_v3/train/ATADD_T2_Train_134102.flac,1,music,MusicLDM,ATADD_T2_Train_134102.flac
/root/atadd_track2_subset_v3/train/ATADD_T2_Train_134106.flac,1,music,MusicLDM,ATADD_T2_Train_134106.flac
/root/atadd_track2_subset_v3/train/ATADD_T2_Train_134110.flac,1,music,MusicLDM,ATADD_T2_Train_134110.flac
/root/atadd_track2_subset_v3/train/ATADD_T2_Train_134113.flac,1,music,MusicLDM,ATADD_T2_Train_134113.flac
/root/atadd_track2_subset_v3/train/ATADD_T2_Train_134116.flac,1,music,MusicLDM,ATADD_T2_Train_134116.flac
/root/atadd_track2_subset_v3/train/ATADD_T2_Train_134119.flac,1,music,MusicLDM,ATADD_T2_Train_134119.flac
/root/atadd_track2_subset_v3/train/ATADD_T2_Train_134124.flac,1,music,MusicLDM,ATADD_T2_Train_134124.flac
/root/atadd_track2_subset_v3/train/ATADD_T2_Train_134127.flac,1,music,MusicLDM,ATADD_T2_Train_134127.flac
/root/atadd_track2_subset_v3/train/ATADD_T2_Train_134131.flac,1,music,MusicLDM,ATADD_T2_Train_134131.flac
/root/atadd_track2_subset_v3/train/ATADD_T2_Train_134140.flac,1,music,MusicLDM,ATADD_T2_Train_134140.flac
/root/atadd_track2_subset_v3/train/ATADD_T2_Train_134150.flac,1,music,MusicLDM,ATADD_T2_Train_134150.flac
/root/atadd_track2_subset_v3/train/ATADD_T2_Train_134152.flac,1,music,MusicLDM,ATADD_T2_Train_134152.flac
/root/atadd_track2_subset_v3/train/ATADD_T2_Train_134155.flac,1,music,MusicLDM,ATADD_T2_Train_134155.flac
/root/atadd_track2_subset_v3/train/ATADD_T2_Train_134157.flac,1,music,MusicLDM,ATADD_T2_Train_134157.flac
/root/atadd_track2_subset_v3/train/ATADD_T2_Train_134158.flac,1,music,MusicLDM,ATADD_T2_Train_134158.flac
/root/atadd_track2_subset_v3/train/ATADD_T2_Train_134159.flac,1,music,MusicLDM,ATADD_T2_Train_134159.flac
/root/atadd_track2_subset_v3/train/ATADD_T2_Train_134160.flac,1,music,MusicLDM,ATADD_T2_Train_134160.flac
/root/atadd_track2_subset_v3/train/ATADD_T2_Train_134173.flac,1,music,MusicLDM,ATADD_T2_Train_134173.flac
/root/atadd_track2_subset_v3/train/ATADD_T2_Train_134179.flac,1,music,MusicLDM,ATADD_T2_Train_134179.flac
/root/atadd_track2_subset_v3/train/ATADD_T2_Train_134181.flac,1,music,MusicLDM,ATADD_T2_Train_134181.flac
/root/atadd_track2_subset_v3/train/ATADD_T2_Train_134184.flac,1,music,MusicLDM,ATADD_T2_Train_134184.flac
/root/atadd_track2_subset_v3/train/ATADD_T2_Train_134186.flac,1,music,MusicLDM,ATADD_T2_Train_134186.flac
/root/atadd_track2_subset_v3/train/ATADD_T2_Train_134189.flac,1,music,MusicLDM,ATADD_T2_Train_134189.flac
/root/atadd_track2_subset_v3/train/ATADD_T2_Train_134194.flac,1,music,MusicLDM,ATADD_T2_Train_134194.flac
/root/atadd_track2_subset_v3/train/ATADD_T2_Train_134203.flac,1,music,MusicLDM,ATADD_T2_Train_134203.flac
/root/atadd_track2_subset_v3/train/ATADD_T2_Train_134206.flac,1,music,MusicLDM,ATADD_T2_Train_134206.flac
/root/atadd_track2_subset_v3/train/ATADD_T2_Train_134207.flac,1,music,MusicLDM,ATADD_T2_Train_134207.flac
/root/atadd_track2_subset_v3/train/ATADD_T2_Train_134209.flac,1,music,MusicLDM,ATADD_T2_Train_134209.flac
/root/atadd_track2_subset_v3/train/ATADD_T2_Train_134211.flac,1,music,MusicLDM,ATADD_T2_Train_134211.flac
/root/atadd_track2_subset_v3/train/ATADD_T2_Train_134214.flac,1,music,MusicLDM,ATADD_T2_Train_134214.flac
/root/atadd_track2_subset_v3/train/ATADD_T2_Train_134217.flac,1,music,MusicLDM,ATADD_T2_Train_134217.flac
/root/atadd_track2_subset_v3/train/ATADD_T2_Train_134218.flac,1,music,MusicLDM,ATADD_T2_Train_134218.flac
/root/atadd_track2_subset_v3/train/ATADD_T2_Train_134220.flac,1,music,MusicLDM,ATADD_T2_Train_134220.flac
/root/atadd_track2_subset_v3/train/ATADD_T2_Train_134221.flac,1,music,MusicLDM,ATADD_T2_Train_134221.flac
/root/atadd_track2_subset_v3/train/ATADD_T2_Train_134224.flac,1,music,MusicLDM,ATADD_T2_Train_134224.flac
/root/atadd_track2_subset_v3/train/ATADD_T2_Train_134230.flac,1,music,MusicLDM,ATADD_T2_Train_134230.flac
/root/atadd_track2_subset_v3/train/ATADD_T2_Train_134237.flac,1,music,MusicLDM,ATADD_T2_Train_134237.flac
/root/atadd_track2_subset_v3/train/ATADD_T2_Train_134240.flac,1,music,MusicLDM,ATADD_T2_Train_134240.flac
/root/atadd_track2_subset_v3/train/ATADD_T2_Train_134245.flac,1,music,MusicLDM,ATADD_T2_Train_134245.flac
/root/atadd_track2_subset_v3/train/ATADD_T2_Train_134247.flac,1,music,MusicLDM,ATADD_T2_Train_134247.flac
/root/atadd_track2_subset_v3/train/ATADD_T2_Train_134248.flac,1,music,MusicLDM,ATADD_T2_Train_134248.flac
/root/atadd_track2_subset_v3/train/ATADD_T2_Train_134260.flac,1,music,MusicLDM,ATADD_T2_Train_134260.flac
/root/atadd_track2_subset_v3/train/ATADD_T2_Train_134262.flac,1,music,MusicLDM,ATADD_T2_Train_134262.flac
/root/atadd_track2_subset_v3/train/ATADD_T2_Train_134263.flac,1,music,MusicLDM,ATADD_T2_Train_134263.flac
/root/atadd_track2_subset_v3/train/ATADD_T2_Train_134266.flac,1,music,MusicLDM,ATADD_T2_Train_134266.flac
/root/atadd_track2_subset_v3/train/ATADD_T2_Train_134273.flac,1,music,MusicLDM,ATADD_T2_Train_134273.flac
/root/atadd_track2_subset_v3/train/ATADD_T2_Train_134275.flac,1,music,MusicLDM,ATADD_T2_Train_134275.flac
/root/atadd_track2_subset_v3/train/ATADD_T2_Train_134285.flac,1,music,MusicLDM,ATADD_T2_Train_134285.flac
/root/atadd_track2_subset_v3/train/ATADD_T2_Train_134288.flac,1,music,MusicLDM,ATADD_T2_Train_134288.flac
/root/atadd_track2_subset_v3/train/ATADD_T2_Train_134293.flac,1,music,MusicLDM,ATADD_T2_Train_134293.flac
/root/atadd_track2_subset_v3/train/ATADD_T2_Train_134294.flac,1,music,MusicLDM,ATADD_T2_Train_134294.flac
/root/atadd_track2_subset_v3/train/ATADD_T2_Train_134298.flac,1,music,MusicLDM,ATADD_T2_Train_134298.flac
/root/atadd_track2_subset_v3/train/ATADD_T2_Train_134299.flac,1,music,MusicLDM,ATADD_T2_Train_134299.flac
/root/atadd_track2_subset_v3/train/ATADD_T2_Train_134300.flac,1,music,MusicLDM,ATADD_T2_Train_134300.flac
/root/atadd_track2_subset_v3/train/ATADD_T2_Train_134304.flac,1,music,MusicLDM,ATADD_T2_Train_134304.flac
/root/atadd_track2_subset_v3/train/ATADD_T2_Train_134306.flac,1,music,MusicLDM,ATADD_T2_Train_134306.flac
/root/atadd_track2_subset_v3/train/ATADD_T2_Train_134310.flac,1,music,MusicLDM,ATADD_T2_Train_134310.flac
/root/atadd_track2_subset_v3/train/ATADD_T2_Train_134312.flac,1,music,MusicLDM,ATADD_T2_Train_134312.flac
/root/atadd_track2_subset_v3/train/ATADD_T2_Train_134315.flac,1,music,MusicLDM,ATADD_T2_Train_134315.flac
/root/atadd_track2_subset_v3/train/ATADD_T2_Train_134320.flac,1,music,MusicLDM,ATADD_T2_Train_134320.flac
/root/atadd_track2_subset_v3/train/ATADD_T2_Train_134321.flac,1,music,MusicLDM,ATADD_T2_Train_134321.flac
/root/atadd_track2_subset_v3/train/ATADD_T2_Train_134325.flac,1,music,MusicLDM,ATADD_T2_Train_134325.flac
/root/atadd_track2_subset_v3/train/ATADD_T2_Train_134329.flac,1,music,MusicLDM,ATADD_T2_Train_134329.flac
/root/atadd_track2_subset_v3/train/ATADD_T2_Train_134345.flac,1,music,MusicLDM,ATADD_T2_Train_134345.flac
/root/atadd_track2_subset_v3/train/ATADD_T2_Train_134347.flac,1,music,MusicLDM,ATADD_T2_Train_134347.flac
/root/atadd_track2_subset_v3/train/ATADD_T2_Train_134354.flac,1,music,MusicLDM,ATADD_T2_Train_134354.flac
/root/atadd_track2_subset_v3/train/ATADD_T2_Train_134355.flac,1,music,MusicLDM,ATADD_T2_Train_134355.flac
/root/atadd_track2_subset_v3/train/ATADD_T2_Train_134361.flac,1,music,MusicLDM,ATADD_T2_Train_134361.flac
/root/atadd_track2_subset_v3/train/ATADD_T2_Train_134369.flac,1,music,MusicLDM,ATADD_T2_Train_134369.flac
/root/atadd_track2_subset_v3/train/ATADD_T2_Train_134371.flac,1,music,MusicLDM,ATADD_T2_Train_134371.flac
/root/atadd_track2_subset_v3/train/ATADD_T2_Train_134373.flac,1,music,MusicLDM,ATADD_T2_Train_134373.flac
/root/atadd_track2_subset_v3/train/ATADD_T2_Train_134378.flac,1,music,MusicLDM,ATADD_T2_Train_134378.flac
/root/atadd_track2_subset_v3/train/ATADD_T2_Train_134380.flac,1,music,MusicLDM,ATADD_T2_Train_134380.flac
/root/atadd_track2_subset_v3/train/ATADD_T2_Train_134389.flac,1,music,MusicLDM,ATADD_T2_Train_134389.flac
/root/atadd_track2_subset_v3/train/ATADD_T2_Train_134391.flac,1,music,MusicLDM,ATADD_T2_Train_134391.flac
/root/atadd_track2_subset_v3/train/ATADD_T2_Train_134394.flac,1,music,MusicLDM,ATADD_T2_Train_134394.flac
/root/atadd_track2_subset_v3/train/ATADD_T2_Train_134402.flac,1,music,MusicLDM,ATADD_T2_Train_134402.flac
/root/atadd_track2_subset_v3/train/ATADD_T2_Train_134406.flac,1,music,MusicLDM,ATADD_T2_Train_134406.flac
/root/atadd_track2_subset_v3/train/ATADD_T2_Train_134407.flac,1,music,MusicLDM,ATADD_T2_Train_134407.flac
/root/atadd_track2_subset_v3/train/ATADD_T2_Train_134417.flac,1,music,MusicLDM,ATADD_T2_Train_134417.flac
/root/atadd_track2_subset_v3/train/ATADD_T2_Train_134420.flac,1,music,MusicLDM,ATADD_T2_Train_134420.flac
/root/atadd_track2_subset_v3/train/ATADD_T2_Train_134426.flac,1,music,MusicLDM,ATADD_T2_Train_134426.flac
/root/atadd_track2_subset_v3/train/ATADD_T2_Train_134434.flac,1,music,MusicLDM,ATADD_T2_Train_134434.flac
/root/atadd_track2_subset_v3/train/ATADD_T2_Train_134436.flac,1,music,MusicLDM,ATADD_T2_Train_134436.flac
/root/atadd_track2_subset_v3/train/ATADD_T2_Train_134437.flac,1,music,MusicLDM,ATADD_T2_Train_134437.flac
/root/atadd_track2_subset_v3/train/ATADD_T2_Train_134440.flac,1,music,MusicLDM,ATADD_T2_Train_134440.flac
/root/atadd_track2_subset_v3/train/ATADD_T2_Train_134443.flac,1,music,MusicLDM,ATADD_T2_Train_134443.flac
/root/atadd_track2_subset_v3/train/ATADD_T2_Train_134452.flac,1,music,MusicLDM,ATADD_T2_Train_134452.flac
/root/atadd_track2_subset_v3/train/ATADD_T2_Train_134454.flac,1,music,MusicLDM,ATADD_T2_Train_134454.flac
/root/atadd_track2_subset_v3/train/ATADD_T2_Train_134459.flac,1,music,MusicLDM,ATADD_T2_Train_134459.flac
/root/atadd_track2_subset_v3/train/ATADD_T2_Train_134475.flac,1,music,MusicLDM,ATADD_T2_Train_134475.flac
/root/atadd_track2_subset_v3/train/ATADD_T2_Train_134483.flac,1,music,MusicLDM,ATADD_T2_Train_134483.flac
/root/atadd_track2_subset_v3/train/ATADD_T2_Train_134492.flac,1,music,MusicLDM,ATADD_T2_Train_134492.flac
/root/atadd_track2_subset_v3/train/ATADD_T2_Train_134494.flac,1,music,MusicLDM,ATADD_T2_Train_134494.flac
/root/atadd_track2_subset_v3/train/ATADD_T2_Train_134498.flac,1,music,MusicLDM,ATADD_T2_Train_134498.flac
/root/atadd_track2_subset_v3/train/ATADD_T2_Train_134500.flac,1,music,MusicLDM,ATADD_T2_Train_134500.flac
/root/atadd_track2_subset_v3/train/ATADD_T2_Train_134503.flac,1,music,MusicLDM,ATADD_T2_Train_134503.flac
/root/atadd_track2_subset_v3/train/ATADD_T2_Train_134505.flac,1,music,MusicLDM,ATADD_T2_Train_134505.flac
/root/atadd_track2_subset_v3/train/ATADD_T2_Train_134511.flac,1,music,MusicLDM,ATADD_T2_Train_134511.flac
/root/atadd_track2_subset_v3/train/ATADD_T2_Train_134512.flac,1,music,MusicLDM,ATADD_T2_Train_134512.flac
/root/atadd_track2_subset_v3/train/ATADD_T2_Train_134525.flac,1,music,MusicLDM,ATADD_T2_Train_134525.flac
/root/atadd_track2_subset_v3/train/ATADD_T2_Train_134541.flac,1,music,MusicLDM,ATADD_T2_Train_134541.flac
/root/atadd_track2_subset_v3/train/ATADD_T2_Train_134544.flac,1,music,MusicLDM,ATADD_T2_Train_134544.flac
/root/atadd_track2_subset_v3/train/ATADD_T2_Train_134548.flac,1,music,MusicLDM,ATADD_T2_Train_134548.flac
/root/atadd_track2_subset_v3/train/ATADD_T2_Train_134552.flac,1,music,MusicLDM,ATADD_T2_Train_134552.flac
/root/atadd_track2_subset_v3/train/ATADD_T2_Train_134553.flac,1,music,MusicLDM,ATADD_T2_Train_134553.flac
/root/atadd_track2_subset_v3/train/ATADD_T2_Train_134555.flac,1,music,MusicLDM,ATADD_T2_Train_134555.flac
/root/atadd_track2_subset_v3/train/ATADD_T2_Train_134558.flac,1,music,MusicLDM,ATADD_T2_Train_134558.flac
/root/atadd_track2_subset_v3/train/ATADD_T2_Train_134565.flac,1,music,MusicLDM,ATADD_T2_Train_134565.flac
/root/atadd_track2_subset_v3/train/ATADD_T2_Train_134569.flac,1,music,MusicLDM,ATADD_T2_Train_134569.flac
/root/atadd_track2_subset_v3/train/ATADD_T2_Train_134573.flac,1,music,MusicLDM,ATADD_T2_Train_134573.flac
/root/atadd_track2_subset_v3/train/ATADD_T2_Train_134582.flac,1,music,MusicLDM,ATADD_T2_Train_134582.flac
/root/atadd_track2_subset_v3/train/ATADD_T2_Train_134583.flac,1,music,MusicLDM,ATADD_T2_Train_134583.flac
/root/atadd_track2_subset_v3/train/ATADD_T2_Train_134584.flac,1,music,MusicLDM,ATADD_T2_Train_134584.flac
/root/atadd_track2_subset_v3/train/ATADD_T2_Train_134592.flac,1,music,MusicLDM,ATADD_T2_Train_134592.flac
/root/atadd_track2_subset_v3/train/ATADD_T2_Train_134593.flac,1,music,MusicLDM,ATADD_T2_Train_134593.flac
/root/atadd_track2_subset_v3/train/ATADD_T2_Train_134595.flac,1,music,MusicLDM,ATADD_T2_Train_134595.flac
/root/atadd_track2_subset_v3/train/ATADD_T2_Train_134597.flac,1,music,MusicLDM,ATADD_T2_Train_134597.flac
/root/atadd_track2_subset_v3/train/ATADD_T2_Train_134600.flac,1,music,MusicLDM,ATADD_T2_Train_134600.flac
/root/atadd_track2_subset_v3/train/ATADD_T2_Train_134601.flac,1,music,MusicLDM,ATADD_T2_Train_134601.flac
/root/atadd_track2_subset_v3/train/ATADD_T2_Train_134602.flac,1,music,MusicLDM,ATADD_T2_Train_134602.flac
/root/atadd_track2_subset_v3/train/ATADD_T2_Train_134612.flac,1,music,MusicLDM,ATADD_T2_Train_134612.flac
/root/atadd_track2_subset_v3/train/ATADD_T2_Train_134613.flac,1,music,MusicLDM,ATADD_T2_Train_134613.flac
/root/atadd_track2_subset_v3/train/ATADD_T2_Train_134616.flac,1,music,MusicLDM,ATADD_T2_Train_134616.flac
/root/atadd_track2_subset_v3/train/ATADD_T2_Train_134623.flac,1,music,MusicLDM,ATADD_T2_Train_134623.flac
/root/atadd_track2_subset_v3/train/ATADD_T2_Train_134625.flac,1,music,MusicLDM,ATADD_T2_Train_134625.flac
/root/atadd_track2_subset_v3/train/ATADD_T2_Train_134630.flac,1,music,MusicLDM,ATADD_T2_Train_134630.flac
/root/atadd_track2_subset_v3/train/ATADD_T2_Train_134636.flac,1,music,MusicLDM,ATADD_T2_Train_134636.flac
/root/atadd_track2_subset_v3/train/ATADD_T2_Train_134640.flac,1,music,MusicLDM,ATADD_T2_Train_134640.flac
/root/atadd_track2_subset_v3/train/ATADD_T2_Train_134646.flac,1,music,MusicLDM,ATADD_T2_Train_134646.flac
/root/atadd_track2_subset_v3/train/ATADD_T2_Train_134650.flac,1,music,MusicLDM,ATADD_T2_Train_134650.flac
/root/atadd_track2_subset_v3/train/ATADD_T2_Train_134652.flac,1,music,MusicLDM,ATADD_T2_Train_134652.flac
/root/atadd_track2_subset_v3/train/ATADD_T2_Train_134653.flac,1,music,MusicLDM,ATADD_T2_Train_134653.flac
/root/atadd_track2_subset_v3/train/ATADD_T2_Train_134655.flac,1,music,MusicLDM,ATADD_T2_Train_134655.flac
/root/atadd_track2_subset_v3/train/ATADD_T2_Train_134656.flac,1,music,MusicLDM,ATADD_T2_Train_134656.flac
/root/atadd_track2_subset_v3/train/ATADD_T2_Train_134659.flac,1,music,MusicLDM,ATADD_T2_Train_134659.flac
/root/atadd_track2_subset_v3/train/ATADD_T2_Train_134661.flac,1,music,MusicLDM,ATADD_T2_Train_134661.flac
/root/atadd_track2_subset_v3/train/ATADD_T2_Train_134665.flac,1,music,MusicLDM,ATADD_T2_Train_134665.flac
/root/atadd_track2_subset_v3/train/ATADD_T2_Train_134673.flac,1,music,MusicLDM,ATADD_T2_Train_134673.flac
/root/atadd_track2_subset_v3/train/ATADD_T2_Train_134675.flac,1,music,MusicLDM,ATADD_T2_Train_134675.flac
/root/atadd_track2_subset_v3/train/ATADD_T2_Train_134684.flac,1,music,MusicLDM,ATADD_T2_Train_134684.flac
/root/atadd_track2_subset_v3/train/ATADD_T2_Train_134697.flac,1,music,MusicLDM,ATADD_T2_Train_134697.flac
/root/atadd_track2_subset_v3/train/ATADD_T2_Train_134698.flac,1,music,MusicLDM,ATADD_T2_Train_134698.flac
/root/atadd_track2_subset_v3/train/ATADD_T2_Train_134706.flac,1,music,MusicLDM,ATADD_T2_Train_134706.flac
/root/atadd_track2_subset_v3/train/ATADD_T2_Train_134707.flac,1,music,MusicLDM,ATADD_T2_Train_134707.flac
/root/atadd_track2_subset_v3/train/ATADD_T2_Train_134714.flac,1,music,MusicLDM,ATADD_T2_Train_134714.flac
/root/atadd_track2_subset_v3/train/ATADD_T2_Train_134716.flac,1,music,MusicLDM,ATADD_T2_Train_134716.flac
/root/atadd_track2_subset_v3/train/ATADD_T2_Train_134720.flac,1,music,MusicLDM,ATADD_T2_Train_134720.flac
/root/atadd_track2_subset_v3/train/ATADD_T2_Train_134721.flac,1,music,MusicLDM,ATADD_T2_Train_134721.flac
/root/atadd_track2_subset_v3/train/ATADD_T2_Train_134722.flac,1,music,MusicLDM,ATADD_T2_Train_134722.flac
/root/atadd_track2_subset_v3/train/ATADD_T2_Train_134726.flac,1,music,MusicLDM,ATADD_T2_Train_134726.flac
/root/atadd_track2_subset_v3/train/ATADD_T2_Train_134727.flac,1,music,MusicLDM,ATADD_T2_Train_134727.flac
/root/atadd_track2_subset_v3/train/ATADD_T2_Train_134730.flac,1,music,MusicLDM,ATADD_T2_Train_134730.flac
/root/atadd_track2_subset_v3/train/ATADD_T2_Train_134732.flac,1,music,MusicLDM,ATADD_T2_Train_134732.flac
/root/atadd_track2_subset_v3/train/ATADD_T2_Train_134740.flac,1,music,MusicLDM,ATADD_T2_Train_134740.flac
/root/atadd_track2_subset_v3/train/ATADD_T2_Train_134745.flac,1,music,MusicLDM,ATADD_T2_Train_134745.flac
/root/atadd_track2_subset_v3/train/ATADD_T2_Train_134749.flac,1,music,MusicLDM,ATADD_T2_Train_134749.flac
/root/atadd_track2_subset_v3/train/ATADD_T2_Train_134751.flac,1,music,MusicLDM,ATADD_T2_Train_134751.flac
/root/atadd_track2_subset_v3/train/ATADD_T2_Train_134758.flac,1,music,MusicLDM,ATADD_T2_Train_134758.flac
/root/atadd_track2_subset_v3/train/ATADD_T2_Train_134763.flac,1,music,MusicLDM,ATADD_T2_Train_134763.flac
/root/atadd_track2_subset_v3/train/ATADD_T2_Train_134765.flac,1,music,MusicLDM,ATADD_T2_Train_134765.flac
/root/atadd_track2_subset_v3/train/ATADD_T2_Train_134766.flac,1,music,MusicLDM,ATADD_T2_Train_134766.flac
/root/atadd_track2_subset_v3/train/ATADD_T2_Train_134767.flac,1,music,MusicLDM,ATADD_T2_Train_134767.flac
/root/atadd_track2_subset_v3/train/ATADD_T2_Train_134768.flac,1,music,MusicLDM,ATADD_T2_Train_134768.flac
/root/atadd_track2_subset_v3/train/ATADD_T2_Train_134771.flac,1,music,MusicLDM,ATADD_T2_Train_134771.flac
/root/atadd_track2_subset_v3/train/ATADD_T2_Train_134776.flac,1,music,MusicLDM,ATADD_T2_Train_134776.flac
/root/atadd_track2_subset_v3/train/ATADD_T2_Train_134777.flac,1,music,MusicLDM,ATADD_T2_Train_134777.flac
/root/atadd_track2_subset_v3/train/ATADD_T2_Train_134783.flac,1,music,MusicLDM,ATADD_T2_Train_134783.flac
/root/atadd_track2_subset_v3/train/ATADD_T2_Train_134784.flac,1,music,MusicLDM,ATADD_T2_Train_134784.flac
/root/atadd_track2_subset_v3/train/ATADD_T2_Train_134785.flac,1,music,MusicLDM,ATADD_T2_Train_134785.flac
/root/atadd_track2_subset_v3/train/ATADD_T2_Train_134790.flac,1,music,MusicLDM,ATADD_T2_Train_134790.flac
/root/atadd_track2_subset_v3/train/ATADD_T2_Train_134796.flac,1,music,MusicLDM,ATADD_T2_Train_134796.flac
/root/atadd_track2_subset_v3/train/ATADD_T2_Train_134801.flac,1,music,MusicLDM,ATADD_T2_Train_134801.flac
/root/atadd_track2_subset_v3/train/ATADD_T2_Train_134804.flac,1,music,MusicLDM,ATADD_T2_Train_134804.flac
/root/atadd_track2_subset_v3/train/ATADD_T2_Train_134805.flac,1,music,MusicLDM,ATADD_T2_Train_134805.flac
/root/atadd_track2_subset_v3/train/ATADD_T2_Train_134806.flac,1,music,MusicLDM,ATADD_T2_Train_134806.flac
/root/atadd_track2_subset_v3/train/ATADD_T2_Train_134807.flac,1,music,MusicLDM,ATADD_T2_Train_134807.flac
/root/atadd_track2_subset_v3/train/ATADD_T2_Train_134811.flac,1,music,MusicLDM,ATADD_T2_Train_134811.flac
/root/atadd_track2_subset_v3/train/ATADD_T2_Train_134815.flac,1,music,MusicLDM,ATADD_T2_Train_134815.flac
/root/atadd_track2_subset_v3/train/ATADD_T2_Train_134824.flac,1,music,MusicLDM,ATADD_T2_Train_134824.flac
/root/atadd_track2_subset_v3/train/ATADD_T2_Train_134835.flac,1,music,MusicLDM,ATADD_T2_Train_134835.flac
/root/atadd_track2_subset_v3/train/ATADD_T2_Train_134842.flac,1,music,MusicLDM,ATADD_T2_Train_134842.flac
/root/atadd_track2_subset_v3/train/ATADD_T2_Train_134855.flac,1,music,MusicLDM,ATADD_T2_Train_134855.flac
/root/atadd_track2_subset_v3/train/ATADD_T2_Train_134859.flac,1,music,MusicLDM,ATADD_T2_Train_134859.flac
/root/atadd_track2_subset_v3/train/ATADD_T2_Train_134860.flac,1,music,MusicLDM,ATADD_T2_Train_134860.flac
/root/atadd_track2_subset_v3/train/ATADD_T2_Train_134867.flac,1,music,MusicLDM,ATADD_T2_Train_134867.flac
/root/atadd_track2_subset_v3/train/ATADD_T2_Train_134869.flac,1,music,MusicLDM,ATADD_T2_Train_134869.flac
/root/atadd_track2_subset_v3/train/ATADD_T2_Train_134870.flac,1,music,MusicLDM,ATADD_T2_Train_134870.flac
/root/atadd_track2_subset_v3/train/ATADD_T2_Train_134871.flac,1,music,MusicLDM,ATADD_T2_Train_134871.flac
/root/atadd_track2_subset_v3/train/ATADD_T2_Train_134872.flac,1,music,MusicLDM,ATADD_T2_Train_134872.flac
/root/atadd_track2_subset_v3/train/ATADD_T2_Train_134874.flac,1,music,MusicLDM,ATADD_T2_Train_134874.flac
/root/atadd_track2_subset_v3/train/ATADD_T2_Train_134877.flac,1,music,MusicLDM,ATADD_T2_Train_134877.flac
/root/atadd_track2_subset_v3/train/ATADD_T2_Train_134882.flac,1,music,MusicLDM,ATADD_T2_Train_134882.flac
/root/atadd_track2_subset_v3/train/ATADD_T2_Train_134888.flac,1,music,MusicLDM,ATADD_T2_Train_134888.flac
/root/atadd_track2_subset_v3/train/ATADD_T2_Train_134889.flac,1,music,MusicLDM,ATADD_T2_Train_134889.flac
/root/atadd_track2_subset_v3/train/ATADD_T2_Train_134892.flac,1,music,MusicLDM,ATADD_T2_Train_134892.flac
/root/atadd_track2_subset_v3/train/ATADD_T2_Train_134895.flac,1,music,MusicLDM,ATADD_T2_Train_134895.flac
/root/atadd_track2_subset_v3/train/ATADD_T2_Train_134902.flac,1,music,MusicLDM,ATADD_T2_Train_134902.flac
/root/atadd_track2_subset_v3/train/ATADD_T2_Train_134904.flac,1,music,MusicLDM,ATADD_T2_Train_134904.flac
/root/atadd_track2_subset_v3/train/ATADD_T2_Train_134914.flac,1,music,MusicLDM,ATADD_T2_Train_134914.flac
/root/atadd_track2_subset_v3/train/ATADD_T2_Train_134922.flac,1,music,MusicLDM,ATADD_T2_Train_134922.flac
/root/atadd_track2_subset_v3/train/ATADD_T2_Train_134928.flac,1,music,MusicLDM,ATADD_T2_Train_134928.flac
/root/atadd_track2_subset_v3/train/ATADD_T2_Train_134929.flac,1,music,MusicLDM,ATADD_T2_Train_134929.flac
/root/atadd_track2_subset_v3/train/ATADD_T2_Train_134930.flac,1,music,MusicLDM,ATADD_T2_Train_134930.flac
/root/atadd_track2_subset_v3/train/ATADD_T2_Train_134934.flac,1,music,MusicLDM,ATADD_T2_Train_134934.flac
/root/atadd_track2_subset_v3/train/ATADD_T2_Train_134935.flac,1,music,MusicLDM,ATADD_T2_Train_134935.flac
/root/atadd_track2_subset_v3/train/ATADD_T2_Train_134936.flac,1,music,MusicLDM,ATADD_T2_Train_134936.flac
/root/atadd_track2_subset_v3/train/ATADD_T2_Train_134943.flac,1,music,MusicLDM,ATADD_T2_Train_134943.flac
/root/atadd_track2_subset_v3/train/ATADD_T2_Train_134944.flac,1,music,MusicLDM,ATADD_T2_Train_134944.flac
/root/atadd_track2_subset_v3/train/ATADD_T2_Train_134946.flac,1,music,MusicLDM,ATADD_T2_Train_134946.flac
/root/atadd_track2_subset_v3/train/ATADD_T2_Train_134955.flac,1,music,MusicLDM,ATADD_T2_Train_134955.flac
/root/atadd_track2_subset_v3/train/ATADD_T2_Train_134960.flac,1,music,MusicLDM,ATADD_T2_Train_134960.flac
/root/atadd_track2_subset_v3/train/ATADD_T2_Train_134966.flac,1,music,MusicLDM,ATADD_T2_Train_134966.flac
/root/atadd_track2_subset_v3/train/ATADD_T2_Train_134968.flac,1,music,MusicLDM,ATADD_T2_Train_134968.flac
/root/atadd_track2_subset_v3/train/ATADD_T2_Train_134980.flac,1,music,MusicLDM,ATADD_T2_Train_134980.flac
/root/atadd_track2_subset_v3/train/ATADD_T2_Train_134982.flac,1,music,MusicLDM,ATADD_T2_Train_134982.flac
/root/atadd_track2_subset_v3/train/ATADD_T2_Train_134985.flac,1,music,MusicLDM,ATADD_T2_Train_134985.flac
/root/atadd_track2_subset_v3/train/ATADD_T2_Train_134986.flac,1,music,MusicLDM,ATADD_T2_Train_134986.flac
/root/atadd_track2_subset_v3/train/ATADD_T2_Train_134987.flac,1,music,MusicLDM,ATADD_T2_Train_134987.flac
/root/atadd_track2_subset_v3/train/ATADD_T2_Train_134992.flac,1,music,MusicLDM,ATADD_T2_Train_134992.flac
/root/atadd_track2_subset_v3/train/ATADD_T2_Train_134996.flac,1,music,MusicLDM,ATADD_T2_Train_134996.flac
/root/atadd_track2_subset_v3/train/ATADD_T2_Train_135006.flac,1,music,MusicLDM,ATADD_T2_Train_135006.flac
/root/atadd_track2_subset_v3/train/ATADD_T2_Train_135007.flac,1,music,MusicLDM,ATADD_T2_Train_135007.flac
/root/atadd_track2_subset_v3/train/ATADD_T2_Train_135014.flac,1,music,MusicLDM,ATADD_T2_Train_135014.flac
/root/atadd_track2_subset_v3/train/ATADD_T2_Train_135020.flac,1,music,MusicLDM,ATADD_T2_Train_135020.flac
/root/atadd_track2_subset_v3/train/ATADD_T2_Train_135021.flac,1,music,MusicLDM,ATADD_T2_Train_135021.flac
/root/atadd_track2_subset_v3/train/ATADD_T2_Train_135023.flac,1,music,MusicLDM,ATADD_T2_Train_135023.flac
/root/atadd_track2_subset_v3/train/ATADD_T2_Train_135029.flac,1,music,MusicLDM,ATADD_T2_Train_135029.flac
/root/atadd_track2_subset_v3/train/ATADD_T2_Train_135036.flac,1,music,MusicLDM,ATADD_T2_Train_135036.flac
/root/atadd_track2_subset_v3/train/ATADD_T2_Train_135037.flac,1,music,MusicLDM,ATADD_T2_Train_135037.flac
/root/atadd_track2_subset_v3/train/ATADD_T2_Train_135042.flac,1,music,MusicLDM,ATADD_T2_Train_135042.flac
/root/atadd_track2_subset_v3/train/ATADD_T2_Train_135051.flac,1,music,MusicLDM,ATADD_T2_Train_135051.flac
/root/atadd_track2_subset_v3/train/ATADD_T2_Train_135063.flac,1,music,MusicLDM,ATADD_T2_Train_135063.flac
/root/atadd_track2_subset_v3/train/ATADD_T2_Train_135065.flac,1,music,MusicLDM,ATADD_T2_Train_135065.flac
/root/atadd_track2_subset_v3/train/ATADD_T2_Train_135067.flac,1,music,MusicLDM,ATADD_T2_Train_135067.flac
/root/atadd_track2_subset_v3/train/ATADD_T2_Train_135071.flac,1,music,MusicLDM,ATADD_T2_Train_135071.flac
/root/atadd_track2_subset_v3/train/ATADD_T2_Train_135079.flac,1,music,MusicLDM,ATADD_T2_Train_135079.flac
/root/atadd_track2_subset_v3/train/ATADD_T2_Train_135081.flac,1,music,MusicLDM,ATADD_T2_Train_135081.flac
/root/atadd_track2_subset_v3/train/ATADD_T2_Train_135090.flac,1,music,MusicLDM,ATADD_T2_Train_135090.flac
/root/atadd_track2_subset_v3/train/ATADD_T2_Train_135092.flac,1,music,MusicLDM,ATADD_T2_Train_135092.flac
/root/atadd_track2_subset_v3/train/ATADD_T2_Train_135098.flac,1,music,MusicLDM,ATADD_T2_Train_135098.flac
/root/atadd_track2_subset_v3/train/ATADD_T2_Train_135099.flac,1,music,MusicLDM,ATADD_T2_Train_135099.flac
/root/atadd_track2_subset_v3/train/ATADD_T2_Train_135104.flac,1,music,MusicLDM,ATADD_T2_Train_135104.flac
/root/atadd_track2_subset_v3/train/ATADD_T2_Train_135107.flac,1,music,MusicLDM,ATADD_T2_Train_135107.flac
/root/atadd_track2_subset_v3/train/ATADD_T2_Train_135108.flac,1,music,MusicLDM,ATADD_T2_Train_135108.flac
/root/atadd_track2_subset_v3/train/ATADD_T2_Train_135115.flac,1,music,MusicLDM,ATADD_T2_Train_135115.flac
/root/atadd_track2_subset_v3/train/ATADD_T2_Train_135119.flac,1,music,MusicLDM,ATADD_T2_Train_135119.flac
/root/atadd_track2_subset_v3/train/ATADD_T2_Train_135121.flac,1,music,MusicLDM,ATADD_T2_Train_135121.flac
/root/atadd_track2_subset_v3/train/ATADD_T2_Train_135123.flac,1,music,MusicLDM,ATADD_T2_Train_135123.flac
/root/atadd_track2_subset_v3/train/ATADD_T2_Train_135132.flac,1,music,MusicLDM,ATADD_T2_Train_135132.flac
/root/atadd_track2_subset_v3/train/ATADD_T2_Train_135136.flac,1,music,MusicLDM,ATADD_T2_Train_135136.flac
/root/atadd_track2_subset_v3/train/ATADD_T2_Train_135137.flac,1,music,MusicLDM,ATADD_T2_Train_135137.flac
/root/atadd_track2_subset_v3/train/ATADD_T2_Train_135139.flac,1,music,MusicLDM,ATADD_T2_Train_135139.flac
/root/atadd_track2_subset_v3/train/ATADD_T2_Train_135147.flac,1,music,MusicLDM,ATADD_T2_Train_135147.flac
/root/atadd_track2_subset_v3/train/ATADD_T2_Train_135149.flac,1,music,MusicLDM,ATADD_T2_Train_135149.flac
/root/atadd_track2_subset_v3/train/ATADD_T2_Train_135151.flac,1,music,MusicLDM,ATADD_T2_Train_135151.flac
/root/atadd_track2_subset_v3/train/ATADD_T2_Train_135162.flac,1,music,MusicLDM,ATADD_T2_Train_135162.flac
/root/atadd_track2_subset_v3/train/ATADD_T2_Train_135163.flac,1,music,MusicLDM,ATADD_T2_Train_135163.flac
/root/atadd_track2_subset_v3/train/ATADD_T2_Train_135164.flac,1,music,MusicLDM,ATADD_T2_Train_135164.flac
/root/atadd_track2_subset_v3/train/ATADD_T2_Train_135173.flac,1,music,MusicLDM,ATADD_T2_Train_135173.flac
/root/atadd_track2_subset_v3/train/ATADD_T2_Train_135178.flac,1,music,MusicLDM,ATADD_T2_Train_135178.flac
/root/atadd_track2_subset_v3/train/ATADD_T2_Train_135180.flac,1,music,MusicLDM,ATADD_T2_Train_135180.flac
/root/atadd_track2_subset_v3/train/ATADD_T2_Train_135181.flac,1,music,MusicLDM,ATADD_T2_Train_135181.flac
/root/atadd_track2_subset_v3/train/ATADD_T2_Train_135182.flac,1,music,MusicLDM,ATADD_T2_Train_135182.flac
/root/atadd_track2_subset_v3/train/ATADD_T2_Train_135184.flac,1,music,MusicLDM,ATADD_T2_Train_135184.flac
/root/atadd_track2_subset_v3/train/ATADD_T2_Train_135185.flac,1,music,MusicLDM,ATADD_T2_Train_135185.flac
/root/atadd_track2_subset_v3/train/ATADD_T2_Train_135190.flac,1,music,MusicLDM,ATADD_T2_Train_135190.flac
/root/atadd_track2_subset_v3/train/ATADD_T2_Train_135192.flac,1,music,MusicLDM,ATADD_T2_Train_135192.flac
/root/atadd_track2_subset_v3/train/ATADD_T2_Train_135193.flac,1,music,MusicLDM,ATADD_T2_Train_135193.flac
/root/atadd_track2_subset_v3/train/ATADD_T2_Train_135195.flac,1,music,MusicLDM,ATADD_T2_Train_135195.flac
/root/atadd_track2_subset_v3/train/ATADD_T2_Train_135198.flac,1,music,MusicLDM,ATADD_T2_Train_135198.flac
/root/atadd_track2_subset_v3/train/ATADD_T2_Train_135204.flac,1,music,MusicLDM,ATADD_T2_Train_135204.flac
/root/atadd_track2_subset_v3/train/ATADD_T2_Train_135208.flac,1,music,MusicLDM,ATADD_T2_Train_135208.flac
/root/atadd_track2_subset_v3/train/ATADD_T2_Train_135211.flac,1,music,MusicLDM,ATADD_T2_Train_135211.flac
/root/atadd_track2_subset_v3/train/ATADD_T2_Train_135214.flac,1,music,MusicLDM,ATADD_T2_Train_135214.flac
/root/atadd_track2_subset_v3/train/ATADD_T2_Train_135217.flac,1,music,MusicLDM,ATADD_T2_Train_135217.flac
/root/atadd_track2_subset_v3/train/ATADD_T2_Train_135222.flac,1,music,MusicLDM,ATADD_T2_Train_135222.flac
/root/atadd_track2_subset_v3/train/ATADD_T2_Train_135224.flac,1,music,MusicLDM,ATADD_T2_Train_135224.flac
/root/atadd_track2_subset_v3/train/ATADD_T2_Train_135225.flac,1,music,MusicLDM,ATADD_T2_Train_135225.flac
/root/atadd_track2_subset_v3/train/ATADD_T2_Train_135230.flac,1,music,MusicLDM,ATADD_T2_Train_135230.flac
/root/atadd_track2_subset_v3/train/ATADD_T2_Train_135237.flac,1,music,MusicLDM,ATADD_T2_Train_135237.flac
/root/atadd_track2_subset_v3/train/ATADD_T2_Train_135238.flac,1,music,MusicLDM,ATADD_T2_Train_135238.flac
/root/atadd_track2_subset_v3/train/ATADD_T2_Train_135250.flac,1,music,MusicLDM,ATADD_T2_Train_135250.flac
/root/atadd_track2_subset_v3/train/ATADD_T2_Train_135259.flac,1,music,MusicLDM,ATADD_T2_Train_135259.flac
/root/atadd_track2_subset_v3/train/ATADD_T2_Train_135266.flac,1,music,MusicLDM,ATADD_T2_Train_135266.flac
/root/atadd_track2_subset_v3/train/ATADD_T2_Train_135267.flac,1,music,MusicLDM,ATADD_T2_Train_135267.flac
/root/atadd_track2_subset_v3/train/ATADD_T2_Train_135269.flac,1,music,MusicLDM,ATADD_T2_Train_135269.flac
/root/atadd_track2_subset_v3/train/ATADD_T2_Train_135273.flac,1,music,MusicLDM,ATADD_T2_Train_135273.flac
/root/atadd_track2_subset_v3/train/ATADD_T2_Train_135283.flac,1,music,MusicLDM,ATADD_T2_Train_135283.flac
/root/atadd_track2_subset_v3/train/ATADD_T2_Train_135287.flac,1,music,MusicLDM,ATADD_T2_Train_135287.flac
/root/atadd_track2_subset_v3/train/ATADD_T2_Train_135300.flac,1,music,MusicLDM,ATADD_T2_Train_135300.flac
/root/atadd_track2_subset_v3/train/ATADD_T2_Train_135302.flac,1,music,MusicLDM,ATADD_T2_Train_135302.flac
/root/atadd_track2_subset_v3/train/ATADD_T2_Train_135303.flac,1,music,MusicLDM,ATADD_T2_Train_135303.flac
/root/atadd_track2_subset_v3/train/ATADD_T2_Train_135310.flac,1,music,MusicLDM,ATADD_T2_Train_135310.flac
/root/atadd_track2_subset_v3/train/ATADD_T2_Train_135320.flac,1,music,MusicLDM,ATADD_T2_Train_135320.flac
/root/atadd_track2_subset_v3/train/ATADD_T2_Train_135322.flac,1,music,MusicLDM,ATADD_T2_Train_135322.flac
/root/atadd_track2_subset_v3/train/ATADD_T2_Train_135328.flac,1,music,MusicLDM,ATADD_T2_Train_135328.flac
/root/atadd_track2_subset_v3/train/ATADD_T2_Train_135344.flac,1,music,MusicLDM,ATADD_T2_Train_135344.flac
/root/atadd_track2_subset_v3/train/ATADD_T2_Train_135355.flac,1,music,MusicLDM,ATADD_T2_Train_135355.flac
/root/atadd_track2_subset_v3/train/ATADD_T2_Train_135366.flac,1,music,MusicLDM,ATADD_T2_Train_135366.flac
/root/atadd_track2_subset_v3/train/ATADD_T2_Train_135367.flac,1,music,MusicLDM,ATADD_T2_Train_135367.flac
/root/atadd_track2_subset_v3/train/ATADD_T2_Train_135370.flac,1,music,MusicLDM,ATADD_T2_Train_135370.flac
/root/atadd_track2_subset_v3/train/ATADD_T2_Train_135374.flac,1,music,MusicLDM,ATADD_T2_Train_135374.flac
/root/atadd_track2_subset_v3/train/ATADD_T2_Train_135375.flac,1,music,MusicLDM,ATADD_T2_Train_135375.flac
/root/atadd_track2_subset_v3/train/ATADD_T2_Train_135377.flac,1,music,MusicLDM,ATADD_T2_Train_135377.flac
/root/atadd_track2_subset_v3/train/ATADD_T2_Train_135387.flac,1,music,MusicLDM,ATADD_T2_Train_135387.flac
/root/atadd_track2_subset_v3/train/ATADD_T2_Train_135388.flac,1,music,MusicLDM,ATADD_T2_Train_135388.flac
/root/atadd_track2_subset_v3/train/ATADD_T2_Train_135389.flac,1,music,MusicLDM,ATADD_T2_Train_135389.flac
/root/atadd_track2_subset_v3/train/ATADD_T2_Train_135398.flac,1,music,MusicLDM,ATADD_T2_Train_135398.flac
/root/atadd_track2_subset_v3/train/ATADD_T2_Train_135403.flac,1,music,MusicLDM,ATADD_T2_Train_135403.flac
/root/atadd_track2_subset_v3/train/ATADD_T2_Train_135405.flac,1,music,MusicLDM,ATADD_T2_Train_135405.flac
/root/atadd_track2_subset_v3/train/ATADD_T2_Train_135406.flac,1,music,MusicLDM,ATADD_T2_Train_135406.flac
/root/atadd_track2_subset_v3/train/ATADD_T2_Train_135407.flac,1,music,MusicLDM,ATADD_T2_Train_135407.flac
/root/atadd_track2_subset_v3/train/ATADD_T2_Train_135408.flac,1,music,MusicLDM,ATADD_T2_Train_135408.flac
/root/atadd_track2_subset_v3/train/ATADD_T2_Train_135409.flac,1,music,MusicLDM,ATADD_T2_Train_135409.flac
/root/atadd_track2_subset_v3/train/ATADD_T2_Train_135410.flac,1,music,MusicLDM,ATADD_T2_Train_135410.flac
/root/atadd_track2_subset_v3/train/ATADD_T2_Train_135415.flac,1,music,MusicLDM,ATADD_T2_Train_135415.flac
/root/atadd_track2_subset_v3/train/ATADD_T2_Train_135417.flac,1,music,MusicLDM,ATADD_T2_Train_135417.flac
/root/atadd_track2_subset_v3/train/ATADD_T2_Train_135421.flac,1,music,MusicLDM,ATADD_T2_Train_135421.flac
/root/atadd_track2_subset_v3/train/ATADD_T2_Train_135422.flac,1,music,MusicLDM,ATADD_T2_Train_135422.flac
/root/atadd_track2_subset_v3/train/ATADD_T2_Train_135429.flac,1,music,MusicLDM,ATADD_T2_Train_135429.flac
/root/atadd_track2_subset_v3/train/ATADD_T2_Train_135430.flac,1,music,MusicLDM,ATADD_T2_Train_135430.flac
/root/atadd_track2_subset_v3/train/ATADD_T2_Train_135432.flac,1,music,MusicLDM,ATADD_T2_Train_135432.flac
/root/atadd_track2_subset_v3/train/ATADD_T2_Train_135437.flac,1,music,MusicLDM,ATADD_T2_Train_135437.flac
/root/atadd_track2_subset_v3/train/ATADD_T2_Train_135440.flac,1,music,MusicLDM,ATADD_T2_Train_135440.flac
/root/atadd_track2_subset_v3/train/ATADD_T2_Train_135448.flac,1,music,MusicLDM,ATADD_T2_Train_135448.flac
/root/atadd_track2_subset_v3/train/ATADD_T2_Train_135449.flac,1,music,MusicLDM,ATADD_T2_Train_135449.flac
/root/atadd_track2_subset_v3/train/ATADD_T2_Train_135450.flac,1,music,MusicLDM,ATADD_T2_Train_135450.flac
/root/atadd_track2_subset_v3/train/ATADD_T2_Train_135451.flac,1,music,MusicLDM,ATADD_T2_Train_135451.flac
/root/atadd_track2_subset_v3/train/ATADD_T2_Train_135453.flac,1,music,MusicLDM,ATADD_T2_Train_135453.flac
/root/atadd_track2_subset_v3/train/ATADD_T2_Train_135456.flac,1,music,MusicLDM,ATADD_T2_Train_135456.flac
/root/atadd_track2_subset_v3/train/ATADD_T2_Train_135458.flac,1,music,MusicLDM,ATADD_T2_Train_135458.flac
/root/atadd_track2_subset_v3/train/ATADD_T2_Train_135463.flac,1,music,MusicLDM,ATADD_T2_Train_135463.flac
/root/atadd_track2_subset_v3/train/ATADD_T2_Train_135465.flac,1,music,MusicLDM,ATADD_T2_Train_135465.flac
/root/atadd_track2_subset_v3/train/ATADD_T2_Train_135468.flac,1,music,MusicLDM,ATADD_T2_Train_135468.flac
/root/atadd_track2_subset_v3/train/ATADD_T2_Train_135470.flac,1,music,MusicLDM,ATADD_T2_Train_135470.flac
/root/atadd_track2_subset_v3/train/ATADD_T2_Train_135472.flac,1,music,MusicLDM,ATADD_T2_Train_135472.flac
/root/atadd_track2_subset_v3/train/ATADD_T2_Train_135473.flac,1,music,MusicLDM,ATADD_T2_Train_135473.flac
/root/atadd_track2_subset_v3/train/ATADD_T2_Train_135476.flac,1,music,MusicLDM,ATADD_T2_Train_135476.flac
/root/atadd_track2_subset_v3/train/ATADD_T2_Train_135483.flac,1,music,MusicLDM,ATADD_T2_Train_135483.flac
/root/atadd_track2_subset_v3/train/ATADD_T2_Train_135484.flac,1,music,MusicLDM,ATADD_T2_Train_135484.flac
/root/atadd_track2_subset_v3/train/ATADD_T2_Train_135500.flac,1,music,MusicLDM,ATADD_T2_Train_135500.flac
/root/atadd_track2_subset_v3/train/ATADD_T2_Train_135507.flac,1,music,MusicLDM,ATADD_T2_Train_135507.flac
/root/atadd_track2_subset_v3/train/ATADD_T2_Train_135514.flac,1,music,MusicLDM,ATADD_T2_Train_135514.flac
/root/atadd_track2_subset_v3/train/ATADD_T2_Train_135517.flac,1,music,MusicLDM,ATADD_T2_Train_135517.flac
/root/atadd_track2_subset_v3/train/ATADD_T2_Train_135519.flac,1,music,MusicLDM,ATADD_T2_Train_135519.flac
/root/atadd_track2_subset_v3/train/ATADD_T2_Train_135526.flac,1,music,MusicLDM,ATADD_T2_Train_135526.flac
/root/atadd_track2_subset_v3/train/ATADD_T2_Train_135528.flac,1,music,MusicLDM,ATADD_T2_Train_135528.flac
/root/atadd_track2_subset_v3/train/ATADD_T2_Train_135532.flac,1,music,MusicLDM,ATADD_T2_Train_135532.flac
/root/atadd_track2_subset_v3/train/ATADD_T2_Train_135533.flac,1,music,MusicLDM,ATADD_T2_Train_135533.flac
/root/atadd_track2_subset_v3/train/ATADD_T2_Train_135536.flac,1,music,MusicLDM,ATADD_T2_Train_135536.flac
/root/atadd_track2_subset_v3/train/ATADD_T2_Train_135539.flac,1,music,MusicLDM,ATADD_T2_Train_135539.flac
/root/atadd_track2_subset_v3/train/ATADD_T2_Train_135545.flac,1,music,MusicLDM,ATADD_T2_Train_135545.flac
/root/atadd_track2_subset_v3/train/ATADD_T2_Train_135561.flac,1,music,MusicLDM,ATADD_T2_Train_135561.flac
/root/atadd_track2_subset_v3/train/ATADD_T2_Train_135564.flac,1,music,MusicLDM,ATADD_T2_Train_135564.flac
/root/atadd_track2_subset_v3/train/ATADD_T2_Train_135567.flac,1,music,MusicLDM,ATADD_T2_Train_135567.flac
/root/atadd_track2_subset_v3/train/ATADD_T2_Train_135569.flac,1,music,MusicLDM,ATADD_T2_Train_135569.flac
/root/atadd_track2_subset_v3/train/ATADD_T2_Train_135577.flac,1,music,MusicLDM,ATADD_T2_Train_135577.flac
/root/atadd_track2_subset_v3/train/ATADD_T2_Train_135583.flac,1,music,MusicLDM,ATADD_T2_Train_135583.flac
/root/atadd_track2_subset_v3/train/ATADD_T2_Train_135587.flac,1,music,MusicLDM,ATADD_T2_Train_135587.flac
/root/atadd_track2_subset_v3/train/ATADD_T2_Train_135589.flac,1,music,MusicLDM,ATADD_T2_Train_135589.flac
/root/atadd_track2_subset_v3/train/ATADD_T2_Train_135590.flac,1,music,MusicLDM,ATADD_T2_Train_135590.flac
/root/atadd_track2_subset_v3/train/ATADD_T2_Train_135592.flac,1,music,MusicLDM,ATADD_T2_Train_135592.flac
/root/atadd_track2_subset_v3/train/ATADD_T2_Train_135605.flac,1,music,MusicLDM,ATADD_T2_Train_135605.flac
/root/atadd_track2_subset_v3/train/ATADD_T2_Train_135607.flac,1,music,MusicLDM,ATADD_T2_Train_135607.flac
/root/atadd_track2_subset_v3/train/ATADD_T2_Train_135608.flac,1,music,MusicLDM,ATADD_T2_Train_135608.flac
/root/atadd_track2_subset_v3/train/ATADD_T2_Train_135610.flac,1,music,MusicLDM,ATADD_T2_Train_135610.flac
/root/atadd_track2_subset_v3/train/ATADD_T2_Train_135612.flac,1,music,MusicLDM,ATADD_T2_Train_135612.flac
/root/atadd_track2_subset_v3/train/ATADD_T2_Train_135613.flac,1,music,MusicLDM,ATADD_T2_Train_135613.flac
/root/atadd_track2_subset_v3/train/ATADD_T2_Train_135619.flac,1,music,MusicLDM,ATADD_T2_Train_135619.flac
/root/atadd_track2_subset_v3/train/ATADD_T2_Train_135622.flac,1,music,MusicLDM,ATADD_T2_Train_135622.flac
/root/atadd_track2_subset_v3/train/ATADD_T2_Train_135624.flac,1,music,MusicLDM,ATADD_T2_Train_135624.flac
/root/atadd_track2_subset_v3/train/ATADD_T2_Train_135626.flac,1,music,MusicLDM,ATADD_T2_Train_135626.flac
/root/atadd_track2_subset_v3/train/ATADD_T2_Train_135638.flac,1,music,MusicLDM,ATADD_T2_Train_135638.flac
/root/atadd_track2_subset_v3/train/ATADD_T2_Train_135648.flac,1,music,MusicLDM,ATADD_T2_Train_135648.flac
/root/atadd_track2_subset_v3/train/ATADD_T2_Train_135652.flac,1,music,MusicLDM,ATADD_T2_Train_135652.flac
/root/atadd_track2_subset_v3/train/ATADD_T2_Train_135655.flac,1,music,MusicLDM,ATADD_T2_Train_135655.flac
/root/atadd_track2_subset_v3/train/ATADD_T2_Train_135657.flac,1,music,MusicLDM,ATADD_T2_Train_135657.flac
/root/atadd_track2_subset_v3/train/ATADD_T2_Train_135660.flac,1,music,MusicLDM,ATADD_T2_Train_135660.flac
/root/atadd_track2_subset_v3/train/ATADD_T2_Train_135667.flac,1,music,MusicLDM,ATADD_T2_Train_135667.flac
/root/atadd_track2_subset_v3/train/ATADD_T2_Train_135671.flac,1,music,MusicLDM,ATADD_T2_Train_135671.flac
/root/atadd_track2_subset_v3/train/ATADD_T2_Train_135672.flac,1,music,MusicLDM,ATADD_T2_Train_135672.flac
/root/atadd_track2_subset_v3/train/ATADD_T2_Train_135675.flac,1,music,MusicLDM,ATADD_T2_Train_135675.flac
/root/atadd_track2_subset_v3/train/ATADD_T2_Train_135679.flac,1,music,MusicLDM,ATADD_T2_Train_135679.flac
/root/atadd_track2_subset_v3/train/ATADD_T2_Train_135685.flac,1,music,MusicLDM,ATADD_T2_Train_135685.flac
/root/atadd_track2_subset_v3/train/ATADD_T2_Train_135690.flac,1,music,MusicLDM,ATADD_T2_Train_135690.flac
/root/atadd_track2_subset_v3/train/ATADD_T2_Train_135702.flac,1,music,MusicLDM,ATADD_T2_Train_135702.flac
/root/atadd_track2_subset_v3/train/ATADD_T2_Train_135705.flac,1,music,MusicLDM,ATADD_T2_Train_135705.flac
/root/atadd_track2_subset_v3/train/ATADD_T2_Train_135711.flac,1,music,MusicLDM,ATADD_T2_Train_135711.flac
/root/atadd_track2_subset_v3/train/ATADD_T2_Train_135725.flac,1,music,MusicLDM,ATADD_T2_Train_135725.flac
/root/atadd_track2_subset_v3/train/ATADD_T2_Train_135738.flac,1,music,MusicLDM,ATADD_T2_Train_135738.flac
/root/atadd_track2_subset_v3/train/ATADD_T2_Train_135739.flac,1,music,MusicLDM,ATADD_T2_Train_135739.flac
/root/atadd_track2_subset_v3/train/ATADD_T2_Train_135742.flac,1,music,MusicLDM,ATADD_T2_Train_135742.flac
/root/atadd_track2_subset_v3/train/ATADD_T2_Train_135743.flac,1,music,MusicLDM,ATADD_T2_Train_135743.flac
/root/atadd_track2_subset_v3/train/ATADD_T2_Train_135754.flac,1,music,MusicLDM,ATADD_T2_Train_135754.flac
/root/atadd_track2_subset_v3/train/ATADD_T2_Train_135757.flac,1,music,MusicLDM,ATADD_T2_Train_135757.flac
/root/atadd_track2_subset_v3/train/ATADD_T2_Train_135767.flac,1,music,MusicLDM,ATADD_T2_Train_135767.flac
/root/atadd_track2_subset_v3/train/ATADD_T2_Train_135771.flac,1,music,MusicLDM,ATADD_T2_Train_135771.flac
/root/atadd_track2_subset_v3/train/ATADD_T2_Train_135779.flac,1,music,MusicLDM,ATADD_T2_Train_135779.flac
/root/atadd_track2_subset_v3/train/ATADD_T2_Train_135799.flac,1,music,MusicLDM,ATADD_T2_Train_135799.flac
/root/atadd_track2_subset_v3/train/ATADD_T2_Train_135802.flac,1,music,MusicLDM,ATADD_T2_Train_135802.flac
/root/atadd_track2_subset_v3/train/ATADD_T2_Train_135805.flac,1,music,MusicLDM,ATADD_T2_Train_135805.flac
/root/atadd_track2_subset_v3/train/ATADD_T2_Train_135809.flac,1,music,MusicLDM,ATADD_T2_Train_135809.flac
/root/atadd_track2_subset_v3/train/ATADD_T2_Train_135814.flac,1,music,MusicLDM,ATADD_T2_Train_135814.flac
/root/atadd_track2_subset_v3/train/ATADD_T2_Train_135818.flac,1,music,MusicLDM,ATADD_T2_Train_135818.flac
/root/atadd_track2_subset_v3/train/ATADD_T2_Train_135820.flac,1,music,MusicLDM,ATADD_T2_Train_135820.flac
/root/atadd_track2_subset_v3/train/ATADD_T2_Train_135826.flac,1,music,MusicLDM,ATADD_T2_Train_135826.flac
/root/atadd_track2_subset_v3/train/ATADD_T2_Train_135834.flac,1,music,MusicLDM,ATADD_T2_Train_135834.flac
/root/atadd_track2_subset_v3/train/ATADD_T2_Train_135837.flac,1,music,MusicLDM,ATADD_T2_Train_135837.flac
/root/atadd_track2_subset_v3/train/ATADD_T2_Train_135839.flac,1,music,MusicLDM,ATADD_T2_Train_135839.flac
/root/atadd_track2_subset_v3/train/ATADD_T2_Train_135843.flac,1,music,MusicLDM,ATADD_T2_Train_135843.flac
/root/atadd_track2_subset_v3/train/ATADD_T2_Train_135845.flac,1,music,MusicLDM,ATADD_T2_Train_135845.flac
/root/atadd_track2_subset_v3/train/ATADD_T2_Train_135850.flac,1,music,MusicLDM,ATADD_T2_Train_135850.flac
/root/atadd_track2_subset_v3/train/ATADD_T2_Train_135853.flac,1,music,MusicLDM,ATADD_T2_Train_135853.flac
/root/atadd_track2_subset_v3/train/ATADD_T2_Train_135858.flac,1,music,MusicLDM,ATADD_T2_Train_135858.flac
/root/atadd_track2_subset_v3/train/ATADD_T2_Train_135859.flac,1,music,MusicLDM,ATADD_T2_Train_135859.flac
/root/atadd_track2_subset_v3/train/ATADD_T2_Train_135866.flac,1,music,MusicLDM,ATADD_T2_Train_135866.flac
/root/atadd_track2_subset_v3/train/ATADD_T2_Train_135871.flac,1,music,MusicLDM,ATADD_T2_Train_135871.flac
/root/atadd_track2_subset_v3/train/ATADD_T2_Train_135873.flac,1,music,MusicLDM,ATADD_T2_Train_135873.flac
/root/atadd_track2_subset_v3/train/ATADD_T2_Train_135878.flac,1,music,MusicLDM,ATADD_T2_Train_135878.flac
/root/atadd_track2_subset_v3/train/ATADD_T2_Train_135881.flac,1,music,MusicLDM,ATADD_T2_Train_135881.flac
/root/atadd_track2_subset_v3/train/ATADD_T2_Train_135885.flac,1,music,MusicLDM,ATADD_T2_Train_135885.flac
/root/atadd_track2_subset_v3/train/ATADD_T2_Train_135887.flac,1,music,MusicLDM,ATADD_T2_Train_135887.flac
/root/atadd_track2_subset_v3/train/ATADD_T2_Train_135889.flac,1,music,MusicLDM,ATADD_T2_Train_135889.flac
/root/atadd_track2_subset_v3/train/ATADD_T2_Train_135892.flac,1,music,MusicLDM,ATADD_T2_Train_135892.flac
/root/atadd_track2_subset_v3/train/ATADD_T2_Train_135894.flac,1,music,MusicLDM,ATADD_T2_Train_135894.flac
/root/atadd_track2_subset_v3/train/ATADD_T2_Train_135906.flac,1,music,MusicLDM,ATADD_T2_Train_135906.flac
/root/atadd_track2_subset_v3/train/ATADD_T2_Train_135932.flac,1,music,MusicLDM,ATADD_T2_Train_135932.flac
/root/atadd_track2_subset_v3/train/ATADD_T2_Train_135933.flac,1,music,MusicLDM,ATADD_T2_Train_135933.flac
/root/atadd_track2_subset_v3/train/ATADD_T2_Train_135935.flac,1,music,MusicLDM,ATADD_T2_Train_135935.flac
/root/atadd_track2_subset_v3/train/ATADD_T2_Train_135936.flac,1,music,MusicLDM,ATADD_T2_Train_135936.flac
/root/atadd_track2_subset_v3/train/ATADD_T2_Train_135938.flac,1,music,MusicLDM,ATADD_T2_Train_135938.flac
/root/atadd_track2_subset_v3/train/ATADD_T2_Train_135939.flac,1,music,MusicLDM,ATADD_T2_Train_135939.flac
/root/atadd_track2_subset_v3/train/ATADD_T2_Train_135941.flac,1,music,MusicLDM,ATADD_T2_Train_135941.flac
/root/atadd_track2_subset_v3/train/ATADD_T2_Train_135943.flac,1,music,MusicLDM,ATADD_T2_Train_135943.flac
/root/atadd_track2_subset_v3/train/ATADD_T2_Train_135944.flac,1,music,MusicLDM,ATADD_T2_Train_135944.flac
/root/atadd_track2_subset_v3/train/ATADD_T2_Train_135945.flac,1,music,MusicLDM,ATADD_T2_Train_135945.flac
/root/atadd_track2_subset_v3/train/ATADD_T2_Train_135952.flac,1,music,MusicLDM,ATADD_T2_Train_135952.flac
/root/atadd_track2_subset_v3/train/ATADD_T2_Train_135954.flac,1,music,MusicLDM,ATADD_T2_Train_135954.flac
/root/atadd_track2_subset_v3/train/ATADD_T2_Train_135957.flac,1,music,MusicLDM,ATADD_T2_Train_135957.flac
/root/atadd_track2_subset_v3/train/ATADD_T2_Train_135958.flac,1,music,MusicLDM,ATADD_T2_Train_135958.flac
/root/atadd_track2_subset_v3/train/ATADD_T2_Train_135964.flac,1,music,MusicLDM,ATADD_T2_Train_135964.flac
/root/atadd_track2_subset_v3/train/ATADD_T2_Train_135973.flac,1,music,MusicLDM,ATADD_T2_Train_135973.flac
/root/atadd_track2_subset_v3/train/ATADD_T2_Train_135975.flac,1,music,MusicLDM,ATADD_T2_Train_135975.flac
/root/atadd_track2_subset_v3/train/ATADD_T2_Train_135989.flac,1,music,MusicLDM,ATADD_T2_Train_135989.flac
/root/atadd_track2_subset_v3/train/ATADD_T2_Train_135991.flac,1,music,MusicLDM,ATADD_T2_Train_135991.flac
/root/atadd_track2_subset_v3/train/ATADD_T2_Train_135999.flac,1,music,MusicLDM,ATADD_T2_Train_135999.flac
/root/atadd_track2_subset_v3/train/ATADD_T2_Train_136002.flac,1,music,MusicLDM,ATADD_T2_Train_136002.flac
/root/atadd_track2_subset_v3/train/ATADD_T2_Train_136004.flac,1,music,MusicLDM,ATADD_T2_Train_136004.flac
/root/atadd_track2_subset_v3/train/ATADD_T2_Train_136013.flac,1,music,MusicLDM,ATADD_T2_Train_136013.flac
/root/atadd_track2_subset_v3/train/ATADD_T2_Train_136021.flac,1,music,MusicLDM,ATADD_T2_Train_136021.flac
/root/atadd_track2_subset_v3/train/ATADD_T2_Train_136023.flac,1,music,MusicLDM,ATADD_T2_Train_136023.flac
/root/atadd_track2_subset_v3/train/ATADD_T2_Train_136028.flac,1,music,MusicLDM,ATADD_T2_Train_136028.flac
/root/atadd_track2_subset_v3/train/ATADD_T2_Train_136029.flac,1,music,MusicLDM,ATADD_T2_Train_136029.flac
/root/atadd_track2_subset_v3/train/ATADD_T2_Train_136031.flac,1,music,MusicLDM,ATADD_T2_Train_136031.flac
/root/atadd_track2_subset_v3/train/ATADD_T2_Train_136041.flac,1,music,MusicLDM,ATADD_T2_Train_136041.flac
/root/atadd_track2_subset_v3/train/ATADD_T2_Train_136042.flac,1,music,MusicLDM,ATADD_T2_Train_136042.flac
/root/atadd_track2_subset_v3/train/ATADD_T2_Train_136053.flac,1,music,MusicLDM,ATADD_T2_Train_136053.flac
/root/atadd_track2_subset_v3/train/ATADD_T2_Train_136066.flac,1,music,MusicLDM,ATADD_T2_Train_136066.flac
/root/atadd_track2_subset_v3/train/ATADD_T2_Train_136070.flac,1,music,MusicLDM,ATADD_T2_Train_136070.flac
/root/atadd_track2_subset_v3/train/ATADD_T2_Train_136073.flac,1,music,MusicLDM,ATADD_T2_Train_136073.flac
/root/atadd_track2_subset_v3/train/ATADD_T2_Train_136080.flac,1,music,MusicLDM,ATADD_T2_Train_136080.flac
/root/atadd_track2_subset_v3/train/ATADD_T2_Train_136084.flac,1,music,MusicLDM,ATADD_T2_Train_136084.flac
/root/atadd_track2_subset_v3/train/ATADD_T2_Train_136087.flac,1,music,MusicLDM,ATADD_T2_Train_136087.flac
/root/atadd_track2_subset_v3/train/ATADD_T2_Train_136091.flac,1,music,MusicLDM,ATADD_T2_Train_136091.flac
/root/atadd_track2_subset_v3/train/ATADD_T2_Train_136094.flac,1,music,MusicLDM,ATADD_T2_Train_136094.flac
/root/atadd_track2_subset_v3/train/ATADD_T2_Train_136106.flac,1,music,MusicLDM,ATADD_T2_Train_136106.flac
/root/atadd_track2_subset_v3/train/ATADD_T2_Train_136116.flac,1,music,MusicLDM,ATADD_T2_Train_136116.flac
/root/atadd_track2_subset_v3/train/ATADD_T2_Train_136120.flac,1,music,MusicLDM,ATADD_T2_Train_136120.flac
/root/atadd_track2_subset_v3/train/ATADD_T2_Train_136132.flac,1,music,MusicLDM,ATADD_T2_Train_136132.flac
/root/atadd_track2_subset_v3/train/ATADD_T2_Train_136137.flac,1,music,MusicLDM,ATADD_T2_Train_136137.flac
/root/atadd_track2_subset_v3/train/ATADD_T2_Train_136141.flac,1,music,MusicLDM,ATADD_T2_Train_136141.flac
/root/atadd_track2_subset_v3/train/ATADD_T2_Train_136145.flac,1,music,MusicLDM,ATADD_T2_Train_136145.flac
/root/atadd_track2_subset_v3/train/ATADD_T2_Train_136149.flac,1,music,MusicLDM,ATADD_T2_Train_136149.flac
/root/atadd_track2_subset_v3/train/ATADD_T2_Train_136150.flac,1,music,MusicLDM,ATADD_T2_Train_136150.flac
/root/atadd_track2_subset_v3/train/ATADD_T2_Train_136169.flac,1,music,MusicLDM,ATADD_T2_Train_136169.flac
/root/atadd_track2_subset_v3/train/ATADD_T2_Train_136170.flac,1,music,MusicLDM,ATADD_T2_Train_136170.flac
/root/atadd_track2_subset_v3/train/ATADD_T2_Train_136177.flac,1,music,MusicLDM,ATADD_T2_Train_136177.flac
/root/atadd_track2_subset_v3/train/ATADD_T2_Train_136178.flac,1,music,MusicLDM,ATADD_T2_Train_136178.flac
/root/atadd_track2_subset_v3/train/ATADD_T2_Train_136181.flac,1,music,MusicLDM,ATADD_T2_Train_136181.flac
/root/atadd_track2_subset_v3/train/ATADD_T2_Train_136192.flac,1,music,MusicLDM,ATADD_T2_Train_136192.flac
/root/atadd_track2_subset_v3/train/ATADD_T2_Train_136195.flac,1,music,MusicLDM,ATADD_T2_Train_136195.flac
/root/atadd_track2_subset_v3/train/ATADD_T2_Train_136205.flac,1,music,MusicLDM,ATADD_T2_Train_136205.flac
/root/atadd_track2_subset_v3/train/ATADD_T2_Train_136211.flac,1,music,MusicLDM,ATADD_T2_Train_136211.flac
/root/atadd_track2_subset_v3/train/ATADD_T2_Train_136222.flac,1,music,MusicLDM,ATADD_T2_Train_136222.flac
/root/atadd_track2_subset_v3/train/ATADD_T2_Train_136228.flac,1,music,MusicLDM,ATADD_T2_Train_136228.flac
/root/atadd_track2_subset_v3/train/ATADD_T2_Train_136230.flac,1,music,MusicLDM,ATADD_T2_Train_136230.flac
/root/atadd_track2_subset_v3/train/ATADD_T2_Train_136232.flac,1,music,MusicLDM,ATADD_T2_Train_136232.flac
/root/atadd_track2_subset_v3/train/ATADD_T2_Train_136235.flac,1,music,MusicLDM,ATADD_T2_Train_136235.flac
/root/atadd_track2_subset_v3/train/ATADD_T2_Train_136237.flac,1,music,MusicLDM,ATADD_T2_Train_136237.flac
/root/atadd_track2_subset_v3/train/ATADD_T2_Train_136238.flac,1,music,MusicLDM,ATADD_T2_Train_136238.flac
/root/atadd_track2_subset_v3/train/ATADD_T2_Train_136240.flac,1,music,MusicLDM,ATADD_T2_Train_136240.flac
/root/atadd_track2_subset_v3/train/ATADD_T2_Train_136245.flac,1,music,MusicLDM,ATADD_T2_Train_136245.flac
/root/atadd_track2_subset_v3/train/ATADD_T2_Train_136247.flac,1,music,MusicLDM,ATADD_T2_Train_136247.flac
/root/atadd_track2_subset_v3/train/ATADD_T2_Train_136248.flac,1,music,MusicLDM,ATADD_T2_Train_136248.flac
/root/atadd_track2_subset_v3/train/ATADD_T2_Train_136249.flac,1,music,MusicLDM,ATADD_T2_Train_136249.flac
/root/atadd_track2_subset_v3/train/ATADD_T2_Train_136252.flac,1,music,MusicLDM,ATADD_T2_Train_136252.flac
/root/atadd_track2_subset_v3/train/ATADD_T2_Train_136255.flac,1,music,MusicLDM,ATADD_T2_Train_136255.flac
/root/atadd_track2_subset_v3/train/ATADD_T2_Train_136256.flac,1,music,MusicLDM,ATADD_T2_Train_136256.flac
/root/atadd_track2_subset_v3/train/ATADD_T2_Train_136258.flac,1,music,MusicLDM,ATADD_T2_Train_136258.flac
/root/atadd_track2_subset_v3/train/ATADD_T2_Train_136260.flac,1,music,MusicLDM,ATADD_T2_Train_136260.flac
/root/atadd_track2_subset_v3/train/ATADD_T2_Train_136263.flac,1,music,MusicLDM,ATADD_T2_Train_136263.flac
/root/atadd_track2_subset_v3/train/ATADD_T2_Train_136272.flac,1,music,MusicLDM,ATADD_T2_Train_136272.flac
/root/atadd_track2_subset_v3/train/ATADD_T2_Train_136276.flac,1,music,MusicLDM,ATADD_T2_Train_136276.flac
/root/atadd_track2_subset_v3/train/ATADD_T2_Train_136288.flac,1,music,MusicLDM,ATADD_T2_Train_136288.flac
/root/atadd_track2_subset_v3/train/ATADD_T2_Train_136290.flac,1,music,MusicLDM,ATADD_T2_Train_136290.flac
/root/atadd_track2_subset_v3/train/ATADD_T2_Train_136292.flac,1,music,MusicLDM,ATADD_T2_Train_136292.flac
/root/atadd_track2_subset_v3/train/ATADD_T2_Train_136294.flac,1,music,MusicLDM,ATADD_T2_Train_136294.flac
/root/atadd_track2_subset_v3/train/ATADD_T2_Train_136295.flac,1,music,MusicLDM,ATADD_T2_Train_136295.flac
/root/atadd_track2_subset_v3/train/ATADD_T2_Train_136298.flac,1,music,MusicLDM,ATADD_T2_Train_136298.flac
/root/atadd_track2_subset_v3/train/ATADD_T2_Train_136304.flac,1,music,MusicLDM,ATADD_T2_Train_136304.flac
/root/atadd_track2_subset_v3/train/ATADD_T2_Train_136314.flac,1,music,MusicLDM,ATADD_T2_Train_136314.flac
/root/atadd_track2_subset_v3/train/ATADD_T2_Train_136318.flac,1,music,MusicLDM,ATADD_T2_Train_136318.flac
/root/atadd_track2_subset_v3/train/ATADD_T2_Train_136321.flac,1,music,MusicLDM,ATADD_T2_Train_136321.flac
/root/atadd_track2_subset_v3/train/ATADD_T2_Train_136322.flac,1,music,MusicLDM,ATADD_T2_Train_136322.flac
/root/atadd_track2_subset_v3/train/ATADD_T2_Train_136329.flac,1,music,MusicLDM,ATADD_T2_Train_136329.flac
/root/atadd_track2_subset_v3/train/ATADD_T2_Train_136334.flac,1,music,MusicLDM,ATADD_T2_Train_136334.flac
/root/atadd_track2_subset_v3/train/ATADD_T2_Train_136337.flac,1,music,MusicLDM,ATADD_T2_Train_136337.flac
/root/atadd_track2_subset_v3/train/ATADD_T2_Train_136342.flac,1,music,MusicLDM,ATADD_T2_Train_136342.flac
/root/atadd_track2_subset_v3/train/ATADD_T2_Train_136343.flac,1,music,MusicLDM,ATADD_T2_Train_136343.flac
/root/atadd_track2_subset_v3/train/ATADD_T2_Train_136355.flac,1,music,MusicLDM,ATADD_T2_Train_136355.flac
/root/atadd_track2_subset_v3/train/ATADD_T2_Train_136357.flac,1,music,MusicLDM,ATADD_T2_Train_136357.flac
/root/atadd_track2_subset_v3/train/ATADD_T2_Train_136367.flac,1,music,MusicLDM,ATADD_T2_Train_136367.flac
/root/atadd_track2_subset_v3/train/ATADD_T2_Train_136369.flac,1,music,MusicLDM,ATADD_T2_Train_136369.flac
/root/atadd_track2_subset_v3/train/ATADD_T2_Train_136371.flac,1,music,MusicLDM,ATADD_T2_Train_136371.flac
/root/atadd_track2_subset_v3/train/ATADD_T2_Train_136375.flac,1,music,MusicLDM,ATADD_T2_Train_136375.flac
/root/atadd_track2_subset_v3/train/ATADD_T2_Train_136383.flac,1,music,MusicLDM,ATADD_T2_Train_136383.flac
/root/atadd_track2_subset_v3/train/ATADD_T2_Train_136384.flac,1,music,MusicLDM,ATADD_T2_Train_136384.flac
/root/atadd_track2_subset_v3/train/ATADD_T2_Train_136387.flac,1,music,MusicLDM,ATADD_T2_Train_136387.flac
/root/atadd_track2_subset_v3/train/ATADD_T2_Train_136394.flac,1,music,MusicLDM,ATADD_T2_Train_136394.flac
/root/atadd_track2_subset_v3/train/ATADD_T2_Train_136397.flac,1,music,MusicLDM,ATADD_T2_Train_136397.flac
/root/atadd_track2_subset_v3/train/ATADD_T2_Train_136398.flac,1,music,MusicLDM,ATADD_T2_Train_136398.flac
/root/atadd_track2_subset_v3/train/ATADD_T2_Train_136406.flac,1,music,MusicLDM,ATADD_T2_Train_136406.flac
/root/atadd_track2_subset_v3/train/ATADD_T2_Train_136411.flac,1,music,MusicLDM,ATADD_T2_Train_136411.flac
/root/atadd_track2_subset_v3/train/ATADD_T2_Train_136414.flac,1,music,MusicLDM,ATADD_T2_Train_136414.flac
/root/atadd_track2_subset_v3/train/ATADD_T2_Train_136436.flac,1,music,MusicLDM,ATADD_T2_Train_136436.flac
/root/atadd_track2_subset_v3/train/ATADD_T2_Train_136437.flac,1,music,MusicLDM,ATADD_T2_Train_136437.flac
/root/atadd_track2_subset_v3/train/ATADD_T2_Train_136443.flac,1,music,MusicLDM,ATADD_T2_Train_136443.flac
/root/atadd_track2_subset_v3/train/ATADD_T2_Train_136444.flac,1,music,MusicLDM,ATADD_T2_Train_136444.flac
/root/atadd_track2_subset_v3/train/ATADD_T2_Train_136445.flac,1,music,MusicLDM,ATADD_T2_Train_136445.flac
/root/atadd_track2_subset_v3/train/ATADD_T2_Train_136446.flac,1,music,MusicLDM,ATADD_T2_Train_136446.flac
/root/atadd_track2_subset_v3/train/ATADD_T2_Train_136448.flac,1,music,MusicLDM,ATADD_T2_Train_136448.flac
/root/atadd_track2_subset_v3/train/ATADD_T2_Train_136449.flac,1,music,MusicLDM,ATADD_T2_Train_136449.flac
/root/atadd_track2_subset_v3/train/ATADD_T2_Train_136456.flac,1,music,MusicLDM,ATADD_T2_Train_136456.flac
/root/atadd_track2_subset_v3/train/ATADD_T2_Train_136465.flac,1,music,MusicLDM,ATADD_T2_Train_136465.flac
/root/atadd_track2_subset_v3/train/ATADD_T2_Train_136483.flac,1,music,MusicLDM,ATADD_T2_Train_136483.flac
/root/atadd_track2_subset_v3/train/ATADD_T2_Train_136487.flac,1,music,MusicLDM,ATADD_T2_Train_136487.flac
/root/atadd_track2_subset_v3/train/ATADD_T2_Train_136488.flac,1,music,MusicLDM,ATADD_T2_Train_136488.flac
/root/atadd_track2_subset_v3/train/ATADD_T2_Train_136490.flac,1,music,MusicLDM,ATADD_T2_Train_136490.flac
/root/atadd_track2_subset_v3/train/ATADD_T2_Train_136491.flac,1,music,MusicLDM,ATADD_T2_Train_136491.flac
/root/atadd_track2_subset_v3/train/ATADD_T2_Train_136494.flac,1,music,MusicLDM,ATADD_T2_Train_136494.flac
/root/atadd_track2_subset_v3/train/ATADD_T2_Train_136501.flac,1,music,MusicLDM,ATADD_T2_Train_136501.flac
/root/atadd_track2_subset_v3/train/ATADD_T2_Train_136505.flac,1,music,MusicLDM,ATADD_T2_Train_136505.flac
/root/atadd_track2_subset_v3/train/ATADD_T2_Train_136507.flac,1,music,MusicLDM,ATADD_T2_Train_136507.flac
/root/atadd_track2_subset_v3/train/ATADD_T2_Train_136516.flac,1,music,MusicLDM,ATADD_T2_Train_136516.flac
/root/atadd_track2_subset_v3/train/ATADD_T2_Train_136518.flac,1,music,MusicLDM,ATADD_T2_Train_136518.flac
/root/atadd_track2_subset_v3/train/ATADD_T2_Train_136521.flac,1,music,MusicLDM,ATADD_T2_Train_136521.flac
/root/atadd_track2_subset_v3/train/ATADD_T2_Train_136557.flac,1,music,MusicLDM,ATADD_T2_Train_136557.flac
/root/atadd_track2_subset_v3/train/ATADD_T2_Train_136574.flac,1,music,MusicLDM,ATADD_T2_Train_136574.flac
/root/atadd_track2_subset_v3/train/ATADD_T2_Train_136578.flac,1,music,MusicLDM,ATADD_T2_Train_136578.flac
/root/atadd_track2_subset_v3/train/ATADD_T2_Train_136582.flac,1,music,MusicLDM,ATADD_T2_Train_136582.flac
/root/atadd_track2_subset_v3/train/ATADD_T2_Train_136583.flac,1,music,MusicLDM,ATADD_T2_Train_136583.flac
/root/atadd_track2_subset_v3/train/ATADD_T2_Train_136584.flac,1,music,MusicLDM,ATADD_T2_Train_136584.flac
/root/atadd_track2_subset_v3/train/ATADD_T2_Train_136590.flac,1,music,MusicLDM,ATADD_T2_Train_136590.flac
/root/atadd_track2_subset_v3/train/ATADD_T2_Train_136596.flac,1,music,MusicLDM,ATADD_T2_Train_136596.flac
/root/atadd_track2_subset_v3/train/ATADD_T2_Train_136600.flac,1,music,MusicLDM,ATADD_T2_Train_136600.flac
/root/atadd_track2_subset_v3/train/ATADD_T2_Train_136611.flac,1,music,MusicLDM,ATADD_T2_Train_136611.flac
/root/atadd_track2_subset_v3/train/ATADD_T2_Train_136613.flac,1,music,MusicLDM,ATADD_T2_Train_136613.flac
/root/atadd_track2_subset_v3/train/ATADD_T2_Train_136614.flac,1,music,MusicLDM,ATADD_T2_Train_136614.flac
/root/atadd_track2_subset_v3/train/ATADD_T2_Train_136617.flac,1,music,MusicLDM,ATADD_T2_Train_136617.flac
/root/atadd_track2_subset_v3/train/ATADD_T2_Train_136618.flac,1,music,MusicLDM,ATADD_T2_Train_136618.flac
/root/atadd_track2_subset_v3/train/ATADD_T2_Train_136619.flac,1,music,MusicLDM,ATADD_T2_Train_136619.flac
/root/atadd_track2_subset_v3/train/ATADD_T2_Train_136620.flac,1,music,MusicLDM,ATADD_T2_Train_136620.flac
/root/atadd_track2_subset_v3/train/ATADD_T2_Train_136626.flac,1,music,MusicLDM,ATADD_T2_Train_136626.flac
/root/atadd_track2_subset_v3/train/ATADD_T2_Train_136627.flac,1,music,MusicLDM,ATADD_T2_Train_136627.flac
/root/atadd_track2_subset_v3/train/ATADD_T2_Train_136633.flac,1,music,MusicLDM,ATADD_T2_Train_136633.flac
/root/atadd_track2_subset_v3/train/ATADD_T2_Train_136634.flac,1,music,MusicLDM,ATADD_T2_Train_136634.flac
/root/atadd_track2_subset_v3/train/ATADD_T2_Train_136639.flac,1,music,MusicLDM,ATADD_T2_Train_136639.flac
/root/atadd_track2_subset_v3/train/ATADD_T2_Train_136640.flac,1,music,MusicLDM,ATADD_T2_Train_136640.flac
/root/atadd_track2_subset_v3/train/ATADD_T2_Train_136643.flac,1,music,MusicLDM,ATADD_T2_Train_136643.flac
/root/atadd_track2_subset_v3/train/ATADD_T2_Train_136648.flac,1,music,MusicLDM,ATADD_T2_Train_136648.flac
/root/atadd_track2_subset_v3/train/ATADD_T2_Train_136651.flac,1,music,MusicLDM,ATADD_T2_Train_136651.flac
/root/atadd_track2_subset_v3/train/ATADD_T2_Train_136653.flac,1,music,MusicLDM,ATADD_T2_Train_136653.flac
/root/atadd_track2_subset_v3/train/ATADD_T2_Train_136654.flac,1,music,MusicLDM,ATADD_T2_Train_136654.flac
/root/atadd_track2_subset_v3/train/ATADD_T2_Train_136656.flac,1,music,MusicLDM,ATADD_T2_Train_136656.flac
/root/atadd_track2_subset_v3/train/ATADD_T2_Train_136663.flac,1,music,MusicLDM,ATADD_T2_Train_136663.flac
/root/atadd_track2_subset_v3/train/ATADD_T2_Train_136680.flac,1,music,MusicLDM,ATADD_T2_Train_136680.flac
/root/atadd_track2_subset_v3/train/ATADD_T2_Train_136684.flac,1,music,MusicLDM,ATADD_T2_Train_136684.flac
/root/atadd_track2_subset_v3/train/ATADD_T2_Train_136694.flac,1,music,MusicLDM,ATADD_T2_Train_136694.flac
/root/atadd_track2_subset_v3/train/ATADD_T2_Train_136697.flac,1,music,MusicLDM,ATADD_T2_Train_136697.flac
/root/atadd_track2_subset_v3/train/ATADD_T2_Train_136698.flac,1,music,MusicLDM,ATADD_T2_Train_136698.flac
/root/atadd_track2_subset_v3/train/ATADD_T2_Train_136704.flac,1,music,MusicLDM,ATADD_T2_Train_136704.flac
/root/atadd_track2_subset_v3/train/ATADD_T2_Train_136706.flac,1,music,MusicLDM,ATADD_T2_Train_136706.flac
/root/atadd_track2_subset_v3/train/ATADD_T2_Train_136715.flac,1,music,MusicLDM,ATADD_T2_Train_136715.flac
/root/atadd_track2_subset_v3/train/ATADD_T2_Train_136717.flac,1,music,MusicLDM,ATADD_T2_Train_136717.flac
/root/atadd_track2_subset_v3/train/ATADD_T2_Train_136723.flac,1,music,MusicLDM,ATADD_T2_Train_136723.flac
/root/atadd_track2_subset_v3/train/ATADD_T2_Train_136724.flac,1,music,MusicLDM,ATADD_T2_Train_136724.flac
/root/atadd_track2_subset_v3/train/ATADD_T2_Train_136731.flac,1,music,MusicLDM,ATADD_T2_Train_136731.flac
/root/atadd_track2_subset_v3/train/ATADD_T2_Train_136733.flac,1,music,MusicLDM,ATADD_T2_Train_136733.flac
/root/atadd_track2_subset_v3/train/ATADD_T2_Train_136735.flac,1,music,MusicLDM,ATADD_T2_Train_136735.flac
/root/atadd_track2_subset_v3/train/ATADD_T2_Train_136740.flac,1,music,MusicLDM,ATADD_T2_Train_136740.flac
/root/atadd_track2_subset_v3/train/ATADD_T2_Train_136744.flac,1,music,MusicLDM,ATADD_T2_Train_136744.flac
/root/atadd_track2_subset_v3/train/ATADD_T2_Train_136748.flac,1,music,MusicLDM,ATADD_T2_Train_136748.flac
/root/atadd_track2_subset_v3/train/ATADD_T2_Train_136751.flac,1,music,MusicLDM,ATADD_T2_Train_136751.flac
/root/atadd_track2_subset_v3/train/ATADD_T2_Train_136758.flac,1,music,MusicLDM,ATADD_T2_Train_136758.flac
/root/atadd_track2_subset_v3/train/ATADD_T2_Train_136762.flac,1,music,MusicLDM,ATADD_T2_Train_136762.flac
/root/atadd_track2_subset_v3/train/ATADD_T2_Train_136768.flac,1,music,MusicLDM,ATADD_T2_Train_136768.flac
/root/atadd_track2_subset_v3/train/ATADD_T2_Train_136773.flac,1,music,MusicLDM,ATADD_T2_Train_136773.flac
/root/atadd_track2_subset_v3/train/ATADD_T2_Train_136776.flac,1,music,MusicLDM,ATADD_T2_Train_136776.flac
/root/atadd_track2_subset_v3/train/ATADD_T2_Train_136777.flac,1,music,MusicLDM,ATADD_T2_Train_136777.flac
/root/atadd_track2_subset_v3/train/ATADD_T2_Train_136779.flac,1,music,MusicLDM,ATADD_T2_Train_136779.flac
/root/atadd_track2_subset_v3/train/ATADD_T2_Train_136782.flac,1,music,MusicLDM,ATADD_T2_Train_136782.flac
/root/atadd_track2_subset_v3/train/ATADD_T2_Train_136789.flac,1,music,MusicLDM,ATADD_T2_Train_136789.flac
/root/atadd_track2_subset_v3/train/ATADD_T2_Train_136803.flac,1,music,MusicLDM,ATADD_T2_Train_136803.flac
/root/atadd_track2_subset_v3/train/ATADD_T2_Train_136810.flac,1,music,MusicLDM,ATADD_T2_Train_136810.flac
/root/atadd_track2_subset_v3/train/ATADD_T2_Train_136824.flac,1,music,MusicLDM,ATADD_T2_Train_136824.flac
/root/atadd_track2_subset_v3/train/ATADD_T2_Train_136829.flac,1,music,MusicLDM,ATADD_T2_Train_136829.flac
/root/atadd_track2_subset_v3/train/ATADD_T2_Train_136831.flac,1,music,MusicLDM,ATADD_T2_Train_136831.flac
/root/atadd_track2_subset_v3/train/ATADD_T2_Train_136832.flac,1,music,MusicLDM,ATADD_T2_Train_136832.flac
/root/atadd_track2_subset_v3/train/ATADD_T2_Train_136834.flac,1,music,MusicLDM,ATADD_T2_Train_136834.flac
/root/atadd_track2_subset_v3/train/ATADD_T2_Train_136846.flac,1,music,MusicLDM,ATADD_T2_Train_136846.flac
/root/atadd_track2_subset_v3/train/ATADD_T2_Train_136850.flac,1,music,MusicLDM,ATADD_T2_Train_136850.flac
/root/atadd_track2_subset_v3/train/ATADD_T2_Train_136853.flac,1,music,MusicLDM,ATADD_T2_Train_136853.flac
/root/atadd_track2_subset_v3/train/ATADD_T2_Train_136855.flac,1,music,MusicLDM,ATADD_T2_Train_136855.flac
/root/atadd_track2_subset_v3/train/ATADD_T2_Train_136863.flac,1,music,MusicLDM,ATADD_T2_Train_136863.flac
/root/atadd_track2_subset_v3/train/ATADD_T2_Train_136869.flac,1,music,MusicLDM,ATADD_T2_Train_136869.flac
/root/atadd_track2_subset_v3/train/ATADD_T2_Train_136871.flac,1,music,MusicLDM,ATADD_T2_Train_136871.flac
/root/atadd_track2_subset_v3/train/ATADD_T2_Train_136874.flac,1,music,MusicLDM,ATADD_T2_Train_136874.flac
/root/atadd_track2_subset_v3/train/ATADD_T2_Train_136877.flac,1,music,MusicLDM,ATADD_T2_Train_136877.flac
/root/atadd_track2_subset_v3/train/ATADD_T2_Train_136880.flac,1,music,MusicLDM,ATADD_T2_Train_136880.flac
/root/atadd_track2_subset_v3/train/ATADD_T2_Train_136882.flac,1,music,MusicLDM,ATADD_T2_Train_136882.flac
/root/atadd_track2_subset_v3/train/ATADD_T2_Train_136883.flac,1,music,MusicLDM,ATADD_T2_Train_136883.flac
/root/atadd_track2_subset_v3/train/ATADD_T2_Train_136889.flac,1,music,MusicLDM,ATADD_T2_Train_136889.flac
/root/atadd_track2_subset_v3/train/ATADD_T2_Train_136893.flac,1,music,MusicLDM,ATADD_T2_Train_136893.flac
/root/atadd_track2_subset_v3/train/ATADD_T2_Train_136899.flac,1,music,MusicLDM,ATADD_T2_Train_136899.flac
/root/atadd_track2_subset_v3/train/ATADD_T2_Train_136901.flac,1,music,MusicLDM,ATADD_T2_Train_136901.flac
/root/atadd_track2_subset_v3/train/ATADD_T2_Train_136902.flac,1,music,MusicLDM,ATADD_T2_Train_136902.flac
/root/atadd_track2_subset_v3/train/ATADD_T2_Train_136903.flac,1,music,MusicLDM,ATADD_T2_Train_136903.flac
/root/atadd_track2_subset_v3/train/ATADD_T2_Train_136909.flac,1,music,MusicLDM,ATADD_T2_Train_136909.flac
/root/atadd_track2_subset_v3/train/ATADD_T2_Train_136917.flac,1,music,MusicLDM,ATADD_T2_Train_136917.flac
/root/atadd_track2_subset_v3/train/ATADD_T2_Train_136920.flac,1,music,MusicLDM,ATADD_T2_Train_136920.flac
/root/atadd_track2_subset_v3/train/ATADD_T2_Train_136929.flac,1,music,MusicLDM,ATADD_T2_Train_136929.flac
/root/atadd_track2_subset_v3/train/ATADD_T2_Train_136934.flac,1,music,MusicLDM,ATADD_T2_Train_136934.flac
/root/atadd_track2_subset_v3/train/ATADD_T2_Train_136936.flac,1,music,MusicLDM,ATADD_T2_Train_136936.flac
/root/atadd_track2_subset_v3/train/ATADD_T2_Train_136938.flac,1,music,MusicLDM,ATADD_T2_Train_136938.flac
/root/atadd_track2_subset_v3/train/ATADD_T2_Train_136939.flac,1,music,MusicLDM,ATADD_T2_Train_136939.flac
/root/atadd_track2_subset_v3/train/ATADD_T2_Train_136941.flac,1,music,MusicLDM,ATADD_T2_Train_136941.flac
/root/atadd_track2_subset_v3/train/ATADD_T2_Train_136947.flac,1,music,MusicLDM,ATADD_T2_Train_136947.flac
/root/atadd_track2_subset_v3/train/ATADD_T2_Train_136949.flac,1,music,MusicLDM,ATADD_T2_Train_136949.flac
/root/atadd_track2_subset_v3/train/ATADD_T2_Train_136951.flac,1,music,MusicLDM,ATADD_T2_Train_136951.flac
/root/atadd_track2_subset_v3/train/ATADD_T2_Train_136955.flac,1,music,MusicLDM,ATADD_T2_Train_136955.flac
/root/atadd_track2_subset_v3/train/ATADD_T2_Train_136956.flac,1,music,MusicLDM,ATADD_T2_Train_136956.flac
/root/atadd_track2_subset_v3/train/ATADD_T2_Train_136961.flac,1,music,MusicLDM,ATADD_T2_Train_136961.flac
/root/atadd_track2_subset_v3/train/ATADD_T2_Train_136963.flac,1,music,MusicLDM,ATADD_T2_Train_136963.flac
/root/atadd_track2_subset_v3/train/ATADD_T2_Train_136966.flac,1,music,MusicLDM,ATADD_T2_Train_136966.flac
/root/atadd_track2_subset_v3/train/ATADD_T2_Train_136971.flac,1,music,MusicLDM,ATADD_T2_Train_136971.flac
/root/atadd_track2_subset_v3/train/ATADD_T2_Train_136972.flac,1,music,MusicLDM,ATADD_T2_Train_136972.flac
/root/atadd_track2_subset_v3/train/ATADD_T2_Train_136973.flac,1,music,MusicLDM,ATADD_T2_Train_136973.flac
/root/atadd_track2_subset_v3/train/ATADD_T2_Train_136974.flac,1,music,MusicLDM,ATADD_T2_Train_136974.flac
/root/atadd_track2_subset_v3/train/ATADD_T2_Train_136979.flac,1,music,MusicLDM,ATADD_T2_Train_136979.flac
/root/atadd_track2_subset_v3/train/ATADD_T2_Train_136987.flac,1,music,MusicLDM,ATADD_T2_Train_136987.flac
/root/atadd_track2_subset_v3/train/ATADD_T2_Train_136988.flac,1,music,MusicLDM,ATADD_T2_Train_136988.flac
/root/atadd_track2_subset_v3/train/ATADD_T2_Train_136990.flac,1,music,MusicLDM,ATADD_T2_Train_136990.flac
/root/atadd_track2_subset_v3/train/ATADD_T2_Train_136995.flac,1,music,MusicLDM,ATADD_T2_Train_136995.flac
/root/atadd_track2_subset_v3/train/ATADD_T2_Train_136996.flac,1,music,MusicLDM,ATADD_T2_Train_136996.flac
/root/atadd_track2_subset_v3/train/ATADD_T2_Train_136999.flac,1,music,MusicLDM,ATADD_T2_Train_136999.flac
/root/atadd_track2_subset_v3/train/ATADD_T2_Train_137001.flac,1,music,MusicLDM,ATADD_T2_Train_137001.flac
/root/atadd_track2_subset_v3/train/ATADD_T2_Train_137010.flac,1,music,MusicLDM,ATADD_T2_Train_137010.flac
/root/atadd_track2_subset_v3/train/ATADD_T2_Train_137016.flac,1,music,MusicLDM,ATADD_T2_Train_137016.flac
/root/atadd_track2_subset_v3/train/ATADD_T2_Train_137017.flac,1,music,MusicLDM,ATADD_T2_Train_137017.flac
/root/atadd_track2_subset_v3/train/ATADD_T2_Train_137026.flac,1,music,MusicLDM,ATADD_T2_Train_137026.flac
/root/atadd_track2_subset_v3/train/ATADD_T2_Train_137027.flac,1,music,MusicLDM,ATADD_T2_Train_137027.flac
/root/atadd_track2_subset_v3/train/ATADD_T2_Train_137028.flac,1,music,MusicLDM,ATADD_T2_Train_137028.flac
/root/atadd_track2_subset_v3/train/ATADD_T2_Train_137030.flac,1,music,MusicLDM,ATADD_T2_Train_137030.flac
/root/atadd_track2_subset_v3/train/ATADD_T2_Train_137031.flac,1,music,MusicLDM,ATADD_T2_Train_137031.flac
/root/atadd_track2_subset_v3/train/ATADD_T2_Train_137045.flac,1,music,MusicLDM,ATADD_T2_Train_137045.flac
/root/atadd_track2_subset_v3/train/ATADD_T2_Train_137052.flac,1,music,MusicLDM,ATADD_T2_Train_137052.flac
/root/atadd_track2_subset_v3/train/ATADD_T2_Train_137060.flac,1,music,MusicLDM,ATADD_T2_Train_137060.flac
/root/atadd_track2_subset_v3/train/ATADD_T2_Train_137061.flac,1,music,MusicLDM,ATADD_T2_Train_137061.flac
/root/atadd_track2_subset_v3/train/ATADD_T2_Train_137063.flac,1,music,MusicLDM,ATADD_T2_Train_137063.flac
/root/atadd_track2_subset_v3/train/ATADD_T2_Train_137069.flac,1,music,MusicLDM,ATADD_T2_Train_137069.flac
/root/atadd_track2_subset_v3/train/ATADD_T2_Train_137070.flac,1,music,MusicLDM,ATADD_T2_Train_137070.flac
/root/atadd_track2_subset_v3/train/ATADD_T2_Train_137074.flac,1,music,MusicLDM,ATADD_T2_Train_137074.flac
/root/atadd_track2_subset_v3/train/ATADD_T2_Train_137075.flac,1,music,MusicLDM,ATADD_T2_Train_137075.flac
/root/atadd_track2_subset_v3/train/ATADD_T2_Train_137079.flac,1,music,MusicLDM,ATADD_T2_Train_137079.flac
/root/atadd_track2_subset_v3/train/ATADD_T2_Train_137080.flac,1,music,MusicLDM,ATADD_T2_Train_137080.flac
/root/atadd_track2_subset_v3/train/ATADD_T2_Train_137081.flac,1,music,MusicLDM,ATADD_T2_Train_137081.flac
/root/atadd_track2_subset_v3/train/ATADD_T2_Train_137089.flac,1,music,MusicLDM,ATADD_T2_Train_137089.flac
/root/atadd_track2_subset_v3/train/ATADD_T2_Train_137097.flac,1,music,MusicLDM,ATADD_T2_Train_137097.flac
/root/atadd_track2_subset_v3/train/ATADD_T2_Train_137101.flac,1,music,MusicLDM,ATADD_T2_Train_137101.flac
/root/atadd_track2_subset_v3/train/ATADD_T2_Train_137103.flac,1,music,MusicLDM,ATADD_T2_Train_137103.flac
/root/atadd_track2_subset_v3/train/ATADD_T2_Train_137104.flac,1,music,MusicLDM,ATADD_T2_Train_137104.flac
/root/atadd_track2_subset_v3/train/ATADD_T2_Train_137105.flac,1,music,MusicLDM,ATADD_T2_Train_137105.flac
/root/atadd_track2_subset_v3/train/ATADD_T2_Train_137107.flac,1,music,MusicLDM,ATADD_T2_Train_137107.flac
/root/atadd_track2_subset_v3/train/ATADD_T2_Train_137108.flac,1,music,MusicLDM,ATADD_T2_Train_137108.flac
/root/atadd_track2_subset_v3/train/ATADD_T2_Train_137113.flac,1,music,MusicLDM,ATADD_T2_Train_137113.flac
/root/atadd_track2_subset_v3/train/ATADD_T2_Train_137123.flac,1,music,MusicLDM,ATADD_T2_Train_137123.flac
/root/atadd_track2_subset_v3/train/ATADD_T2_Train_137124.flac,1,music,MusicLDM,ATADD_T2_Train_137124.flac
/root/atadd_track2_subset_v3/train/ATADD_T2_Train_137126.flac,1,music,MusicLDM,ATADD_T2_Train_137126.flac
/root/atadd_track2_subset_v3/train/ATADD_T2_Train_137127.flac,1,music,MusicLDM,ATADD_T2_Train_137127.flac
/root/atadd_track2_subset_v3/train/ATADD_T2_Train_137128.flac,1,music,MusicLDM,ATADD_T2_Train_137128.flac
/root/atadd_track2_subset_v3/train/ATADD_T2_Train_137136.flac,1,music,MusicLDM,ATADD_T2_Train_137136.flac
/root/atadd_track2_subset_v3/train/ATADD_T2_Train_137155.flac,1,music,MusicLDM,ATADD_T2_Train_137155.flac
/root/atadd_track2_subset_v3/train/ATADD_T2_Train_137167.flac,1,music,MusicLDM,ATADD_T2_Train_137167.flac
/root/atadd_track2_subset_v3/train/ATADD_T2_Train_137168.flac,1,music,MusicLDM,ATADD_T2_Train_137168.flac
/root/atadd_track2_subset_v3/train/ATADD_T2_Train_137169.flac,1,music,MusicLDM,ATADD_T2_Train_137169.flac
/root/atadd_track2_subset_v3/train/ATADD_T2_Train_137170.flac,1,music,MusicLDM,ATADD_T2_Train_137170.flac
/root/atadd_track2_subset_v3/train/ATADD_T2_Train_137172.flac,1,music,MusicLDM,ATADD_T2_Train_137172.flac
/root/atadd_track2_subset_v3/train/ATADD_T2_Train_137180.flac,1,music,MusicLDM,ATADD_T2_Train_137180.flac
/root/atadd_track2_subset_v3/train/ATADD_T2_Train_137182.flac,1,music,MusicLDM,ATADD_T2_Train_137182.flac
/root/atadd_track2_subset_v3/train/ATADD_T2_Train_137188.flac,1,music,MusicLDM,ATADD_T2_Train_137188.flac
/root/atadd_track2_subset_v3/train/ATADD_T2_Train_137191.flac,1,music,MusicLDM,ATADD_T2_Train_137191.flac
/root/atadd_track2_subset_v3/train/ATADD_T2_Train_137197.flac,1,music,MusicLDM,ATADD_T2_Train_137197.flac
/root/atadd_track2_subset_v3/train/ATADD_T2_Train_137200.flac,1,music,MusicLDM,ATADD_T2_Train_137200.flac
/root/atadd_track2_subset_v3/train/ATADD_T2_Train_137202.flac,1,music,MusicLDM,ATADD_T2_Train_137202.flac
/root/atadd_track2_subset_v3/train/ATADD_T2_Train_137214.flac,1,music,MusicLDM,ATADD_T2_Train_137214.flac
/root/atadd_track2_subset_v3/train/ATADD_T2_Train_137215.flac,1,music,MusicLDM,ATADD_T2_Train_137215.flac
/root/atadd_track2_subset_v3/train/ATADD_T2_Train_137218.flac,1,music,MusicLDM,ATADD_T2_Train_137218.flac
/root/atadd_track2_subset_v3/train/ATADD_T2_Train_137223.flac,1,music,MusicLDM,ATADD_T2_Train_137223.flac
/root/atadd_track2_subset_v3/train/ATADD_T2_Train_137228.flac,1,music,MusicLDM,ATADD_T2_Train_137228.flac
/root/atadd_track2_subset_v3/train/ATADD_T2_Train_137232.flac,1,music,MusicLDM,ATADD_T2_Train_137232.flac
/root/atadd_track2_subset_v3/train/ATADD_T2_Train_137238.flac,1,music,MusicLDM,ATADD_T2_Train_137238.flac
/root/atadd_track2_subset_v3/train/ATADD_T2_Train_137241.flac,1,music,MusicLDM,ATADD_T2_Train_137241.flac
/root/atadd_track2_subset_v3/train/ATADD_T2_Train_137242.flac,1,music,MusicLDM,ATADD_T2_Train_137242.flac
/root/atadd_track2_subset_v3/train/ATADD_T2_Train_137243.flac,1,music,MusicLDM,ATADD_T2_Train_137243.flac
/root/atadd_track2_subset_v3/train/ATADD_T2_Train_137247.flac,1,music,MusicLDM,ATADD_T2_Train_137247.flac
/root/atadd_track2_subset_v3/train/ATADD_T2_Train_137249.flac,1,music,MusicLDM,ATADD_T2_Train_137249.flac
/root/atadd_track2_subset_v3/train/ATADD_T2_Train_137250.flac,1,music,MusicLDM,ATADD_T2_Train_137250.flac
/root/atadd_track2_subset_v3/train/ATADD_T2_Train_137253.flac,1,music,MusicLDM,ATADD_T2_Train_137253.flac
/root/atadd_track2_subset_v3/train/ATADD_T2_Train_137260.flac,1,music,MusicLDM,ATADD_T2_Train_137260.flac
/root/atadd_track2_subset_v3/train/ATADD_T2_Train_137267.flac,1,music,MusicLDM,ATADD_T2_Train_137267.flac
/root/atadd_track2_subset_v3/train/ATADD_T2_Train_137287.flac,1,music,MusicLDM,ATADD_T2_Train_137287.flac
/root/atadd_track2_subset_v3/train/ATADD_T2_Train_137289.flac,1,music,MusicLDM,ATADD_T2_Train_137289.flac
/root/atadd_track2_subset_v3/train/ATADD_T2_Train_137290.flac,1,music,MusicLDM,ATADD_T2_Train_137290.flac
/root/atadd_track2_subset_v3/train/ATADD_T2_Train_137296.flac,1,music,MusicLDM,ATADD_T2_Train_137296.flac
/root/atadd_track2_subset_v3/train/ATADD_T2_Train_137297.flac,1,music,MusicLDM,ATADD_T2_Train_137297.flac
/root/atadd_track2_subset_v3/train/ATADD_T2_Train_137298.flac,1,music,MusicLDM,ATADD_T2_Train_137298.flac
/root/atadd_track2_subset_v3/train/ATADD_T2_Train_137304.flac,1,music,MusicLDM,ATADD_T2_Train_137304.flac
/root/atadd_track2_subset_v3/train/ATADD_T2_Train_137306.flac,1,music,MusicLDM,ATADD_T2_Train_137306.flac
/root/atadd_track2_subset_v3/train/ATADD_T2_Train_137310.flac,1,music,MusicLDM,ATADD_T2_Train_137310.flac
/root/atadd_track2_subset_v3/train/ATADD_T2_Train_137319.flac,1,music,MusicLDM,ATADD_T2_Train_137319.flac
/root/atadd_track2_subset_v3/train/ATADD_T2_Train_137321.flac,1,music,MusicLDM,ATADD_T2_Train_137321.flac
/root/atadd_track2_subset_v3/train/ATADD_T2_Train_137322.flac,1,music,MusicLDM,ATADD_T2_Train_137322.flac
/root/atadd_track2_subset_v3/train/ATADD_T2_Train_137331.flac,1,music,MusicLDM,ATADD_T2_Train_137331.flac
/root/atadd_track2_subset_v3/train/ATADD_T2_Train_137335.flac,1,music,MusicLDM,ATADD_T2_Train_137335.flac
/root/atadd_track2_subset_v3/train/ATADD_T2_Train_137336.flac,1,music,MusicLDM,ATADD_T2_Train_137336.flac
/root/atadd_track2_subset_v3/train/ATADD_T2_Train_137340.flac,1,music,MusicLDM,ATADD_T2_Train_137340.flac
/root/atadd_track2_subset_v3/train/ATADD_T2_Train_137341.flac,1,music,MusicLDM,ATADD_T2_Train_137341.flac
/root/atadd_track2_subset_v3/train/ATADD_T2_Train_137342.flac,1,music,MusicLDM,ATADD_T2_Train_137342.flac
/root/atadd_track2_subset_v3/train/ATADD_T2_Train_137347.flac,1,music,MusicLDM,ATADD_T2_Train_137347.flac
/root/atadd_track2_subset_v3/train/ATADD_T2_Train_137361.flac,1,music,MusicLDM,ATADD_T2_Train_137361.flac
/root/atadd_track2_subset_v3/train/ATADD_T2_Train_137366.flac,1,music,MusicLDM,ATADD_T2_Train_137366.flac
/root/atadd_track2_subset_v3/train/ATADD_T2_Train_137367.flac,1,music,MusicLDM,ATADD_T2_Train_137367.flac
/root/atadd_track2_subset_v3/train/ATADD_T2_Train_137374.flac,1,music,MusicLDM,ATADD_T2_Train_137374.flac
/root/atadd_track2_subset_v3/train/ATADD_T2_Train_137380.flac,1,music,MusicLDM,ATADD_T2_Train_137380.flac
/root/atadd_track2_subset_v3/train/ATADD_T2_Train_137381.flac,1,music,MusicLDM,ATADD_T2_Train_137381.flac
/root/atadd_track2_subset_v3/train/ATADD_T2_Train_137385.flac,1,music,MusicLDM,ATADD_T2_Train_137385.flac
/root/atadd_track2_subset_v3/train/ATADD_T2_Train_137386.flac,1,music,MusicLDM,ATADD_T2_Train_137386.flac
/root/atadd_track2_subset_v3/train/ATADD_T2_Train_137391.flac,1,music,MusicLDM,ATADD_T2_Train_137391.flac
/root/atadd_track2_subset_v3/train/ATADD_T2_Train_137396.flac,1,music,MusicLDM,ATADD_T2_Train_137396.flac
/root/atadd_track2_subset_v3/train/ATADD_T2_Train_137397.flac,1,music,MusicLDM,ATADD_T2_Train_137397.flac
/root/atadd_track2_subset_v3/train/ATADD_T2_Train_137398.flac,1,music,MusicLDM,ATADD_T2_Train_137398.flac
/root/atadd_track2_subset_v3/train/ATADD_T2_Train_137401.flac,1,music,MusicLDM,ATADD_T2_Train_137401.flac
/root/atadd_track2_subset_v3/train/ATADD_T2_Train_137405.flac,1,music,MusicLDM,ATADD_T2_Train_137405.flac
/root/atadd_track2_subset_v3/train/ATADD_T2_Train_137406.flac,1,music,MusicLDM,ATADD_T2_Train_137406.flac
/root/atadd_track2_subset_v3/train/ATADD_T2_Train_137408.flac,1,music,MusicLDM,ATADD_T2_Train_137408.flac
/root/atadd_track2_subset_v3/train/ATADD_T2_Train_137409.flac,1,music,MusicLDM,ATADD_T2_Train_137409.flac
/root/atadd_track2_subset_v3/train/ATADD_T2_Train_137413.flac,1,music,MusicLDM,ATADD_T2_Train_137413.flac
/root/atadd_track2_subset_v3/train/ATADD_T2_Train_137420.flac,1,music,MusicLDM,ATADD_T2_Train_137420.flac
/root/atadd_track2_subset_v3/train/ATADD_T2_Train_137430.flac,1,music,MusicLDM,ATADD_T2_Train_137430.flac
/root/atadd_track2_subset_v3/train/ATADD_T2_Train_137434.flac,1,music,MusicLDM,ATADD_T2_Train_137434.flac
/root/atadd_track2_subset_v3/train/ATADD_T2_Train_137438.flac,1,music,MusicLDM,ATADD_T2_Train_137438.flac
/root/atadd_track2_subset_v3/train/ATADD_T2_Train_137439.flac,1,music,MusicLDM,ATADD_T2_Train_137439.flac
/root/atadd_track2_subset_v3/train/ATADD_T2_Train_137446.flac,1,music,MusicLDM,ATADD_T2_Train_137446.flac
/root/atadd_track2_subset_v3/train/ATADD_T2_Train_137449.flac,1,music,MusicLDM,ATADD_T2_Train_137449.flac
/root/atadd_track2_subset_v3/train/ATADD_T2_Train_137455.flac,1,music,MusicLDM,ATADD_T2_Train_137455.flac
/root/atadd_track2_subset_v3/train/ATADD_T2_Train_137456.flac,1,music,MusicLDM,ATADD_T2_Train_137456.flac
/root/atadd_track2_subset_v3/train/ATADD_T2_Train_137458.flac,1,music,MusicLDM,ATADD_T2_Train_137458.flac
/root/atadd_track2_subset_v3/train/ATADD_T2_Train_137464.flac,1,music,MusicLDM,ATADD_T2_Train_137464.flac
/root/atadd_track2_subset_v3/train/ATADD_T2_Train_137470.flac,1,music,MusicLDM,ATADD_T2_Train_137470.flac
/root/atadd_track2_subset_v3/train/ATADD_T2_Train_137471.flac,1,music,MusicLDM,ATADD_T2_Train_137471.flac
/root/atadd_track2_subset_v3/train/ATADD_T2_Train_137475.flac,1,music,MusicLDM,ATADD_T2_Train_137475.flac
/root/atadd_track2_subset_v3/train/ATADD_T2_Train_137477.flac,1,music,MusicLDM,ATADD_T2_Train_137477.flac
/root/atadd_track2_subset_v3/train/ATADD_T2_Train_137483.flac,1,music,MusicLDM,ATADD_T2_Train_137483.flac
/root/atadd_track2_subset_v3/train/ATADD_T2_Train_137485.flac,1,music,MusicLDM,ATADD_T2_Train_137485.flac
/root/atadd_track2_subset_v3/train/ATADD_T2_Train_137496.flac,1,music,MusicLDM,ATADD_T2_Train_137496.flac
/root/atadd_track2_subset_v3/train/ATADD_T2_Train_137497.flac,1,music,MusicLDM,ATADD_T2_Train_137497.flac
/root/atadd_track2_subset_v3/train/ATADD_T2_Train_137498.flac,1,music,MusicLDM,ATADD_T2_Train_137498.flac
/root/atadd_track2_subset_v3/train/ATADD_T2_Train_137499.flac,1,music,MusicLDM,ATADD_T2_Train_137499.flac
/root/atadd_track2_subset_v3/train/ATADD_T2_Train_137509.flac,1,music,MusicLDM,ATADD_T2_Train_137509.flac
/root/atadd_track2_subset_v3/train/ATADD_T2_Train_137511.flac,1,music,MusicLDM,ATADD_T2_Train_137511.flac
/root/atadd_track2_subset_v3/train/ATADD_T2_Train_137517.flac,1,music,MusicLDM,ATADD_T2_Train_137517.flac
/root/atadd_track2_subset_v3/train/ATADD_T2_Train_137526.flac,1,music,MusicLDM,ATADD_T2_Train_137526.flac
/root/atadd_track2_subset_v3/train/ATADD_T2_Train_137529.flac,1,music,MusicLDM,ATADD_T2_Train_137529.flac
/root/atadd_track2_subset_v3/train/ATADD_T2_Train_137530.flac,1,music,MusicLDM,ATADD_T2_Train_137530.flac
/root/atadd_track2_subset_v3/train/ATADD_T2_Train_137532.flac,1,music,MusicLDM,ATADD_T2_Train_137532.flac
/root/atadd_track2_subset_v3/train/ATADD_T2_Train_137534.flac,1,music,MusicLDM,ATADD_T2_Train_137534.flac
/root/atadd_track2_subset_v3/train/ATADD_T2_Train_137538.flac,1,music,MusicLDM,ATADD_T2_Train_137538.flac
/root/atadd_track2_subset_v3/train/ATADD_T2_Train_137540.flac,1,music,MusicLDM,ATADD_T2_Train_137540.flac
/root/atadd_track2_subset_v3/train/ATADD_T2_Train_137550.flac,1,music,MusicLDM,ATADD_T2_Train_137550.flac
/root/atadd_track2_subset_v3/train/ATADD_T2_Train_137552.flac,1,music,MusicLDM,ATADD_T2_Train_137552.flac
/root/atadd_track2_subset_v3/train/ATADD_T2_Train_137553.flac,1,music,MusicLDM,ATADD_T2_Train_137553.flac
/root/atadd_track2_subset_v3/train/ATADD_T2_Train_137554.flac,1,music,MusicLDM,ATADD_T2_Train_137554.flac
/root/atadd_track2_subset_v3/train/ATADD_T2_Train_137555.flac,1,music,MusicLDM,ATADD_T2_Train_137555.flac
/root/atadd_track2_subset_v3/train/ATADD_T2_Train_137559.flac,1,music,MusicLDM,ATADD_T2_Train_137559.flac
/root/atadd_track2_subset_v3/train/ATADD_T2_Train_137562.flac,1,music,MusicLDM,ATADD_T2_Train_137562.flac
/root/atadd_track2_subset_v3/train/ATADD_T2_Train_137572.flac,1,music,MusicLDM,ATADD_T2_Train_137572.flac
/root/atadd_track2_subset_v3/train/ATADD_T2_Train_137587.flac,1,music,MusicLDM,ATADD_T2_Train_137587.flac
/root/atadd_track2_subset_v3/train/ATADD_T2_Train_137588.flac,1,music,MusicLDM,ATADD_T2_Train_137588.flac
/root/atadd_track2_subset_v3/train/ATADD_T2_Train_137592.flac,1,music,MusicLDM,ATADD_T2_Train_137592.flac
/root/atadd_track2_subset_v3/train/ATADD_T2_Train_137595.flac,1,music,MusicLDM,ATADD_T2_Train_137595.flac
/root/atadd_track2_subset_v3/train/ATADD_T2_Train_137599.flac,1,music,MusicLDM,ATADD_T2_Train_137599.flac
/root/atadd_track2_subset_v3/train/ATADD_T2_Train_137601.flac,1,music,MusicLDM,ATADD_T2_Train_137601.flac
/root/atadd_track2_subset_v3/train/ATADD_T2_Train_137604.flac,1,music,MusicLDM,ATADD_T2_Train_137604.flac
/root/atadd_track2_subset_v3/train/ATADD_T2_Train_137605.flac,1,music,MusicLDM,ATADD_T2_Train_137605.flac
/root/atadd_track2_subset_v3/train/ATADD_T2_Train_137606.flac,1,music,MusicLDM,ATADD_T2_Train_137606.flac
/root/atadd_track2_subset_v3/train/ATADD_T2_Train_137609.flac,1,music,MusicLDM,ATADD_T2_Train_137609.flac
/root/atadd_track2_subset_v3/train/ATADD_T2_Train_137612.flac,1,music,MusicLDM,ATADD_T2_Train_137612.flac
/root/atadd_track2_subset_v3/train/ATADD_T2_Train_137614.flac,1,music,MusicLDM,ATADD_T2_Train_137614.flac
/root/atadd_track2_subset_v3/train/ATADD_T2_Train_137615.flac,1,music,MusicLDM,ATADD_T2_Train_137615.flac
/root/atadd_track2_subset_v3/train/ATADD_T2_Train_137621.flac,1,music,MusicLDM,ATADD_T2_Train_137621.flac
/root/atadd_track2_subset_v3/train/ATADD_T2_Train_137634.flac,1,music,MusicLDM,ATADD_T2_Train_137634.flac
/root/atadd_track2_subset_v3/train/ATADD_T2_Train_137640.flac,1,music,MusicLDM,ATADD_T2_Train_137640.flac
/root/atadd_track2_subset_v3/train/ATADD_T2_Train_137643.flac,1,music,MusicLDM,ATADD_T2_Train_137643.flac
/root/atadd_track2_subset_v3/train/ATADD_T2_Train_137644.flac,1,music,MusicLDM,ATADD_T2_Train_137644.flac
/root/atadd_track2_subset_v3/train/ATADD_T2_Train_137649.flac,1,music,MusicLDM,ATADD_T2_Train_137649.flac
/root/atadd_track2_subset_v3/train/ATADD_T2_Train_137656.flac,1,music,MusicLDM,ATADD_T2_Train_137656.flac
/root/atadd_track2_subset_v3/train/ATADD_T2_Train_137657.flac,1,music,MusicLDM,ATADD_T2_Train_137657.flac
/root/atadd_track2_subset_v3/train/ATADD_T2_Train_137661.flac,1,music,MusicLDM,ATADD_T2_Train_137661.flac
/root/atadd_track2_subset_v3/train/ATADD_T2_Train_137662.flac,1,music,MusicLDM,ATADD_T2_Train_137662.flac
/root/atadd_track2_subset_v3/train/ATADD_T2_Train_137667.flac,1,music,MusicLDM,ATADD_T2_Train_137667.flac
/root/atadd_track2_subset_v3/train/ATADD_T2_Train_137670.flac,1,music,MusicLDM,ATADD_T2_Train_137670.flac
/root/atadd_track2_subset_v3/train/ATADD_T2_Train_137675.flac,1,music,MusicLDM,ATADD_T2_Train_137675.flac
/root/atadd_track2_subset_v3/train/ATADD_T2_Train_137682.flac,1,music,MusicLDM,ATADD_T2_Train_137682.flac
/root/atadd_track2_subset_v3/train/ATADD_T2_Train_137684.flac,1,music,MusicLDM,ATADD_T2_Train_137684.flac
/root/atadd_track2_subset_v3/train/ATADD_T2_Train_137685.flac,1,music,MusicLDM,ATADD_T2_Train_137685.flac
/root/atadd_track2_subset_v3/train/ATADD_T2_Train_137694.flac,1,music,MusicLDM,ATADD_T2_Train_137694.flac
/root/atadd_track2_subset_v3/train/ATADD_T2_Train_137697.flac,1,music,MusicLDM,ATADD_T2_Train_137697.flac
/root/atadd_track2_subset_v3/train/ATADD_T2_Train_137699.flac,1,music,MusicLDM,ATADD_T2_Train_137699.flac
/root/atadd_track2_subset_v3/train/ATADD_T2_Train_137702.flac,1,music,MusicLDM,ATADD_T2_Train_137702.flac
/root/atadd_track2_subset_v3/train/ATADD_T2_Train_137703.flac,1,music,MusicLDM,ATADD_T2_Train_137703.flac
/root/atadd_track2_subset_v3/train/ATADD_T2_Train_137705.flac,1,music,MusicLDM,ATADD_T2_Train_137705.flac
/root/atadd_track2_subset_v3/train/ATADD_T2_Train_137707.flac,1,music,MusicLDM,ATADD_T2_Train_137707.flac
/root/atadd_track2_subset_v3/train/ATADD_T2_Train_137714.flac,1,music,MusicLDM,ATADD_T2_Train_137714.flac
/root/atadd_track2_subset_v3/train/ATADD_T2_Train_137717.flac,1,music,MusicLDM,ATADD_T2_Train_137717.flac
/root/atadd_track2_subset_v3/train/ATADD_T2_Train_137724.flac,1,music,MusicLDM,ATADD_T2_Train_137724.flac
/root/atadd_track2_subset_v3/train/ATADD_T2_Train_137726.flac,1,music,MusicLDM,ATADD_T2_Train_137726.flac
/root/atadd_track2_subset_v3/train/ATADD_T2_Train_137732.flac,1,music,MusicLDM,ATADD_T2_Train_137732.flac
/root/atadd_track2_subset_v3/train/ATADD_T2_Train_137734.flac,1,music,MusicLDM,ATADD_T2_Train_137734.flac
/root/atadd_track2_subset_v3/train/ATADD_T2_Train_137736.flac,1,music,MusicLDM,ATADD_T2_Train_137736.flac
/root/atadd_track2_subset_v3/train/ATADD_T2_Train_137737.flac,1,music,MusicLDM,ATADD_T2_Train_137737.flac
/root/atadd_track2_subset_v3/train/ATADD_T2_Train_137745.flac,1,music,MusicLDM,ATADD_T2_Train_137745.flac
/root/atadd_track2_subset_v3/train/ATADD_T2_Train_137757.flac,1,music,MusicLDM,ATADD_T2_Train_137757.flac
/root/atadd_track2_subset_v3/train/ATADD_T2_Train_137765.flac,1,music,MusicLDM,ATADD_T2_Train_137765.flac
/root/atadd_track2_subset_v3/train/ATADD_T2_Train_137766.flac,1,music,MusicLDM,ATADD_T2_Train_137766.flac
/root/atadd_track2_subset_v3/train/ATADD_T2_Train_137779.flac,1,music,MusicLDM,ATADD_T2_Train_137779.flac
/root/atadd_track2_subset_v3/train/ATADD_T2_Train_137780.flac,1,music,MusicLDM,ATADD_T2_Train_137780.flac
/root/atadd_track2_subset_v3/train/ATADD_T2_Train_137788.flac,1,music,MusicLDM,ATADD_T2_Train_137788.flac
/root/atadd_track2_subset_v3/train/ATADD_T2_Train_137790.flac,1,music,MusicLDM,ATADD_T2_Train_137790.flac
/root/atadd_track2_subset_v3/train/ATADD_T2_Train_137793.flac,1,music,MusicLDM,ATADD_T2_Train_137793.flac
/root/atadd_track2_subset_v3/train/ATADD_T2_Train_137794.flac,1,music,MusicLDM,ATADD_T2_Train_137794.flac
/root/atadd_track2_subset_v3/train/ATADD_T2_Train_137814.flac,1,music,MusicLDM,ATADD_T2_Train_137814.flac
/root/atadd_track2_subset_v3/train/ATADD_T2_Train_137815.flac,1,music,MusicLDM,ATADD_T2_Train_137815.flac
/root/atadd_track2_subset_v3/train/ATADD_T2_Train_137819.flac,1,music,MusicLDM,ATADD_T2_Train_137819.flac
/root/atadd_track2_subset_v3/train/ATADD_T2_Train_137821.flac,1,music,MusicLDM,ATADD_T2_Train_137821.flac
/root/atadd_track2_subset_v3/train/ATADD_T2_Train_137823.flac,1,music,MusicLDM,ATADD_T2_Train_137823.flac
/root/atadd_track2_subset_v3/train/ATADD_T2_Train_137824.flac,1,music,MusicLDM,ATADD_T2_Train_137824.flac
/root/atadd_track2_subset_v3/train/ATADD_T2_Train_137831.flac,1,music,MusicLDM,ATADD_T2_Train_137831.flac
/root/atadd_track2_subset_v3/train/ATADD_T2_Train_137832.flac,1,music,MusicLDM,ATADD_T2_Train_137832.flac
/root/atadd_track2_subset_v3/train/ATADD_T2_Train_137834.flac,1,music,MusicLDM,ATADD_T2_Train_137834.flac
/root/atadd_track2_subset_v3/train/ATADD_T2_Train_137836.flac,1,music,MusicLDM,ATADD_T2_Train_137836.flac
/root/atadd_track2_subset_v3/train/ATADD_T2_Train_137841.flac,1,music,MusicLDM,ATADD_T2_Train_137841.flac
/root/atadd_track2_subset_v3/train/ATADD_T2_Train_137844.flac,1,music,MusicLDM,ATADD_T2_Train_137844.flac
/root/atadd_track2_subset_v3/train/ATADD_T2_Train_137845.flac,1,music,MusicLDM,ATADD_T2_Train_137845.flac
/root/atadd_track2_subset_v3/train/ATADD_T2_Train_137846.flac,1,music,MusicLDM,ATADD_T2_Train_137846.flac
/root/atadd_track2_subset_v3/train/ATADD_T2_Train_137847.flac,1,music,MusicLDM,ATADD_T2_Train_137847.flac
/root/atadd_track2_subset_v3/train/ATADD_T2_Train_137848.flac,1,music,MusicLDM,ATADD_T2_Train_137848.flac
/root/atadd_track2_subset_v3/train/ATADD_T2_Train_137858.flac,1,music,MusicLDM,ATADD_T2_Train_137858.flac
/root/atadd_track2_subset_v3/train/ATADD_T2_Train_137860.flac,1,music,MusicLDM,ATADD_T2_Train_137860.flac
/root/atadd_track2_subset_v3/train/ATADD_T2_Train_137866.flac,1,music,MusicLDM,ATADD_T2_Train_137866.flac
/root/atadd_track2_subset_v3/train/ATADD_T2_Train_137877.flac,1,music,MusicLDM,ATADD_T2_Train_137877.flac
/root/atadd_track2_subset_v3/train/ATADD_T2_Train_137878.flac,1,music,MusicLDM,ATADD_T2_Train_137878.flac
/root/atadd_track2_subset_v3/train/ATADD_T2_Train_137888.flac,1,music,MusicLDM,ATADD_T2_Train_137888.flac
/root/atadd_track2_subset_v3/train/ATADD_T2_Train_137889.flac,1,music,MusicLDM,ATADD_T2_Train_137889.flac
/root/atadd_track2_subset_v3/train/ATADD_T2_Train_137892.flac,1,music,MusicLDM,ATADD_T2_Train_137892.flac
/root/atadd_track2_subset_v3/train/ATADD_T2_Train_137894.flac,1,music,MusicLDM,ATADD_T2_Train_137894.flac
/root/atadd_track2_subset_v3/train/ATADD_T2_Train_137895.flac,1,music,MusicLDM,ATADD_T2_Train_137895.flac
/root/atadd_track2_subset_v3/train/ATADD_T2_Train_137898.flac,1,music,MusicLDM,ATADD_T2_Train_137898.flac
/root/atadd_track2_subset_v3/train/ATADD_T2_Train_137900.flac,1,music,MusicLDM,ATADD_T2_Train_137900.flac
/root/atadd_track2_subset_v3/train/ATADD_T2_Train_137901.flac,1,music,MusicLDM,ATADD_T2_Train_137901.flac
/root/atadd_track2_subset_v3/train/ATADD_T2_Train_137905.flac,1,music,MusicLDM,ATADD_T2_Train_137905.flac
/root/atadd_track2_subset_v3/train/ATADD_T2_Train_137908.flac,1,music,MusicLDM,ATADD_T2_Train_137908.flac
/root/atadd_track2_subset_v3/train/ATADD_T2_Train_137909.flac,1,music,MusicLDM,ATADD_T2_Train_137909.flac
/root/atadd_track2_subset_v3/train/ATADD_T2_Train_137917.flac,1,music,MusicLDM,ATADD_T2_Train_137917.flac
/root/atadd_track2_subset_v3/train/ATADD_T2_Train_137923.flac,1,music,MusicLDM,ATADD_T2_Train_137923.flac
/root/atadd_track2_subset_v3/train/ATADD_T2_Train_137924.flac,1,music,MusicLDM,ATADD_T2_Train_137924.flac
/root/atadd_track2_subset_v3/train/ATADD_T2_Train_137925.flac,1,music,MusicLDM,ATADD_T2_Train_137925.flac
/root/atadd_track2_subset_v3/train/ATADD_T2_Train_137926.flac,1,music,MusicLDM,ATADD_T2_Train_137926.flac
/root/atadd_track2_subset_v3/train/ATADD_T2_Train_137927.flac,1,music,MusicLDM,ATADD_T2_Train_137927.flac
/root/atadd_track2_subset_v3/train/ATADD_T2_Train_137936.flac,1,music,MusicLDM,ATADD_T2_Train_137936.flac
/root/atadd_track2_subset_v3/train/ATADD_T2_Train_137941.flac,1,music,MusicLDM,ATADD_T2_Train_137941.flac
/root/atadd_track2_subset_v3/train/ATADD_T2_Train_137948.flac,1,music,MusicLDM,ATADD_T2_Train_137948.flac
/root/atadd_track2_subset_v3/train/ATADD_T2_Train_137950.flac,1,music,MusicLDM,ATADD_T2_Train_137950.flac
/root/atadd_track2_subset_v3/train/ATADD_T2_Train_137951.flac,1,music,MusicLDM,ATADD_T2_Train_137951.flac
/root/atadd_track2_subset_v3/train/ATADD_T2_Train_137956.flac,1,music,MusicLDM,ATADD_T2_Train_137956.flac
/root/atadd_track2_subset_v3/train/ATADD_T2_Train_137958.flac,1,music,MusicLDM,ATADD_T2_Train_137958.flac
/root/atadd_track2_subset_v3/train/ATADD_T2_Train_137960.flac,1,music,MusicLDM,ATADD_T2_Train_137960.flac
/root/atadd_track2_subset_v3/train/ATADD_T2_Train_137967.flac,1,music,MusicLDM,ATADD_T2_Train_137967.flac
/root/atadd_track2_subset_v3/train/ATADD_T2_Train_137970.flac,1,music,MusicLDM,ATADD_T2_Train_137970.flac
/root/atadd_track2_subset_v3/train/ATADD_T2_Train_137979.flac,1,music,MusicLDM,ATADD_T2_Train_137979.flac
/root/atadd_track2_subset_v3/train/ATADD_T2_Train_137983.flac,1,music,MusicLDM,ATADD_T2_Train_137983.flac
/root/atadd_track2_subset_v3/train/ATADD_T2_Train_137984.flac,1,music,MusicLDM,ATADD_T2_Train_137984.flac
/root/atadd_track2_subset_v3/train/ATADD_T2_Train_137986.flac,1,music,MusicLDM,ATADD_T2_Train_137986.flac
/root/atadd_track2_subset_v3/train/ATADD_T2_Train_137992.flac,1,music,MusicLDM,ATADD_T2_Train_137992.flac
/root/atadd_track2_subset_v3/train/ATADD_T2_Train_137994.flac,1,music,MusicLDM,ATADD_T2_Train_137994.flac
/root/atadd_track2_subset_v3/train/ATADD_T2_Train_138013.flac,1,music,MusicLDM,ATADD_T2_Train_138013.flac
/root/atadd_track2_subset_v3/train/ATADD_T2_Train_138024.flac,1,music,MusicLDM,ATADD_T2_Train_138024.flac
/root/atadd_track2_subset_v3/train/ATADD_T2_Train_138028.flac,1,music,MusicLDM,ATADD_T2_Train_138028.flac
/root/atadd_track2_subset_v3/train/ATADD_T2_Train_138035.flac,1,music,MusicLDM,ATADD_T2_Train_138035.flac
/root/atadd_track2_subset_v3/train/ATADD_T2_Train_138045.flac,1,music,MusicLDM,ATADD_T2_Train_138045.flac
/root/atadd_track2_subset_v3/train/ATADD_T2_Train_138051.flac,1,music,MusicLDM,ATADD_T2_Train_138051.flac
/root/atadd_track2_subset_v3/train/ATADD_T2_Train_138053.flac,1,music,MusicLDM,ATADD_T2_Train_138053.flac
/root/atadd_track2_subset_v3/train/ATADD_T2_Train_138059.flac,1,music,MusicLDM,ATADD_T2_Train_138059.flac
/root/atadd_track2_subset_v3/train/ATADD_T2_Train_138065.flac,1,music,MusicLDM,ATADD_T2_Train_138065.flac
/root/atadd_track2_subset_v3/train/ATADD_T2_Train_138068.flac,1,music,MusicLDM,ATADD_T2_Train_138068.flac
/root/atadd_track2_subset_v3/train/ATADD_T2_Train_138069.flac,1,music,MusicLDM,ATADD_T2_Train_138069.flac
/root/atadd_track2_subset_v3/train/ATADD_T2_Train_138072.flac,1,music,MusicLDM,ATADD_T2_Train_138072.flac
/root/atadd_track2_subset_v3/train/ATADD_T2_Train_138079.flac,1,music,MusicLDM,ATADD_T2_Train_138079.flac
/root/atadd_track2_subset_v3/train/ATADD_T2_Train_138085.flac,1,music,MusicLDM,ATADD_T2_Train_138085.flac
/root/atadd_track2_subset_v3/train/ATADD_T2_Train_138094.flac,1,music,MusicLDM,ATADD_T2_Train_138094.flac
/root/atadd_track2_subset_v3/train/ATADD_T2_Train_138098.flac,1,music,MusicLDM,ATADD_T2_Train_138098.flac
/root/atadd_track2_subset_v3/train/ATADD_T2_Train_138099.flac,1,music,MusicLDM,ATADD_T2_Train_138099.flac
/root/atadd_track2_subset_v3/train/ATADD_T2_Train_138100.flac,1,music,MusicLDM,ATADD_T2_Train_138100.flac
/root/atadd_track2_subset_v3/train/ATADD_T2_Train_138109.flac,1,music,MusicLDM,ATADD_T2_Train_138109.flac
/root/atadd_track2_subset_v3/train/ATADD_T2_Train_138116.flac,1,music,MusicLDM,ATADD_T2_Train_138116.flac
/root/atadd_track2_subset_v3/train/ATADD_T2_Train_138120.flac,1,music,MusicLDM,ATADD_T2_Train_138120.flac
/root/atadd_track2_subset_v3/train/ATADD_T2_Train_138123.flac,1,music,MusicLDM,ATADD_T2_Train_138123.flac
/root/atadd_track2_subset_v3/train/ATADD_T2_Train_138133.flac,1,music,MusicLDM,ATADD_T2_Train_138133.flac
/root/atadd_track2_subset_v3/train/ATADD_T2_Train_138143.flac,1,music,MusicLDM,ATADD_T2_Train_138143.flac
/root/atadd_track2_subset_v3/train/ATADD_T2_Train_138145.flac,1,music,MusicLDM,ATADD_T2_Train_138145.flac
/root/atadd_track2_subset_v3/train/ATADD_T2_Train_138157.flac,1,music,MusicLDM,ATADD_T2_Train_138157.flac
/root/atadd_track2_subset_v3/train/ATADD_T2_Train_138160.flac,1,music,MusicLDM,ATADD_T2_Train_138160.flac
/root/atadd_track2_subset_v3/train/ATADD_T2_Train_138161.flac,1,music,MusicLDM,ATADD_T2_Train_138161.flac
/root/atadd_track2_subset_v3/train/ATADD_T2_Train_138163.flac,1,music,MusicLDM,ATADD_T2_Train_138163.flac
/root/atadd_track2_subset_v3/train/ATADD_T2_Train_138175.flac,1,music,MusicLDM,ATADD_T2_Train_138175.flac
/root/atadd_track2_subset_v3/train/ATADD_T2_Train_138178.flac,1,music,MusicLDM,ATADD_T2_Train_138178.flac
/root/atadd_track2_subset_v3/train/ATADD_T2_Train_138188.flac,1,music,MusicLDM,ATADD_T2_Train_138188.flac
/root/atadd_track2_subset_v3/train/ATADD_T2_Train_138191.flac,1,music,MusicLDM,ATADD_T2_Train_138191.flac
/root/atadd_track2_subset_v3/train/ATADD_T2_Train_138194.flac,1,music,MusicLDM,ATADD_T2_Train_138194.flac
/root/atadd_track2_subset_v3/train/ATADD_T2_Train_138206.flac,1,music,AudioLDM2,ATADD_T2_Train_138206.flac
/root/atadd_track2_subset_v3/train/ATADD_T2_Train_138208.flac,1,music,AudioLDM2,ATADD_T2_Train_138208.flac
/root/atadd_track2_subset_v3/train/ATADD_T2_Train_138213.flac,1,music,AudioLDM2,ATADD_T2_Train_138213.flac
/root/atadd_track2_subset_v3/train/ATADD_T2_Train_138222.flac,1,music,AudioLDM2,ATADD_T2_Train_138222.flac
/root/atadd_track2_subset_v3/train/ATADD_T2_Train_138225.flac,1,music,AudioLDM2,ATADD_T2_Train_138225.flac
/root/atadd_track2_subset_v3/train/ATADD_T2_Train_138226.flac,1,music,AudioLDM2,ATADD_T2_Train_138226.flac
/root/atadd_track2_subset_v3/train/ATADD_T2_Train_138237.flac,1,music,AudioLDM2,ATADD_T2_Train_138237.flac
/root/atadd_track2_subset_v3/train/ATADD_T2_Train_138238.flac,1,music,AudioLDM2,ATADD_T2_Train_138238.flac
/root/atadd_track2_subset_v3/train/ATADD_T2_Train_138242.flac,1,music,AudioLDM2,ATADD_T2_Train_138242.flac
/root/atadd_track2_subset_v3/train/ATADD_T2_Train_138251.flac,1,music,AudioLDM2,ATADD_T2_Train_138251.flac
/root/atadd_track2_subset_v3/train/ATADD_T2_Train_138252.flac,1,music,AudioLDM2,ATADD_T2_Train_138252.flac
/root/atadd_track2_subset_v3/train/ATADD_T2_Train_138257.flac,1,music,AudioLDM2,ATADD_T2_Train_138257.flac
/root/atadd_track2_subset_v3/train/ATADD_T2_Train_138258.flac,1,music,AudioLDM2,ATADD_T2_Train_138258.flac
/root/atadd_track2_subset_v3/train/ATADD_T2_Train_138265.flac,1,music,AudioLDM2,ATADD_T2_Train_138265.flac
/root/atadd_track2_subset_v3/train/ATADD_T2_Train_138268.flac,1,music,AudioLDM2,ATADD_T2_Train_138268.flac
/root/atadd_track2_subset_v3/train/ATADD_T2_Train_138269.flac,1,music,AudioLDM2,ATADD_T2_Train_138269.flac
/root/atadd_track2_subset_v3/train/ATADD_T2_Train_138270.flac,1,music,AudioLDM2,ATADD_T2_Train_138270.flac
/root/atadd_track2_subset_v3/train/ATADD_T2_Train_138272.flac,1,music,AudioLDM2,ATADD_T2_Train_138272.flac
/root/atadd_track2_subset_v3/train/ATADD_T2_Train_138275.flac,1,music,AudioLDM2,ATADD_T2_Train_138275.flac
/root/atadd_track2_subset_v3/train/ATADD_T2_Train_138283.flac,1,music,AudioLDM2,ATADD_T2_Train_138283.flac
/root/atadd_track2_subset_v3/train/ATADD_T2_Train_138285.flac,1,music,AudioLDM2,ATADD_T2_Train_138285.flac
/root/atadd_track2_subset_v3/train/ATADD_T2_Train_138290.flac,1,music,AudioLDM2,ATADD_T2_Train_138290.flac
/root/atadd_track2_subset_v3/train/ATADD_T2_Train_138296.flac,1,music,AudioLDM2,ATADD_T2_Train_138296.flac
/root/atadd_track2_subset_v3/train/ATADD_T2_Train_138303.flac,1,music,AudioLDM2,ATADD_T2_Train_138303.flac
/root/atadd_track2_subset_v3/train/ATADD_T2_Train_138304.flac,1,music,AudioLDM2,ATADD_T2_Train_138304.flac
/root/atadd_track2_subset_v3/train/ATADD_T2_Train_138309.flac,1,music,AudioLDM2,ATADD_T2_Train_138309.flac
/root/atadd_track2_subset_v3/train/ATADD_T2_Train_138313.flac,1,music,AudioLDM2,ATADD_T2_Train_138313.flac
/root/atadd_track2_subset_v3/train/ATADD_T2_Train_138322.flac,1,music,AudioLDM2,ATADD_T2_Train_138322.flac
/root/atadd_track2_subset_v3/train/ATADD_T2_Train_138324.flac,1,music,AudioLDM2,ATADD_T2_Train_138324.flac
/root/atadd_track2_subset_v3/train/ATADD_T2_Train_138326.flac,1,music,AudioLDM2,ATADD_T2_Train_138326.flac
/root/atadd_track2_subset_v3/train/ATADD_T2_Train_138329.flac,1,music,AudioLDM2,ATADD_T2_Train_138329.flac
/root/atadd_track2_subset_v3/train/ATADD_T2_Train_138330.flac,1,music,AudioLDM2,ATADD_T2_Train_138330.flac
/root/atadd_track2_subset_v3/train/ATADD_T2_Train_138333.flac,1,music,AudioLDM2,ATADD_T2_Train_138333.flac
/root/atadd_track2_subset_v3/train/ATADD_T2_Train_138338.flac,1,music,AudioLDM2,ATADD_T2_Train_138338.flac
/root/atadd_track2_subset_v3/train/ATADD_T2_Train_138340.flac,1,music,AudioLDM2,ATADD_T2_Train_138340.flac
/root/atadd_track2_subset_v3/train/ATADD_T2_Train_138341.flac,1,music,AudioLDM2,ATADD_T2_Train_138341.flac
/root/atadd_track2_subset_v3/train/ATADD_T2_Train_138342.flac,1,music,AudioLDM2,ATADD_T2_Train_138342.flac
/root/atadd_track2_subset_v3/train/ATADD_T2_Train_138343.flac,1,music,AudioLDM2,ATADD_T2_Train_138343.flac
/root/atadd_track2_subset_v3/train/ATADD_T2_Train_138344.flac,1,music,AudioLDM2,ATADD_T2_Train_138344.flac
/root/atadd_track2_subset_v3/train/ATADD_T2_Train_138363.flac,1,music,AudioLDM2,ATADD_T2_Train_138363.flac
/root/atadd_track2_subset_v3/train/ATADD_T2_Train_138367.flac,1,music,AudioLDM2,ATADD_T2_Train_138367.flac
/root/atadd_track2_subset_v3/train/ATADD_T2_Train_138368.flac,1,music,AudioLDM2,ATADD_T2_Train_138368.flac
/root/atadd_track2_subset_v3/train/ATADD_T2_Train_138371.flac,1,music,AudioLDM2,ATADD_T2_Train_138371.flac
/root/atadd_track2_subset_v3/train/ATADD_T2_Train_138375.flac,1,music,AudioLDM2,ATADD_T2_Train_138375.flac
/root/atadd_track2_subset_v3/train/ATADD_T2_Train_138378.flac,1,music,AudioLDM2,ATADD_T2_Train_138378.flac
/root/atadd_track2_subset_v3/train/ATADD_T2_Train_138379.flac,1,music,AudioLDM2,ATADD_T2_Train_138379.flac
/root/atadd_track2_subset_v3/train/ATADD_T2_Train_138380.flac,1,music,AudioLDM2,ATADD_T2_Train_138380.flac
/root/atadd_track2_subset_v3/train/ATADD_T2_Train_138381.flac,1,music,AudioLDM2,ATADD_T2_Train_138381.flac
/root/atadd_track2_subset_v3/train/ATADD_T2_Train_138384.flac,1,music,AudioLDM2,ATADD_T2_Train_138384.flac
/root/atadd_track2_subset_v3/train/ATADD_T2_Train_138385.flac,1,music,AudioLDM2,ATADD_T2_Train_138385.flac
/root/atadd_track2_subset_v3/train/ATADD_T2_Train_138392.flac,1,music,AudioLDM2,ATADD_T2_Train_138392.flac
/root/atadd_track2_subset_v3/train/ATADD_T2_Train_138396.flac,1,music,AudioLDM2,ATADD_T2_Train_138396.flac
/root/atadd_track2_subset_v3/train/ATADD_T2_Train_138397.flac,1,music,AudioLDM2,ATADD_T2_Train_138397.flac
/root/atadd_track2_subset_v3/train/ATADD_T2_Train_138398.flac,1,music,AudioLDM2,ATADD_T2_Train_138398.flac
/root/atadd_track2_subset_v3/train/ATADD_T2_Train_138403.flac,1,music,AudioLDM2,ATADD_T2_Train_138403.flac
/root/atadd_track2_subset_v3/train/ATADD_T2_Train_138405.flac,1,music,AudioLDM2,ATADD_T2_Train_138405.flac
/root/atadd_track2_subset_v3/train/ATADD_T2_Train_138408.flac,1,music,AudioLDM2,ATADD_T2_Train_138408.flac
/root/atadd_track2_subset_v3/train/ATADD_T2_Train_138409.flac,1,music,AudioLDM2,ATADD_T2_Train_138409.flac
/root/atadd_track2_subset_v3/train/ATADD_T2_Train_138411.flac,1,music,AudioLDM2,ATADD_T2_Train_138411.flac
/root/atadd_track2_subset_v3/train/ATADD_T2_Train_138413.flac,1,music,AudioLDM2,ATADD_T2_Train_138413.flac
/root/atadd_track2_subset_v3/train/ATADD_T2_Train_138416.flac,1,music,AudioLDM2,ATADD_T2_Train_138416.flac
/root/atadd_track2_subset_v3/train/ATADD_T2_Train_138417.flac,1,music,AudioLDM2,ATADD_T2_Train_138417.flac
/root/atadd_track2_subset_v3/train/ATADD_T2_Train_138446.flac,1,music,AudioLDM2,ATADD_T2_Train_138446.flac
/root/atadd_track2_subset_v3/train/ATADD_T2_Train_138452.flac,1,music,AudioLDM2,ATADD_T2_Train_138452.flac
/root/atadd_track2_subset_v3/train/ATADD_T2_Train_138455.flac,1,music,AudioLDM2,ATADD_T2_Train_138455.flac
/root/atadd_track2_subset_v3/train/ATADD_T2_Train_138456.flac,1,music,AudioLDM2,ATADD_T2_Train_138456.flac
/root/atadd_track2_subset_v3/train/ATADD_T2_Train_138461.flac,1,music,AudioLDM2,ATADD_T2_Train_138461.flac
/root/atadd_track2_subset_v3/train/ATADD_T2_Train_138463.flac,1,music,AudioLDM2,ATADD_T2_Train_138463.flac
/root/atadd_track2_subset_v3/train/ATADD_T2_Train_138467.flac,1,music,AudioLDM2,ATADD_T2_Train_138467.flac
/root/atadd_track2_subset_v3/train/ATADD_T2_Train_138472.flac,1,music,AudioLDM2,ATADD_T2_Train_138472.flac
/root/atadd_track2_subset_v3/train/ATADD_T2_Train_138473.flac,1,music,AudioLDM2,ATADD_T2_Train_138473.flac
/root/atadd_track2_subset_v3/train/ATADD_T2_Train_138476.flac,1,music,AudioLDM2,ATADD_T2_Train_138476.flac
/root/atadd_track2_subset_v3/train/ATADD_T2_Train_138477.flac,1,music,AudioLDM2,ATADD_T2_Train_138477.flac
/root/atadd_track2_subset_v3/train/ATADD_T2_Train_138486.flac,1,music,AudioLDM2,ATADD_T2_Train_138486.flac
/root/atadd_track2_subset_v3/train/ATADD_T2_Train_138491.flac,1,music,AudioLDM2,ATADD_T2_Train_138491.flac
/root/atadd_track2_subset_v3/train/ATADD_T2_Train_138493.flac,1,music,AudioLDM2,ATADD_T2_Train_138493.flac
/root/atadd_track2_subset_v3/train/ATADD_T2_Train_138504.flac,1,music,AudioLDM2,ATADD_T2_Train_138504.flac
/root/atadd_track2_subset_v3/train/ATADD_T2_Train_138507.flac,1,music,AudioLDM2,ATADD_T2_Train_138507.flac
/root/atadd_track2_subset_v3/train/ATADD_T2_Train_138508.flac,1,music,AudioLDM2,ATADD_T2_Train_138508.flac
/root/atadd_track2_subset_v3/train/ATADD_T2_Train_138509.flac,1,music,AudioLDM2,ATADD_T2_Train_138509.flac
/root/atadd_track2_subset_v3/train/ATADD_T2_Train_138512.flac,1,music,AudioLDM2,ATADD_T2_Train_138512.flac
/root/atadd_track2_subset_v3/train/ATADD_T2_Train_138513.flac,1,music,AudioLDM2,ATADD_T2_Train_138513.flac
/root/atadd_track2_subset_v3/train/ATADD_T2_Train_138518.flac,1,music,AudioLDM2,ATADD_T2_Train_138518.flac
/root/atadd_track2_subset_v3/train/ATADD_T2_Train_138519.flac,1,music,AudioLDM2,ATADD_T2_Train_138519.flac
/root/atadd_track2_subset_v3/train/ATADD_T2_Train_138521.flac,1,music,AudioLDM2,ATADD_T2_Train_138521.flac
/root/atadd_track2_subset_v3/train/ATADD_T2_Train_138524.flac,1,music,AudioLDM2,ATADD_T2_Train_138524.flac
/root/atadd_track2_subset_v3/train/ATADD_T2_Train_138530.flac,1,music,AudioLDM2,ATADD_T2_Train_138530.flac
/root/atadd_track2_subset_v3/train/ATADD_T2_Train_138533.flac,1,music,AudioLDM2,ATADD_T2_Train_138533.flac
/root/atadd_track2_subset_v3/train/ATADD_T2_Train_138540.flac,1,music,AudioLDM2,ATADD_T2_Train_138540.flac
/root/atadd_track2_subset_v3/train/ATADD_T2_Train_138541.flac,1,music,AudioLDM2,ATADD_T2_Train_138541.flac
/root/atadd_track2_subset_v3/train/ATADD_T2_Train_138544.flac,1,music,AudioLDM2,ATADD_T2_Train_138544.flac
/root/atadd_track2_subset_v3/train/ATADD_T2_Train_138552.flac,1,music,AudioLDM2,ATADD_T2_Train_138552.flac
/root/atadd_track2_subset_v3/train/ATADD_T2_Train_138558.flac,1,music,AudioLDM2,ATADD_T2_Train_138558.flac
/root/atadd_track2_subset_v3/train/ATADD_T2_Train_138559.flac,1,music,AudioLDM2,ATADD_T2_Train_138559.flac
/root/atadd_track2_subset_v3/train/ATADD_T2_Train_138563.flac,1,music,AudioLDM2,ATADD_T2_Train_138563.flac
/root/atadd_track2_subset_v3/train/ATADD_T2_Train_138574.flac,1,music,AudioLDM2,ATADD_T2_Train_138574.flac
/root/atadd_track2_subset_v3/train/ATADD_T2_Train_138590.flac,1,music,AudioLDM2,ATADD_T2_Train_138590.flac
/root/atadd_track2_subset_v3/train/ATADD_T2_Train_138596.flac,1,music,AudioLDM2,ATADD_T2_Train_138596.flac
/root/atadd_track2_subset_v3/train/ATADD_T2_Train_138597.flac,1,music,AudioLDM2,ATADD_T2_Train_138597.flac
/root/atadd_track2_subset_v3/train/ATADD_T2_Train_138601.flac,1,music,AudioLDM2,ATADD_T2_Train_138601.flac
/root/atadd_track2_subset_v3/train/ATADD_T2_Train_138613.flac,1,music,AudioLDM2,ATADD_T2_Train_138613.flac
/root/atadd_track2_subset_v3/train/ATADD_T2_Train_138616.flac,1,music,AudioLDM2,ATADD_T2_Train_138616.flac
/root/atadd_track2_subset_v3/train/ATADD_T2_Train_138620.flac,1,music,AudioLDM2,ATADD_T2_Train_138620.flac
/root/atadd_track2_subset_v3/train/ATADD_T2_Train_138621.flac,1,music,AudioLDM2,ATADD_T2_Train_138621.flac
/root/atadd_track2_subset_v3/train/ATADD_T2_Train_138624.flac,1,music,AudioLDM2,ATADD_T2_Train_138624.flac
/root/atadd_track2_subset_v3/train/ATADD_T2_Train_138625.flac,1,music,AudioLDM2,ATADD_T2_Train_138625.flac
/root/atadd_track2_subset_v3/train/ATADD_T2_Train_138629.flac,1,music,AudioLDM2,ATADD_T2_Train_138629.flac
/root/atadd_track2_subset_v3/train/ATADD_T2_Train_138630.flac,1,music,AudioLDM2,ATADD_T2_Train_138630.flac
/root/atadd_track2_subset_v3/train/ATADD_T2_Train_138633.flac,1,music,AudioLDM2,ATADD_T2_Train_138633.flac
/root/atadd_track2_subset_v3/train/ATADD_T2_Train_138637.flac,1,music,AudioLDM2,ATADD_T2_Train_138637.flac
/root/atadd_track2_subset_v3/train/ATADD_T2_Train_138639.flac,1,music,AudioLDM2,ATADD_T2_Train_138639.flac
/root/atadd_track2_subset_v3/train/ATADD_T2_Train_138643.flac,1,music,AudioLDM2,ATADD_T2_Train_138643.flac
/root/atadd_track2_subset_v3/train/ATADD_T2_Train_138651.flac,1,music,AudioLDM2,ATADD_T2_Train_138651.flac
/root/atadd_track2_subset_v3/train/ATADD_T2_Train_138653.flac,1,music,AudioLDM2,ATADD_T2_Train_138653.flac
/root/atadd_track2_subset_v3/train/ATADD_T2_Train_138656.flac,1,music,AudioLDM2,ATADD_T2_Train_138656.flac
/root/atadd_track2_subset_v3/train/ATADD_T2_Train_138664.flac,1,music,AudioLDM2,ATADD_T2_Train_138664.flac
/root/atadd_track2_subset_v3/train/ATADD_T2_Train_138665.flac,1,music,AudioLDM2,ATADD_T2_Train_138665.flac
/root/atadd_track2_subset_v3/train/ATADD_T2_Train_138667.flac,1,music,AudioLDM2,ATADD_T2_Train_138667.flac
/root/atadd_track2_subset_v3/train/ATADD_T2_Train_138669.flac,1,music,AudioLDM2,ATADD_T2_Train_138669.flac
/root/atadd_track2_subset_v3/train/ATADD_T2_Train_138672.flac,1,music,AudioLDM2,ATADD_T2_Train_138672.flac
/root/atadd_track2_subset_v3/train/ATADD_T2_Train_138673.flac,1,music,AudioLDM2,ATADD_T2_Train_138673.flac
/root/atadd_track2_subset_v3/train/ATADD_T2_Train_138674.flac,1,music,AudioLDM2,ATADD_T2_Train_138674.flac
/root/atadd_track2_subset_v3/train/ATADD_T2_Train_138675.flac,1,music,AudioLDM2,ATADD_T2_Train_138675.flac
/root/atadd_track2_subset_v3/train/ATADD_T2_Train_138678.flac,1,music,AudioLDM2,ATADD_T2_Train_138678.flac
/root/atadd_track2_subset_v3/train/ATADD_T2_Train_138690.flac,1,music,AudioLDM2,ATADD_T2_Train_138690.flac
/root/atadd_track2_subset_v3/train/ATADD_T2_Train_138692.flac,1,music,AudioLDM2,ATADD_T2_Train_138692.flac
/root/atadd_track2_subset_v3/train/ATADD_T2_Train_138701.flac,1,music,AudioLDM2,ATADD_T2_Train_138701.flac
/root/atadd_track2_subset_v3/train/ATADD_T2_Train_138706.flac,1,music,AudioLDM2,ATADD_T2_Train_138706.flac
/root/atadd_track2_subset_v3/train/ATADD_T2_Train_138707.flac,1,music,AudioLDM2,ATADD_T2_Train_138707.flac
/root/atadd_track2_subset_v3/train/ATADD_T2_Train_138709.flac,1,music,AudioLDM2,ATADD_T2_Train_138709.flac
/root/atadd_track2_subset_v3/train/ATADD_T2_Train_138711.flac,1,music,AudioLDM2,ATADD_T2_Train_138711.flac
/root/atadd_track2_subset_v3/train/ATADD_T2_Train_138713.flac,1,music,AudioLDM2,ATADD_T2_Train_138713.flac
/root/atadd_track2_subset_v3/train/ATADD_T2_Train_138715.flac,1,music,AudioLDM2,ATADD_T2_Train_138715.flac
/root/atadd_track2_subset_v3/train/ATADD_T2_Train_138719.flac,1,music,AudioLDM2,ATADD_T2_Train_138719.flac
/root/atadd_track2_subset_v3/train/ATADD_T2_Train_138723.flac,1,music,AudioLDM2,ATADD_T2_Train_138723.flac
/root/atadd_track2_subset_v3/train/ATADD_T2_Train_138724.flac,1,music,AudioLDM2,ATADD_T2_Train_138724.flac
/root/atadd_track2_subset_v3/train/ATADD_T2_Train_138725.flac,1,music,AudioLDM2,ATADD_T2_Train_138725.flac
/root/atadd_track2_subset_v3/train/ATADD_T2_Train_138729.flac,1,music,AudioLDM2,ATADD_T2_Train_138729.flac
/root/atadd_track2_subset_v3/train/ATADD_T2_Train_138736.flac,1,music,AudioLDM2,ATADD_T2_Train_138736.flac
/root/atadd_track2_subset_v3/train/ATADD_T2_Train_138737.flac,1,music,AudioLDM2,ATADD_T2_Train_138737.flac
/root/atadd_track2_subset_v3/train/ATADD_T2_Train_138742.flac,1,music,AudioLDM2,ATADD_T2_Train_138742.flac
/root/atadd_track2_subset_v3/train/ATADD_T2_Train_138745.flac,1,music,AudioLDM2,ATADD_T2_Train_138745.flac
/root/atadd_track2_subset_v3/train/ATADD_T2_Train_138753.flac,1,music,AudioLDM2,ATADD_T2_Train_138753.flac
/root/atadd_track2_subset_v3/train/ATADD_T2_Train_138754.flac,1,music,AudioLDM2,ATADD_T2_Train_138754.flac
/root/atadd_track2_subset_v3/train/ATADD_T2_Train_138755.flac,1,music,AudioLDM2,ATADD_T2_Train_138755.flac
/root/atadd_track2_subset_v3/train/ATADD_T2_Train_138763.flac,1,music,AudioLDM2,ATADD_T2_Train_138763.flac
/root/atadd_track2_subset_v3/train/ATADD_T2_Train_138765.flac,1,music,AudioLDM2,ATADD_T2_Train_138765.flac
/root/atadd_track2_subset_v3/train/ATADD_T2_Train_138772.flac,1,music,AudioLDM2,ATADD_T2_Train_138772.flac
/root/atadd_track2_subset_v3/train/ATADD_T2_Train_138773.flac,1,music,AudioLDM2,ATADD_T2_Train_138773.flac
/root/atadd_track2_subset_v3/train/ATADD_T2_Train_138779.flac,1,music,AudioLDM2,ATADD_T2_Train_138779.flac
/root/atadd_track2_subset_v3/train/ATADD_T2_Train_138785.flac,1,music,AudioLDM2,ATADD_T2_Train_138785.flac
/root/atadd_track2_subset_v3/train/ATADD_T2_Train_138788.flac,1,music,AudioLDM2,ATADD_T2_Train_138788.flac
/root/atadd_track2_subset_v3/train/ATADD_T2_Train_138798.flac,1,music,AudioLDM2,ATADD_T2_Train_138798.flac
/root/atadd_track2_subset_v3/train/ATADD_T2_Train_138799.flac,1,music,AudioLDM2,ATADD_T2_Train_138799.flac
/root/atadd_track2_subset_v3/train/ATADD_T2_Train_138800.flac,1,music,AudioLDM2,ATADD_T2_Train_138800.flac
/root/atadd_track2_subset_v3/train/ATADD_T2_Train_138805.flac,1,music,AudioLDM2,ATADD_T2_Train_138805.flac
/root/atadd_track2_subset_v3/train/ATADD_T2_Train_138818.flac,1,music,AudioLDM2,ATADD_T2_Train_138818.flac
/root/atadd_track2_subset_v3/train/ATADD_T2_Train_138821.flac,1,music,AudioLDM2,ATADD_T2_Train_138821.flac
/root/atadd_track2_subset_v3/train/ATADD_T2_Train_138827.flac,1,music,AudioLDM2,ATADD_T2_Train_138827.flac
/root/atadd_track2_subset_v3/train/ATADD_T2_Train_138828.flac,1,music,AudioLDM2,ATADD_T2_Train_138828.flac
/root/atadd_track2_subset_v3/train/ATADD_T2_Train_138829.flac,1,music,AudioLDM2,ATADD_T2_Train_138829.flac
/root/atadd_track2_subset_v3/train/ATADD_T2_Train_138830.flac,1,music,AudioLDM2,ATADD_T2_Train_138830.flac
/root/atadd_track2_subset_v3/train/ATADD_T2_Train_138833.flac,1,music,AudioLDM2,ATADD_T2_Train_138833.flac
/root/atadd_track2_subset_v3/train/ATADD_T2_Train_138838.flac,1,music,AudioLDM2,ATADD_T2_Train_138838.flac
/root/atadd_track2_subset_v3/train/ATADD_T2_Train_138840.flac,1,music,AudioLDM2,ATADD_T2_Train_138840.flac
/root/atadd_track2_subset_v3/train/ATADD_T2_Train_138841.flac,1,music,AudioLDM2,ATADD_T2_Train_138841.flac
/root/atadd_track2_subset_v3/train/ATADD_T2_Train_138842.flac,1,music,AudioLDM2,ATADD_T2_Train_138842.flac
/root/atadd_track2_subset_v3/train/ATADD_T2_Train_138845.flac,1,music,AudioLDM2,ATADD_T2_Train_138845.flac
/root/atadd_track2_subset_v3/train/ATADD_T2_Train_138852.flac,1,music,AudioLDM2,ATADD_T2_Train_138852.flac
/root/atadd_track2_subset_v3/train/ATADD_T2_Train_138855.flac,1,music,AudioLDM2,ATADD_T2_Train_138855.flac
/root/atadd_track2_subset_v3/train/ATADD_T2_Train_138858.flac,1,music,AudioLDM2,ATADD_T2_Train_138858.flac
/root/atadd_track2_subset_v3/train/ATADD_T2_Train_138859.flac,1,music,AudioLDM2,ATADD_T2_Train_138859.flac
/root/atadd_track2_subset_v3/train/ATADD_T2_Train_138875.flac,1,music,AudioLDM2,ATADD_T2_Train_138875.flac
/root/atadd_track2_subset_v3/train/ATADD_T2_Train_138876.flac,1,music,AudioLDM2,ATADD_T2_Train_138876.flac
/root/atadd_track2_subset_v3/train/ATADD_T2_Train_138878.flac,1,music,AudioLDM2,ATADD_T2_Train_138878.flac
/root/atadd_track2_subset_v3/train/ATADD_T2_Train_138879.flac,1,music,AudioLDM2,ATADD_T2_Train_138879.flac
/root/atadd_track2_subset_v3/train/ATADD_T2_Train_138880.flac,1,music,AudioLDM2,ATADD_T2_Train_138880.flac
/root/atadd_track2_subset_v3/train/ATADD_T2_Train_138882.flac,1,music,AudioLDM2,ATADD_T2_Train_138882.flac
/root/atadd_track2_subset_v3/train/ATADD_T2_Train_138883.flac,1,music,AudioLDM2,ATADD_T2_Train_138883.flac
/root/atadd_track2_subset_v3/train/ATADD_T2_Train_138896.flac,1,music,AudioLDM2,ATADD_T2_Train_138896.flac
/root/atadd_track2_subset_v3/train/ATADD_T2_Train_138897.flac,1,music,AudioLDM2,ATADD_T2_Train_138897.flac
/root/atadd_track2_subset_v3/train/ATADD_T2_Train_138899.flac,1,music,AudioLDM2,ATADD_T2_Train_138899.flac
/root/atadd_track2_subset_v3/train/ATADD_T2_Train_138900.flac,1,music,AudioLDM2,ATADD_T2_Train_138900.flac
/root/atadd_track2_subset_v3/train/ATADD_T2_Train_138908.flac,1,music,AudioLDM2,ATADD_T2_Train_138908.flac
/root/atadd_track2_subset_v3/train/ATADD_T2_Train_138914.flac,1,music,AudioLDM2,ATADD_T2_Train_138914.flac
/root/atadd_track2_subset_v3/train/ATADD_T2_Train_138918.flac,1,music,AudioLDM2,ATADD_T2_Train_138918.flac
/root/atadd_track2_subset_v3/train/ATADD_T2_Train_138923.flac,1,music,AudioLDM2,ATADD_T2_Train_138923.flac
/root/atadd_track2_subset_v3/train/ATADD_T2_Train_138932.flac,1,music,AudioLDM2,ATADD_T2_Train_138932.flac
/root/atadd_track2_subset_v3/train/ATADD_T2_Train_138937.flac,1,music,AudioLDM2,ATADD_T2_Train_138937.flac
/root/atadd_track2_subset_v3/train/ATADD_T2_Train_138945.flac,1,music,AudioLDM2,ATADD_T2_Train_138945.flac
/root/atadd_track2_subset_v3/train/ATADD_T2_Train_138946.flac,1,music,AudioLDM2,ATADD_T2_Train_138946.flac
/root/atadd_track2_subset_v3/train/ATADD_T2_Train_138957.flac,1,music,AudioLDM2,ATADD_T2_Train_138957.flac
/root/atadd_track2_subset_v3/train/ATADD_T2_Train_138963.flac,1,music,AudioLDM2,ATADD_T2_Train_138963.flac
/root/atadd_track2_subset_v3/train/ATADD_T2_Train_138975.flac,1,music,AudioLDM2,ATADD_T2_Train_138975.flac
/root/atadd_track2_subset_v3/train/ATADD_T2_Train_138976.flac,1,music,AudioLDM2,ATADD_T2_Train_138976.flac
/root/atadd_track2_subset_v3/train/ATADD_T2_Train_138977.flac,1,music,AudioLDM2,ATADD_T2_Train_138977.flac
/root/atadd_track2_subset_v3/train/ATADD_T2_Train_138980.flac,1,music,AudioLDM2,ATADD_T2_Train_138980.flac
/root/atadd_track2_subset_v3/train/ATADD_T2_Train_138981.flac,1,music,AudioLDM2,ATADD_T2_Train_138981.flac
/root/atadd_track2_subset_v3/train/ATADD_T2_Train_138982.flac,1,music,AudioLDM2,ATADD_T2_Train_138982.flac
/root/atadd_track2_subset_v3/train/ATADD_T2_Train_138986.flac,1,music,AudioLDM2,ATADD_T2_Train_138986.flac
/root/atadd_track2_subset_v3/train/ATADD_T2_Train_138988.flac,1,music,AudioLDM2,ATADD_T2_Train_138988.flac
/root/atadd_track2_subset_v3/train/ATADD_T2_Train_138994.flac,1,music,AudioLDM2,ATADD_T2_Train_138994.flac
/root/atadd_track2_subset_v3/train/ATADD_T2_Train_138995.flac,1,music,AudioLDM2,ATADD_T2_Train_138995.flac
/root/atadd_track2_subset_v3/train/ATADD_T2_Train_139001.flac,1,music,AudioLDM2,ATADD_T2_Train_139001.flac
/root/atadd_track2_subset_v3/train/ATADD_T2_Train_139005.flac,1,music,AudioLDM2,ATADD_T2_Train_139005.flac
/root/atadd_track2_subset_v3/train/ATADD_T2_Train_139012.flac,1,music,AudioLDM2,ATADD_T2_Train_139012.flac
/root/atadd_track2_subset_v3/train/ATADD_T2_Train_139020.flac,1,music,AudioLDM2,ATADD_T2_Train_139020.flac
/root/atadd_track2_subset_v3/train/ATADD_T2_Train_139023.flac,1,music,AudioLDM2,ATADD_T2_Train_139023.flac
/root/atadd_track2_subset_v3/train/ATADD_T2_Train_139024.flac,1,music,AudioLDM2,ATADD_T2_Train_139024.flac
/root/atadd_track2_subset_v3/train/ATADD_T2_Train_139030.flac,1,music,AudioLDM2,ATADD_T2_Train_139030.flac
/root/atadd_track2_subset_v3/train/ATADD_T2_Train_139035.flac,1,music,AudioLDM2,ATADD_T2_Train_139035.flac
/root/atadd_track2_subset_v3/train/ATADD_T2_Train_139037.flac,1,music,AudioLDM2,ATADD_T2_Train_139037.flac
/root/atadd_track2_subset_v3/train/ATADD_T2_Train_139039.flac,1,music,AudioLDM2,ATADD_T2_Train_139039.flac
/root/atadd_track2_subset_v3/train/ATADD_T2_Train_139041.flac,1,music,AudioLDM2,ATADD_T2_Train_139041.flac
/root/atadd_track2_subset_v3/train/ATADD_T2_Train_139049.flac,1,music,AudioLDM2,ATADD_T2_Train_139049.flac
/root/atadd_track2_subset_v3/train/ATADD_T2_Train_139051.flac,1,music,AudioLDM2,ATADD_T2_Train_139051.flac
/root/atadd_track2_subset_v3/train/ATADD_T2_Train_139053.flac,1,music,AudioLDM2,ATADD_T2_Train_139053.flac
/root/atadd_track2_subset_v3/train/ATADD_T2_Train_139054.flac,1,music,AudioLDM2,ATADD_T2_Train_139054.flac
/root/atadd_track2_subset_v3/train/ATADD_T2_Train_139056.flac,1,music,AudioLDM2,ATADD_T2_Train_139056.flac
/root/atadd_track2_subset_v3/train/ATADD_T2_Train_139060.flac,1,music,AudioLDM2,ATADD_T2_Train_139060.flac
/root/atadd_track2_subset_v3/train/ATADD_T2_Train_139065.flac,1,music,AudioLDM2,ATADD_T2_Train_139065.flac
/root/atadd_track2_subset_v3/train/ATADD_T2_Train_139070.flac,1,music,AudioLDM2,ATADD_T2_Train_139070.flac
/root/atadd_track2_subset_v3/train/ATADD_T2_Train_139075.flac,1,music,AudioLDM2,ATADD_T2_Train_139075.flac
/root/atadd_track2_subset_v3/train/ATADD_T2_Train_139076.flac,1,music,AudioLDM2,ATADD_T2_Train_139076.flac
/root/atadd_track2_subset_v3/train/ATADD_T2_Train_139082.flac,1,music,AudioLDM2,ATADD_T2_Train_139082.flac
/root/atadd_track2_subset_v3/train/ATADD_T2_Train_139084.flac,1,music,AudioLDM2,ATADD_T2_Train_139084.flac
/root/atadd_track2_subset_v3/train/ATADD_T2_Train_139087.flac,1,music,AudioLDM2,ATADD_T2_Train_139087.flac
/root/atadd_track2_subset_v3/train/ATADD_T2_Train_139088.flac,1,music,AudioLDM2,ATADD_T2_Train_139088.flac
/root/atadd_track2_subset_v3/train/ATADD_T2_Train_139091.flac,1,music,AudioLDM2,ATADD_T2_Train_139091.flac
/root/atadd_track2_subset_v3/train/ATADD_T2_Train_139100.flac,1,music,AudioLDM2,ATADD_T2_Train_139100.flac
/root/atadd_track2_subset_v3/train/ATADD_T2_Train_139101.flac,1,music,AudioLDM2,ATADD_T2_Train_139101.flac
/root/atadd_track2_subset_v3/train/ATADD_T2_Train_139104.flac,1,music,AudioLDM2,ATADD_T2_Train_139104.flac
/root/atadd_track2_subset_v3/train/ATADD_T2_Train_139107.flac,1,music,AudioLDM2,ATADD_T2_Train_139107.flac
/root/atadd_track2_subset_v3/train/ATADD_T2_Train_139109.flac,1,music,AudioLDM2,ATADD_T2_Train_139109.flac
/root/atadd_track2_subset_v3/train/ATADD_T2_Train_139113.flac,1,music,AudioLDM2,ATADD_T2_Train_139113.flac
/root/atadd_track2_subset_v3/train/ATADD_T2_Train_139114.flac,1,music,AudioLDM2,ATADD_T2_Train_139114.flac
/root/atadd_track2_subset_v3/train/ATADD_T2_Train_139119.flac,1,music,AudioLDM2,ATADD_T2_Train_139119.flac
/root/atadd_track2_subset_v3/train/ATADD_T2_Train_139120.flac,1,music,AudioLDM2,ATADD_T2_Train_139120.flac
/root/atadd_track2_subset_v3/train/ATADD_T2_Train_139125.flac,1,music,AudioLDM2,ATADD_T2_Train_139125.flac
/root/atadd_track2_subset_v3/train/ATADD_T2_Train_139126.flac,1,music,AudioLDM2,ATADD_T2_Train_139126.flac
/root/atadd_track2_subset_v3/train/ATADD_T2_Train_139129.flac,1,music,AudioLDM2,ATADD_T2_Train_139129.flac
/root/atadd_track2_subset_v3/train/ATADD_T2_Train_139138.flac,1,music,AudioLDM2,ATADD_T2_Train_139138.flac
/root/atadd_track2_subset_v3/train/ATADD_T2_Train_139143.flac,1,music,AudioLDM2,ATADD_T2_Train_139143.flac
/root/atadd_track2_subset_v3/train/ATADD_T2_Train_139151.flac,1,music,AudioLDM2,ATADD_T2_Train_139151.flac
/root/atadd_track2_subset_v3/train/ATADD_T2_Train_139153.flac,1,music,AudioLDM2,ATADD_T2_Train_139153.flac
/root/atadd_track2_subset_v3/train/ATADD_T2_Train_139157.flac,1,music,AudioLDM2,ATADD_T2_Train_139157.flac
/root/atadd_track2_subset_v3/train/ATADD_T2_Train_139169.flac,1,music,AudioLDM2,ATADD_T2_Train_139169.flac
/root/atadd_track2_subset_v3/train/ATADD_T2_Train_139170.flac,1,music,AudioLDM2,ATADD_T2_Train_139170.flac
/root/atadd_track2_subset_v3/train/ATADD_T2_Train_139172.flac,1,music,AudioLDM2,ATADD_T2_Train_139172.flac
/root/atadd_track2_subset_v3/train/ATADD_T2_Train_139177.flac,1,music,AudioLDM2,ATADD_T2_Train_139177.flac
/root/atadd_track2_subset_v3/train/ATADD_T2_Train_139183.flac,1,music,AudioLDM2,ATADD_T2_Train_139183.flac
/root/atadd_track2_subset_v3/train/ATADD_T2_Train_139191.flac,1,music,AudioLDM2,ATADD_T2_Train_139191.flac
/root/atadd_track2_subset_v3/train/ATADD_T2_Train_139193.flac,1,music,AudioLDM2,ATADD_T2_Train_139193.flac
/root/atadd_track2_subset_v3/train/ATADD_T2_Train_139195.flac,1,music,AudioLDM2,ATADD_T2_Train_139195.flac
/root/atadd_track2_subset_v3/train/ATADD_T2_Train_139197.flac,1,music,AudioLDM2,ATADD_T2_Train_139197.flac
/root/atadd_track2_subset_v3/train/ATADD_T2_Train_139198.flac,1,music,AudioLDM2,ATADD_T2_Train_139198.flac
/root/atadd_track2_subset_v3/train/ATADD_T2_Train_139199.flac,1,music,AudioLDM2,ATADD_T2_Train_139199.flac
/root/atadd_track2_subset_v3/train/ATADD_T2_Train_139202.flac,1,music,AudioLDM2,ATADD_T2_Train_139202.flac
/root/atadd_track2_subset_v3/train/ATADD_T2_Train_139204.flac,1,music,AudioLDM2,ATADD_T2_Train_139204.flac
/root/atadd_track2_subset_v3/train/ATADD_T2_Train_139210.flac,1,music,AudioLDM2,ATADD_T2_Train_139210.flac
/root/atadd_track2_subset_v3/train/ATADD_T2_Train_139222.flac,1,music,AudioLDM2,ATADD_T2_Train_139222.flac
/root/atadd_track2_subset_v3/train/ATADD_T2_Train_139227.flac,1,music,AudioLDM2,ATADD_T2_Train_139227.flac
/root/atadd_track2_subset_v3/train/ATADD_T2_Train_139230.flac,1,music,AudioLDM2,ATADD_T2_Train_139230.flac
/root/atadd_track2_subset_v3/train/ATADD_T2_Train_139234.flac,1,music,AudioLDM2,ATADD_T2_Train_139234.flac
/root/atadd_track2_subset_v3/train/ATADD_T2_Train_139237.flac,1,music,AudioLDM2,ATADD_T2_Train_139237.flac
/root/atadd_track2_subset_v3/train/ATADD_T2_Train_139242.flac,1,music,AudioLDM2,ATADD_T2_Train_139242.flac
/root/atadd_track2_subset_v3/train/ATADD_T2_Train_139248.flac,1,music,AudioLDM2,ATADD_T2_Train_139248.flac
/root/atadd_track2_subset_v3/train/ATADD_T2_Train_139256.flac,1,music,AudioLDM2,ATADD_T2_Train_139256.flac
/root/atadd_track2_subset_v3/train/ATADD_T2_Train_139257.flac,1,music,AudioLDM2,ATADD_T2_Train_139257.flac
/root/atadd_track2_subset_v3/train/ATADD_T2_Train_139259.flac,1,music,AudioLDM2,ATADD_T2_Train_139259.flac
/root/atadd_track2_subset_v3/train/ATADD_T2_Train_139260.flac,1,music,AudioLDM2,ATADD_T2_Train_139260.flac
/root/atadd_track2_subset_v3/train/ATADD_T2_Train_139263.flac,1,music,AudioLDM2,ATADD_T2_Train_139263.flac
/root/atadd_track2_subset_v3/train/ATADD_T2_Train_139267.flac,1,music,AudioLDM2,ATADD_T2_Train_139267.flac
/root/atadd_track2_subset_v3/train/ATADD_T2_Train_139270.flac,1,music,AudioLDM2,ATADD_T2_Train_139270.flac
/root/atadd_track2_subset_v3/train/ATADD_T2_Train_139275.flac,1,music,AudioLDM2,ATADD_T2_Train_139275.flac
/root/atadd_track2_subset_v3/train/ATADD_T2_Train_139276.flac,1,music,AudioLDM2,ATADD_T2_Train_139276.flac
/root/atadd_track2_subset_v3/train/ATADD_T2_Train_139280.flac,1,music,AudioLDM2,ATADD_T2_Train_139280.flac
/root/atadd_track2_subset_v3/train/ATADD_T2_Train_139284.flac,1,music,AudioLDM2,ATADD_T2_Train_139284.flac
/root/atadd_track2_subset_v3/train/ATADD_T2_Train_139285.flac,1,music,AudioLDM2,ATADD_T2_Train_139285.flac
/root/atadd_track2_subset_v3/train/ATADD_T2_Train_139302.flac,1,music,AudioLDM2,ATADD_T2_Train_139302.flac
/root/atadd_track2_subset_v3/train/ATADD_T2_Train_139311.flac,1,music,AudioLDM2,ATADD_T2_Train_139311.flac
/root/atadd_track2_subset_v3/train/ATADD_T2_Train_139319.flac,1,music,AudioLDM2,ATADD_T2_Train_139319.flac
/root/atadd_track2_subset_v3/train/ATADD_T2_Train_139326.flac,1,music,AudioLDM2,ATADD_T2_Train_139326.flac
/root/atadd_track2_subset_v3/train/ATADD_T2_Train_139328.flac,1,music,AudioLDM2,ATADD_T2_Train_139328.flac
/root/atadd_track2_subset_v3/train/ATADD_T2_Train_139330.flac,1,music,AudioLDM2,ATADD_T2_Train_139330.flac
/root/atadd_track2_subset_v3/train/ATADD_T2_Train_139332.flac,1,music,AudioLDM2,ATADD_T2_Train_139332.flac
/root/atadd_track2_subset_v3/train/ATADD_T2_Train_139339.flac,1,music,AudioLDM2,ATADD_T2_Train_139339.flac
/root/atadd_track2_subset_v3/train/ATADD_T2_Train_139348.flac,1,music,AudioLDM2,ATADD_T2_Train_139348.flac
/root/atadd_track2_subset_v3/train/ATADD_T2_Train_139352.flac,1,music,AudioLDM2,ATADD_T2_Train_139352.flac
/root/atadd_track2_subset_v3/train/ATADD_T2_Train_139354.flac,1,music,AudioLDM2,ATADD_T2_Train_139354.flac
/root/atadd_track2_subset_v3/train/ATADD_T2_Train_139355.flac,1,music,AudioLDM2,ATADD_T2_Train_139355.flac
/root/atadd_track2_subset_v3/train/ATADD_T2_Train_139363.flac,1,music,AudioLDM2,ATADD_T2_Train_139363.flac
/root/atadd_track2_subset_v3/train/ATADD_T2_Train_139364.flac,1,music,AudioLDM2,ATADD_T2_Train_139364.flac
/root/atadd_track2_subset_v3/train/ATADD_T2_Train_139376.flac,1,music,AudioLDM2,ATADD_T2_Train_139376.flac
/root/atadd_track2_subset_v3/train/ATADD_T2_Train_139378.flac,1,music,AudioLDM2,ATADD_T2_Train_139378.flac
/root/atadd_track2_subset_v3/train/ATADD_T2_Train_139380.flac,1,music,AudioLDM2,ATADD_T2_Train_139380.flac
/root/atadd_track2_subset_v3/train/ATADD_T2_Train_139383.flac,1,music,AudioLDM2,ATADD_T2_Train_139383.flac
/root/atadd_track2_subset_v3/train/ATADD_T2_Train_139384.flac,1,music,AudioLDM2,ATADD_T2_Train_139384.flac
/root/atadd_track2_subset_v3/train/ATADD_T2_Train_139385.flac,1,music,AudioLDM2,ATADD_T2_Train_139385.flac
/root/atadd_track2_subset_v3/train/ATADD_T2_Train_139387.flac,1,music,AudioLDM2,ATADD_T2_Train_139387.flac
/root/atadd_track2_subset_v3/train/ATADD_T2_Train_139391.flac,1,music,AudioLDM2,ATADD_T2_Train_139391.flac
/root/atadd_track2_subset_v3/train/ATADD_T2_Train_139393.flac,1,music,AudioLDM2,ATADD_T2_Train_139393.flac
/root/atadd_track2_subset_v3/train/ATADD_T2_Train_139397.flac,1,music,AudioLDM2,ATADD_T2_Train_139397.flac
/root/atadd_track2_subset_v3/train/ATADD_T2_Train_139399.flac,1,music,AudioLDM2,ATADD_T2_Train_139399.flac
/root/atadd_track2_subset_v3/train/ATADD_T2_Train_139400.flac,1,music,AudioLDM2,ATADD_T2_Train_139400.flac
/root/atadd_track2_subset_v3/train/ATADD_T2_Train_139401.flac,1,music,AudioLDM2,ATADD_T2_Train_139401.flac
/root/atadd_track2_subset_v3/train/ATADD_T2_Train_139405.flac,1,music,AudioLDM2,ATADD_T2_Train_139405.flac
/root/atadd_track2_subset_v3/train/ATADD_T2_Train_139408.flac,1,music,AudioLDM2,ATADD_T2_Train_139408.flac
/root/atadd_track2_subset_v3/train/ATADD_T2_Train_139413.flac,1,music,AudioLDM2,ATADD_T2_Train_139413.flac
/root/atadd_track2_subset_v3/train/ATADD_T2_Train_139420.flac,1,music,AudioLDM2,ATADD_T2_Train_139420.flac
/root/atadd_track2_subset_v3/train/ATADD_T2_Train_139426.flac,1,music,AudioLDM2,ATADD_T2_Train_139426.flac
/root/atadd_track2_subset_v3/train/ATADD_T2_Train_139435.flac,1,music,AudioLDM2,ATADD_T2_Train_139435.flac
/root/atadd_track2_subset_v3/train/ATADD_T2_Train_139456.flac,1,music,AudioLDM2,ATADD_T2_Train_139456.flac
/root/atadd_track2_subset_v3/train/ATADD_T2_Train_139458.flac,1,music,AudioLDM2,ATADD_T2_Train_139458.flac
/root/atadd_track2_subset_v3/train/ATADD_T2_Train_139459.flac,1,music,AudioLDM2,ATADD_T2_Train_139459.flac
/root/atadd_track2_subset_v3/train/ATADD_T2_Train_139465.flac,1,music,AudioLDM2,ATADD_T2_Train_139465.flac
/root/atadd_track2_subset_v3/train/ATADD_T2_Train_139468.flac,1,music,AudioLDM2,ATADD_T2_Train_139468.flac
/root/atadd_track2_subset_v3/train/ATADD_T2_Train_139479.flac,1,music,AudioLDM2,ATADD_T2_Train_139479.flac
/root/atadd_track2_subset_v3/train/ATADD_T2_Train_139484.flac,1,music,AudioLDM2,ATADD_T2_Train_139484.flac
/root/atadd_track2_subset_v3/train/ATADD_T2_Train_139489.flac,1,music,AudioLDM2,ATADD_T2_Train_139489.flac
/root/atadd_track2_subset_v3/train/ATADD_T2_Train_139490.flac,1,music,AudioLDM2,ATADD_T2_Train_139490.flac
/root/atadd_track2_subset_v3/train/ATADD_T2_Train_139492.flac,1,music,AudioLDM2,ATADD_T2_Train_139492.flac
/root/atadd_track2_subset_v3/train/ATADD_T2_Train_139493.flac,1,music,AudioLDM2,ATADD_T2_Train_139493.flac
/root/atadd_track2_subset_v3/train/ATADD_T2_Train_139494.flac,1,music,AudioLDM2,ATADD_T2_Train_139494.flac
/root/atadd_track2_subset_v3/train/ATADD_T2_Train_139496.flac,1,music,AudioLDM2,ATADD_T2_Train_139496.flac
/root/atadd_track2_subset_v3/train/ATADD_T2_Train_139497.flac,1,music,AudioLDM2,ATADD_T2_Train_139497.flac
/root/atadd_track2_subset_v3/train/ATADD_T2_Train_139503.flac,1,music,AudioLDM2,ATADD_T2_Train_139503.flac
/root/atadd_track2_subset_v3/train/ATADD_T2_Train_139505.flac,1,music,AudioLDM2,ATADD_T2_Train_139505.flac
/root/atadd_track2_subset_v3/train/ATADD_T2_Train_139507.flac,1,music,AudioLDM2,ATADD_T2_Train_139507.flac
/root/atadd_track2_subset_v3/train/ATADD_T2_Train_139515.flac,1,music,AudioLDM2,ATADD_T2_Train_139515.flac
/root/atadd_track2_subset_v3/train/ATADD_T2_Train_139518.flac,1,music,AudioLDM2,ATADD_T2_Train_139518.flac
/root/atadd_track2_subset_v3/train/ATADD_T2_Train_139519.flac,1,music,AudioLDM2,ATADD_T2_Train_139519.flac
/root/atadd_track2_subset_v3/train/ATADD_T2_Train_139523.flac,1,music,AudioLDM2,ATADD_T2_Train_139523.flac
/root/atadd_track2_subset_v3/train/ATADD_T2_Train_139525.flac,1,music,AudioLDM2,ATADD_T2_Train_139525.flac
/root/atadd_track2_subset_v3/train/ATADD_T2_Train_139530.flac,1,music,AudioLDM2,ATADD_T2_Train_139530.flac
/root/atadd_track2_subset_v3/train/ATADD_T2_Train_139535.flac,1,music,AudioLDM2,ATADD_T2_Train_139535.flac
/root/atadd_track2_subset_v3/train/ATADD_T2_Train_139536.flac,1,music,AudioLDM2,ATADD_T2_Train_139536.flac
/root/atadd_track2_subset_v3/train/ATADD_T2_Train_139539.flac,1,music,AudioLDM2,ATADD_T2_Train_139539.flac
/root/atadd_track2_subset_v3/train/ATADD_T2_Train_139541.flac,1,music,AudioLDM2,ATADD_T2_Train_139541.flac
/root/atadd_track2_subset_v3/train/ATADD_T2_Train_139542.flac,1,music,AudioLDM2,ATADD_T2_Train_139542.flac
/root/atadd_track2_subset_v3/train/ATADD_T2_Train_139543.flac,1,music,AudioLDM2,ATADD_T2_Train_139543.flac
/root/atadd_track2_subset_v3/train/ATADD_T2_Train_139544.flac,1,music,AudioLDM2,ATADD_T2_Train_139544.flac
/root/atadd_track2_subset_v3/train/ATADD_T2_Train_139549.flac,1,music,AudioLDM2,ATADD_T2_Train_139549.flac
/root/atadd_track2_subset_v3/train/ATADD_T2_Train_139552.flac,1,music,AudioLDM2,ATADD_T2_Train_139552.flac
/root/atadd_track2_subset_v3/train/ATADD_T2_Train_139553.flac,1,music,AudioLDM2,ATADD_T2_Train_139553.flac
/root/atadd_track2_subset_v3/train/ATADD_T2_Train_139557.flac,1,music,AudioLDM2,ATADD_T2_Train_139557.flac
/root/atadd_track2_subset_v3/train/ATADD_T2_Train_139559.flac,1,music,AudioLDM2,ATADD_T2_Train_139559.flac
/root/atadd_track2_subset_v3/train/ATADD_T2_Train_139567.flac,1,music,AudioLDM2,ATADD_T2_Train_139567.flac
/root/atadd_track2_subset_v3/train/ATADD_T2_Train_139574.flac,1,music,AudioLDM2,ATADD_T2_Train_139574.flac
/root/atadd_track2_subset_v3/train/ATADD_T2_Train_139579.flac,1,music,AudioLDM2,ATADD_T2_Train_139579.flac
/root/atadd_track2_subset_v3/train/ATADD_T2_Train_139580.flac,1,music,AudioLDM2,ATADD_T2_Train_139580.flac
/root/atadd_track2_subset_v3/train/ATADD_T2_Train_139581.flac,1,music,AudioLDM2,ATADD_T2_Train_139581.flac
/root/atadd_track2_subset_v3/train/ATADD_T2_Train_139587.flac,1,music,AudioLDM2,ATADD_T2_Train_139587.flac
/root/atadd_track2_subset_v3/train/ATADD_T2_Train_139589.flac,1,music,AudioLDM2,ATADD_T2_Train_139589.flac
/root/atadd_track2_subset_v3/train/ATADD_T2_Train_139595.flac,1,music,AudioLDM2,ATADD_T2_Train_139595.flac
/root/atadd_track2_subset_v3/train/ATADD_T2_Train_139596.flac,1,music,AudioLDM2,ATADD_T2_Train_139596.flac
/root/atadd_track2_subset_v3/train/ATADD_T2_Train_139597.flac,1,music,AudioLDM2,ATADD_T2_Train_139597.flac
/root/atadd_track2_subset_v3/train/ATADD_T2_Train_139601.flac,1,music,AudioLDM2,ATADD_T2_Train_139601.flac
/root/atadd_track2_subset_v3/train/ATADD_T2_Train_139604.flac,1,music,AudioLDM2,ATADD_T2_Train_139604.flac
/root/atadd_track2_subset_v3/train/ATADD_T2_Train_139607.flac,1,music,AudioLDM2,ATADD_T2_Train_139607.flac
/root/atadd_track2_subset_v3/train/ATADD_T2_Train_139612.flac,1,music,AudioLDM2,ATADD_T2_Train_139612.flac
/root/atadd_track2_subset_v3/train/ATADD_T2_Train_139613.flac,1,music,AudioLDM2,ATADD_T2_Train_139613.flac
/root/atadd_track2_subset_v3/train/ATADD_T2_Train_139615.flac,1,music,AudioLDM2,ATADD_T2_Train_139615.flac
/root/atadd_track2_subset_v3/train/ATADD_T2_Train_139617.flac,1,music,AudioLDM2,ATADD_T2_Train_139617.flac
/root/atadd_track2_subset_v3/train/ATADD_T2_Train_139625.flac,1,music,AudioLDM2,ATADD_T2_Train_139625.flac
/root/atadd_track2_subset_v3/train/ATADD_T2_Train_139635.flac,1,music,AudioLDM2,ATADD_T2_Train_139635.flac
/root/atadd_track2_subset_v3/train/ATADD_T2_Train_139636.flac,1,music,AudioLDM2,ATADD_T2_Train_139636.flac
/root/atadd_track2_subset_v3/train/ATADD_T2_Train_139643.flac,1,music,AudioLDM2,ATADD_T2_Train_139643.flac
/root/atadd_track2_subset_v3/train/ATADD_T2_Train_139647.flac,1,music,AudioLDM2,ATADD_T2_Train_139647.flac
/root/atadd_track2_subset_v3/train/ATADD_T2_Train_139660.flac,1,music,AudioLDM2,ATADD_T2_Train_139660.flac
/root/atadd_track2_subset_v3/train/ATADD_T2_Train_139669.flac,1,music,AudioLDM2,ATADD_T2_Train_139669.flac
/root/atadd_track2_subset_v3/train/ATADD_T2_Train_139670.flac,1,music,AudioLDM2,ATADD_T2_Train_139670.flac
/root/atadd_track2_subset_v3/train/ATADD_T2_Train_139671.flac,1,music,AudioLDM2,ATADD_T2_Train_139671.flac
/root/atadd_track2_subset_v3/train/ATADD_T2_Train_139677.flac,1,music,AudioLDM2,ATADD_T2_Train_139677.flac
/root/atadd_track2_subset_v3/train/ATADD_T2_Train_139678.flac,1,music,AudioLDM2,ATADD_T2_Train_139678.flac
/root/atadd_track2_subset_v3/train/ATADD_T2_Train_139681.flac,1,music,AudioLDM2,ATADD_T2_Train_139681.flac
/root/atadd_track2_subset_v3/train/ATADD_T2_Train_139686.flac,1,music,AudioLDM2,ATADD_T2_Train_139686.flac
/root/atadd_track2_subset_v3/train/ATADD_T2_Train_139694.flac,1,music,AudioLDM2,ATADD_T2_Train_139694.flac
/root/atadd_track2_subset_v3/train/ATADD_T2_Train_139696.flac,1,music,AudioLDM2,ATADD_T2_Train_139696.flac
/root/atadd_track2_subset_v3/train/ATADD_T2_Train_139697.flac,1,music,AudioLDM2,ATADD_T2_Train_139697.flac
/root/atadd_track2_subset_v3/train/ATADD_T2_Train_139713.flac,1,music,AudioLDM2,ATADD_T2_Train_139713.flac
/root/atadd_track2_subset_v3/train/ATADD_T2_Train_139719.flac,1,music,AudioLDM2,ATADD_T2_Train_139719.flac
/root/atadd_track2_subset_v3/train/ATADD_T2_Train_139722.flac,1,music,AudioLDM2,ATADD_T2_Train_139722.flac
/root/atadd_track2_subset_v3/train/ATADD_T2_Train_139723.flac,1,music,AudioLDM2,ATADD_T2_Train_139723.flac
/root/atadd_track2_subset_v3/train/ATADD_T2_Train_139729.flac,1,music,AudioLDM2,ATADD_T2_Train_139729.flac
/root/atadd_track2_subset_v3/train/ATADD_T2_Train_139743.flac,1,music,AudioLDM2,ATADD_T2_Train_139743.flac
/root/atadd_track2_subset_v3/train/ATADD_T2_Train_139746.flac,1,music,AudioLDM2,ATADD_T2_Train_139746.flac
/root/atadd_track2_subset_v3/train/ATADD_T2_Train_139756.flac,1,music,AudioLDM2,ATADD_T2_Train_139756.flac
/root/atadd_track2_subset_v3/train/ATADD_T2_Train_139760.flac,1,music,AudioLDM2,ATADD_T2_Train_139760.flac
/root/atadd_track2_subset_v3/train/ATADD_T2_Train_139761.flac,1,music,AudioLDM2,ATADD_T2_Train_139761.flac
/root/atadd_track2_subset_v3/train/ATADD_T2_Train_139766.flac,1,music,AudioLDM2,ATADD_T2_Train_139766.flac
/root/atadd_track2_subset_v3/train/ATADD_T2_Train_139775.flac,1,music,AudioLDM2,ATADD_T2_Train_139775.flac
/root/atadd_track2_subset_v3/train/ATADD_T2_Train_139789.flac,1,music,AudioLDM2,ATADD_T2_Train_139789.flac
/root/atadd_track2_subset_v3/train/ATADD_T2_Train_139792.flac,1,music,AudioLDM2,ATADD_T2_Train_139792.flac
/root/atadd_track2_subset_v3/train/ATADD_T2_Train_139794.flac,1,music,AudioLDM2,ATADD_T2_Train_139794.flac
/root/atadd_track2_subset_v3/train/ATADD_T2_Train_139801.flac,1,music,AudioLDM2,ATADD_T2_Train_139801.flac
/root/atadd_track2_subset_v3/train/ATADD_T2_Train_139811.flac,1,music,AudioLDM2,ATADD_T2_Train_139811.flac
/root/atadd_track2_subset_v3/train/ATADD_T2_Train_139814.flac,1,music,AudioLDM2,ATADD_T2_Train_139814.flac
/root/atadd_track2_subset_v3/train/ATADD_T2_Train_139815.flac,1,music,AudioLDM2,ATADD_T2_Train_139815.flac
/root/atadd_track2_subset_v3/train/ATADD_T2_Train_139817.flac,1,music,AudioLDM2,ATADD_T2_Train_139817.flac
/root/atadd_track2_subset_v3/train/ATADD_T2_Train_139819.flac,1,music,AudioLDM2,ATADD_T2_Train_139819.flac
/root/atadd_track2_subset_v3/train/ATADD_T2_Train_139823.flac,1,music,AudioLDM2,ATADD_T2_Train_139823.flac
/root/atadd_track2_subset_v3/train/ATADD_T2_Train_139833.flac,1,music,AudioLDM2,ATADD_T2_Train_139833.flac
/root/atadd_track2_subset_v3/train/ATADD_T2_Train_139836.flac,1,music,AudioLDM2,ATADD_T2_Train_139836.flac
/root/atadd_track2_subset_v3/train/ATADD_T2_Train_139837.flac,1,music,AudioLDM2,ATADD_T2_Train_139837.flac
/root/atadd_track2_subset_v3/train/ATADD_T2_Train_139840.flac,1,music,AudioLDM2,ATADD_T2_Train_139840.flac
/root/atadd_track2_subset_v3/train/ATADD_T2_Train_139847.flac,1,music,AudioLDM2,ATADD_T2_Train_139847.flac
/root/atadd_track2_subset_v3/train/ATADD_T2_Train_139850.flac,1,music,AudioLDM2,ATADD_T2_Train_139850.flac
/root/atadd_track2_subset_v3/train/ATADD_T2_Train_139853.flac,1,music,AudioLDM2,ATADD_T2_Train_139853.flac
/root/atadd_track2_subset_v3/train/ATADD_T2_Train_139857.flac,1,music,AudioLDM2,ATADD_T2_Train_139857.flac
/root/atadd_track2_subset_v3/train/ATADD_T2_Train_139859.flac,1,music,AudioLDM2,ATADD_T2_Train_139859.flac
/root/atadd_track2_subset_v3/train/ATADD_T2_Train_139868.flac,1,music,AudioLDM2,ATADD_T2_Train_139868.flac
/root/atadd_track2_subset_v3/train/ATADD_T2_Train_139873.flac,1,music,AudioLDM2,ATADD_T2_Train_139873.flac
/root/atadd_track2_subset_v3/train/ATADD_T2_Train_139876.flac,1,music,AudioLDM2,ATADD_T2_Train_139876.flac
/root/atadd_track2_subset_v3/train/ATADD_T2_Train_139878.flac,1,music,AudioLDM2,ATADD_T2_Train_139878.flac
/root/atadd_track2_subset_v3/train/ATADD_T2_Train_139880.flac,1,music,AudioLDM2,ATADD_T2_Train_139880.flac
/root/atadd_track2_subset_v3/train/ATADD_T2_Train_139884.flac,1,music,AudioLDM2,ATADD_T2_Train_139884.flac
/root/atadd_track2_subset_v3/train/ATADD_T2_Train_139893.flac,1,music,AudioLDM2,ATADD_T2_Train_139893.flac
/root/atadd_track2_subset_v3/train/ATADD_T2_Train_139895.flac,1,music,AudioLDM2,ATADD_T2_Train_139895.flac
/root/atadd_track2_subset_v3/train/ATADD_T2_Train_139902.flac,1,music,AudioLDM2,ATADD_T2_Train_139902.flac
/root/atadd_track2_subset_v3/train/ATADD_T2_Train_139903.flac,1,music,AudioLDM2,ATADD_T2_Train_139903.flac
/root/atadd_track2_subset_v3/train/ATADD_T2_Train_139905.flac,1,music,AudioLDM2,ATADD_T2_Train_139905.flac
/root/atadd_track2_subset_v3/train/ATADD_T2_Train_139907.flac,1,music,AudioLDM2,ATADD_T2_Train_139907.flac
/root/atadd_track2_subset_v3/train/ATADD_T2_Train_139922.flac,1,music,AudioLDM2,ATADD_T2_Train_139922.flac
/root/atadd_track2_subset_v3/train/ATADD_T2_Train_139924.flac,1,music,AudioLDM2,ATADD_T2_Train_139924.flac
/root/atadd_track2_subset_v3/train/ATADD_T2_Train_139927.flac,1,music,AudioLDM2,ATADD_T2_Train_139927.flac
/root/atadd_track2_subset_v3/train/ATADD_T2_Train_139933.flac,1,music,AudioLDM2,ATADD_T2_Train_139933.flac
/root/atadd_track2_subset_v3/train/ATADD_T2_Train_139935.flac,1,music,AudioLDM2,ATADD_T2_Train_139935.flac
/root/atadd_track2_subset_v3/train/ATADD_T2_Train_139939.flac,1,music,AudioLDM2,ATADD_T2_Train_139939.flac
/root/atadd_track2_subset_v3/train/ATADD_T2_Train_139951.flac,1,music,AudioLDM2,ATADD_T2_Train_139951.flac
/root/atadd_track2_subset_v3/train/ATADD_T2_Train_139953.flac,1,music,AudioLDM2,ATADD_T2_Train_139953.flac
/root/atadd_track2_subset_v3/train/ATADD_T2_Train_139954.flac,1,music,AudioLDM2,ATADD_T2_Train_139954.flac
/root/atadd_track2_subset_v3/train/ATADD_T2_Train_139955.flac,1,music,AudioLDM2,ATADD_T2_Train_139955.flac
/root/atadd_track2_subset_v3/train/ATADD_T2_Train_139958.flac,1,music,AudioLDM2,ATADD_T2_Train_139958.flac
/root/atadd_track2_subset_v3/train/ATADD_T2_Train_139959.flac,1,music,AudioLDM2,ATADD_T2_Train_139959.flac
/root/atadd_track2_subset_v3/train/ATADD_T2_Train_139960.flac,1,music,AudioLDM2,ATADD_T2_Train_139960.flac
/root/atadd_track2_subset_v3/train/ATADD_T2_Train_139966.flac,1,music,AudioLDM2,ATADD_T2_Train_139966.flac
/root/atadd_track2_subset_v3/train/ATADD_T2_Train_139971.flac,1,music,AudioLDM2,ATADD_T2_Train_139971.flac
/root/atadd_track2_subset_v3/train/ATADD_T2_Train_139975.flac,1,music,AudioLDM2,ATADD_T2_Train_139975.flac
/root/atadd_track2_subset_v3/train/ATADD_T2_Train_139976.flac,1,music,AudioLDM2,ATADD_T2_Train_139976.flac
/root/atadd_track2_subset_v3/train/ATADD_T2_Train_139980.flac,1,music,AudioLDM2,ATADD_T2_Train_139980.flac
/root/atadd_track2_subset_v3/train/ATADD_T2_Train_139982.flac,1,music,AudioLDM2,ATADD_T2_Train_139982.flac
/root/atadd_track2_subset_v3/train/ATADD_T2_Train_139985.flac,1,music,AudioLDM2,ATADD_T2_Train_139985.flac
/root/atadd_track2_subset_v3/train/ATADD_T2_Train_139989.flac,1,music,AudioLDM2,ATADD_T2_Train_139989.flac
/root/atadd_track2_subset_v3/train/ATADD_T2_Train_139991.flac,1,music,AudioLDM2,ATADD_T2_Train_139991.flac
/root/atadd_track2_subset_v3/train/ATADD_T2_Train_139992.flac,1,music,AudioLDM2,ATADD_T2_Train_139992.flac
/root/atadd_track2_subset_v3/train/ATADD_T2_Train_139994.flac,1,music,AudioLDM2,ATADD_T2_Train_139994.flac
/root/atadd_track2_subset_v3/train/ATADD_T2_Train_139997.flac,1,music,AudioLDM2,ATADD_T2_Train_139997.flac
/root/atadd_track2_subset_v3/train/ATADD_T2_Train_139999.flac,1,music,AudioLDM2,ATADD_T2_Train_139999.flac
/root/atadd_track2_subset_v3/train/ATADD_T2_Train_140003.flac,1,music,AudioLDM2,ATADD_T2_Train_140003.flac
/root/atadd_track2_subset_v3/train/ATADD_T2_Train_140008.flac,1,music,AudioLDM2,ATADD_T2_Train_140008.flac
/root/atadd_track2_subset_v3/train/ATADD_T2_Train_140009.flac,1,music,AudioLDM2,ATADD_T2_Train_140009.flac
/root/atadd_track2_subset_v3/train/ATADD_T2_Train_140014.flac,1,music,AudioLDM2,ATADD_T2_Train_140014.flac
/root/atadd_track2_subset_v3/train/ATADD_T2_Train_140018.flac,1,music,AudioLDM2,ATADD_T2_Train_140018.flac
/root/atadd_track2_subset_v3/train/ATADD_T2_Train_140019.flac,1,music,AudioLDM2,ATADD_T2_Train_140019.flac
/root/atadd_track2_subset_v3/train/ATADD_T2_Train_140021.flac,1,music,AudioLDM2,ATADD_T2_Train_140021.flac
/root/atadd_track2_subset_v3/train/ATADD_T2_Train_140024.flac,1,music,AudioLDM2,ATADD_T2_Train_140024.flac
/root/atadd_track2_subset_v3/train/ATADD_T2_Train_140035.flac,1,music,AudioLDM2,ATADD_T2_Train_140035.flac
/root/atadd_track2_subset_v3/train/ATADD_T2_Train_140048.flac,1,music,AudioLDM2,ATADD_T2_Train_140048.flac
/root/atadd_track2_subset_v3/train/ATADD_T2_Train_140049.flac,1,music,AudioLDM2,ATADD_T2_Train_140049.flac
/root/atadd_track2_subset_v3/train/ATADD_T2_Train_140052.flac,1,music,AudioLDM2,ATADD_T2_Train_140052.flac
/root/atadd_track2_subset_v3/train/ATADD_T2_Train_140054.flac,1,music,AudioLDM2,ATADD_T2_Train_140054.flac
/root/atadd_track2_subset_v3/train/ATADD_T2_Train_140056.flac,1,music,AudioLDM2,ATADD_T2_Train_140056.flac
/root/atadd_track2_subset_v3/train/ATADD_T2_Train_140058.flac,1,music,AudioLDM2,ATADD_T2_Train_140058.flac
/root/atadd_track2_subset_v3/train/ATADD_T2_Train_140064.flac,1,music,AudioLDM2,ATADD_T2_Train_140064.flac
/root/atadd_track2_subset_v3/train/ATADD_T2_Train_140069.flac,1,music,AudioLDM2,ATADD_T2_Train_140069.flac
/root/atadd_track2_subset_v3/train/ATADD_T2_Train_140072.flac,1,music,AudioLDM2,ATADD_T2_Train_140072.flac
/root/atadd_track2_subset_v3/train/ATADD_T2_Train_140073.flac,1,music,AudioLDM2,ATADD_T2_Train_140073.flac
/root/atadd_track2_subset_v3/train/ATADD_T2_Train_140078.flac,1,music,AudioLDM2,ATADD_T2_Train_140078.flac
/root/atadd_track2_subset_v3/train/ATADD_T2_Train_140079.flac,1,music,AudioLDM2,ATADD_T2_Train_140079.flac
/root/atadd_track2_subset_v3/train/ATADD_T2_Train_140080.flac,1,music,AudioLDM2,ATADD_T2_Train_140080.flac
/root/atadd_track2_subset_v3/train/ATADD_T2_Train_140083.flac,1,music,AudioLDM2,ATADD_T2_Train_140083.flac
/root/atadd_track2_subset_v3/train/ATADD_T2_Train_140089.flac,1,music,AudioLDM2,ATADD_T2_Train_140089.flac
/root/atadd_track2_subset_v3/train/ATADD_T2_Train_140096.flac,1,music,AudioLDM2,ATADD_T2_Train_140096.flac
/root/atadd_track2_subset_v3/train/ATADD_T2_Train_140101.flac,1,music,AudioLDM2,ATADD_T2_Train_140101.flac
/root/atadd_track2_subset_v3/train/ATADD_T2_Train_140109.flac,1,music,AudioLDM2,ATADD_T2_Train_140109.flac
/root/atadd_track2_subset_v3/train/ATADD_T2_Train_140110.flac,1,music,AudioLDM2,ATADD_T2_Train_140110.flac
/root/atadd_track2_subset_v3/train/ATADD_T2_Train_140126.flac,1,music,AudioLDM2,ATADD_T2_Train_140126.flac
/root/atadd_track2_subset_v3/train/ATADD_T2_Train_140128.flac,1,music,AudioLDM2,ATADD_T2_Train_140128.flac
/root/atadd_track2_subset_v3/train/ATADD_T2_Train_140133.flac,1,music,AudioLDM2,ATADD_T2_Train_140133.flac
/root/atadd_track2_subset_v3/train/ATADD_T2_Train_140135.flac,1,music,AudioLDM2,ATADD_T2_Train_140135.flac
/root/atadd_track2_subset_v3/train/ATADD_T2_Train_140139.flac,1,music,AudioLDM2,ATADD_T2_Train_140139.flac
/root/atadd_track2_subset_v3/train/ATADD_T2_Train_140140.flac,1,music,AudioLDM2,ATADD_T2_Train_140140.flac
/root/atadd_track2_subset_v3/train/ATADD_T2_Train_140150.flac,1,music,AudioLDM2,ATADD_T2_Train_140150.flac
/root/atadd_track2_subset_v3/train/ATADD_T2_Train_140155.flac,1,music,AudioLDM2,ATADD_T2_Train_140155.flac
/root/atadd_track2_subset_v3/train/ATADD_T2_Train_140156.flac,1,music,AudioLDM2,ATADD_T2_Train_140156.flac
/root/atadd_track2_subset_v3/train/ATADD_T2_Train_140157.flac,1,music,AudioLDM2,ATADD_T2_Train_140157.flac
/root/atadd_track2_subset_v3/train/ATADD_T2_Train_140161.flac,1,music,AudioLDM2,ATADD_T2_Train_140161.flac
/root/atadd_track2_subset_v3/train/ATADD_T2_Train_140162.flac,1,music,AudioLDM2,ATADD_T2_Train_140162.flac
/root/atadd_track2_subset_v3/train/ATADD_T2_Train_140163.flac,1,music,AudioLDM2,ATADD_T2_Train_140163.flac
/root/atadd_track2_subset_v3/train/ATADD_T2_Train_140169.flac,1,music,AudioLDM2,ATADD_T2_Train_140169.flac
/root/atadd_track2_subset_v3/train/ATADD_T2_Train_140170.flac,1,music,AudioLDM2,ATADD_T2_Train_140170.flac
/root/atadd_track2_subset_v3/train/ATADD_T2_Train_140176.flac,1,music,AudioLDM2,ATADD_T2_Train_140176.flac
/root/atadd_track2_subset_v3/train/ATADD_T2_Train_140182.flac,1,music,AudioLDM2,ATADD_T2_Train_140182.flac
/root/atadd_track2_subset_v3/train/ATADD_T2_Train_140185.flac,1,music,AudioLDM2,ATADD_T2_Train_140185.flac
/root/atadd_track2_subset_v3/train/ATADD_T2_Train_140189.flac,1,music,AudioLDM2,ATADD_T2_Train_140189.flac
/root/atadd_track2_subset_v3/train/ATADD_T2_Train_140190.flac,1,music,AudioLDM2,ATADD_T2_Train_140190.flac
/root/atadd_track2_subset_v3/train/ATADD_T2_Train_140196.flac,1,music,AudioLDM2,ATADD_T2_Train_140196.flac
/root/atadd_track2_subset_v3/train/ATADD_T2_Train_140206.flac,1,music,AudioLDM2,ATADD_T2_Train_140206.flac
/root/atadd_track2_subset_v3/train/ATADD_T2_Train_140209.flac,1,music,AudioLDM2,ATADD_T2_Train_140209.flac
/root/atadd_track2_subset_v3/train/ATADD_T2_Train_140219.flac,1,music,AudioLDM2,ATADD_T2_Train_140219.flac
/root/atadd_track2_subset_v3/train/ATADD_T2_Train_140220.flac,1,music,AudioLDM2,ATADD_T2_Train_140220.flac
/root/atadd_track2_subset_v3/train/ATADD_T2_Train_140227.flac,1,music,AudioLDM2,ATADD_T2_Train_140227.flac
/root/atadd_track2_subset_v3/train/ATADD_T2_Train_140229.flac,1,music,AudioLDM2,ATADD_T2_Train_140229.flac
/root/atadd_track2_subset_v3/train/ATADD_T2_Train_140233.flac,1,music,AudioLDM2,ATADD_T2_Train_140233.flac
/root/atadd_track2_subset_v3/train/ATADD_T2_Train_140237.flac,1,music,AudioLDM2,ATADD_T2_Train_140237.flac
/root/atadd_track2_subset_v3/train/ATADD_T2_Train_140238.flac,1,music,AudioLDM2,ATADD_T2_Train_140238.flac
/root/atadd_track2_subset_v3/train/ATADD_T2_Train_140248.flac,1,music,AudioLDM2,ATADD_T2_Train_140248.flac
/root/atadd_track2_subset_v3/train/ATADD_T2_Train_140251.flac,1,music,AudioLDM2,ATADD_T2_Train_140251.flac
/root/atadd_track2_subset_v3/train/ATADD_T2_Train_140257.flac,1,music,AudioLDM2,ATADD_T2_Train_140257.flac
/root/atadd_track2_subset_v3/train/ATADD_T2_Train_140259.flac,1,music,AudioLDM2,ATADD_T2_Train_140259.flac
/root/atadd_track2_subset_v3/train/ATADD_T2_Train_140267.flac,1,music,AudioLDM2,ATADD_T2_Train_140267.flac
/root/atadd_track2_subset_v3/train/ATADD_T2_Train_140271.flac,1,music,AudioLDM2,ATADD_T2_Train_140271.flac
/root/atadd_track2_subset_v3/train/ATADD_T2_Train_140272.flac,1,music,AudioLDM2,ATADD_T2_Train_140272.flac
/root/atadd_track2_subset_v3/train/ATADD_T2_Train_140274.flac,1,music,AudioLDM2,ATADD_T2_Train_140274.flac
/root/atadd_track2_subset_v3/train/ATADD_T2_Train_140276.flac,1,music,AudioLDM2,ATADD_T2_Train_140276.flac
/root/atadd_track2_subset_v3/train/ATADD_T2_Train_140284.flac,1,music,AudioLDM2,ATADD_T2_Train_140284.flac
/root/atadd_track2_subset_v3/train/ATADD_T2_Train_140285.flac,1,music,AudioLDM2,ATADD_T2_Train_140285.flac
/root/atadd_track2_subset_v3/train/ATADD_T2_Train_140292.flac,1,music,AudioLDM2,ATADD_T2_Train_140292.flac
/root/atadd_track2_subset_v3/train/ATADD_T2_Train_140303.flac,1,music,AudioLDM2,ATADD_T2_Train_140303.flac
/root/atadd_track2_subset_v3/train/ATADD_T2_Train_140306.flac,1,music,AudioLDM2,ATADD_T2_Train_140306.flac
/root/atadd_track2_subset_v3/train/ATADD_T2_Train_140316.flac,1,music,AudioLDM2,ATADD_T2_Train_140316.flac
/root/atadd_track2_subset_v3/train/ATADD_T2_Train_140318.flac,1,music,AudioLDM2,ATADD_T2_Train_140318.flac
/root/atadd_track2_subset_v3/train/ATADD_T2_Train_140322.flac,1,music,AudioLDM2,ATADD_T2_Train_140322.flac
/root/atadd_track2_subset_v3/train/ATADD_T2_Train_140332.flac,1,music,AudioLDM2,ATADD_T2_Train_140332.flac
/root/atadd_track2_subset_v3/train/ATADD_T2_Train_140334.flac,1,music,AudioLDM2,ATADD_T2_Train_140334.flac
/root/atadd_track2_subset_v3/train/ATADD_T2_Train_140339.flac,1,music,AudioLDM2,ATADD_T2_Train_140339.flac
/root/atadd_track2_subset_v3/train/ATADD_T2_Train_140342.flac,1,music,AudioLDM2,ATADD_T2_Train_140342.flac
/root/atadd_track2_subset_v3/train/ATADD_T2_Train_140343.flac,1,music,AudioLDM2,ATADD_T2_Train_140343.flac
/root/atadd_track2_subset_v3/train/ATADD_T2_Train_140355.flac,1,music,AudioLDM2,ATADD_T2_Train_140355.flac
/root/atadd_track2_subset_v3/train/ATADD_T2_Train_140363.flac,1,music,AudioLDM2,ATADD_T2_Train_140363.flac
/root/atadd_track2_subset_v3/train/ATADD_T2_Train_140364.flac,1,music,AudioLDM2,ATADD_T2_Train_140364.flac
/root/atadd_track2_subset_v3/train/ATADD_T2_Train_140365.flac,1,music,AudioLDM2,ATADD_T2_Train_140365.flac
/root/atadd_track2_subset_v3/train/ATADD_T2_Train_140367.flac,1,music,AudioLDM2,ATADD_T2_Train_140367.flac
/root/atadd_track2_subset_v3/train/ATADD_T2_Train_140368.flac,1,music,AudioLDM2,ATADD_T2_Train_140368.flac
/root/atadd_track2_subset_v3/train/ATADD_T2_Train_140369.flac,1,music,AudioLDM2,ATADD_T2_Train_140369.flac
/root/atadd_track2_subset_v3/train/ATADD_T2_Train_140376.flac,1,music,AudioLDM2,ATADD_T2_Train_140376.flac
/root/atadd_track2_subset_v3/train/ATADD_T2_Train_140391.flac,1,music,AudioLDM2,ATADD_T2_Train_140391.flac
/root/atadd_track2_subset_v3/train/ATADD_T2_Train_140394.flac,1,music,AudioLDM2,ATADD_T2_Train_140394.flac
/root/atadd_track2_subset_v3/train/ATADD_T2_Train_140399.flac,1,music,AudioLDM2,ATADD_T2_Train_140399.flac
/root/atadd_track2_subset_v3/train/ATADD_T2_Train_140401.flac,1,music,AudioLDM2,ATADD_T2_Train_140401.flac
/root/atadd_track2_subset_v3/train/ATADD_T2_Train_140403.flac,1,music,AudioLDM2,ATADD_T2_Train_140403.flac
/root/atadd_track2_subset_v3/train/ATADD_T2_Train_140407.flac,1,music,AudioLDM2,ATADD_T2_Train_140407.flac
/root/atadd_track2_subset_v3/train/ATADD_T2_Train_140418.flac,1,music,AudioLDM2,ATADD_T2_Train_140418.flac
/root/atadd_track2_subset_v3/train/ATADD_T2_Train_140419.flac,1,music,AudioLDM2,ATADD_T2_Train_140419.flac
/root/atadd_track2_subset_v3/train/ATADD_T2_Train_140423.flac,1,music,AudioLDM2,ATADD_T2_Train_140423.flac
/root/atadd_track2_subset_v3/train/ATADD_T2_Train_140437.flac,1,music,AudioLDM2,ATADD_T2_Train_140437.flac
/root/atadd_track2_subset_v3/train/ATADD_T2_Train_140439.flac,1,music,AudioLDM2,ATADD_T2_Train_140439.flac
/root/atadd_track2_subset_v3/train/ATADD_T2_Train_140442.flac,1,music,AudioLDM2,ATADD_T2_Train_140442.flac
/root/atadd_track2_subset_v3/train/ATADD_T2_Train_140454.flac,1,music,AudioLDM2,ATADD_T2_Train_140454.flac
/root/atadd_track2_subset_v3/train/ATADD_T2_Train_140458.flac,1,music,AudioLDM2,ATADD_T2_Train_140458.flac
/root/atadd_track2_subset_v3/train/ATADD_T2_Train_140459.flac,1,music,AudioLDM2,ATADD_T2_Train_140459.flac
/root/atadd_track2_subset_v3/train/ATADD_T2_Train_140461.flac,1,music,AudioLDM2,ATADD_T2_Train_140461.flac
/root/atadd_track2_subset_v3/train/ATADD_T2_Train_140464.flac,1,music,AudioLDM2,ATADD_T2_Train_140464.flac
/root/atadd_track2_subset_v3/train/ATADD_T2_Train_140469.flac,1,music,AudioLDM2,ATADD_T2_Train_140469.flac
/root/atadd_track2_subset_v3/train/ATADD_T2_Train_140472.flac,1,music,AudioLDM2,ATADD_T2_Train_140472.flac
/root/atadd_track2_subset_v3/train/ATADD_T2_Train_140476.flac,1,music,AudioLDM2,ATADD_T2_Train_140476.flac
/root/atadd_track2_subset_v3/train/ATADD_T2_Train_140479.flac,1,music,AudioLDM2,ATADD_T2_Train_140479.flac
/root/atadd_track2_subset_v3/train/ATADD_T2_Train_140482.flac,1,music,AudioLDM2,ATADD_T2_Train_140482.flac
/root/atadd_track2_subset_v3/train/ATADD_T2_Train_140511.flac,1,music,AudioLDM2,ATADD_T2_Train_140511.flac
/root/atadd_track2_subset_v3/train/ATADD_T2_Train_140514.flac,1,music,AudioLDM2,ATADD_T2_Train_140514.flac
/root/atadd_track2_subset_v3/train/ATADD_T2_Train_140516.flac,1,music,AudioLDM2,ATADD_T2_Train_140516.flac
/root/atadd_track2_subset_v3/train/ATADD_T2_Train_140520.flac,1,music,AudioLDM2,ATADD_T2_Train_140520.flac
/root/atadd_track2_subset_v3/train/ATADD_T2_Train_140522.flac,1,music,AudioLDM2,ATADD_T2_Train_140522.flac
/root/atadd_track2_subset_v3/train/ATADD_T2_Train_140532.flac,1,music,AudioLDM2,ATADD_T2_Train_140532.flac
/root/atadd_track2_subset_v3/train/ATADD_T2_Train_140533.flac,1,music,AudioLDM2,ATADD_T2_Train_140533.flac
/root/atadd_track2_subset_v3/train/ATADD_T2_Train_140534.flac,1,music,AudioLDM2,ATADD_T2_Train_140534.flac
/root/atadd_track2_subset_v3/train/ATADD_T2_Train_140535.flac,1,music,AudioLDM2,ATADD_T2_Train_140535.flac
/root/atadd_track2_subset_v3/train/ATADD_T2_Train_140536.flac,1,music,AudioLDM2,ATADD_T2_Train_140536.flac
/root/atadd_track2_subset_v3/train/ATADD_T2_Train_140540.flac,1,music,AudioLDM2,ATADD_T2_Train_140540.flac
/root/atadd_track2_subset_v3/train/ATADD_T2_Train_140544.flac,1,music,AudioLDM2,ATADD_T2_Train_140544.flac
/root/atadd_track2_subset_v3/train/ATADD_T2_Train_140546.flac,1,music,AudioLDM2,ATADD_T2_Train_140546.flac
/root/atadd_track2_subset_v3/train/ATADD_T2_Train_140548.flac,1,music,AudioLDM2,ATADD_T2_Train_140548.flac
/root/atadd_track2_subset_v3/train/ATADD_T2_Train_140552.flac,1,music,AudioLDM2,ATADD_T2_Train_140552.flac
/root/atadd_track2_subset_v3/train/ATADD_T2_Train_140554.flac,1,music,AudioLDM2,ATADD_T2_Train_140554.flac
/root/atadd_track2_subset_v3/train/ATADD_T2_Train_140555.flac,1,music,AudioLDM2,ATADD_T2_Train_140555.flac
/root/atadd_track2_subset_v3/train/ATADD_T2_Train_140558.flac,1,music,AudioLDM2,ATADD_T2_Train_140558.flac
/root/atadd_track2_subset_v3/train/ATADD_T2_Train_140561.flac,1,music,AudioLDM2,ATADD_T2_Train_140561.flac
/root/atadd_track2_subset_v3/train/ATADD_T2_Train_140562.flac,1,music,AudioLDM2,ATADD_T2_Train_140562.flac
/root/atadd_track2_subset_v3/train/ATADD_T2_Train_140564.flac,1,music,AudioLDM2,ATADD_T2_Train_140564.flac
/root/atadd_track2_subset_v3/train/ATADD_T2_Train_140567.flac,1,music,AudioLDM2,ATADD_T2_Train_140567.flac
/root/atadd_track2_subset_v3/train/ATADD_T2_Train_140568.flac,1,music,AudioLDM2,ATADD_T2_Train_140568.flac
/root/atadd_track2_subset_v3/train/ATADD_T2_Train_140569.flac,1,music,AudioLDM2,ATADD_T2_Train_140569.flac
/root/atadd_track2_subset_v3/train/ATADD_T2_Train_140575.flac,1,music,AudioLDM2,ATADD_T2_Train_140575.flac
/root/atadd_track2_subset_v3/train/ATADD_T2_Train_140577.flac,1,music,AudioLDM2,ATADD_T2_Train_140577.flac
/root/atadd_track2_subset_v3/train/ATADD_T2_Train_140578.flac,1,music,AudioLDM2,ATADD_T2_Train_140578.flac
/root/atadd_track2_subset_v3/train/ATADD_T2_Train_140582.flac,1,music,AudioLDM2,ATADD_T2_Train_140582.flac
/root/atadd_track2_subset_v3/train/ATADD_T2_Train_140583.flac,1,music,AudioLDM2,ATADD_T2_Train_140583.flac
/root/atadd_track2_subset_v3/train/ATADD_T2_Train_140588.flac,1,music,AudioLDM2,ATADD_T2_Train_140588.flac
/root/atadd_track2_subset_v3/train/ATADD_T2_Train_140589.flac,1,music,AudioLDM2,ATADD_T2_Train_140589.flac
/root/atadd_track2_subset_v3/train/ATADD_T2_Train_140591.flac,1,music,AudioLDM2,ATADD_T2_Train_140591.flac
/root/atadd_track2_subset_v3/train/ATADD_T2_Train_140598.flac,1,music,AudioLDM2,ATADD_T2_Train_140598.flac
/root/atadd_track2_subset_v3/train/ATADD_T2_Train_140599.flac,1,music,AudioLDM2,ATADD_T2_Train_140599.flac
/root/atadd_track2_subset_v3/train/ATADD_T2_Train_140606.flac,1,music,AudioLDM2,ATADD_T2_Train_140606.flac
/root/atadd_track2_subset_v3/train/ATADD_T2_Train_140608.flac,1,music,AudioLDM2,ATADD_T2_Train_140608.flac
/root/atadd_track2_subset_v3/train/ATADD_T2_Train_140612.flac,1,music,AudioLDM2,ATADD_T2_Train_140612.flac
/root/atadd_track2_subset_v3/train/ATADD_T2_Train_140623.flac,1,music,AudioLDM2,ATADD_T2_Train_140623.flac
/root/atadd_track2_subset_v3/train/ATADD_T2_Train_140626.flac,1,music,AudioLDM2,ATADD_T2_Train_140626.flac
/root/atadd_track2_subset_v3/train/ATADD_T2_Train_140634.flac,1,music,AudioLDM2,ATADD_T2_Train_140634.flac
/root/atadd_track2_subset_v3/train/ATADD_T2_Train_140636.flac,1,music,AudioLDM2,ATADD_T2_Train_140636.flac
/root/atadd_track2_subset_v3/train/ATADD_T2_Train_140641.flac,1,music,AudioLDM2,ATADD_T2_Train_140641.flac
/root/atadd_track2_subset_v3/train/ATADD_T2_Train_140642.flac,1,music,AudioLDM2,ATADD_T2_Train_140642.flac
/root/atadd_track2_subset_v3/train/ATADD_T2_Train_140678.flac,1,music,AudioLDM2,ATADD_T2_Train_140678.flac
/root/atadd_track2_subset_v3/train/ATADD_T2_Train_140679.flac,1,music,AudioLDM2,ATADD_T2_Train_140679.flac
/root/atadd_track2_subset_v3/train/ATADD_T2_Train_140681.flac,1,music,AudioLDM2,ATADD_T2_Train_140681.flac
/root/atadd_track2_subset_v3/train/ATADD_T2_Train_140690.flac,1,music,AudioLDM2,ATADD_T2_Train_140690.flac
/root/atadd_track2_subset_v3/train/ATADD_T2_Train_140691.flac,1,music,AudioLDM2,ATADD_T2_Train_140691.flac
/root/atadd_track2_subset_v3/train/ATADD_T2_Train_140696.flac,1,music,AudioLDM2,ATADD_T2_Train_140696.flac
/root/atadd_track2_subset_v3/train/ATADD_T2_Train_140699.flac,1,music,AudioLDM2,ATADD_T2_Train_140699.flac
/root/atadd_track2_subset_v3/train/ATADD_T2_Train_140711.flac,1,music,AudioLDM2,ATADD_T2_Train_140711.flac
/root/atadd_track2_subset_v3/train/ATADD_T2_Train_140714.flac,1,music,AudioLDM2,ATADD_T2_Train_140714.flac
/root/atadd_track2_subset_v3/train/ATADD_T2_Train_140718.flac,1,music,AudioLDM2,ATADD_T2_Train_140718.flac
/root/atadd_track2_subset_v3/train/ATADD_T2_Train_140727.flac,1,music,AudioLDM2,ATADD_T2_Train_140727.flac
/root/atadd_track2_subset_v3/train/ATADD_T2_Train_140732.flac,1,music,AudioLDM2,ATADD_T2_Train_140732.flac
/root/atadd_track2_subset_v3/train/ATADD_T2_Train_140735.flac,1,music,AudioLDM2,ATADD_T2_Train_140735.flac
/root/atadd_track2_subset_v3/train/ATADD_T2_Train_140736.flac,1,music,AudioLDM2,ATADD_T2_Train_140736.flac
/root/atadd_track2_subset_v3/train/ATADD_T2_Train_140741.flac,1,music,AudioLDM2,ATADD_T2_Train_140741.flac
/root/atadd_track2_subset_v3/train/ATADD_T2_Train_140742.flac,1,music,AudioLDM2,ATADD_T2_Train_140742.flac
/root/atadd_track2_subset_v3/train/ATADD_T2_Train_140748.flac,1,music,AudioLDM2,ATADD_T2_Train_140748.flac
/root/atadd_track2_subset_v3/train/ATADD_T2_Train_140759.flac,1,music,AudioLDM2,ATADD_T2_Train_140759.flac
/root/atadd_track2_subset_v3/train/ATADD_T2_Train_140768.flac,1,music,AudioLDM2,ATADD_T2_Train_140768.flac
/root/atadd_track2_subset_v3/train/ATADD_T2_Train_140772.flac,1,music,AudioLDM2,ATADD_T2_Train_140772.flac
/root/atadd_track2_subset_v3/train/ATADD_T2_Train_140774.flac,1,music,AudioLDM2,ATADD_T2_Train_140774.flac
/root/atadd_track2_subset_v3/train/ATADD_T2_Train_140776.flac,1,music,AudioLDM2,ATADD_T2_Train_140776.flac
/root/atadd_track2_subset_v3/train/ATADD_T2_Train_140780.flac,1,music,AudioLDM2,ATADD_T2_Train_140780.flac
/root/atadd_track2_subset_v3/train/ATADD_T2_Train_140783.flac,1,music,AudioLDM2,ATADD_T2_Train_140783.flac
/root/atadd_track2_subset_v3/train/ATADD_T2_Train_140784.flac,1,music,AudioLDM2,ATADD_T2_Train_140784.flac
/root/atadd_track2_subset_v3/train/ATADD_T2_Train_140786.flac,1,music,AudioLDM2,ATADD_T2_Train_140786.flac
/root/atadd_track2_subset_v3/train/ATADD_T2_Train_140791.flac,1,music,AudioLDM2,ATADD_T2_Train_140791.flac
/root/atadd_track2_subset_v3/train/ATADD_T2_Train_140798.flac,1,music,AudioLDM2,ATADD_T2_Train_140798.flac
/root/atadd_track2_subset_v3/train/ATADD_T2_Train_140800.flac,1,music,AudioLDM2,ATADD_T2_Train_140800.flac
/root/atadd_track2_subset_v3/train/ATADD_T2_Train_140802.flac,1,music,AudioLDM2,ATADD_T2_Train_140802.flac
/root/atadd_track2_subset_v3/train/ATADD_T2_Train_140806.flac,1,music,AudioLDM2,ATADD_T2_Train_140806.flac
/root/atadd_track2_subset_v3/train/ATADD_T2_Train_140812.flac,1,music,AudioLDM2,ATADD_T2_Train_140812.flac
/root/atadd_track2_subset_v3/train/ATADD_T2_Train_140819.flac,1,music,AudioLDM2,ATADD_T2_Train_140819.flac
/root/atadd_track2_subset_v3/train/ATADD_T2_Train_140822.flac,1,music,AudioLDM2,ATADD_T2_Train_140822.flac
/root/atadd_track2_subset_v3/train/ATADD_T2_Train_140824.flac,1,music,AudioLDM2,ATADD_T2_Train_140824.flac
/root/atadd_track2_subset_v3/train/ATADD_T2_Train_140831.flac,1,music,AudioLDM2,ATADD_T2_Train_140831.flac
/root/atadd_track2_subset_v3/train/ATADD_T2_Train_140838.flac,1,music,AudioLDM2,ATADD_T2_Train_140838.flac
/root/atadd_track2_subset_v3/train/ATADD_T2_Train_140843.flac,1,music,AudioLDM2,ATADD_T2_Train_140843.flac
/root/atadd_track2_subset_v3/train/ATADD_T2_Train_140848.flac,1,music,AudioLDM2,ATADD_T2_Train_140848.flac
/root/atadd_track2_subset_v3/train/ATADD_T2_Train_140850.flac,1,music,AudioLDM2,ATADD_T2_Train_140850.flac
/root/atadd_track2_subset_v3/train/ATADD_T2_Train_140853.flac,1,music,AudioLDM2,ATADD_T2_Train_140853.flac
/root/atadd_track2_subset_v3/train/ATADD_T2_Train_140859.flac,1,music,AudioLDM2,ATADD_T2_Train_140859.flac
/root/atadd_track2_subset_v3/train/ATADD_T2_Train_140860.flac,1,music,AudioLDM2,ATADD_T2_Train_140860.flac
/root/atadd_track2_subset_v3/train/ATADD_T2_Train_140862.flac,1,music,AudioLDM2,ATADD_T2_Train_140862.flac
/root/atadd_track2_subset_v3/train/ATADD_T2_Train_140865.flac,1,music,AudioLDM2,ATADD_T2_Train_140865.flac
/root/atadd_track2_subset_v3/train/ATADD_T2_Train_140873.flac,1,music,AudioLDM2,ATADD_T2_Train_140873.flac
/root/atadd_track2_subset_v3/train/ATADD_T2_Train_140877.flac,1,music,AudioLDM2,ATADD_T2_Train_140877.flac
/root/atadd_track2_subset_v3/train/ATADD_T2_Train_140878.flac,1,music,AudioLDM2,ATADD_T2_Train_140878.flac
/root/atadd_track2_subset_v3/train/ATADD_T2_Train_140882.flac,1,music,AudioLDM2,ATADD_T2_Train_140882.flac
/root/atadd_track2_subset_v3/train/ATADD_T2_Train_140883.flac,1,music,AudioLDM2,ATADD_T2_Train_140883.flac
/root/atadd_track2_subset_v3/train/ATADD_T2_Train_140894.flac,1,music,AudioLDM2,ATADD_T2_Train_140894.flac
/root/atadd_track2_subset_v3/train/ATADD_T2_Train_140898.flac,1,music,AudioLDM2,ATADD_T2_Train_140898.flac
/root/atadd_track2_subset_v3/train/ATADD_T2_Train_140910.flac,1,music,AudioLDM2,ATADD_T2_Train_140910.flac
/root/atadd_track2_subset_v3/train/ATADD_T2_Train_140913.flac,1,music,AudioLDM2,ATADD_T2_Train_140913.flac
/root/atadd_track2_subset_v3/train/ATADD_T2_Train_140916.flac,1,music,AudioLDM2,ATADD_T2_Train_140916.flac
/root/atadd_track2_subset_v3/train/ATADD_T2_Train_140919.flac,1,music,AudioLDM2,ATADD_T2_Train_140919.flac
/root/atadd_track2_subset_v3/train/ATADD_T2_Train_140930.flac,1,music,AudioLDM2,ATADD_T2_Train_140930.flac
/root/atadd_track2_subset_v3/train/ATADD_T2_Train_140941.flac,1,music,AudioLDM2,ATADD_T2_Train_140941.flac
/root/atadd_track2_subset_v3/train/ATADD_T2_Train_140943.flac,1,music,AudioLDM2,ATADD_T2_Train_140943.flac
/root/atadd_track2_subset_v3/train/ATADD_T2_Train_140947.flac,1,music,AudioLDM2,ATADD_T2_Train_140947.flac
/root/atadd_track2_subset_v3/train/ATADD_T2_Train_140948.flac,1,music,AudioLDM2,ATADD_T2_Train_140948.flac
/root/atadd_track2_subset_v3/train/ATADD_T2_Train_140954.flac,1,music,AudioLDM2,ATADD_T2_Train_140954.flac
/root/atadd_track2_subset_v3/train/ATADD_T2_Train_140955.flac,1,music,AudioLDM2,ATADD_T2_Train_140955.flac
/root/atadd_track2_subset_v3/train/ATADD_T2_Train_140957.flac,1,music,AudioLDM2,ATADD_T2_Train_140957.flac
/root/atadd_track2_subset_v3/train/ATADD_T2_Train_140966.flac,1,music,AudioLDM2,ATADD_T2_Train_140966.flac
/root/atadd_track2_subset_v3/train/ATADD_T2_Train_140971.flac,1,music,AudioLDM2,ATADD_T2_Train_140971.flac
/root/atadd_track2_subset_v3/train/ATADD_T2_Train_140972.flac,1,music,AudioLDM2,ATADD_T2_Train_140972.flac
/root/atadd_track2_subset_v3/train/ATADD_T2_Train_140976.flac,1,music,AudioLDM2,ATADD_T2_Train_140976.flac
/root/atadd_track2_subset_v3/train/ATADD_T2_Train_140977.flac,1,music,AudioLDM2,ATADD_T2_Train_140977.flac
/root/atadd_track2_subset_v3/train/ATADD_T2_Train_140978.flac,1,music,AudioLDM2,ATADD_T2_Train_140978.flac
/root/atadd_track2_subset_v3/train/ATADD_T2_Train_140980.flac,1,music,AudioLDM2,ATADD_T2_Train_140980.flac
/root/atadd_track2_subset_v3/train/ATADD_T2_Train_140981.flac,1,music,AudioLDM2,ATADD_T2_Train_140981.flac
/root/atadd_track2_subset_v3/train/ATADD_T2_Train_140983.flac,1,music,AudioLDM2,ATADD_T2_Train_140983.flac
/root/atadd_track2_subset_v3/train/ATADD_T2_Train_140986.flac,1,music,AudioLDM2,ATADD_T2_Train_140986.flac
/root/atadd_track2_subset_v3/train/ATADD_T2_Train_140989.flac,1,music,AudioLDM2,ATADD_T2_Train_140989.flac
/root/atadd_track2_subset_v3/train/ATADD_T2_Train_140993.flac,1,music,AudioLDM2,ATADD_T2_Train_140993.flac
/root/atadd_track2_subset_v3/train/ATADD_T2_Train_140996.flac,1,music,AudioLDM2,ATADD_T2_Train_140996.flac
/root/atadd_track2_subset_v3/train/ATADD_T2_Train_140998.flac,1,music,AudioLDM2,ATADD_T2_Train_140998.flac
/root/atadd_track2_subset_v3/train/ATADD_T2_Train_141002.flac,1,music,AudioLDM2,ATADD_T2_Train_141002.flac
/root/atadd_track2_subset_v3/train/ATADD_T2_Train_141011.flac,1,music,AudioLDM2,ATADD_T2_Train_141011.flac
/root/atadd_track2_subset_v3/train/ATADD_T2_Train_141016.flac,1,music,AudioLDM2,ATADD_T2_Train_141016.flac
/root/atadd_track2_subset_v3/train/ATADD_T2_Train_141019.flac,1,music,AudioLDM2,ATADD_T2_Train_141019.flac
/root/atadd_track2_subset_v3/train/ATADD_T2_Train_141022.flac,1,music,AudioLDM2,ATADD_T2_Train_141022.flac
/root/atadd_track2_subset_v3/train/ATADD_T2_Train_141023.flac,1,music,AudioLDM2,ATADD_T2_Train_141023.flac
/root/atadd_track2_subset_v3/train/ATADD_T2_Train_141027.flac,1,music,AudioLDM2,ATADD_T2_Train_141027.flac
/root/atadd_track2_subset_v3/train/ATADD_T2_Train_141030.flac,1,music,AudioLDM2,ATADD_T2_Train_141030.flac
/root/atadd_track2_subset_v3/train/ATADD_T2_Train_141036.flac,1,music,AudioLDM2,ATADD_T2_Train_141036.flac
/root/atadd_track2_subset_v3/train/ATADD_T2_Train_141040.flac,1,music,AudioLDM2,ATADD_T2_Train_141040.flac
/root/atadd_track2_subset_v3/train/ATADD_T2_Train_141042.flac,1,music,AudioLDM2,ATADD_T2_Train_141042.flac
/root/atadd_track2_subset_v3/train/ATADD_T2_Train_141046.flac,1,music,AudioLDM2,ATADD_T2_Train_141046.flac
/root/atadd_track2_subset_v3/train/ATADD_T2_Train_141050.flac,1,music,AudioLDM2,ATADD_T2_Train_141050.flac
/root/atadd_track2_subset_v3/train/ATADD_T2_Train_141051.flac,1,music,AudioLDM2,ATADD_T2_Train_141051.flac
/root/atadd_track2_subset_v3/train/ATADD_T2_Train_141055.flac,1,music,AudioLDM2,ATADD_T2_Train_141055.flac
/root/atadd_track2_subset_v3/train/ATADD_T2_Train_141062.flac,1,music,AudioLDM2,ATADD_T2_Train_141062.flac
/root/atadd_track2_subset_v3/train/ATADD_T2_Train_141064.flac,1,music,AudioLDM2,ATADD_T2_Train_141064.flac
/root/atadd_track2_subset_v3/train/ATADD_T2_Train_141073.flac,1,music,AudioLDM2,ATADD_T2_Train_141073.flac
/root/atadd_track2_subset_v3/train/ATADD_T2_Train_141077.flac,1,music,AudioLDM2,ATADD_T2_Train_141077.flac
/root/atadd_track2_subset_v3/train/ATADD_T2_Train_141089.flac,1,music,AudioLDM2,ATADD_T2_Train_141089.flac
/root/atadd_track2_subset_v3/train/ATADD_T2_Train_141090.flac,1,music,AudioLDM2,ATADD_T2_Train_141090.flac
/root/atadd_track2_subset_v3/train/ATADD_T2_Train_141092.flac,1,music,AudioLDM2,ATADD_T2_Train_141092.flac
/root/atadd_track2_subset_v3/train/ATADD_T2_Train_141097.flac,1,music,AudioLDM2,ATADD_T2_Train_141097.flac
/root/atadd_track2_subset_v3/train/ATADD_T2_Train_141099.flac,1,music,AudioLDM2,ATADD_T2_Train_141099.flac
/root/atadd_track2_subset_v3/train/ATADD_T2_Train_141108.flac,1,music,AudioLDM2,ATADD_T2_Train_141108.flac
/root/atadd_track2_subset_v3/train/ATADD_T2_Train_141113.flac,1,music,AudioLDM2,ATADD_T2_Train_141113.flac
/root/atadd_track2_subset_v3/train/ATADD_T2_Train_141114.flac,1,music,AudioLDM2,ATADD_T2_Train_141114.flac
/root/atadd_track2_subset_v3/train/ATADD_T2_Train_141119.flac,1,music,AudioLDM2,ATADD_T2_Train_141119.flac
/root/atadd_track2_subset_v3/train/ATADD_T2_Train_141126.flac,1,music,AudioLDM2,ATADD_T2_Train_141126.flac
/root/atadd_track2_subset_v3/train/ATADD_T2_Train_141127.flac,1,music,AudioLDM2,ATADD_T2_Train_141127.flac
/root/atadd_track2_subset_v3/train/ATADD_T2_Train_141135.flac,1,music,AudioLDM2,ATADD_T2_Train_141135.flac
/root/atadd_track2_subset_v3/train/ATADD_T2_Train_141139.flac,1,music,AudioLDM2,ATADD_T2_Train_141139.flac
/root/atadd_track2_subset_v3/train/ATADD_T2_Train_141142.flac,1,music,AudioLDM2,ATADD_T2_Train_141142.flac
/root/atadd_track2_subset_v3/train/ATADD_T2_Train_141149.flac,1,music,AudioLDM2,ATADD_T2_Train_141149.flac
/root/atadd_track2_subset_v3/train/ATADD_T2_Train_141161.flac,1,music,AudioLDM2,ATADD_T2_Train_141161.flac
/root/atadd_track2_subset_v3/train/ATADD_T2_Train_141162.flac,1,music,AudioLDM2,ATADD_T2_Train_141162.flac
/root/atadd_track2_subset_v3/train/ATADD_T2_Train_141168.flac,1,music,AudioLDM2,ATADD_T2_Train_141168.flac
/root/atadd_track2_subset_v3/train/ATADD_T2_Train_141170.flac,1,music,AudioLDM2,ATADD_T2_Train_141170.flac
/root/atadd_track2_subset_v3/train/ATADD_T2_Train_141173.flac,1,music,AudioLDM2,ATADD_T2_Train_141173.flac
/root/atadd_track2_subset_v3/train/ATADD_T2_Train_141175.flac,1,music,AudioLDM2,ATADD_T2_Train_141175.flac
/root/atadd_track2_subset_v3/train/ATADD_T2_Train_141180.flac,1,music,AudioLDM2,ATADD_T2_Train_141180.flac
/root/atadd_track2_subset_v3/train/ATADD_T2_Train_141185.flac,1,music,AudioLDM2,ATADD_T2_Train_141185.flac
/root/atadd_track2_subset_v3/train/ATADD_T2_Train_141197.flac,1,music,AudioLDM2,ATADD_T2_Train_141197.flac
/root/atadd_track2_subset_v3/train/ATADD_T2_Train_141198.flac,1,music,AudioLDM2,ATADD_T2_Train_141198.flac
/root/atadd_track2_subset_v3/train/ATADD_T2_Train_141202.flac,1,music,AudioLDM2,ATADD_T2_Train_141202.flac
/root/atadd_track2_subset_v3/train/ATADD_T2_Train_141208.flac,1,music,AudioLDM2,ATADD_T2_Train_141208.flac
/root/atadd_track2_subset_v3/train/ATADD_T2_Train_141215.flac,1,music,AudioLDM2,ATADD_T2_Train_141215.flac
/root/atadd_track2_subset_v3/train/ATADD_T2_Train_141217.flac,1,music,AudioLDM2,ATADD_T2_Train_141217.flac
/root/atadd_track2_subset_v3/train/ATADD_T2_Train_141219.flac,1,music,AudioLDM2,ATADD_T2_Train_141219.flac
/root/atadd_track2_subset_v3/train/ATADD_T2_Train_141220.flac,1,music,AudioLDM2,ATADD_T2_Train_141220.flac
/root/atadd_track2_subset_v3/train/ATADD_T2_Train_141222.flac,1,music,AudioLDM2,ATADD_T2_Train_141222.flac
/root/atadd_track2_subset_v3/train/ATADD_T2_Train_141232.flac,1,music,AudioLDM2,ATADD_T2_Train_141232.flac
/root/atadd_track2_subset_v3/train/ATADD_T2_Train_141235.flac,1,music,AudioLDM2,ATADD_T2_Train_141235.flac
/root/atadd_track2_subset_v3/train/ATADD_T2_Train_141236.flac,1,music,AudioLDM2,ATADD_T2_Train_141236.flac
/root/atadd_track2_subset_v3/train/ATADD_T2_Train_141239.flac,1,music,AudioLDM2,ATADD_T2_Train_141239.flac
/root/atadd_track2_subset_v3/train/ATADD_T2_Train_141241.flac,1,music,AudioLDM2,ATADD_T2_Train_141241.flac
/root/atadd_track2_subset_v3/train/ATADD_T2_Train_141245.flac,1,music,AudioLDM2,ATADD_T2_Train_141245.flac
/root/atadd_track2_subset_v3/train/ATADD_T2_Train_141246.flac,1,music,AudioLDM2,ATADD_T2_Train_141246.flac
/root/atadd_track2_subset_v3/train/ATADD_T2_Train_141253.flac,1,music,AudioLDM2,ATADD_T2_Train_141253.flac
/root/atadd_track2_subset_v3/train/ATADD_T2_Train_141255.flac,1,music,AudioLDM2,ATADD_T2_Train_141255.flac
/root/atadd_track2_subset_v3/train/ATADD_T2_Train_141257.flac,1,music,AudioLDM2,ATADD_T2_Train_141257.flac
/root/atadd_track2_subset_v3/train/ATADD_T2_Train_141265.flac,1,music,AudioLDM2,ATADD_T2_Train_141265.flac
/root/atadd_track2_subset_v3/train/ATADD_T2_Train_141274.flac,1,music,AudioLDM2,ATADD_T2_Train_141274.flac
/root/atadd_track2_subset_v3/train/ATADD_T2_Train_141276.flac,1,music,AudioLDM2,ATADD_T2_Train_141276.flac
/root/atadd_track2_subset_v3/train/ATADD_T2_Train_141283.flac,1,music,AudioLDM2,ATADD_T2_Train_141283.flac
/root/atadd_track2_subset_v3/train/ATADD_T2_Train_141284.flac,1,music,AudioLDM2,ATADD_T2_Train_141284.flac
/root/atadd_track2_subset_v3/train/ATADD_T2_Train_141297.flac,1,music,AudioLDM2,ATADD_T2_Train_141297.flac
/root/atadd_track2_subset_v3/train/ATADD_T2_Train_141299.flac,1,music,AudioLDM2,ATADD_T2_Train_141299.flac
/root/atadd_track2_subset_v3/train/ATADD_T2_Train_141302.flac,1,music,AudioLDM2,ATADD_T2_Train_141302.flac
/root/atadd_track2_subset_v3/train/ATADD_T2_Train_141310.flac,1,music,AudioLDM2,ATADD_T2_Train_141310.flac
/root/atadd_track2_subset_v3/train/ATADD_T2_Train_141311.flac,1,music,AudioLDM2,ATADD_T2_Train_141311.flac
/root/atadd_track2_subset_v3/train/ATADD_T2_Train_141318.flac,1,music,AudioLDM2,ATADD_T2_Train_141318.flac
/root/atadd_track2_subset_v3/train/ATADD_T2_Train_141322.flac,1,music,AudioLDM2,ATADD_T2_Train_141322.flac
/root/atadd_track2_subset_v3/train/ATADD_T2_Train_141327.flac,1,music,AudioLDM2,ATADD_T2_Train_141327.flac
/root/atadd_track2_subset_v3/train/ATADD_T2_Train_141339.flac,1,music,AudioLDM2,ATADD_T2_Train_141339.flac
/root/atadd_track2_subset_v3/train/ATADD_T2_Train_141345.flac,1,music,AudioLDM2,ATADD_T2_Train_141345.flac
/root/atadd_track2_subset_v3/train/ATADD_T2_Train_141349.flac,1,music,AudioLDM2,ATADD_T2_Train_141349.flac
/root/atadd_track2_subset_v3/train/ATADD_T2_Train_141350.flac,1,music,AudioLDM2,ATADD_T2_Train_141350.flac
/root/atadd_track2_subset_v3/train/ATADD_T2_Train_141354.flac,1,music,AudioLDM2,ATADD_T2_Train_141354.flac
/root/atadd_track2_subset_v3/train/ATADD_T2_Train_141369.flac,1,music,AudioLDM2,ATADD_T2_Train_141369.flac
/root/atadd_track2_subset_v3/train/ATADD_T2_Train_141372.flac,1,music,AudioLDM2,ATADD_T2_Train_141372.flac
/root/atadd_track2_subset_v3/train/ATADD_T2_Train_141379.flac,1,music,AudioLDM2,ATADD_T2_Train_141379.flac
/root/atadd_track2_subset_v3/train/ATADD_T2_Train_141405.flac,1,music,AudioLDM2,ATADD_T2_Train_141405.flac
/root/atadd_track2_subset_v3/train/ATADD_T2_Train_141410.flac,1,music,AudioLDM2,ATADD_T2_Train_141410.flac
/root/atadd_track2_subset_v3/train/ATADD_T2_Train_141414.flac,1,music,AudioLDM2,ATADD_T2_Train_141414.flac
/root/atadd_track2_subset_v3/train/ATADD_T2_Train_141415.flac,1,music,AudioLDM2,ATADD_T2_Train_141415.flac
/root/atadd_track2_subset_v3/train/ATADD_T2_Train_141425.flac,1,music,AudioLDM2,ATADD_T2_Train_141425.flac
/root/atadd_track2_subset_v3/train/ATADD_T2_Train_141428.flac,1,music,AudioLDM2,ATADD_T2_Train_141428.flac
/root/atadd_track2_subset_v3/train/ATADD_T2_Train_141434.flac,1,music,AudioLDM2,ATADD_T2_Train_141434.flac
/root/atadd_track2_subset_v3/train/ATADD_T2_Train_141437.flac,1,music,AudioLDM2,ATADD_T2_Train_141437.flac
/root/atadd_track2_subset_v3/train/ATADD_T2_Train_141441.flac,1,music,AudioLDM2,ATADD_T2_Train_141441.flac
/root/atadd_track2_subset_v3/train/ATADD_T2_Train_141446.flac,1,music,AudioLDM2,ATADD_T2_Train_141446.flac
/root/atadd_track2_subset_v3/train/ATADD_T2_Train_141451.flac,1,music,AudioLDM2,ATADD_T2_Train_141451.flac
/root/atadd_track2_subset_v3/train/ATADD_T2_Train_141453.flac,1,music,AudioLDM2,ATADD_T2_Train_141453.flac
/root/atadd_track2_subset_v3/train/ATADD_T2_Train_141459.flac,1,music,AudioLDM2,ATADD_T2_Train_141459.flac
/root/atadd_track2_subset_v3/train/ATADD_T2_Train_141460.flac,1,music,AudioLDM2,ATADD_T2_Train_141460.flac
/root/atadd_track2_subset_v3/train/ATADD_T2_Train_141463.flac,1,music,AudioLDM2,ATADD_T2_Train_141463.flac
/root/atadd_track2_subset_v3/train/ATADD_T2_Train_141466.flac,1,music,AudioLDM2,ATADD_T2_Train_141466.flac
/root/atadd_track2_subset_v3/train/ATADD_T2_Train_141468.flac,1,music,AudioLDM2,ATADD_T2_Train_141468.flac
/root/atadd_track2_subset_v3/train/ATADD_T2_Train_141469.flac,1,music,AudioLDM2,ATADD_T2_Train_141469.flac
/root/atadd_track2_subset_v3/train/ATADD_T2_Train_141470.flac,1,music,AudioLDM2,ATADD_T2_Train_141470.flac
/root/atadd_track2_subset_v3/train/ATADD_T2_Train_141475.flac,1,music,AudioLDM2,ATADD_T2_Train_141475.flac
/root/atadd_track2_subset_v3/train/ATADD_T2_Train_141476.flac,1,music,AudioLDM2,ATADD_T2_Train_141476.flac
/root/atadd_track2_subset_v3/train/ATADD_T2_Train_141477.flac,1,music,AudioLDM2,ATADD_T2_Train_141477.flac
/root/atadd_track2_subset_v3/train/ATADD_T2_Train_141480.flac,1,music,AudioLDM2,ATADD_T2_Train_141480.flac
/root/atadd_track2_subset_v3/train/ATADD_T2_Train_141484.flac,1,music,AudioLDM2,ATADD_T2_Train_141484.flac
/root/atadd_track2_subset_v3/train/ATADD_T2_Train_141485.flac,1,music,AudioLDM2,ATADD_T2_Train_141485.flac
/root/atadd_track2_subset_v3/train/ATADD_T2_Train_141492.flac,1,music,AudioLDM2,ATADD_T2_Train_141492.flac
/root/atadd_track2_subset_v3/train/ATADD_T2_Train_141494.flac,1,music,AudioLDM2,ATADD_T2_Train_141494.flac
/root/atadd_track2_subset_v3/train/ATADD_T2_Train_141497.flac,1,music,AudioLDM2,ATADD_T2_Train_141497.flac
/root/atadd_track2_subset_v3/train/ATADD_T2_Train_141500.flac,1,music,AudioLDM2,ATADD_T2_Train_141500.flac
/root/atadd_track2_subset_v3/train/ATADD_T2_Train_141506.flac,1,music,AudioLDM2,ATADD_T2_Train_141506.flac
/root/atadd_track2_subset_v3/train/ATADD_T2_Train_141513.flac,1,music,AudioLDM2,ATADD_T2_Train_141513.flac
/root/atadd_track2_subset_v3/train/ATADD_T2_Train_141516.flac,1,music,AudioLDM2,ATADD_T2_Train_141516.flac
/root/atadd_track2_subset_v3/train/ATADD_T2_Train_141519.flac,1,music,AudioLDM2,ATADD_T2_Train_141519.flac
/root/atadd_track2_subset_v3/train/ATADD_T2_Train_141521.flac,1,music,AudioLDM2,ATADD_T2_Train_141521.flac
/root/atadd_track2_subset_v3/train/ATADD_T2_Train_141523.flac,1,music,AudioLDM2,ATADD_T2_Train_141523.flac
/root/atadd_track2_subset_v3/train/ATADD_T2_Train_141529.flac,1,music,AudioLDM2,ATADD_T2_Train_141529.flac
/root/atadd_track2_subset_v3/train/ATADD_T2_Train_141532.flac,1,music,AudioLDM2,ATADD_T2_Train_141532.flac
/root/atadd_track2_subset_v3/train/ATADD_T2_Train_141535.flac,1,music,AudioLDM2,ATADD_T2_Train_141535.flac
/root/atadd_track2_subset_v3/train/ATADD_T2_Train_141536.flac,1,music,AudioLDM2,ATADD_T2_Train_141536.flac
/root/atadd_track2_subset_v3/train/ATADD_T2_Train_141538.flac,1,music,AudioLDM2,ATADD_T2_Train_141538.flac
/root/atadd_track2_subset_v3/train/ATADD_T2_Train_141541.flac,1,music,AudioLDM2,ATADD_T2_Train_141541.flac
/root/atadd_track2_subset_v3/train/ATADD_T2_Train_141545.flac,1,music,AudioLDM2,ATADD_T2_Train_141545.flac
/root/atadd_track2_subset_v3/train/ATADD_T2_Train_141546.flac,1,music,AudioLDM2,ATADD_T2_Train_141546.flac
/root/atadd_track2_subset_v3/train/ATADD_T2_Train_141550.flac,1,music,AudioLDM2,ATADD_T2_Train_141550.flac
/root/atadd_track2_subset_v3/train/ATADD_T2_Train_141558.flac,1,music,AudioLDM2,ATADD_T2_Train_141558.flac
/root/atadd_track2_subset_v3/train/ATADD_T2_Train_141561.flac,1,music,AudioLDM2,ATADD_T2_Train_141561.flac
/root/atadd_track2_subset_v3/train/ATADD_T2_Train_141563.flac,1,music,AudioLDM2,ATADD_T2_Train_141563.flac
/root/atadd_track2_subset_v3/train/ATADD_T2_Train_141567.flac,1,music,AudioLDM2,ATADD_T2_Train_141567.flac
/root/atadd_track2_subset_v3/train/ATADD_T2_Train_141569.flac,1,music,AudioLDM2,ATADD_T2_Train_141569.flac
/root/atadd_track2_subset_v3/train/ATADD_T2_Train_141570.flac,1,music,AudioLDM2,ATADD_T2_Train_141570.flac
/root/atadd_track2_subset_v3/train/ATADD_T2_Train_141574.flac,1,music,AudioLDM2,ATADD_T2_Train_141574.flac
/root/atadd_track2_subset_v3/train/ATADD_T2_Train_141576.flac,1,music,AudioLDM2,ATADD_T2_Train_141576.flac
/root/atadd_track2_subset_v3/train/ATADD_T2_Train_141579.flac,1,music,AudioLDM2,ATADD_T2_Train_141579.flac
/root/atadd_track2_subset_v3/train/ATADD_T2_Train_141581.flac,1,music,AudioLDM2,ATADD_T2_Train_141581.flac
/root/atadd_track2_subset_v3/train/ATADD_T2_Train_141582.flac,1,music,AudioLDM2,ATADD_T2_Train_141582.flac
/root/atadd_track2_subset_v3/train/ATADD_T2_Train_141583.flac,1,music,AudioLDM2,ATADD_T2_Train_141583.flac
/root/atadd_track2_subset_v3/train/ATADD_T2_Train_141592.flac,1,music,AudioLDM2,ATADD_T2_Train_141592.flac
/root/atadd_track2_subset_v3/train/ATADD_T2_Train_141594.flac,1,music,AudioLDM2,ATADD_T2_Train_141594.flac
/root/atadd_track2_subset_v3/train/ATADD_T2_Train_141597.flac,1,music,AudioLDM2,ATADD_T2_Train_141597.flac
/root/atadd_track2_subset_v3/train/ATADD_T2_Train_141607.flac,1,music,AudioLDM2,ATADD_T2_Train_141607.flac
/root/atadd_track2_subset_v3/train/ATADD_T2_Train_141613.flac,1,music,AudioLDM2,ATADD_T2_Train_141613.flac
/root/atadd_track2_subset_v3/train/ATADD_T2_Train_141617.flac,1,music,AudioLDM2,ATADD_T2_Train_141617.flac
/root/atadd_track2_subset_v3/train/ATADD_T2_Train_141619.flac,1,music,AudioLDM2,ATADD_T2_Train_141619.flac
/root/atadd_track2_subset_v3/train/ATADD_T2_Train_141636.flac,1,music,AudioLDM2,ATADD_T2_Train_141636.flac
/root/atadd_track2_subset_v3/train/ATADD_T2_Train_141637.flac,1,music,AudioLDM2,ATADD_T2_Train_141637.flac
/root/atadd_track2_subset_v3/train/ATADD_T2_Train_141639.flac,1,music,AudioLDM2,ATADD_T2_Train_141639.flac
/root/atadd_track2_subset_v3/train/ATADD_T2_Train_141647.flac,1,music,AudioLDM2,ATADD_T2_Train_141647.flac
/root/atadd_track2_subset_v3/train/ATADD_T2_Train_141650.flac,1,music,AudioLDM2,ATADD_T2_Train_141650.flac
/root/atadd_track2_subset_v3/train/ATADD_T2_Train_141656.flac,1,music,AudioLDM2,ATADD_T2_Train_141656.flac
/root/atadd_track2_subset_v3/train/ATADD_T2_Train_141661.flac,1,music,AudioLDM2,ATADD_T2_Train_141661.flac
/root/atadd_track2_subset_v3/train/ATADD_T2_Train_141667.flac,1,music,AudioLDM2,ATADD_T2_Train_141667.flac
/root/atadd_track2_subset_v3/train/ATADD_T2_Train_141668.flac,1,music,AudioLDM2,ATADD_T2_Train_141668.flac
/root/atadd_track2_subset_v3/train/ATADD_T2_Train_141669.flac,1,music,AudioLDM2,ATADD_T2_Train_141669.flac
/root/atadd_track2_subset_v3/train/ATADD_T2_Train_141673.flac,1,music,AudioLDM2,ATADD_T2_Train_141673.flac
/root/atadd_track2_subset_v3/train/ATADD_T2_Train_141675.flac,1,music,AudioLDM2,ATADD_T2_Train_141675.flac
/root/atadd_track2_subset_v3/train/ATADD_T2_Train_141683.flac,1,music,AudioLDM2,ATADD_T2_Train_141683.flac
/root/atadd_track2_subset_v3/train/ATADD_T2_Train_141686.flac,1,music,AudioLDM2,ATADD_T2_Train_141686.flac
/root/atadd_track2_subset_v3/train/ATADD_T2_Train_141693.flac,1,music,AudioLDM2,ATADD_T2_Train_141693.flac
/root/atadd_track2_subset_v3/train/ATADD_T2_Train_141694.flac,1,music,AudioLDM2,ATADD_T2_Train_141694.flac
/root/atadd_track2_subset_v3/train/ATADD_T2_Train_141698.flac,1,music,AudioLDM2,ATADD_T2_Train_141698.flac
/root/atadd_track2_subset_v3/train/ATADD_T2_Train_141699.flac,1,music,AudioLDM2,ATADD_T2_Train_141699.flac
/root/atadd_track2_subset_v3/train/ATADD_T2_Train_141700.flac,1,music,AudioLDM2,ATADD_T2_Train_141700.flac
/root/atadd_track2_subset_v3/train/ATADD_T2_Train_141701.flac,1,music,AudioLDM2,ATADD_T2_Train_141701.flac
/root/atadd_track2_subset_v3/train/ATADD_T2_Train_141703.flac,1,music,AudioLDM2,ATADD_T2_Train_141703.flac
/root/atadd_track2_subset_v3/train/ATADD_T2_Train_141704.flac,1,music,AudioLDM2,ATADD_T2_Train_141704.flac
/root/atadd_track2_subset_v3/train/ATADD_T2_Train_141716.flac,1,music,AudioLDM2,ATADD_T2_Train_141716.flac
/root/atadd_track2_subset_v3/train/ATADD_T2_Train_141725.flac,1,music,AudioLDM2,ATADD_T2_Train_141725.flac
/root/atadd_track2_subset_v3/train/ATADD_T2_Train_141734.flac,1,music,AudioLDM2,ATADD_T2_Train_141734.flac
/root/atadd_track2_subset_v3/train/ATADD_T2_Train_141737.flac,1,music,AudioLDM2,ATADD_T2_Train_141737.flac
/root/atadd_track2_subset_v3/train/ATADD_T2_Train_141749.flac,1,music,AudioLDM2,ATADD_T2_Train_141749.flac
/root/atadd_track2_subset_v3/train/ATADD_T2_Train_141750.flac,1,music,AudioLDM2,ATADD_T2_Train_141750.flac
/root/atadd_track2_subset_v3/train/ATADD_T2_Train_141756.flac,1,music,AudioLDM2,ATADD_T2_Train_141756.flac
/root/atadd_track2_subset_v3/train/ATADD_T2_Train_141757.flac,1,music,AudioLDM2,ATADD_T2_Train_141757.flac
/root/atadd_track2_subset_v3/train/ATADD_T2_Train_141761.flac,1,music,AudioLDM2,ATADD_T2_Train_141761.flac
/root/atadd_track2_subset_v3/train/ATADD_T2_Train_141763.flac,1,music,AudioLDM2,ATADD_T2_Train_141763.flac
/root/atadd_track2_subset_v3/train/ATADD_T2_Train_141766.flac,1,music,AudioLDM2,ATADD_T2_Train_141766.flac
/root/atadd_track2_subset_v3/train/ATADD_T2_Train_141772.flac,1,music,AudioLDM2,ATADD_T2_Train_141772.flac
/root/atadd_track2_subset_v3/train/ATADD_T2_Train_141780.flac,1,music,AudioLDM2,ATADD_T2_Train_141780.flac
/root/atadd_track2_subset_v3/train/ATADD_T2_Train_141783.flac,1,music,AudioLDM2,ATADD_T2_Train_141783.flac
/root/atadd_track2_subset_v3/train/ATADD_T2_Train_141790.flac,1,music,AudioLDM2,ATADD_T2_Train_141790.flac
/root/atadd_track2_subset_v3/train/ATADD_T2_Train_141795.flac,1,music,AudioLDM2,ATADD_T2_Train_141795.flac
/root/atadd_track2_subset_v3/train/ATADD_T2_Train_141800.flac,1,music,AudioLDM2,ATADD_T2_Train_141800.flac
/root/atadd_track2_subset_v3/train/ATADD_T2_Train_141801.flac,1,music,AudioLDM2,ATADD_T2_Train_141801.flac
/root/atadd_track2_subset_v3/train/ATADD_T2_Train_141805.flac,1,music,AudioLDM2,ATADD_T2_Train_141805.flac
/root/atadd_track2_subset_v3/train/ATADD_T2_Train_141806.flac,1,music,AudioLDM2,ATADD_T2_Train_141806.flac
/root/atadd_track2_subset_v3/train/ATADD_T2_Train_141811.flac,1,music,AudioLDM2,ATADD_T2_Train_141811.flac
/root/atadd_track2_subset_v3/train/ATADD_T2_Train_141817.flac,1,music,AudioLDM2,ATADD_T2_Train_141817.flac
/root/atadd_track2_subset_v3/train/ATADD_T2_Train_141818.flac,1,music,AudioLDM2,ATADD_T2_Train_141818.flac
/root/atadd_track2_subset_v3/train/ATADD_T2_Train_141821.flac,1,music,AudioLDM2,ATADD_T2_Train_141821.flac
/root/atadd_track2_subset_v3/train/ATADD_T2_Train_141838.flac,1,music,AudioLDM2,ATADD_T2_Train_141838.flac
/root/atadd_track2_subset_v3/train/ATADD_T2_Train_141843.flac,1,music,AudioLDM2,ATADD_T2_Train_141843.flac
/root/atadd_track2_subset_v3/train/ATADD_T2_Train_141844.flac,1,music,AudioLDM2,ATADD_T2_Train_141844.flac
/root/atadd_track2_subset_v3/train/ATADD_T2_Train_141849.flac,1,music,AudioLDM2,ATADD_T2_Train_141849.flac
/root/atadd_track2_subset_v3/train/ATADD_T2_Train_141854.flac,1,music,AudioLDM2,ATADD_T2_Train_141854.flac
/root/atadd_track2_subset_v3/train/ATADD_T2_Train_141855.flac,1,music,AudioLDM2,ATADD_T2_Train_141855.flac
/root/atadd_track2_subset_v3/train/ATADD_T2_Train_141860.flac,1,music,AudioLDM2,ATADD_T2_Train_141860.flac
/root/atadd_track2_subset_v3/train/ATADD_T2_Train_141864.flac,1,music,AudioLDM2,ATADD_T2_Train_141864.flac
/root/atadd_track2_subset_v3/train/ATADD_T2_Train_141868.flac,1,music,AudioLDM2,ATADD_T2_Train_141868.flac
/root/atadd_track2_subset_v3/train/ATADD_T2_Train_141870.flac,1,music,AudioLDM2,ATADD_T2_Train_141870.flac
/root/atadd_track2_subset_v3/train/ATADD_T2_Train_141872.flac,1,music,AudioLDM2,ATADD_T2_Train_141872.flac
/root/atadd_track2_subset_v3/train/ATADD_T2_Train_141876.flac,1,music,AudioLDM2,ATADD_T2_Train_141876.flac
/root/atadd_track2_subset_v3/train/ATADD_T2_Train_141882.flac,1,music,AudioLDM2,ATADD_T2_Train_141882.flac
/root/atadd_track2_subset_v3/train/ATADD_T2_Train_141885.flac,1,music,AudioLDM2,ATADD_T2_Train_141885.flac
/root/atadd_track2_subset_v3/train/ATADD_T2_Train_141892.flac,1,music,AudioLDM2,ATADD_T2_Train_141892.flac
/root/atadd_track2_subset_v3/train/ATADD_T2_Train_141897.flac,1,music,AudioLDM2,ATADD_T2_Train_141897.flac
/root/atadd_track2_subset_v3/train/ATADD_T2_Train_141898.flac,1,music,AudioLDM2,ATADD_T2_Train_141898.flac
/root/atadd_track2_subset_v3/train/ATADD_T2_Train_141903.flac,1,music,AudioLDM2,ATADD_T2_Train_141903.flac
/root/atadd_track2_subset_v3/train/ATADD_T2_Train_141910.flac,1,music,AudioLDM2,ATADD_T2_Train_141910.flac
/root/atadd_track2_subset_v3/train/ATADD_T2_Train_141912.flac,1,music,AudioLDM2,ATADD_T2_Train_141912.flac
/root/atadd_track2_subset_v3/train/ATADD_T2_Train_141917.flac,1,music,AudioLDM2,ATADD_T2_Train_141917.flac
/root/atadd_track2_subset_v3/train/ATADD_T2_Train_141918.flac,1,music,AudioLDM2,ATADD_T2_Train_141918.flac
/root/atadd_track2_subset_v3/train/ATADD_T2_Train_141923.flac,1,music,AudioLDM2,ATADD_T2_Train_141923.flac
/root/atadd_track2_subset_v3/train/ATADD_T2_Train_141929.flac,1,music,AudioLDM2,ATADD_T2_Train_141929.flac
/root/atadd_track2_subset_v3/train/ATADD_T2_Train_141930.flac,1,music,AudioLDM2,ATADD_T2_Train_141930.flac
/root/atadd_track2_subset_v3/train/ATADD_T2_Train_141937.flac,1,music,AudioLDM2,ATADD_T2_Train_141937.flac
/root/atadd_track2_subset_v3/train/ATADD_T2_Train_141938.flac,1,music,AudioLDM2,ATADD_T2_Train_141938.flac
/root/atadd_track2_subset_v3/train/ATADD_T2_Train_141939.flac,1,music,AudioLDM2,ATADD_T2_Train_141939.flac
/root/atadd_track2_subset_v3/train/ATADD_T2_Train_141941.flac,1,music,AudioLDM2,ATADD_T2_Train_141941.flac
/root/atadd_track2_subset_v3/train/ATADD_T2_Train_141942.flac,1,music,AudioLDM2,ATADD_T2_Train_141942.flac
/root/atadd_track2_subset_v3/train/ATADD_T2_Train_141945.flac,1,music,AudioLDM2,ATADD_T2_Train_141945.flac
/root/atadd_track2_subset_v3/train/ATADD_T2_Train_141949.flac,1,music,AudioLDM2,ATADD_T2_Train_141949.flac
/root/atadd_track2_subset_v3/train/ATADD_T2_Train_141954.flac,1,music,AudioLDM2,ATADD_T2_Train_141954.flac
/root/atadd_track2_subset_v3/train/ATADD_T2_Train_141955.flac,1,music,AudioLDM2,ATADD_T2_Train_141955.flac
/root/atadd_track2_subset_v3/train/ATADD_T2_Train_141956.flac,1,music,AudioLDM2,ATADD_T2_Train_141956.flac
/root/atadd_track2_subset_v3/train/ATADD_T2_Train_141964.flac,1,music,AudioLDM2,ATADD_T2_Train_141964.flac
/root/atadd_track2_subset_v3/train/ATADD_T2_Train_141965.flac,1,music,AudioLDM2,ATADD_T2_Train_141965.flac
/root/atadd_track2_subset_v3/train/ATADD_T2_Train_141966.flac,1,music,AudioLDM2,ATADD_T2_Train_141966.flac
/root/atadd_track2_subset_v3/train/ATADD_T2_Train_141972.flac,1,music,AudioLDM2,ATADD_T2_Train_141972.flac
/root/atadd_track2_subset_v3/train/ATADD_T2_Train_141975.flac,1,music,AudioLDM2,ATADD_T2_Train_141975.flac
/root/atadd_track2_subset_v3/train/ATADD_T2_Train_141978.flac,1,music,AudioLDM2,ATADD_T2_Train_141978.flac
/root/atadd_track2_subset_v3/train/ATADD_T2_Train_141983.flac,1,music,AudioLDM2,ATADD_T2_Train_141983.flac
/root/atadd_track2_subset_v3/train/ATADD_T2_Train_141995.flac,1,music,AudioLDM2,ATADD_T2_Train_141995.flac
/root/atadd_track2_subset_v3/train/ATADD_T2_Train_141998.flac,1,music,AudioLDM2,ATADD_T2_Train_141998.flac
/root/atadd_track2_subset_v3/train/ATADD_T2_Train_141999.flac,1,music,AudioLDM2,ATADD_T2_Train_141999.flac
/root/atadd_track2_subset_v3/train/ATADD_T2_Train_142001.flac,1,music,AudioLDM2,ATADD_T2_Train_142001.flac
/root/atadd_track2_subset_v3/train/ATADD_T2_Train_142006.flac,1,music,AudioLDM2,ATADD_T2_Train_142006.flac
/root/atadd_track2_subset_v3/train/ATADD_T2_Train_142007.flac,1,music,AudioLDM2,ATADD_T2_Train_142007.flac
/root/atadd_track2_subset_v3/train/ATADD_T2_Train_142011.flac,1,music,AudioLDM2,ATADD_T2_Train_142011.flac
/root/atadd_track2_subset_v3/train/ATADD_T2_Train_142012.flac,1,music,AudioLDM2,ATADD_T2_Train_142012.flac
/root/atadd_track2_subset_v3/train/ATADD_T2_Train_142014.flac,1,music,AudioLDM2,ATADD_T2_Train_142014.flac
/root/atadd_track2_subset_v3/train/ATADD_T2_Train_142016.flac,1,music,AudioLDM2,ATADD_T2_Train_142016.flac
/root/atadd_track2_subset_v3/train/ATADD_T2_Train_142022.flac,1,music,AudioLDM2,ATADD_T2_Train_142022.flac
/root/atadd_track2_subset_v3/train/ATADD_T2_Train_142035.flac,1,music,AudioLDM2,ATADD_T2_Train_142035.flac
/root/atadd_track2_subset_v3/train/ATADD_T2_Train_142040.flac,1,music,AudioLDM2,ATADD_T2_Train_142040.flac
/root/atadd_track2_subset_v3/train/ATADD_T2_Train_142042.flac,1,music,AudioLDM2,ATADD_T2_Train_142042.flac
/root/atadd_track2_subset_v3/train/ATADD_T2_Train_142044.flac,1,music,AudioLDM2,ATADD_T2_Train_142044.flac
/root/atadd_track2_subset_v3/train/ATADD_T2_Train_142048.flac,1,music,AudioLDM2,ATADD_T2_Train_142048.flac
/root/atadd_track2_subset_v3/train/ATADD_T2_Train_142049.flac,1,music,AudioLDM2,ATADD_T2_Train_142049.flac
/root/atadd_track2_subset_v3/train/ATADD_T2_Train_142055.flac,1,music,AudioLDM2,ATADD_T2_Train_142055.flac
/root/atadd_track2_subset_v3/train/ATADD_T2_Train_142056.flac,1,music,AudioLDM2,ATADD_T2_Train_142056.flac
/root/atadd_track2_subset_v3/train/ATADD_T2_Train_142057.flac,1,music,AudioLDM2,ATADD_T2_Train_142057.flac
/root/atadd_track2_subset_v3/train/ATADD_T2_Train_142060.flac,1,music,AudioLDM2,ATADD_T2_Train_142060.flac
/root/atadd_track2_subset_v3/train/ATADD_T2_Train_142066.flac,1,music,AudioLDM2,ATADD_T2_Train_142066.flac
/root/atadd_track2_subset_v3/train/ATADD_T2_Train_142069.flac,1,music,AudioLDM2,ATADD_T2_Train_142069.flac
/root/atadd_track2_subset_v3/train/ATADD_T2_Train_142072.flac,1,music,AudioLDM2,ATADD_T2_Train_142072.flac
/root/atadd_track2_subset_v3/train/ATADD_T2_Train_142073.flac,1,music,AudioLDM2,ATADD_T2_Train_142073.flac
/root/atadd_track2_subset_v3/train/ATADD_T2_Train_142082.flac,1,music,AudioLDM2,ATADD_T2_Train_142082.flac
/root/atadd_track2_subset_v3/train/ATADD_T2_Train_142106.flac,1,music,AudioLDM2,ATADD_T2_Train_142106.flac
/root/atadd_track2_subset_v3/train/ATADD_T2_Train_142111.flac,1,music,AudioLDM2,ATADD_T2_Train_142111.flac
/root/atadd_track2_subset_v3/train/ATADD_T2_Train_142116.flac,1,music,AudioLDM2,ATADD_T2_Train_142116.flac
/root/atadd_track2_subset_v3/train/ATADD_T2_Train_142120.flac,1,music,AudioLDM2,ATADD_T2_Train_142120.flac
/root/atadd_track2_subset_v3/train/ATADD_T2_Train_142122.flac,1,music,AudioLDM2,ATADD_T2_Train_142122.flac
/root/atadd_track2_subset_v3/train/ATADD_T2_Train_142131.flac,1,music,AudioLDM2,ATADD_T2_Train_142131.flac
/root/atadd_track2_subset_v3/train/ATADD_T2_Train_142135.flac,1,music,AudioLDM2,ATADD_T2_Train_142135.flac
/root/atadd_track2_subset_v3/train/ATADD_T2_Train_142136.flac,1,music,AudioLDM2,ATADD_T2_Train_142136.flac
/root/atadd_track2_subset_v3/train/ATADD_T2_Train_142140.flac,1,music,AudioLDM2,ATADD_T2_Train_142140.flac
/root/atadd_track2_subset_v3/train/ATADD_T2_Train_142141.flac,1,music,AudioLDM2,ATADD_T2_Train_142141.flac
/root/atadd_track2_subset_v3/train/ATADD_T2_Train_142146.flac,1,music,AudioLDM2,ATADD_T2_Train_142146.flac
/root/atadd_track2_subset_v3/train/ATADD_T2_Train_142154.flac,1,music,AudioLDM2,ATADD_T2_Train_142154.flac
/root/atadd_track2_subset_v3/train/ATADD_T2_Train_142156.flac,1,music,AudioLDM2,ATADD_T2_Train_142156.flac
/root/atadd_track2_subset_v3/train/ATADD_T2_Train_142159.flac,1,music,AudioLDM2,ATADD_T2_Train_142159.flac
/root/atadd_track2_subset_v3/train/ATADD_T2_Train_142161.flac,1,music,AudioLDM2,ATADD_T2_Train_142161.flac
/root/atadd_track2_subset_v3/train/ATADD_T2_Train_142162.flac,1,music,AudioLDM2,ATADD_T2_Train_142162.flac
/root/atadd_track2_subset_v3/train/ATADD_T2_Train_142164.flac,1,music,AudioLDM2,ATADD_T2_Train_142164.flac
/root/atadd_track2_subset_v3/train/ATADD_T2_Train_142165.flac,1,music,AudioLDM2,ATADD_T2_Train_142165.flac
/root/atadd_track2_subset_v3/train/ATADD_T2_Train_142167.flac,1,music,AudioLDM2,ATADD_T2_Train_142167.flac
/root/atadd_track2_subset_v3/train/ATADD_T2_Train_142168.flac,1,music,AudioLDM2,ATADD_T2_Train_142168.flac
/root/atadd_track2_subset_v3/train/ATADD_T2_Train_142171.flac,1,music,AudioLDM2,ATADD_T2_Train_142171.flac
/root/atadd_track2_subset_v3/train/ATADD_T2_Train_142173.flac,1,music,AudioLDM2,ATADD_T2_Train_142173.flac
/root/atadd_track2_subset_v3/train/ATADD_T2_Train_142177.flac,1,music,AudioLDM2,ATADD_T2_Train_142177.flac
/root/atadd_track2_subset_v3/train/ATADD_T2_Train_142186.flac,1,music,AudioLDM2,ATADD_T2_Train_142186.flac
/root/atadd_track2_subset_v3/train/ATADD_T2_Train_142188.flac,1,music,AudioLDM2,ATADD_T2_Train_142188.flac
/root/atadd_track2_subset_v3/train/ATADD_T2_Train_142193.flac,1,music,AudioLDM2,ATADD_T2_Train_142193.flac
/root/atadd_track2_subset_v3/train/ATADD_T2_Train_142194.flac,1,music,AudioLDM2,ATADD_T2_Train_142194.flac
/root/atadd_track2_subset_v3/train/ATADD_T2_Train_142198.flac,1,music,AudioLDM2,ATADD_T2_Train_142198.flac
/root/atadd_track2_subset_v3/train/ATADD_T2_Train_142199.flac,1,music,AudioLDM2,ATADD_T2_Train_142199.flac
/root/atadd_track2_subset_v3/train/ATADD_T2_Train_142202.flac,1,music,AudioLDM2,ATADD_T2_Train_142202.flac
/root/atadd_track2_subset_v3/train/ATADD_T2_Train_142205.flac,1,music,AudioLDM2,ATADD_T2_Train_142205.flac
/root/atadd_track2_subset_v3/train/ATADD_T2_Train_142209.flac,1,music,AudioLDM2,ATADD_T2_Train_142209.flac
/root/atadd_track2_subset_v3/train/ATADD_T2_Train_142211.flac,1,music,AudioLDM2,ATADD_T2_Train_142211.flac
/root/atadd_track2_subset_v3/train/ATADD_T2_Train_142212.flac,1,music,AudioLDM2,ATADD_T2_Train_142212.flac
/root/atadd_track2_subset_v3/train/ATADD_T2_Train_142216.flac,1,music,AudioLDM2,ATADD_T2_Train_142216.flac
/root/atadd_track2_subset_v3/train/ATADD_T2_Train_142217.flac,1,music,AudioLDM2,ATADD_T2_Train_142217.flac
/root/atadd_track2_subset_v3/train/ATADD_T2_Train_142219.flac,1,music,AudioLDM2,ATADD_T2_Train_142219.flac
/root/atadd_track2_subset_v3/train/ATADD_T2_Train_142226.flac,1,music,AudioLDM2,ATADD_T2_Train_142226.flac
/root/atadd_track2_subset_v3/train/ATADD_T2_Train_142246.flac,1,music,AudioLDM2,ATADD_T2_Train_142246.flac
/root/atadd_track2_subset_v3/train/ATADD_T2_Train_142248.flac,1,music,AudioLDM2,ATADD_T2_Train_142248.flac
/root/atadd_track2_subset_v3/train/ATADD_T2_Train_142252.flac,1,music,AudioLDM2,ATADD_T2_Train_142252.flac
/root/atadd_track2_subset_v3/train/ATADD_T2_Train_142254.flac,1,music,AudioLDM2,ATADD_T2_Train_142254.flac
/root/atadd_track2_subset_v3/train/ATADD_T2_Train_142258.flac,1,music,AudioLDM2,ATADD_T2_Train_142258.flac
/root/atadd_track2_subset_v3/train/ATADD_T2_Train_142262.flac,1,music,AudioLDM2,ATADD_T2_Train_142262.flac
/root/atadd_track2_subset_v3/train/ATADD_T2_Train_142263.flac,1,music,AudioLDM2,ATADD_T2_Train_142263.flac
/root/atadd_track2_subset_v3/train/ATADD_T2_Train_142264.flac,1,music,AudioLDM2,ATADD_T2_Train_142264.flac
/root/atadd_track2_subset_v3/train/ATADD_T2_Train_142265.flac,1,music,AudioLDM2,ATADD_T2_Train_142265.flac
/root/atadd_track2_subset_v3/train/ATADD_T2_Train_142273.flac,1,music,AudioLDM2,ATADD_T2_Train_142273.flac
/root/atadd_track2_subset_v3/train/ATADD_T2_Train_142281.flac,1,music,AudioLDM2,ATADD_T2_Train_142281.flac
/root/atadd_track2_subset_v3/train/ATADD_T2_Train_142282.flac,1,music,AudioLDM2,ATADD_T2_Train_142282.flac
/root/atadd_track2_subset_v3/train/ATADD_T2_Train_142286.flac,1,music,AudioLDM2,ATADD_T2_Train_142286.flac
/root/atadd_track2_subset_v3/train/ATADD_T2_Train_142290.flac,1,music,AudioLDM2,ATADD_T2_Train_142290.flac
/root/atadd_track2_subset_v3/train/ATADD_T2_Train_142294.flac,1,music,AudioLDM2,ATADD_T2_Train_142294.flac
/root/atadd_track2_subset_v3/train/ATADD_T2_Train_142295.flac,1,music,AudioLDM2,ATADD_T2_Train_142295.flac
/root/atadd_track2_subset_v3/train/ATADD_T2_Train_142296.flac,1,music,AudioLDM2,ATADD_T2_Train_142296.flac
/root/atadd_track2_subset_v3/train/ATADD_T2_Train_142300.flac,1,music,AudioLDM2,ATADD_T2_Train_142300.flac
/root/atadd_track2_subset_v3/train/ATADD_T2_Train_142306.flac,1,music,AudioLDM2,ATADD_T2_Train_142306.flac
/root/atadd_track2_subset_v3/train/ATADD_T2_Train_142311.flac,1,music,AudioLDM2,ATADD_T2_Train_142311.flac
/root/atadd_track2_subset_v3/train/ATADD_T2_Train_142317.flac,1,music,AudioLDM2,ATADD_T2_Train_142317.flac
/root/atadd_track2_subset_v3/train/ATADD_T2_Train_142318.flac,1,music,AudioLDM2,ATADD_T2_Train_142318.flac
/root/atadd_track2_subset_v3/train/ATADD_T2_Train_142321.flac,1,music,AudioLDM2,ATADD_T2_Train_142321.flac
/root/atadd_track2_subset_v3/train/ATADD_T2_Train_142324.flac,1,music,AudioLDM2,ATADD_T2_Train_142324.flac
/root/atadd_track2_subset_v3/train/ATADD_T2_Train_142335.flac,1,music,AudioLDM2,ATADD_T2_Train_142335.flac
/root/atadd_track2_subset_v3/train/ATADD_T2_Train_142336.flac,1,music,AudioLDM2,ATADD_T2_Train_142336.flac
/root/atadd_track2_subset_v3/train/ATADD_T2_Train_142343.flac,1,music,AudioLDM2,ATADD_T2_Train_142343.flac
/root/atadd_track2_subset_v3/train/ATADD_T2_Train_142352.flac,1,music,AudioLDM2,ATADD_T2_Train_142352.flac
/root/atadd_track2_subset_v3/train/ATADD_T2_Train_142357.flac,1,music,AudioLDM2,ATADD_T2_Train_142357.flac
/root/atadd_track2_subset_v3/train/ATADD_T2_Train_142359.flac,1,music,AudioLDM2,ATADD_T2_Train_142359.flac
/root/atadd_track2_subset_v3/train/ATADD_T2_Train_142364.flac,1,music,AudioLDM2,ATADD_T2_Train_142364.flac
/root/atadd_track2_subset_v3/train/ATADD_T2_Train_142366.flac,1,music,AudioLDM2,ATADD_T2_Train_142366.flac
/root/atadd_track2_subset_v3/train/ATADD_T2_Train_142372.flac,1,music,AudioLDM2,ATADD_T2_Train_142372.flac
/root/atadd_track2_subset_v3/train/ATADD_T2_Train_142379.flac,1,music,AudioLDM2,ATADD_T2_Train_142379.flac
/root/atadd_track2_subset_v3/train/ATADD_T2_Train_142382.flac,1,music,AudioLDM2,ATADD_T2_Train_142382.flac
/root/atadd_track2_subset_v3/train/ATADD_T2_Train_142388.flac,1,music,AudioLDM2,ATADD_T2_Train_142388.flac
/root/atadd_track2_subset_v3/train/ATADD_T2_Train_142390.flac,1,music,AudioLDM2,ATADD_T2_Train_142390.flac
/root/atadd_track2_subset_v3/train/ATADD_T2_Train_142393.flac,1,music,AudioLDM2,ATADD_T2_Train_142393.flac
/root/atadd_track2_subset_v3/train/ATADD_T2_Train_142397.flac,1,music,AudioLDM2,ATADD_T2_Train_142397.flac
/root/atadd_track2_subset_v3/train/ATADD_T2_Train_142407.flac,1,music,AudioLDM2,ATADD_T2_Train_142407.flac
/root/atadd_track2_subset_v3/train/ATADD_T2_Train_142411.flac,1,music,AudioLDM2,ATADD_T2_Train_142411.flac
/root/atadd_track2_subset_v3/train/ATADD_T2_Train_142412.flac,1,music,AudioLDM2,ATADD_T2_Train_142412.flac
/root/atadd_track2_subset_v3/train/ATADD_T2_Train_142420.flac,1,music,AudioLDM2,ATADD_T2_Train_142420.flac
/root/atadd_track2_subset_v3/train/ATADD_T2_Train_142428.flac,1,music,AudioLDM2,ATADD_T2_Train_142428.flac
/root/atadd_track2_subset_v3/train/ATADD_T2_Train_142430.flac,1,music,AudioLDM2,ATADD_T2_Train_142430.flac
/root/atadd_track2_subset_v3/train/ATADD_T2_Train_142435.flac,1,music,AudioLDM2,ATADD_T2_Train_142435.flac
/root/atadd_track2_subset_v3/train/ATADD_T2_Train_142439.flac,1,music,AudioLDM2,ATADD_T2_Train_142439.flac
/root/atadd_track2_subset_v3/train/ATADD_T2_Train_142440.flac,1,music,AudioLDM2,ATADD_T2_Train_142440.flac
/root/atadd_track2_subset_v3/train/ATADD_T2_Train_142442.flac,1,music,AudioLDM2,ATADD_T2_Train_142442.flac
/root/atadd_track2_subset_v3/train/ATADD_T2_Train_142447.flac,1,music,AudioLDM2,ATADD_T2_Train_142447.flac
/root/atadd_track2_subset_v3/train/ATADD_T2_Train_142448.flac,1,music,AudioLDM2,ATADD_T2_Train_142448.flac
/root/atadd_track2_subset_v3/train/ATADD_T2_Train_142454.flac,1,music,AudioLDM2,ATADD_T2_Train_142454.flac
/root/atadd_track2_subset_v3/train/ATADD_T2_Train_142455.flac,1,music,AudioLDM2,ATADD_T2_Train_142455.flac
/root/atadd_track2_subset_v3/train/ATADD_T2_Train_142456.flac,1,music,AudioLDM2,ATADD_T2_Train_142456.flac
/root/atadd_track2_subset_v3/train/ATADD_T2_Train_142463.flac,1,music,AudioLDM2,ATADD_T2_Train_142463.flac
/root/atadd_track2_subset_v3/train/ATADD_T2_Train_142464.flac,1,music,AudioLDM2,ATADD_T2_Train_142464.flac
/root/atadd_track2_subset_v3/train/ATADD_T2_Train_142475.flac,1,music,AudioLDM2,ATADD_T2_Train_142475.flac
/root/atadd_track2_subset_v3/train/ATADD_T2_Train_142476.flac,1,music,AudioLDM2,ATADD_T2_Train_142476.flac
/root/atadd_track2_subset_v3/train/ATADD_T2_Train_142480.flac,1,music,AudioLDM2,ATADD_T2_Train_142480.flac
/root/atadd_track2_subset_v3/train/ATADD_T2_Train_142483.flac,1,music,AudioLDM2,ATADD_T2_Train_142483.flac
/root/atadd_track2_subset_v3/train/ATADD_T2_Train_142487.flac,1,music,AudioLDM2,ATADD_T2_Train_142487.flac
/root/atadd_track2_subset_v3/train/ATADD_T2_Train_142492.flac,1,music,Stable Audio open,ATADD_T2_Train_142492.flac
/root/atadd_track2_subset_v3/train/ATADD_T2_Train_142506.flac,1,music,Stable Audio open,ATADD_T2_Train_142506.flac
/root/atadd_track2_subset_v3/train/ATADD_T2_Train_142507.flac,1,music,Stable Audio open,ATADD_T2_Train_142507.flac
/root/atadd_track2_subset_v3/train/ATADD_T2_Train_142516.flac,1,music,Stable Audio open,ATADD_T2_Train_142516.flac
/root/atadd_track2_subset_v3/train/ATADD_T2_Train_142525.flac,1,music,Stable Audio open,ATADD_T2_Train_142525.flac
/root/atadd_track2_subset_v3/train/ATADD_T2_Train_142529.flac,1,music,Stable Audio open,ATADD_T2_Train_142529.flac
/root/atadd_track2_subset_v3/train/ATADD_T2_Train_142544.flac,1,music,Stable Audio open,ATADD_T2_Train_142544.flac
/root/atadd_track2_subset_v3/train/ATADD_T2_Train_142549.flac,1,music,Stable Audio open,ATADD_T2_Train_142549.flac
/root/atadd_track2_subset_v3/train/ATADD_T2_Train_142556.flac,1,music,Stable Audio open,ATADD_T2_Train_142556.flac
/root/atadd_track2_subset_v3/train/ATADD_T2_Train_142574.flac,1,music,Stable Audio open,ATADD_T2_Train_142574.flac
/root/atadd_track2_subset_v3/train/ATADD_T2_Train_142575.flac,1,music,Stable Audio open,ATADD_T2_Train_142575.flac
/root/atadd_track2_subset_v3/train/ATADD_T2_Train_142581.flac,1,music,Stable Audio open,ATADD_T2_Train_142581.flac
/root/atadd_track2_subset_v3/train/ATADD_T2_Train_142587.flac,1,music,Stable Audio open,ATADD_T2_Train_142587.flac
/root/atadd_track2_subset_v3/train/ATADD_T2_Train_142588.flac,1,music,Stable Audio open,ATADD_T2_Train_142588.flac
/root/atadd_track2_subset_v3/train/ATADD_T2_Train_142589.flac,1,music,Stable Audio open,ATADD_T2_Train_142589.flac
/root/atadd_track2_subset_v3/train/ATADD_T2_Train_142592.flac,1,music,Stable Audio open,ATADD_T2_Train_142592.flac
/root/atadd_track2_subset_v3/train/ATADD_T2_Train_142598.flac,1,music,Stable Audio open,ATADD_T2_Train_142598.flac
/root/atadd_track2_subset_v3/train/ATADD_T2_Train_142614.flac,1,music,Stable Audio open,ATADD_T2_Train_142614.flac
/root/atadd_track2_subset_v3/train/ATADD_T2_Train_142620.flac,1,music,Stable Audio open,ATADD_T2_Train_142620.flac
/root/atadd_track2_subset_v3/train/ATADD_T2_Train_142624.flac,1,music,Stable Audio open,ATADD_T2_Train_142624.flac
/root/atadd_track2_subset_v3/train/ATADD_T2_Train_142626.flac,1,music,Stable Audio open,ATADD_T2_Train_142626.flac
/root/atadd_track2_subset_v3/train/ATADD_T2_Train_142635.flac,1,music,Stable Audio open,ATADD_T2_Train_142635.flac
/root/atadd_track2_subset_v3/train/ATADD_T2_Train_142641.flac,1,music,Stable Audio open,ATADD_T2_Train_142641.flac
/root/atadd_track2_subset_v3/train/ATADD_T2_Train_142642.flac,1,music,Stable Audio open,ATADD_T2_Train_142642.flac
/root/atadd_track2_subset_v3/train/ATADD_T2_Train_142648.flac,1,music,Stable Audio open,ATADD_T2_Train_142648.flac
/root/atadd_track2_subset_v3/train/ATADD_T2_Train_142649.flac,1,music,Stable Audio open,ATADD_T2_Train_142649.flac
/root/atadd_track2_subset_v3/train/ATADD_T2_Train_142656.flac,1,music,Stable Audio open,ATADD_T2_Train_142656.flac
/root/atadd_track2_subset_v3/train/ATADD_T2_Train_142660.flac,1,music,Stable Audio open,ATADD_T2_Train_142660.flac
/root/atadd_track2_subset_v3/train/ATADD_T2_Train_142661.flac,1,music,Stable Audio open,ATADD_T2_Train_142661.flac
/root/atadd_track2_subset_v3/train/ATADD_T2_Train_142664.flac,1,music,Stable Audio open,ATADD_T2_Train_142664.flac
/root/atadd_track2_subset_v3/train/ATADD_T2_Train_142671.flac,1,music,Stable Audio open,ATADD_T2_Train_142671.flac
/root/atadd_track2_subset_v3/train/ATADD_T2_Train_142675.flac,1,music,Stable Audio open,ATADD_T2_Train_142675.flac
/root/atadd_track2_subset_v3/train/ATADD_T2_Train_142677.flac,1,music,Stable Audio open,ATADD_T2_Train_142677.flac
/root/atadd_track2_subset_v3/train/ATADD_T2_Train_142679.flac,1,music,Stable Audio open,ATADD_T2_Train_142679.flac
/root/atadd_track2_subset_v3/train/ATADD_T2_Train_142681.flac,1,music,Stable Audio open,ATADD_T2_Train_142681.flac
/root/atadd_track2_subset_v3/train/ATADD_T2_Train_142682.flac,1,music,Stable Audio open,ATADD_T2_Train_142682.flac
/root/atadd_track2_subset_v3/train/ATADD_T2_Train_142687.flac,1,music,Stable Audio open,ATADD_T2_Train_142687.flac
/root/atadd_track2_subset_v3/train/ATADD_T2_Train_142697.flac,1,music,Stable Audio open,ATADD_T2_Train_142697.flac
/root/atadd_track2_subset_v3/train/ATADD_T2_Train_142700.flac,1,music,Stable Audio open,ATADD_T2_Train_142700.flac
/root/atadd_track2_subset_v3/train/ATADD_T2_Train_142704.flac,1,music,Stable Audio open,ATADD_T2_Train_142704.flac
/root/atadd_track2_subset_v3/train/ATADD_T2_Train_142709.flac,1,music,Stable Audio open,ATADD_T2_Train_142709.flac
/root/atadd_track2_subset_v3/train/ATADD_T2_Train_142710.flac,1,music,Stable Audio open,ATADD_T2_Train_142710.flac
/root/atadd_track2_subset_v3/train/ATADD_T2_Train_142712.flac,1,music,Stable Audio open,ATADD_T2_Train_142712.flac
/root/atadd_track2_subset_v3/train/ATADD_T2_Train_142714.flac,1,music,Stable Audio open,ATADD_T2_Train_142714.flac
/root/atadd_track2_subset_v3/train/ATADD_T2_Train_142718.flac,1,music,Stable Audio open,ATADD_T2_Train_142718.flac
/root/atadd_track2_subset_v3/train/ATADD_T2_Train_142720.flac,1,music,Stable Audio open,ATADD_T2_Train_142720.flac
/root/atadd_track2_subset_v3/train/ATADD_T2_Train_142721.flac,1,music,Stable Audio open,ATADD_T2_Train_142721.flac
/root/atadd_track2_subset_v3/train/ATADD_T2_Train_142722.flac,1,music,Stable Audio open,ATADD_T2_Train_142722.flac
/root/atadd_track2_subset_v3/train/ATADD_T2_Train_142723.flac,1,music,Stable Audio open,ATADD_T2_Train_142723.flac
/root/atadd_track2_subset_v3/train/ATADD_T2_Train_142724.flac,1,music,Stable Audio open,ATADD_T2_Train_142724.flac
/root/atadd_track2_subset_v3/train/ATADD_T2_Train_142726.flac,1,music,Stable Audio open,ATADD_T2_Train_142726.flac
/root/atadd_track2_subset_v3/train/ATADD_T2_Train_142733.flac,1,music,Stable Audio open,ATADD_T2_Train_142733.flac
/root/atadd_track2_subset_v3/train/ATADD_T2_Train_142735.flac,1,music,Stable Audio open,ATADD_T2_Train_142735.flac
/root/atadd_track2_subset_v3/train/ATADD_T2_Train_142736.flac,1,music,Stable Audio open,ATADD_T2_Train_142736.flac
/root/atadd_track2_subset_v3/train/ATADD_T2_Train_142737.flac,1,music,Stable Audio open,ATADD_T2_Train_142737.flac
/root/atadd_track2_subset_v3/train/ATADD_T2_Train_142745.flac,1,music,Stable Audio open,ATADD_T2_Train_142745.flac
/root/atadd_track2_subset_v3/train/ATADD_T2_Train_142750.flac,1,music,Stable Audio open,ATADD_T2_Train_142750.flac
/root/atadd_track2_subset_v3/train/ATADD_T2_Train_142753.flac,1,music,Stable Audio open,ATADD_T2_Train_142753.flac
/root/atadd_track2_subset_v3/train/ATADD_T2_Train_142755.flac,1,music,Stable Audio open,ATADD_T2_Train_142755.flac
/root/atadd_track2_subset_v3/train/ATADD_T2_Train_142758.flac,1,music,Stable Audio open,ATADD_T2_Train_142758.flac
/root/atadd_track2_subset_v3/train/ATADD_T2_Train_142759.flac,1,music,Stable Audio open,ATADD_T2_Train_142759.flac
/root/atadd_track2_subset_v3/train/ATADD_T2_Train_142762.flac,1,music,Stable Audio open,ATADD_T2_Train_142762.flac
/root/atadd_track2_subset_v3/train/ATADD_T2_Train_142764.flac,1,music,Stable Audio open,ATADD_T2_Train_142764.flac
/root/atadd_track2_subset_v3/train/ATADD_T2_Train_142767.flac,1,music,Stable Audio open,ATADD_T2_Train_142767.flac
/root/atadd_track2_subset_v3/train/ATADD_T2_Train_142769.flac,1,music,Stable Audio open,ATADD_T2_Train_142769.flac
/root/atadd_track2_subset_v3/train/ATADD_T2_Train_142778.flac,1,music,Stable Audio open,ATADD_T2_Train_142778.flac
/root/atadd_track2_subset_v3/train/ATADD_T2_Train_142785.flac,1,music,Stable Audio open,ATADD_T2_Train_142785.flac
/root/atadd_track2_subset_v3/train/ATADD_T2_Train_142787.flac,1,music,Stable Audio open,ATADD_T2_Train_142787.flac
/root/atadd_track2_subset_v3/train/ATADD_T2_Train_142800.flac,1,music,Stable Audio open,ATADD_T2_Train_142800.flac
/root/atadd_track2_subset_v3/train/ATADD_T2_Train_142801.flac,1,music,Stable Audio open,ATADD_T2_Train_142801.flac
/root/atadd_track2_subset_v3/train/ATADD_T2_Train_142807.flac,1,music,Stable Audio open,ATADD_T2_Train_142807.flac
/root/atadd_track2_subset_v3/train/ATADD_T2_Train_142808.flac,1,music,Stable Audio open,ATADD_T2_Train_142808.flac
/root/atadd_track2_subset_v3/train/ATADD_T2_Train_142809.flac,1,music,Stable Audio open,ATADD_T2_Train_142809.flac
/root/atadd_track2_subset_v3/train/ATADD_T2_Train_142820.flac,1,music,Stable Audio open,ATADD_T2_Train_142820.flac
/root/atadd_track2_subset_v3/train/ATADD_T2_Train_142828.flac,1,music,Stable Audio open,ATADD_T2_Train_142828.flac
/root/atadd_track2_subset_v3/train/ATADD_T2_Train_142834.flac,1,music,Stable Audio open,ATADD_T2_Train_142834.flac
/root/atadd_track2_subset_v3/train/ATADD_T2_Train_142835.flac,1,music,Stable Audio open,ATADD_T2_Train_142835.flac
/root/atadd_track2_subset_v3/train/ATADD_T2_Train_142838.flac,1,music,Stable Audio open,ATADD_T2_Train_142838.flac
/root/atadd_track2_subset_v3/train/ATADD_T2_Train_142839.flac,1,music,Stable Audio open,ATADD_T2_Train_142839.flac
/root/atadd_track2_subset_v3/train/ATADD_T2_Train_142841.flac,1,music,Stable Audio open,ATADD_T2_Train_142841.flac
/root/atadd_track2_subset_v3/train/ATADD_T2_Train_142843.flac,1,music,Stable Audio open,ATADD_T2_Train_142843.flac
/root/atadd_track2_subset_v3/train/ATADD_T2_Train_142845.flac,1,music,Stable Audio open,ATADD_T2_Train_142845.flac
/root/atadd_track2_subset_v3/train/ATADD_T2_Train_142846.flac,1,music,Stable Audio open,ATADD_T2_Train_142846.flac
/root/atadd_track2_subset_v3/train/ATADD_T2_Train_142847.flac,1,music,Stable Audio open,ATADD_T2_Train_142847.flac
/root/atadd_track2_subset_v3/train/ATADD_T2_Train_142850.flac,1,music,Stable Audio open,ATADD_T2_Train_142850.flac
/root/atadd_track2_subset_v3/train/ATADD_T2_Train_142854.flac,1,music,Stable Audio open,ATADD_T2_Train_142854.flac
/root/atadd_track2_subset_v3/train/ATADD_T2_Train_142858.flac,1,music,Stable Audio open,ATADD_T2_Train_142858.flac
/root/atadd_track2_subset_v3/train/ATADD_T2_Train_142865.flac,1,music,Stable Audio open,ATADD_T2_Train_142865.flac
/root/atadd_track2_subset_v3/train/ATADD_T2_Train_142873.flac,1,music,Stable Audio open,ATADD_T2_Train_142873.flac
/root/atadd_track2_subset_v3/train/ATADD_T2_Train_142876.flac,1,music,Stable Audio open,ATADD_T2_Train_142876.flac
/root/atadd_track2_subset_v3/train/ATADD_T2_Train_142894.flac,1,music,Stable Audio open,ATADD_T2_Train_142894.flac
/root/atadd_track2_subset_v3/train/ATADD_T2_Train_142898.flac,1,music,Stable Audio open,ATADD_T2_Train_142898.flac
/root/atadd_track2_subset_v3/train/ATADD_T2_Train_142902.flac,1,music,Stable Audio open,ATADD_T2_Train_142902.flac
/root/atadd_track2_subset_v3/train/ATADD_T2_Train_142906.flac,1,music,Stable Audio open,ATADD_T2_Train_142906.flac
/root/atadd_track2_subset_v3/train/ATADD_T2_Train_142913.flac,1,music,Stable Audio open,ATADD_T2_Train_142913.flac
/root/atadd_track2_subset_v3/train/ATADD_T2_Train_142917.flac,1,music,Stable Audio open,ATADD_T2_Train_142917.flac
/root/atadd_track2_subset_v3/train/ATADD_T2_Train_142926.flac,1,music,Stable Audio open,ATADD_T2_Train_142926.flac
/root/atadd_track2_subset_v3/train/ATADD_T2_Train_142927.flac,1,music,Stable Audio open,ATADD_T2_Train_142927.flac
/root/atadd_track2_subset_v3/train/ATADD_T2_Train_142931.flac,1,music,Stable Audio open,ATADD_T2_Train_142931.flac
/root/atadd_track2_subset_v3/train/ATADD_T2_Train_142932.flac,1,music,Stable Audio open,ATADD_T2_Train_142932.flac
/root/atadd_track2_subset_v3/train/ATADD_T2_Train_142943.flac,1,music,Stable Audio open,ATADD_T2_Train_142943.flac
/root/atadd_track2_subset_v3/train/ATADD_T2_Train_142949.flac,1,music,Stable Audio open,ATADD_T2_Train_142949.flac
/root/atadd_track2_subset_v3/train/ATADD_T2_Train_142954.flac,1,music,Stable Audio open,ATADD_T2_Train_142954.flac
/root/atadd_track2_subset_v3/train/ATADD_T2_Train_142957.flac,1,music,Stable Audio open,ATADD_T2_Train_142957.flac
/root/atadd_track2_subset_v3/train/ATADD_T2_Train_142961.flac,1,music,Stable Audio open,ATADD_T2_Train_142961.flac
/root/atadd_track2_subset_v3/train/ATADD_T2_Train_142964.flac,1,music,Stable Audio open,ATADD_T2_Train_142964.flac
/root/atadd_track2_subset_v3/train/ATADD_T2_Train_142965.flac,1,music,Stable Audio open,ATADD_T2_Train_142965.flac
/root/atadd_track2_subset_v3/train/ATADD_T2_Train_142970.flac,1,music,Stable Audio open,ATADD_T2_Train_142970.flac
/root/atadd_track2_subset_v3/train/ATADD_T2_Train_142976.flac,1,music,Stable Audio open,ATADD_T2_Train_142976.flac
/root/atadd_track2_subset_v3/train/ATADD_T2_Train_142985.flac,1,music,Stable Audio open,ATADD_T2_Train_142985.flac
/root/atadd_track2_subset_v3/train/ATADD_T2_Train_142988.flac,1,music,Stable Audio open,ATADD_T2_Train_142988.flac
/root/atadd_track2_subset_v3/train/ATADD_T2_Train_142993.flac,1,music,Stable Audio open,ATADD_T2_Train_142993.flac
/root/atadd_track2_subset_v3/train/ATADD_T2_Train_142997.flac,1,music,Stable Audio open,ATADD_T2_Train_142997.flac
/root/atadd_track2_subset_v3/train/ATADD_T2_Train_142998.flac,1,music,Stable Audio open,ATADD_T2_Train_142998.flac
/root/atadd_track2_subset_v3/train/ATADD_T2_Train_143000.flac,1,music,Stable Audio open,ATADD_T2_Train_143000.flac
/root/atadd_track2_subset_v3/train/ATADD_T2_Train_143011.flac,1,music,Stable Audio open,ATADD_T2_Train_143011.flac
/root/atadd_track2_subset_v3/train/ATADD_T2_Train_143017.flac,1,music,Stable Audio open,ATADD_T2_Train_143017.flac
/root/atadd_track2_subset_v3/train/ATADD_T2_Train_143019.flac,1,music,Stable Audio open,ATADD_T2_Train_143019.flac
/root/atadd_track2_subset_v3/train/ATADD_T2_Train_143023.flac,1,music,Stable Audio open,ATADD_T2_Train_143023.flac
/root/atadd_track2_subset_v3/train/ATADD_T2_Train_143029.flac,1,music,Stable Audio open,ATADD_T2_Train_143029.flac
/root/atadd_track2_subset_v3/train/ATADD_T2_Train_143030.flac,1,music,Stable Audio open,ATADD_T2_Train_143030.flac
/root/atadd_track2_subset_v3/train/ATADD_T2_Train_143033.flac,1,music,Stable Audio open,ATADD_T2_Train_143033.flac
/root/atadd_track2_subset_v3/train/ATADD_T2_Train_143046.flac,1,music,Stable Audio open,ATADD_T2_Train_143046.flac
/root/atadd_track2_subset_v3/train/ATADD_T2_Train_143051.flac,1,music,Stable Audio open,ATADD_T2_Train_143051.flac
/root/atadd_track2_subset_v3/train/ATADD_T2_Train_143053.flac,1,music,Stable Audio open,ATADD_T2_Train_143053.flac
/root/atadd_track2_subset_v3/train/ATADD_T2_Train_143055.flac,1,music,Stable Audio open,ATADD_T2_Train_143055.flac
/root/atadd_track2_subset_v3/train/ATADD_T2_Train_143069.flac,1,music,Stable Audio open,ATADD_T2_Train_143069.flac
/root/atadd_track2_subset_v3/train/ATADD_T2_Train_143070.flac,1,music,Stable Audio open,ATADD_T2_Train_143070.flac
/root/atadd_track2_subset_v3/train/ATADD_T2_Train_143082.flac,1,music,Stable Audio open,ATADD_T2_Train_143082.flac
/root/atadd_track2_subset_v3/train/ATADD_T2_Train_143083.flac,1,music,Stable Audio open,ATADD_T2_Train_143083.flac
/root/atadd_track2_subset_v3/train/ATADD_T2_Train_143086.flac,1,music,Stable Audio open,ATADD_T2_Train_143086.flac
/root/atadd_track2_subset_v3/train/ATADD_T2_Train_143090.flac,1,music,Stable Audio open,ATADD_T2_Train_143090.flac
/root/atadd_track2_subset_v3/train/ATADD_T2_Train_143092.flac,1,music,Stable Audio open,ATADD_T2_Train_143092.flac
/root/atadd_track2_subset_v3/train/ATADD_T2_Train_143093.flac,1,music,Stable Audio open,ATADD_T2_Train_143093.flac
/root/atadd_track2_subset_v3/train/ATADD_T2_Train_143095.flac,1,music,Stable Audio open,ATADD_T2_Train_143095.flac
/root/atadd_track2_subset_v3/train/ATADD_T2_Train_143099.flac,1,music,Stable Audio open,ATADD_T2_Train_143099.flac
/root/atadd_track2_subset_v3/train/ATADD_T2_Train_143103.flac,1,music,Stable Audio open,ATADD_T2_Train_143103.flac
/root/atadd_track2_subset_v3/train/ATADD_T2_Train_143107.flac,1,music,Stable Audio open,ATADD_T2_Train_143107.flac
/root/atadd_track2_subset_v3/train/ATADD_T2_Train_143110.flac,1,music,Stable Audio open,ATADD_T2_Train_143110.flac
/root/atadd_track2_subset_v3/train/ATADD_T2_Train_143119.flac,1,music,Stable Audio open,ATADD_T2_Train_143119.flac
/root/atadd_track2_subset_v3/train/ATADD_T2_Train_143121.flac,1,music,Stable Audio open,ATADD_T2_Train_143121.flac
/root/atadd_track2_subset_v3/train/ATADD_T2_Train_143122.flac,1,music,Stable Audio open,ATADD_T2_Train_143122.flac
/root/atadd_track2_subset_v3/train/ATADD_T2_Train_143124.flac,1,music,Stable Audio open,ATADD_T2_Train_143124.flac
/root/atadd_track2_subset_v3/train/ATADD_T2_Train_143129.flac,1,music,Stable Audio open,ATADD_T2_Train_143129.flac
/root/atadd_track2_subset_v3/train/ATADD_T2_Train_143131.flac,1,music,Stable Audio open,ATADD_T2_Train_143131.flac
/root/atadd_track2_subset_v3/train/ATADD_T2_Train_143139.flac,1,music,Stable Audio open,ATADD_T2_Train_143139.flac
/root/atadd_track2_subset_v3/train/ATADD_T2_Train_143147.flac,1,music,Stable Audio open,ATADD_T2_Train_143147.flac
/root/atadd_track2_subset_v3/train/ATADD_T2_Train_143149.flac,1,music,Stable Audio open,ATADD_T2_Train_143149.flac
/root/atadd_track2_subset_v3/train/ATADD_T2_Train_143160.flac,1,music,Stable Audio open,ATADD_T2_Train_143160.flac
/root/atadd_track2_subset_v3/train/ATADD_T2_Train_143173.flac,1,music,Stable Audio open,ATADD_T2_Train_143173.flac
/root/atadd_track2_subset_v3/train/ATADD_T2_Train_143174.flac,1,music,Stable Audio open,ATADD_T2_Train_143174.flac
/root/atadd_track2_subset_v3/train/ATADD_T2_Train_143176.flac,1,music,Stable Audio open,ATADD_T2_Train_143176.flac
/root/atadd_track2_subset_v3/train/ATADD_T2_Train_143177.flac,1,music,Stable Audio open,ATADD_T2_Train_143177.flac
/root/atadd_track2_subset_v3/train/ATADD_T2_Train_143183.flac,1,music,Stable Audio open,ATADD_T2_Train_143183.flac
/root/atadd_track2_subset_v3/train/ATADD_T2_Train_143189.flac,1,music,Stable Audio open,ATADD_T2_Train_143189.flac
/root/atadd_track2_subset_v3/train/ATADD_T2_Train_143191.flac,1,music,Stable Audio open,ATADD_T2_Train_143191.flac
/root/atadd_track2_subset_v3/train/ATADD_T2_Train_143200.flac,1,music,Stable Audio open,ATADD_T2_Train_143200.flac
/root/atadd_track2_subset_v3/train/ATADD_T2_Train_143201.flac,1,music,Stable Audio open,ATADD_T2_Train_143201.flac
/root/atadd_track2_subset_v3/train/ATADD_T2_Train_143203.flac,1,music,Stable Audio open,ATADD_T2_Train_143203.flac
/root/atadd_track2_subset_v3/train/ATADD_T2_Train_143204.flac,1,music,Stable Audio open,ATADD_T2_Train_143204.flac
/root/atadd_track2_subset_v3/train/ATADD_T2_Train_143205.flac,1,music,Stable Audio open,ATADD_T2_Train_143205.flac
/root/atadd_track2_subset_v3/train/ATADD_T2_Train_143213.flac,1,music,Stable Audio open,ATADD_T2_Train_143213.flac
/root/atadd_track2_subset_v3/train/ATADD_T2_Train_143215.flac,1,music,Stable Audio open,ATADD_T2_Train_143215.flac
/root/atadd_track2_subset_v3/train/ATADD_T2_Train_143220.flac,1,music,Stable Audio open,ATADD_T2_Train_143220.flac
/root/atadd_track2_subset_v3/train/ATADD_T2_Train_143223.flac,1,music,Stable Audio open,ATADD_T2_Train_143223.flac
/root/atadd_track2_subset_v3/train/ATADD_T2_Train_143224.flac,1,music,Stable Audio open,ATADD_T2_Train_143224.flac
/root/atadd_track2_subset_v3/train/ATADD_T2_Train_143226.flac,1,music,Stable Audio open,ATADD_T2_Train_143226.flac
/root/atadd_track2_subset_v3/train/ATADD_T2_Train_143227.flac,1,music,Stable Audio open,ATADD_T2_Train_143227.flac
/root/atadd_track2_subset_v3/train/ATADD_T2_Train_143234.flac,1,music,Stable Audio open,ATADD_T2_Train_143234.flac
/root/atadd_track2_subset_v3/train/ATADD_T2_Train_143235.flac,1,music,Stable Audio open,ATADD_T2_Train_143235.flac
/root/atadd_track2_subset_v3/train/ATADD_T2_Train_143237.flac,1,music,Stable Audio open,ATADD_T2_Train_143237.flac
/root/atadd_track2_subset_v3/train/ATADD_T2_Train_143243.flac,1,music,Stable Audio open,ATADD_T2_Train_143243.flac
/root/atadd_track2_subset_v3/train/ATADD_T2_Train_143244.flac,1,music,Stable Audio open,ATADD_T2_Train_143244.flac
/root/atadd_track2_subset_v3/train/ATADD_T2_Train_143248.flac,1,music,Stable Audio open,ATADD_T2_Train_143248.flac
/root/atadd_track2_subset_v3/train/ATADD_T2_Train_143249.flac,1,music,Stable Audio open,ATADD_T2_Train_143249.flac
/root/atadd_track2_subset_v3/train/ATADD_T2_Train_143253.flac,1,music,Stable Audio open,ATADD_T2_Train_143253.flac
/root/atadd_track2_subset_v3/train/ATADD_T2_Train_143254.flac,1,music,Stable Audio open,ATADD_T2_Train_143254.flac
/root/atadd_track2_subset_v3/train/ATADD_T2_Train_143256.flac,1,music,Stable Audio open,ATADD_T2_Train_143256.flac
/root/atadd_track2_subset_v3/train/ATADD_T2_Train_143264.flac,1,music,Stable Audio open,ATADD_T2_Train_143264.flac
/root/atadd_track2_subset_v3/train/ATADD_T2_Train_143272.flac,1,music,Stable Audio open,ATADD_T2_Train_143272.flac
/root/atadd_track2_subset_v3/train/ATADD_T2_Train_143276.flac,1,music,Stable Audio open,ATADD_T2_Train_143276.flac
/root/atadd_track2_subset_v3/train/ATADD_T2_Train_143278.flac,1,music,Stable Audio open,ATADD_T2_Train_143278.flac
/root/atadd_track2_subset_v3/train/ATADD_T2_Train_143279.flac,1,music,Stable Audio open,ATADD_T2_Train_143279.flac
/root/atadd_track2_subset_v3/train/ATADD_T2_Train_143284.flac,1,music,Stable Audio open,ATADD_T2_Train_143284.flac
/root/atadd_track2_subset_v3/train/ATADD_T2_Train_143286.flac,1,music,Stable Audio open,ATADD_T2_Train_143286.flac
/root/atadd_track2_subset_v3/train/ATADD_T2_Train_143293.flac,1,music,Stable Audio open,ATADD_T2_Train_143293.flac
/root/atadd_track2_subset_v3/train/ATADD_T2_Train_143294.flac,1,music,Stable Audio open,ATADD_T2_Train_143294.flac
/root/atadd_track2_subset_v3/train/ATADD_T2_Train_143299.flac,1,music,Stable Audio open,ATADD_T2_Train_143299.flac
/root/atadd_track2_subset_v3/train/ATADD_T2_Train_143307.flac,1,music,Stable Audio open,ATADD_T2_Train_143307.flac
/root/atadd_track2_subset_v3/train/ATADD_T2_Train_143308.flac,1,music,Stable Audio open,ATADD_T2_Train_143308.flac
/root/atadd_track2_subset_v3/train/ATADD_T2_Train_143309.flac,1,music,Stable Audio open,ATADD_T2_Train_143309.flac
/root/atadd_track2_subset_v3/train/ATADD_T2_Train_143325.flac,1,music,Stable Audio open,ATADD_T2_Train_143325.flac
/root/atadd_track2_subset_v3/train/ATADD_T2_Train_143327.flac,1,music,Stable Audio open,ATADD_T2_Train_143327.flac
/root/atadd_track2_subset_v3/train/ATADD_T2_Train_143328.flac,1,music,Stable Audio open,ATADD_T2_Train_143328.flac
/root/atadd_track2_subset_v3/train/ATADD_T2_Train_143332.flac,1,music,Stable Audio open,ATADD_T2_Train_143332.flac
/root/atadd_track2_subset_v3/train/ATADD_T2_Train_143337.flac,1,music,Stable Audio open,ATADD_T2_Train_143337.flac
/root/atadd_track2_subset_v3/train/ATADD_T2_Train_143339.flac,1,music,Stable Audio open,ATADD_T2_Train_143339.flac
/root/atadd_track2_subset_v3/train/ATADD_T2_Train_143342.flac,1,music,Stable Audio open,ATADD_T2_Train_143342.flac
/root/atadd_track2_subset_v3/train/ATADD_T2_Train_143343.flac,1,music,Stable Audio open,ATADD_T2_Train_143343.flac
/root/atadd_track2_subset_v3/train/ATADD_T2_Train_143344.flac,1,music,Stable Audio open,ATADD_T2_Train_143344.flac
/root/atadd_track2_subset_v3/train/ATADD_T2_Train_143345.flac,1,music,Stable Audio open,ATADD_T2_Train_143345.flac
/root/atadd_track2_subset_v3/train/ATADD_T2_Train_143350.flac,1,music,Stable Audio open,ATADD_T2_Train_143350.flac
/root/atadd_track2_subset_v3/train/ATADD_T2_Train_143352.flac,1,music,Stable Audio open,ATADD_T2_Train_143352.flac
/root/atadd_track2_subset_v3/train/ATADD_T2_Train_143355.flac,1,music,Stable Audio open,ATADD_T2_Train_143355.flac
/root/atadd_track2_subset_v3/train/ATADD_T2_Train_143361.flac,1,music,Stable Audio open,ATADD_T2_Train_143361.flac
/root/atadd_track2_subset_v3/train/ATADD_T2_Train_143362.flac,1,music,Stable Audio open,ATADD_T2_Train_143362.flac
/root/atadd_track2_subset_v3/train/ATADD_T2_Train_143363.flac,1,music,Stable Audio open,ATADD_T2_Train_143363.flac
/root/atadd_track2_subset_v3/train/ATADD_T2_Train_143369.flac,1,music,Stable Audio open,ATADD_T2_Train_143369.flac
/root/atadd_track2_subset_v3/train/ATADD_T2_Train_143392.flac,1,music,Stable Audio open,ATADD_T2_Train_143392.flac
/root/atadd_track2_subset_v3/train/ATADD_T2_Train_143396.flac,1,music,Stable Audio open,ATADD_T2_Train_143396.flac
/root/atadd_track2_subset_v3/train/ATADD_T2_Train_143399.flac,1,music,Stable Audio open,ATADD_T2_Train_143399.flac
/root/atadd_track2_subset_v3/train/ATADD_T2_Train_143406.flac,1,music,Stable Audio open,ATADD_T2_Train_143406.flac
/root/atadd_track2_subset_v3/train/ATADD_T2_Train_143414.flac,1,music,Stable Audio open,ATADD_T2_Train_143414.flac
/root/atadd_track2_subset_v3/train/ATADD_T2_Train_143417.flac,1,music,Stable Audio open,ATADD_T2_Train_143417.flac
/root/atadd_track2_subset_v3/train/ATADD_T2_Train_143419.flac,1,music,Stable Audio open,ATADD_T2_Train_143419.flac
/root/atadd_track2_subset_v3/train/ATADD_T2_Train_143428.flac,1,music,Stable Audio open,ATADD_T2_Train_143428.flac
/root/atadd_track2_subset_v3/train/ATADD_T2_Train_143430.flac,1,music,Stable Audio open,ATADD_T2_Train_143430.flac
/root/atadd_track2_subset_v3/train/ATADD_T2_Train_143431.flac,1,music,Stable Audio open,ATADD_T2_Train_143431.flac
/root/atadd_track2_subset_v3/train/ATADD_T2_Train_143435.flac,1,music,Stable Audio open,ATADD_T2_Train_143435.flac
/root/atadd_track2_subset_v3/train/ATADD_T2_Train_143437.flac,1,music,Stable Audio open,ATADD_T2_Train_143437.flac
/root/atadd_track2_subset_v3/train/ATADD_T2_Train_143443.flac,1,music,Stable Audio open,ATADD_T2_Train_143443.flac
/root/atadd_track2_subset_v3/train/ATADD_T2_Train_143445.flac,1,music,Stable Audio open,ATADD_T2_Train_143445.flac
/root/atadd_track2_subset_v3/train/ATADD_T2_Train_143446.flac,1,music,Stable Audio open,ATADD_T2_Train_143446.flac
/root/atadd_track2_subset_v3/train/ATADD_T2_Train_143450.flac,1,music,Stable Audio open,ATADD_T2_Train_143450.flac
/root/atadd_track2_subset_v3/train/ATADD_T2_Train_143454.flac,1,music,Stable Audio open,ATADD_T2_Train_143454.flac
/root/atadd_track2_subset_v3/train/ATADD_T2_Train_143459.flac,1,music,Stable Audio open,ATADD_T2_Train_143459.flac
/root/atadd_track2_subset_v3/train/ATADD_T2_Train_143462.flac,1,music,Stable Audio open,ATADD_T2_Train_143462.flac
/root/atadd_track2_subset_v3/train/ATADD_T2_Train_143464.flac,1,music,Stable Audio open,ATADD_T2_Train_143464.flac
/root/atadd_track2_subset_v3/train/ATADD_T2_Train_143468.flac,1,music,Stable Audio open,ATADD_T2_Train_143468.flac
/root/atadd_track2_subset_v3/train/ATADD_T2_Train_143469.flac,1,music,Stable Audio open,ATADD_T2_Train_143469.flac
/root/atadd_track2_subset_v3/train/ATADD_T2_Train_143470.flac,1,music,Stable Audio open,ATADD_T2_Train_143470.flac
/root/atadd_track2_subset_v3/train/ATADD_T2_Train_143477.flac,1,music,Stable Audio open,ATADD_T2_Train_143477.flac
/root/atadd_track2_subset_v3/train/ATADD_T2_Train_143480.flac,1,music,Stable Audio open,ATADD_T2_Train_143480.flac
/root/atadd_track2_subset_v3/train/ATADD_T2_Train_143483.flac,1,music,Stable Audio open,ATADD_T2_Train_143483.flac
/root/atadd_track2_subset_v3/train/ATADD_T2_Train_143487.flac,1,music,Stable Audio open,ATADD_T2_Train_143487.flac
/root/atadd_track2_subset_v3/train/ATADD_T2_Train_143490.flac,1,music,Stable Audio open,ATADD_T2_Train_143490.flac
/root/atadd_track2_subset_v3/train/ATADD_T2_Train_143491.flac,1,music,Stable Audio open,ATADD_T2_Train_143491.flac
/root/atadd_track2_subset_v3/train/ATADD_T2_Train_143497.flac,1,music,Stable Audio open,ATADD_T2_Train_143497.flac
/root/atadd_track2_subset_v3/train/ATADD_T2_Train_143503.flac,1,music,Stable Audio open,ATADD_T2_Train_143503.flac
/root/atadd_track2_subset_v3/train/ATADD_T2_Train_143504.flac,1,music,Stable Audio open,ATADD_T2_Train_143504.flac
/root/atadd_track2_subset_v3/train/ATADD_T2_Train_143507.flac,1,music,Stable Audio open,ATADD_T2_Train_143507.flac
/root/atadd_track2_subset_v3/train/ATADD_T2_Train_143511.flac,1,music,Stable Audio open,ATADD_T2_Train_143511.flac
/root/atadd_track2_subset_v3/train/ATADD_T2_Train_143525.flac,1,music,Stable Audio open,ATADD_T2_Train_143525.flac
/root/atadd_track2_subset_v3/train/ATADD_T2_Train_143526.flac,1,music,Stable Audio open,ATADD_T2_Train_143526.flac
/root/atadd_track2_subset_v3/train/ATADD_T2_Train_143532.flac,1,music,Stable Audio open,ATADD_T2_Train_143532.flac
/root/atadd_track2_subset_v3/train/ATADD_T2_Train_143535.flac,1,music,Stable Audio open,ATADD_T2_Train_143535.flac
/root/atadd_track2_subset_v3/train/ATADD_T2_Train_143537.flac,1,music,Stable Audio open,ATADD_T2_Train_143537.flac
/root/atadd_track2_subset_v3/train/ATADD_T2_Train_143538.flac,1,music,Stable Audio open,ATADD_T2_Train_143538.flac
/root/atadd_track2_subset_v3/train/ATADD_T2_Train_143546.flac,1,music,Stable Audio open,ATADD_T2_Train_143546.flac
/root/atadd_track2_subset_v3/train/ATADD_T2_Train_143548.flac,1,music,Stable Audio open,ATADD_T2_Train_143548.flac
/root/atadd_track2_subset_v3/train/ATADD_T2_Train_143551.flac,1,music,Stable Audio open,ATADD_T2_Train_143551.flac
/root/atadd_track2_subset_v3/train/ATADD_T2_Train_143553.flac,1,music,Stable Audio open,ATADD_T2_Train_143553.flac
/root/atadd_track2_subset_v3/train/ATADD_T2_Train_143561.flac,1,music,Stable Audio open,ATADD_T2_Train_143561.flac
/root/atadd_track2_subset_v3/train/ATADD_T2_Train_143571.flac,1,music,Stable Audio open,ATADD_T2_Train_143571.flac
/root/atadd_track2_subset_v3/train/ATADD_T2_Train_143574.flac,1,music,Stable Audio open,ATADD_T2_Train_143574.flac
/root/atadd_track2_subset_v3/train/ATADD_T2_Train_143575.flac,1,music,Stable Audio open,ATADD_T2_Train_143575.flac
/root/atadd_track2_subset_v3/train/ATADD_T2_Train_143578.flac,1,music,Stable Audio open,ATADD_T2_Train_143578.flac
/root/atadd_track2_subset_v3/train/ATADD_T2_Train_143579.flac,1,music,Stable Audio open,ATADD_T2_Train_143579.flac
/root/atadd_track2_subset_v3/train/ATADD_T2_Train_143582.flac,1,music,Stable Audio open,ATADD_T2_Train_143582.flac
/root/atadd_track2_subset_v3/train/ATADD_T2_Train_143586.flac,1,music,Stable Audio open,ATADD_T2_Train_143586.flac
/root/atadd_track2_subset_v3/train/ATADD_T2_Train_143587.flac,1,music,Stable Audio open,ATADD_T2_Train_143587.flac
/root/atadd_track2_subset_v3/train/ATADD_T2_Train_143592.flac,1,music,Stable Audio open,ATADD_T2_Train_143592.flac
/root/atadd_track2_subset_v3/train/ATADD_T2_Train_143596.flac,1,music,Stable Audio open,ATADD_T2_Train_143596.flac
/root/atadd_track2_subset_v3/train/ATADD_T2_Train_143600.flac,1,music,Stable Audio open,ATADD_T2_Train_143600.flac
/root/atadd_track2_subset_v3/train/ATADD_T2_Train_143604.flac,1,music,Stable Audio open,ATADD_T2_Train_143604.flac
/root/atadd_track2_subset_v3/train/ATADD_T2_Train_143607.flac,1,music,Stable Audio open,ATADD_T2_Train_143607.flac
/root/atadd_track2_subset_v3/train/ATADD_T2_Train_143610.flac,1,music,Stable Audio open,ATADD_T2_Train_143610.flac
/root/atadd_track2_subset_v3/train/ATADD_T2_Train_143613.flac,1,music,Stable Audio open,ATADD_T2_Train_143613.flac
/root/atadd_track2_subset_v3/train/ATADD_T2_Train_143616.flac,1,music,Stable Audio open,ATADD_T2_Train_143616.flac
/root/atadd_track2_subset_v3/train/ATADD_T2_Train_143623.flac,1,music,Stable Audio open,ATADD_T2_Train_143623.flac
/root/atadd_track2_subset_v3/train/ATADD_T2_Train_143643.flac,1,music,Stable Audio open,ATADD_T2_Train_143643.flac
/root/atadd_track2_subset_v3/train/ATADD_T2_Train_143644.flac,1,music,Stable Audio open,ATADD_T2_Train_143644.flac
/root/atadd_track2_subset_v3/train/ATADD_T2_Train_143655.flac,1,music,Stable Audio open,ATADD_T2_Train_143655.flac
/root/atadd_track2_subset_v3/train/ATADD_T2_Train_143672.flac,1,music,Stable Audio open,ATADD_T2_Train_143672.flac
/root/atadd_track2_subset_v3/train/ATADD_T2_Train_143674.flac,1,music,Stable Audio open,ATADD_T2_Train_143674.flac
/root/atadd_track2_subset_v3/train/ATADD_T2_Train_143675.flac,1,music,Stable Audio open,ATADD_T2_Train_143675.flac
/root/atadd_track2_subset_v3/train/ATADD_T2_Train_143681.flac,1,music,Stable Audio open,ATADD_T2_Train_143681.flac
/root/atadd_track2_subset_v3/train/ATADD_T2_Train_143684.flac,1,music,Stable Audio open,ATADD_T2_Train_143684.flac
/root/atadd_track2_subset_v3/train/ATADD_T2_Train_143693.flac,1,music,Stable Audio open,ATADD_T2_Train_143693.flac
/root/atadd_track2_subset_v3/train/ATADD_T2_Train_143696.flac,1,music,Stable Audio open,ATADD_T2_Train_143696.flac
/root/atadd_track2_subset_v3/train/ATADD_T2_Train_143697.flac,1,music,Stable Audio open,ATADD_T2_Train_143697.flac
/root/atadd_track2_subset_v3/train/ATADD_T2_Train_143711.flac,1,music,Stable Audio open,ATADD_T2_Train_143711.flac
/root/atadd_track2_subset_v3/train/ATADD_T2_Train_143724.flac,1,music,Stable Audio open,ATADD_T2_Train_143724.flac
/root/atadd_track2_subset_v3/train/ATADD_T2_Train_143727.flac,1,music,Stable Audio open,ATADD_T2_Train_143727.flac
/root/atadd_track2_subset_v3/train/ATADD_T2_Train_143731.flac,1,music,Stable Audio open,ATADD_T2_Train_143731.flac
/root/atadd_track2_subset_v3/train/ATADD_T2_Train_143743.flac,1,music,Stable Audio open,ATADD_T2_Train_143743.flac
/root/atadd_track2_subset_v3/train/ATADD_T2_Train_143747.flac,1,music,Stable Audio open,ATADD_T2_Train_143747.flac
/root/atadd_track2_subset_v3/train/ATADD_T2_Train_143750.flac,1,music,Stable Audio open,ATADD_T2_Train_143750.flac
/root/atadd_track2_subset_v3/train/ATADD_T2_Train_143751.flac,1,music,Stable Audio open,ATADD_T2_Train_143751.flac
/root/atadd_track2_subset_v3/train/ATADD_T2_Train_143754.flac,1,music,Stable Audio open,ATADD_T2_Train_143754.flac
/root/atadd_track2_subset_v3/train/ATADD_T2_Train_143757.flac,1,music,Stable Audio open,ATADD_T2_Train_143757.flac
/root/atadd_track2_subset_v3/train/ATADD_T2_Train_143764.flac,1,music,Stable Audio open,ATADD_T2_Train_143764.flac
/root/atadd_track2_subset_v3/train/ATADD_T2_Train_143769.flac,1,music,Stable Audio open,ATADD_T2_Train_143769.flac
/root/atadd_track2_subset_v3/train/ATADD_T2_Train_143771.flac,1,music,Stable Audio open,ATADD_T2_Train_143771.flac
/root/atadd_track2_subset_v3/train/ATADD_T2_Train_143774.flac,1,music,Stable Audio open,ATADD_T2_Train_143774.flac
/root/atadd_track2_subset_v3/train/ATADD_T2_Train_143778.flac,1,music,Stable Audio open,ATADD_T2_Train_143778.flac
/root/atadd_track2_subset_v3/train/ATADD_T2_Train_143779.flac,1,music,Stable Audio open,ATADD_T2_Train_143779.flac
/root/atadd_track2_subset_v3/train/ATADD_T2_Train_143781.flac,1,music,Stable Audio open,ATADD_T2_Train_143781.flac
/root/atadd_track2_subset_v3/train/ATADD_T2_Train_143783.flac,1,music,Stable Audio open,ATADD_T2_Train_143783.flac
/root/atadd_track2_subset_v3/train/ATADD_T2_Train_143788.flac,1,music,Stable Audio open,ATADD_T2_Train_143788.flac
/root/atadd_track2_subset_v3/train/ATADD_T2_Train_143791.flac,1,music,Stable Audio open,ATADD_T2_Train_143791.flac
/root/atadd_track2_subset_v3/train/ATADD_T2_Train_143796.flac,1,music,Stable Audio open,ATADD_T2_Train_143796.flac
/root/atadd_track2_subset_v3/train/ATADD_T2_Train_143799.flac,1,music,Stable Audio open,ATADD_T2_Train_143799.flac
/root/atadd_track2_subset_v3/train/ATADD_T2_Train_143800.flac,1,music,Stable Audio open,ATADD_T2_Train_143800.flac
/root/atadd_track2_subset_v3/train/ATADD_T2_Train_143805.flac,1,music,Stable Audio open,ATADD_T2_Train_143805.flac
/root/atadd_track2_subset_v3/train/ATADD_T2_Train_143809.flac,1,music,Stable Audio open,ATADD_T2_Train_143809.flac
/root/atadd_track2_subset_v3/train/ATADD_T2_Train_143817.flac,1,music,Stable Audio open,ATADD_T2_Train_143817.flac
/root/atadd_track2_subset_v3/train/ATADD_T2_Train_143818.flac,1,music,Stable Audio open,ATADD_T2_Train_143818.flac
/root/atadd_track2_subset_v3/train/ATADD_T2_Train_143822.flac,1,music,Stable Audio open,ATADD_T2_Train_143822.flac
/root/atadd_track2_subset_v3/train/ATADD_T2_Train_143823.flac,1,music,Stable Audio open,ATADD_T2_Train_143823.flac
/root/atadd_track2_subset_v3/train/ATADD_T2_Train_143824.flac,1,music,Stable Audio open,ATADD_T2_Train_143824.flac
/root/atadd_track2_subset_v3/train/ATADD_T2_Train_143825.flac,1,music,Stable Audio open,ATADD_T2_Train_143825.flac
/root/atadd_track2_subset_v3/train/ATADD_T2_Train_143833.flac,1,music,Stable Audio open,ATADD_T2_Train_143833.flac
/root/atadd_track2_subset_v3/train/ATADD_T2_Train_143835.flac,1,music,Stable Audio open,ATADD_T2_Train_143835.flac
/root/atadd_track2_subset_v3/train/ATADD_T2_Train_143837.flac,1,music,Stable Audio open,ATADD_T2_Train_143837.flac
/root/atadd_track2_subset_v3/train/ATADD_T2_Train_143845.flac,1,music,Stable Audio open,ATADD_T2_Train_143845.flac
/root/atadd_track2_subset_v3/train/ATADD_T2_Train_143846.flac,1,music,Stable Audio open,ATADD_T2_Train_143846.flac
/root/atadd_track2_subset_v3/train/ATADD_T2_Train_143852.flac,1,music,Stable Audio open,ATADD_T2_Train_143852.flac
/root/atadd_track2_subset_v3/train/ATADD_T2_Train_143863.flac,1,music,Stable Audio open,ATADD_T2_Train_143863.flac
/root/atadd_track2_subset_v3/train/ATADD_T2_Train_143864.flac,1,music,Stable Audio open,ATADD_T2_Train_143864.flac
/root/atadd_track2_subset_v3/train/ATADD_T2_Train_143869.flac,1,music,Stable Audio open,ATADD_T2_Train_143869.flac
/root/atadd_track2_subset_v3/train/ATADD_T2_Train_143873.flac,1,music,Stable Audio open,ATADD_T2_Train_143873.flac
/root/atadd_track2_subset_v3/train/ATADD_T2_Train_143875.flac,1,music,Stable Audio open,ATADD_T2_Train_143875.flac
/root/atadd_track2_subset_v3/train/ATADD_T2_Train_143889.flac,1,music,Stable Audio open,ATADD_T2_Train_143889.flac
/root/atadd_track2_subset_v3/train/ATADD_T2_Train_143895.flac,1,music,Stable Audio open,ATADD_T2_Train_143895.flac
/root/atadd_track2_subset_v3/train/ATADD_T2_Train_143896.flac,1,music,Stable Audio open,ATADD_T2_Train_143896.flac
/root/atadd_track2_subset_v3/train/ATADD_T2_Train_143902.flac,1,music,Stable Audio open,ATADD_T2_Train_143902.flac
/root/atadd_track2_subset_v3/train/ATADD_T2_Train_143906.flac,1,music,Stable Audio open,ATADD_T2_Train_143906.flac
/root/atadd_track2_subset_v3/train/ATADD_T2_Train_143918.flac,1,music,Stable Audio open,ATADD_T2_Train_143918.flac
/root/atadd_track2_subset_v3/train/ATADD_T2_Train_143923.flac,1,music,Stable Audio open,ATADD_T2_Train_143923.flac
/root/atadd_track2_subset_v3/train/ATADD_T2_Train_143924.flac,1,music,Stable Audio open,ATADD_T2_Train_143924.flac
/root/atadd_track2_subset_v3/train/ATADD_T2_Train_143931.flac,1,music,Stable Audio open,ATADD_T2_Train_143931.flac
/root/atadd_track2_subset_v3/train/ATADD_T2_Train_143933.flac,1,music,Stable Audio open,ATADD_T2_Train_143933.flac
/root/atadd_track2_subset_v3/train/ATADD_T2_Train_143940.flac,1,music,Stable Audio open,ATADD_T2_Train_143940.flac
/root/atadd_track2_subset_v3/train/ATADD_T2_Train_143950.flac,1,music,Stable Audio open,ATADD_T2_Train_143950.flac
/root/atadd_track2_subset_v3/train/ATADD_T2_Train_143952.flac,1,music,Stable Audio open,ATADD_T2_Train_143952.flac
/root/atadd_track2_subset_v3/train/ATADD_T2_Train_143956.flac,1,music,Stable Audio open,ATADD_T2_Train_143956.flac
/root/atadd_track2_subset_v3/train/ATADD_T2_Train_143959.flac,1,music,Stable Audio open,ATADD_T2_Train_143959.flac
/root/atadd_track2_subset_v3/train/ATADD_T2_Train_143965.flac,1,music,Stable Audio open,ATADD_T2_Train_143965.flac
/root/atadd_track2_subset_v3/train/ATADD_T2_Train_143966.flac,1,music,Stable Audio open,ATADD_T2_Train_143966.flac
/root/atadd_track2_subset_v3/train/ATADD_T2_Train_143974.flac,1,music,Stable Audio open,ATADD_T2_Train_143974.flac
/root/atadd_track2_subset_v3/train/ATADD_T2_Train_143979.flac,1,music,Stable Audio open,ATADD_T2_Train_143979.flac
/root/atadd_track2_subset_v3/train/ATADD_T2_Train_143983.flac,1,music,Stable Audio open,ATADD_T2_Train_143983.flac
/root/atadd_track2_subset_v3/train/ATADD_T2_Train_143985.flac,1,music,Stable Audio open,ATADD_T2_Train_143985.flac
/root/atadd_track2_subset_v3/train/ATADD_T2_Train_143989.flac,1,music,Stable Audio open,ATADD_T2_Train_143989.flac
/root/atadd_track2_subset_v3/train/ATADD_T2_Train_143994.flac,1,music,Stable Audio open,ATADD_T2_Train_143994.flac
/root/atadd_track2_subset_v3/train/ATADD_T2_Train_143996.flac,1,music,Stable Audio open,ATADD_T2_Train_143996.flac
/root/atadd_track2_subset_v3/train/ATADD_T2_Train_144001.flac,1,music,Stable Audio open,ATADD_T2_Train_144001.flac
/root/atadd_track2_subset_v3/train/ATADD_T2_Train_144003.flac,1,music,Stable Audio open,ATADD_T2_Train_144003.flac
/root/atadd_track2_subset_v3/train/ATADD_T2_Train_144007.flac,1,music,Stable Audio open,ATADD_T2_Train_144007.flac
/root/atadd_track2_subset_v3/train/ATADD_T2_Train_144012.flac,1,music,Stable Audio open,ATADD_T2_Train_144012.flac
/root/atadd_track2_subset_v3/train/ATADD_T2_Train_144023.flac,1,music,Stable Audio open,ATADD_T2_Train_144023.flac
/root/atadd_track2_subset_v3/train/ATADD_T2_Train_144028.flac,1,music,Stable Audio open,ATADD_T2_Train_144028.flac
/root/atadd_track2_subset_v3/train/ATADD_T2_Train_144031.flac,1,music,Stable Audio open,ATADD_T2_Train_144031.flac
/root/atadd_track2_subset_v3/train/ATADD_T2_Train_144035.flac,1,music,Stable Audio open,ATADD_T2_Train_144035.flac
/root/atadd_track2_subset_v3/train/ATADD_T2_Train_144036.flac,1,music,Stable Audio open,ATADD_T2_Train_144036.flac
/root/atadd_track2_subset_v3/train/ATADD_T2_Train_144048.flac,1,music,Stable Audio open,ATADD_T2_Train_144048.flac
/root/atadd_track2_subset_v3/train/ATADD_T2_Train_144054.flac,1,music,Stable Audio open,ATADD_T2_Train_144054.flac
/root/atadd_track2_subset_v3/train/ATADD_T2_Train_144056.flac,1,music,Stable Audio open,ATADD_T2_Train_144056.flac
/root/atadd_track2_subset_v3/train/ATADD_T2_Train_144057.flac,1,music,Stable Audio open,ATADD_T2_Train_144057.flac
/root/atadd_track2_subset_v3/train/ATADD_T2_Train_144068.flac,1,music,Stable Audio open,ATADD_T2_Train_144068.flac
/root/atadd_track2_subset_v3/train/ATADD_T2_Train_144069.flac,1,music,Stable Audio open,ATADD_T2_Train_144069.flac
/root/atadd_track2_subset_v3/train/ATADD_T2_Train_144070.flac,1,music,Stable Audio open,ATADD_T2_Train_144070.flac
/root/atadd_track2_subset_v3/train/ATADD_T2_Train_144071.flac,1,music,Stable Audio open,ATADD_T2_Train_144071.flac
/root/atadd_track2_subset_v3/train/ATADD_T2_Train_144072.flac,1,music,Stable Audio open,ATADD_T2_Train_144072.flac
/root/atadd_track2_subset_v3/train/ATADD_T2_Train_144079.flac,1,music,Stable Audio open,ATADD_T2_Train_144079.flac
/root/atadd_track2_subset_v3/train/ATADD_T2_Train_144080.flac,1,music,Stable Audio open,ATADD_T2_Train_144080.flac
/root/atadd_track2_subset_v3/train/ATADD_T2_Train_144096.flac,1,music,Stable Audio open,ATADD_T2_Train_144096.flac
/root/atadd_track2_subset_v3/train/ATADD_T2_Train_144097.flac,1,music,Stable Audio open,ATADD_T2_Train_144097.flac
/root/atadd_track2_subset_v3/train/ATADD_T2_Train_144100.flac,1,music,Stable Audio open,ATADD_T2_Train_144100.flac
/root/atadd_track2_subset_v3/train/ATADD_T2_Train_144103.flac,1,music,Stable Audio open,ATADD_T2_Train_144103.flac
/root/atadd_track2_subset_v3/train/ATADD_T2_Train_144111.flac,1,music,Stable Audio open,ATADD_T2_Train_144111.flac
/root/atadd_track2_subset_v3/train/ATADD_T2_Train_144117.flac,1,music,Stable Audio open,ATADD_T2_Train_144117.flac
/root/atadd_track2_subset_v3/train/ATADD_T2_Train_144122.flac,1,music,Stable Audio open,ATADD_T2_Train_144122.flac
/root/atadd_track2_subset_v3/train/ATADD_T2_Train_144123.flac,1,music,Stable Audio open,ATADD_T2_Train_144123.flac
/root/atadd_track2_subset_v3/train/ATADD_T2_Train_144126.flac,1,music,Stable Audio open,ATADD_T2_Train_144126.flac
/root/atadd_track2_subset_v3/train/ATADD_T2_Train_144127.flac,1,music,Stable Audio open,ATADD_T2_Train_144127.flac
/root/atadd_track2_subset_v3/train/ATADD_T2_Train_144134.flac,1,music,Stable Audio open,ATADD_T2_Train_144134.flac
/root/atadd_track2_subset_v3/train/ATADD_T2_Train_144138.flac,1,music,Stable Audio open,ATADD_T2_Train_144138.flac
/root/atadd_track2_subset_v3/train/ATADD_T2_Train_144140.flac,1,music,Stable Audio open,ATADD_T2_Train_144140.flac
/root/atadd_track2_subset_v3/train/ATADD_T2_Train_144146.flac,1,music,Stable Audio open,ATADD_T2_Train_144146.flac
/root/atadd_track2_subset_v3/train/ATADD_T2_Train_144150.flac,1,music,Stable Audio open,ATADD_T2_Train_144150.flac
/root/atadd_track2_subset_v3/train/ATADD_T2_Train_144153.flac,1,music,Stable Audio open,ATADD_T2_Train_144153.flac
/root/atadd_track2_subset_v3/train/ATADD_T2_Train_144157.flac,1,music,Stable Audio open,ATADD_T2_Train_144157.flac
/root/atadd_track2_subset_v3/train/ATADD_T2_Train_144164.flac,1,music,Stable Audio open,ATADD_T2_Train_144164.flac
/root/atadd_track2_subset_v3/train/ATADD_T2_Train_144173.flac,1,music,Stable Audio open,ATADD_T2_Train_144173.flac
/root/atadd_track2_subset_v3/train/ATADD_T2_Train_144175.flac,1,music,Stable Audio open,ATADD_T2_Train_144175.flac
/root/atadd_track2_subset_v3/train/ATADD_T2_Train_144187.flac,1,music,Stable Audio open,ATADD_T2_Train_144187.flac
/root/atadd_track2_subset_v3/train/ATADD_T2_Train_144189.flac,1,music,Stable Audio open,ATADD_T2_Train_144189.flac
/root/atadd_track2_subset_v3/train/ATADD_T2_Train_144191.flac,1,music,Stable Audio open,ATADD_T2_Train_144191.flac
/root/atadd_track2_subset_v3/train/ATADD_T2_Train_144197.flac,1,music,Stable Audio open,ATADD_T2_Train_144197.flac
/root/atadd_track2_subset_v3/train/ATADD_T2_Train_144201.flac,1,music,Stable Audio open,ATADD_T2_Train_144201.flac
/root/atadd_track2_subset_v3/train/ATADD_T2_Train_144203.flac,1,music,Stable Audio open,ATADD_T2_Train_144203.flac
/root/atadd_track2_subset_v3/train/ATADD_T2_Train_144208.flac,1,music,Stable Audio open,ATADD_T2_Train_144208.flac
/root/atadd_track2_subset_v3/train/ATADD_T2_Train_144209.flac,1,music,Stable Audio open,ATADD_T2_Train_144209.flac
/root/atadd_track2_subset_v3/train/ATADD_T2_Train_144215.flac,1,music,Stable Audio open,ATADD_T2_Train_144215.flac
/root/atadd_track2_subset_v3/train/ATADD_T2_Train_144220.flac,1,music,Stable Audio open,ATADD_T2_Train_144220.flac
/root/atadd_track2_subset_v3/train/ATADD_T2_Train_144221.flac,1,music,Stable Audio open,ATADD_T2_Train_144221.flac
/root/atadd_track2_subset_v3/train/ATADD_T2_Train_144231.flac,1,music,Stable Audio open,ATADD_T2_Train_144231.flac
/root/atadd_track2_subset_v3/train/ATADD_T2_Train_144232.flac,1,music,Stable Audio open,ATADD_T2_Train_144232.flac
/root/atadd_track2_subset_v3/train/ATADD_T2_Train_144233.flac,1,music,Stable Audio open,ATADD_T2_Train_144233.flac
/root/atadd_track2_subset_v3/train/ATADD_T2_Train_144234.flac,1,music,Stable Audio open,ATADD_T2_Train_144234.flac
/root/atadd_track2_subset_v3/train/ATADD_T2_Train_144241.flac,1,music,Stable Audio open,ATADD_T2_Train_144241.flac
/root/atadd_track2_subset_v3/train/ATADD_T2_Train_144243.flac,1,music,Stable Audio open,ATADD_T2_Train_144243.flac
/root/atadd_track2_subset_v3/train/ATADD_T2_Train_144247.flac,1,music,Stable Audio open,ATADD_T2_Train_144247.flac
/root/atadd_track2_subset_v3/train/ATADD_T2_Train_144251.flac,1,music,Stable Audio open,ATADD_T2_Train_144251.flac
/root/atadd_track2_subset_v3/train/ATADD_T2_Train_144257.flac,1,music,Stable Audio open,ATADD_T2_Train_144257.flac
/root/atadd_track2_subset_v3/train/ATADD_T2_Train_144258.flac,1,music,Stable Audio open,ATADD_T2_Train_144258.flac
/root/atadd_track2_subset_v3/train/ATADD_T2_Train_144260.flac,1,music,Stable Audio open,ATADD_T2_Train_144260.flac
/root/atadd_track2_subset_v3/train/ATADD_T2_Train_144268.flac,1,music,Stable Audio open,ATADD_T2_Train_144268.flac
/root/atadd_track2_subset_v3/train/ATADD_T2_Train_144272.flac,1,music,Stable Audio open,ATADD_T2_Train_144272.flac
/root/atadd_track2_subset_v3/train/ATADD_T2_Train_144284.flac,1,music,Stable Audio open,ATADD_T2_Train_144284.flac
/root/atadd_track2_subset_v3/train/ATADD_T2_Train_144286.flac,1,music,Stable Audio open,ATADD_T2_Train_144286.flac
/root/atadd_track2_subset_v3/train/ATADD_T2_Train_144289.flac,1,music,Stable Audio open,ATADD_T2_Train_144289.flac
/root/atadd_track2_subset_v3/train/ATADD_T2_Train_144291.flac,1,music,Stable Audio open,ATADD_T2_Train_144291.flac
/root/atadd_track2_subset_v3/train/ATADD_T2_Train_144296.flac,1,music,Stable Audio open,ATADD_T2_Train_144296.flac
/root/atadd_track2_subset_v3/train/ATADD_T2_Train_144298.flac,1,music,Stable Audio open,ATADD_T2_Train_144298.flac
/root/atadd_track2_subset_v3/train/ATADD_T2_Train_144306.flac,1,music,Stable Audio open,ATADD_T2_Train_144306.flac
/root/atadd_track2_subset_v3/train/ATADD_T2_Train_144310.flac,1,music,Stable Audio open,ATADD_T2_Train_144310.flac
/root/atadd_track2_subset_v3/train/ATADD_T2_Train_144313.flac,1,music,Stable Audio open,ATADD_T2_Train_144313.flac
/root/atadd_track2_subset_v3/train/ATADD_T2_Train_144316.flac,1,music,Stable Audio open,ATADD_T2_Train_144316.flac
/root/atadd_track2_subset_v3/train/ATADD_T2_Train_144320.flac,1,music,Stable Audio open,ATADD_T2_Train_144320.flac
/root/atadd_track2_subset_v3/train/ATADD_T2_Train_144324.flac,1,music,Stable Audio open,ATADD_T2_Train_144324.flac
/root/atadd_track2_subset_v3/train/ATADD_T2_Train_144327.flac,1,music,Stable Audio open,ATADD_T2_Train_144327.flac
/root/atadd_track2_subset_v3/train/ATADD_T2_Train_144330.flac,1,music,Stable Audio open,ATADD_T2_Train_144330.flac
/root/atadd_track2_subset_v3/train/ATADD_T2_Train_144334.flac,1,music,Stable Audio open,ATADD_T2_Train_144334.flac
/root/atadd_track2_subset_v3/train/ATADD_T2_Train_144336.flac,1,music,Stable Audio open,ATADD_T2_Train_144336.flac
/root/atadd_track2_subset_v3/train/ATADD_T2_Train_144341.flac,1,music,Stable Audio open,ATADD_T2_Train_144341.flac
/root/atadd_track2_subset_v3/train/ATADD_T2_Train_144345.flac,1,music,Stable Audio open,ATADD_T2_Train_144345.flac
/root/atadd_track2_subset_v3/train/ATADD_T2_Train_144347.flac,1,music,Stable Audio open,ATADD_T2_Train_144347.flac
/root/atadd_track2_subset_v3/train/ATADD_T2_Train_144348.flac,1,music,Stable Audio open,ATADD_T2_Train_144348.flac
/root/atadd_track2_subset_v3/train/ATADD_T2_Train_144351.flac,1,music,Stable Audio open,ATADD_T2_Train_144351.flac
/root/atadd_track2_subset_v3/train/ATADD_T2_Train_144352.flac,1,music,Stable Audio open,ATADD_T2_Train_144352.flac
/root/atadd_track2_subset_v3/train/ATADD_T2_Train_144358.flac,1,music,Stable Audio open,ATADD_T2_Train_144358.flac
/root/atadd_track2_subset_v3/train/ATADD_T2_Train_144362.flac,1,music,Stable Audio open,ATADD_T2_Train_144362.flac
/root/atadd_track2_subset_v3/train/ATADD_T2_Train_144364.flac,1,music,Stable Audio open,ATADD_T2_Train_144364.flac
/root/atadd_track2_subset_v3/train/ATADD_T2_Train_144396.flac,1,music,Stable Audio open,ATADD_T2_Train_144396.flac
/root/atadd_track2_subset_v3/train/ATADD_T2_Train_144398.flac,1,music,Stable Audio open,ATADD_T2_Train_144398.flac
/root/atadd_track2_subset_v3/train/ATADD_T2_Train_144402.flac,1,music,Stable Audio open,ATADD_T2_Train_144402.flac
/root/atadd_track2_subset_v3/train/ATADD_T2_Train_144410.flac,1,music,Stable Audio open,ATADD_T2_Train_144410.flac
/root/atadd_track2_subset_v3/train/ATADD_T2_Train_144412.flac,1,music,Stable Audio open,ATADD_T2_Train_144412.flac
/root/atadd_track2_subset_v3/train/ATADD_T2_Train_144413.flac,1,music,Stable Audio open,ATADD_T2_Train_144413.flac
/root/atadd_track2_subset_v3/train/ATADD_T2_Train_144419.flac,1,music,Stable Audio open,ATADD_T2_Train_144419.flac
/root/atadd_track2_subset_v3/train/ATADD_T2_Train_144420.flac,1,music,Stable Audio open,ATADD_T2_Train_144420.flac
/root/atadd_track2_subset_v3/train/ATADD_T2_Train_144422.flac,1,music,Stable Audio open,ATADD_T2_Train_144422.flac
/root/atadd_track2_subset_v3/train/ATADD_T2_Train_144423.flac,1,music,Stable Audio open,ATADD_T2_Train_144423.flac
/root/atadd_track2_subset_v3/train/ATADD_T2_Train_144427.flac,1,music,Stable Audio open,ATADD_T2_Train_144427.flac
/root/atadd_track2_subset_v3/train/ATADD_T2_Train_144428.flac,1,music,Stable Audio open,ATADD_T2_Train_144428.flac
/root/atadd_track2_subset_v3/train/ATADD_T2_Train_144432.flac,1,music,Stable Audio open,ATADD_T2_Train_144432.flac
/root/atadd_track2_subset_v3/train/ATADD_T2_Train_144436.flac,1,music,Stable Audio open,ATADD_T2_Train_144436.flac
/root/atadd_track2_subset_v3/train/ATADD_T2_Train_144444.flac,1,music,Stable Audio open,ATADD_T2_Train_144444.flac
/root/atadd_track2_subset_v3/train/ATADD_T2_Train_144445.flac,1,music,Stable Audio open,ATADD_T2_Train_144445.flac
/root/atadd_track2_subset_v3/train/ATADD_T2_Train_144449.flac,1,music,Stable Audio open,ATADD_T2_Train_144449.flac
/root/atadd_track2_subset_v3/train/ATADD_T2_Train_144451.flac,1,music,Stable Audio open,ATADD_T2_Train_144451.flac
/root/atadd_track2_subset_v3/train/ATADD_T2_Train_144453.flac,1,music,Stable Audio open,ATADD_T2_Train_144453.flac
/root/atadd_track2_subset_v3/train/ATADD_T2_Train_144456.flac,1,music,Stable Audio open,ATADD_T2_Train_144456.flac
/root/atadd_track2_subset_v3/train/ATADD_T2_Train_144457.flac,1,music,Stable Audio open,ATADD_T2_Train_144457.flac
/root/atadd_track2_subset_v3/train/ATADD_T2_Train_144460.flac,1,music,Stable Audio open,ATADD_T2_Train_144460.flac
/root/atadd_track2_subset_v3/train/ATADD_T2_Train_144468.flac,1,music,Stable Audio open,ATADD_T2_Train_144468.flac
/root/atadd_track2_subset_v3/train/ATADD_T2_Train_144470.flac,1,music,Stable Audio open,ATADD_T2_Train_144470.flac
/root/atadd_track2_subset_v3/train/ATADD_T2_Train_144475.flac,1,music,Stable Audio open,ATADD_T2_Train_144475.flac
/root/atadd_track2_subset_v3/train/ATADD_T2_Train_144476.flac,1,music,Stable Audio open,ATADD_T2_Train_144476.flac
/root/atadd_track2_subset_v3/train/ATADD_T2_Train_144479.flac,1,music,Stable Audio open,ATADD_T2_Train_144479.flac
/root/atadd_track2_subset_v3/train/ATADD_T2_Train_144482.flac,1,music,Stable Audio open,ATADD_T2_Train_144482.flac
/root/atadd_track2_subset_v3/train/ATADD_T2_Train_144484.flac,1,music,Stable Audio open,ATADD_T2_Train_144484.flac
/root/atadd_track2_subset_v3/train/ATADD_T2_Train_144491.flac,1,music,Stable Audio open,ATADD_T2_Train_144491.flac
/root/atadd_track2_subset_v3/train/ATADD_T2_Train_144495.flac,1,music,Stable Audio open,ATADD_T2_Train_144495.flac
/root/atadd_track2_subset_v3/train/ATADD_T2_Train_144500.flac,1,music,Stable Audio open,ATADD_T2_Train_144500.flac
/root/atadd_track2_subset_v3/train/ATADD_T2_Train_144507.flac,1,music,Stable Audio open,ATADD_T2_Train_144507.flac
/root/atadd_track2_subset_v3/train/ATADD_T2_Train_144509.flac,1,music,Stable Audio open,ATADD_T2_Train_144509.flac
/root/atadd_track2_subset_v3/train/ATADD_T2_Train_144521.flac,1,music,Stable Audio open,ATADD_T2_Train_144521.flac
/root/atadd_track2_subset_v3/train/ATADD_T2_Train_144523.flac,1,music,Stable Audio open,ATADD_T2_Train_144523.flac
/root/atadd_track2_subset_v3/train/ATADD_T2_Train_144524.flac,1,music,Stable Audio open,ATADD_T2_Train_144524.flac
/root/atadd_track2_subset_v3/train/ATADD_T2_Train_144525.flac,1,music,Stable Audio open,ATADD_T2_Train_144525.flac
/root/atadd_track2_subset_v3/train/ATADD_T2_Train_144530.flac,1,music,Stable Audio open,ATADD_T2_Train_144530.flac
/root/atadd_track2_subset_v3/train/ATADD_T2_Train_144538.flac,1,music,Stable Audio open,ATADD_T2_Train_144538.flac
/root/atadd_track2_subset_v3/train/ATADD_T2_Train_144541.flac,1,music,Stable Audio open,ATADD_T2_Train_144541.flac
/root/atadd_track2_subset_v3/train/ATADD_T2_Train_144543.flac,1,music,Stable Audio open,ATADD_T2_Train_144543.flac
/root/atadd_track2_subset_v3/train/ATADD_T2_Train_144548.flac,1,music,Stable Audio open,ATADD_T2_Train_144548.flac
/root/atadd_track2_subset_v3/train/ATADD_T2_Train_144549.flac,1,music,Stable Audio open,ATADD_T2_Train_144549.flac
/root/atadd_track2_subset_v3/train/ATADD_T2_Train_144551.flac,1,music,Stable Audio open,ATADD_T2_Train_144551.flac
/root/atadd_track2_subset_v3/train/ATADD_T2_Train_144569.flac,1,music,Stable Audio open,ATADD_T2_Train_144569.flac
/root/atadd_track2_subset_v3/train/ATADD_T2_Train_144570.flac,1,music,Stable Audio open,ATADD_T2_Train_144570.flac
/root/atadd_track2_subset_v3/train/ATADD_T2_Train_144571.flac,1,music,Stable Audio open,ATADD_T2_Train_144571.flac
/root/atadd_track2_subset_v3/train/ATADD_T2_Train_144572.flac,1,music,Stable Audio open,ATADD_T2_Train_144572.flac
/root/atadd_track2_subset_v3/train/ATADD_T2_Train_144573.flac,1,music,Stable Audio open,ATADD_T2_Train_144573.flac
/root/atadd_track2_subset_v3/train/ATADD_T2_Train_144574.flac,1,music,Stable Audio open,ATADD_T2_Train_144574.flac
/root/atadd_track2_subset_v3/train/ATADD_T2_Train_144577.flac,1,music,Stable Audio open,ATADD_T2_Train_144577.flac
/root/atadd_track2_subset_v3/train/ATADD_T2_Train_144578.flac,1,music,Stable Audio open,ATADD_T2_Train_144578.flac
/root/atadd_track2_subset_v3/train/ATADD_T2_Train_144580.flac,1,music,Stable Audio open,ATADD_T2_Train_144580.flac
/root/atadd_track2_subset_v3/train/ATADD_T2_Train_144581.flac,1,music,Stable Audio open,ATADD_T2_Train_144581.flac
/root/atadd_track2_subset_v3/train/ATADD_T2_Train_144590.flac,1,music,Stable Audio open,ATADD_T2_Train_144590.flac
/root/atadd_track2_subset_v3/train/ATADD_T2_Train_144601.flac,1,music,Stable Audio open,ATADD_T2_Train_144601.flac
/root/atadd_track2_subset_v3/train/ATADD_T2_Train_144604.flac,1,music,Stable Audio open,ATADD_T2_Train_144604.flac
/root/atadd_track2_subset_v3/train/ATADD_T2_Train_144610.flac,1,music,Stable Audio open,ATADD_T2_Train_144610.flac
/root/atadd_track2_subset_v3/train/ATADD_T2_Train_144612.flac,1,music,Stable Audio open,ATADD_T2_Train_144612.flac
/root/atadd_track2_subset_v3/train/ATADD_T2_Train_144613.flac,1,music,Stable Audio open,ATADD_T2_Train_144613.flac
/root/atadd_track2_subset_v3/train/ATADD_T2_Train_144614.flac,1,music,Stable Audio open,ATADD_T2_Train_144614.flac
/root/atadd_track2_subset_v3/train/ATADD_T2_Train_144615.flac,1,music,Stable Audio open,ATADD_T2_Train_144615.flac
/root/atadd_track2_subset_v3/train/ATADD_T2_Train_144616.flac,1,music,Stable Audio open,ATADD_T2_Train_144616.flac
/root/atadd_track2_subset_v3/train/ATADD_T2_Train_144621.flac,1,music,Stable Audio open,ATADD_T2_Train_144621.flac
/root/atadd_track2_subset_v3/train/ATADD_T2_Train_144622.flac,1,music,Stable Audio open,ATADD_T2_Train_144622.flac
/root/atadd_track2_subset_v3/train/ATADD_T2_Train_144628.flac,1,music,Stable Audio open,ATADD_T2_Train_144628.flac
/root/atadd_track2_subset_v3/train/ATADD_T2_Train_144633.flac,1,music,Stable Audio open,ATADD_T2_Train_144633.flac
/root/atadd_track2_subset_v3/train/ATADD_T2_Train_144636.flac,1,music,Stable Audio open,ATADD_T2_Train_144636.flac
/root/atadd_track2_subset_v3/train/ATADD_T2_Train_144652.flac,1,music,Stable Audio open,ATADD_T2_Train_144652.flac
/root/atadd_track2_subset_v3/train/ATADD_T2_Train_144655.flac,1,music,Stable Audio open,ATADD_T2_Train_144655.flac
/root/atadd_track2_subset_v3/train/ATADD_T2_Train_144662.flac,1,music,Stable Audio open,ATADD_T2_Train_144662.flac
/root/atadd_track2_subset_v3/train/ATADD_T2_Train_144669.flac,1,music,Stable Audio open,ATADD_T2_Train_144669.flac
/root/atadd_track2_subset_v3/train/ATADD_T2_Train_144670.flac,1,music,Stable Audio open,ATADD_T2_Train_144670.flac
/root/atadd_track2_subset_v3/train/ATADD_T2_Train_144672.flac,1,music,Stable Audio open,ATADD_T2_Train_144672.flac
/root/atadd_track2_subset_v3/train/ATADD_T2_Train_144673.flac,1,music,Stable Audio open,ATADD_T2_Train_144673.flac
/root/atadd_track2_subset_v3/train/ATADD_T2_Train_144679.flac,1,music,Stable Audio open,ATADD_T2_Train_144679.flac
/root/atadd_track2_subset_v3/train/ATADD_T2_Train_144680.flac,1,music,Stable Audio open,ATADD_T2_Train_144680.flac
/root/atadd_track2_subset_v3/train/ATADD_T2_Train_144681.flac,1,music,Stable Audio open,ATADD_T2_Train_144681.flac
/root/atadd_track2_subset_v3/train/ATADD_T2_Train_144682.flac,1,music,Stable Audio open,ATADD_T2_Train_144682.flac
/root/atadd_track2_subset_v3/train/ATADD_T2_Train_144685.flac,1,music,Stable Audio open,ATADD_T2_Train_144685.flac
/root/atadd_track2_subset_v3/train/ATADD_T2_Train_144687.flac,1,music,Stable Audio open,ATADD_T2_Train_144687.flac
/root/atadd_track2_subset_v3/train/ATADD_T2_Train_144689.flac,1,music,Stable Audio open,ATADD_T2_Train_144689.flac
/root/atadd_track2_subset_v3/train/ATADD_T2_Train_144691.flac,1,music,Stable Audio open,ATADD_T2_Train_144691.flac
/root/atadd_track2_subset_v3/train/ATADD_T2_Train_144694.flac,1,music,Stable Audio open,ATADD_T2_Train_144694.flac
/root/atadd_track2_subset_v3/train/ATADD_T2_Train_144695.flac,1,music,Stable Audio open,ATADD_T2_Train_144695.flac
/root/atadd_track2_subset_v3/train/ATADD_T2_Train_144698.flac,1,music,Stable Audio open,ATADD_T2_Train_144698.flac
/root/atadd_track2_subset_v3/train/ATADD_T2_Train_144700.flac,1,music,Stable Audio open,ATADD_T2_Train_144700.flac
/root/atadd_track2_subset_v3/train/ATADD_T2_Train_144706.flac,1,music,Stable Audio open,ATADD_T2_Train_144706.flac
/root/atadd_track2_subset_v3/train/ATADD_T2_Train_144710.flac,1,music,Stable Audio open,ATADD_T2_Train_144710.flac
/root/atadd_track2_subset_v3/train/ATADD_T2_Train_144716.flac,1,music,Stable Audio open,ATADD_T2_Train_144716.flac
/root/atadd_track2_subset_v3/train/ATADD_T2_Train_144722.flac,1,music,Stable Audio open,ATADD_T2_Train_144722.flac
/root/atadd_track2_subset_v3/train/ATADD_T2_Train_144725.flac,1,music,Stable Audio open,ATADD_T2_Train_144725.flac
/root/atadd_track2_subset_v3/train/ATADD_T2_Train_144730.flac,1,music,Stable Audio open,ATADD_T2_Train_144730.flac
/root/atadd_track2_subset_v3/train/ATADD_T2_Train_144735.flac,1,music,Stable Audio open,ATADD_T2_Train_144735.flac
/root/atadd_track2_subset_v3/train/ATADD_T2_Train_144748.flac,1,music,Stable Audio open,ATADD_T2_Train_144748.flac
/root/atadd_track2_subset_v3/train/ATADD_T2_Train_144750.flac,1,music,Stable Audio open,ATADD_T2_Train_144750.flac
/root/atadd_track2_subset_v3/train/ATADD_T2_Train_144753.flac,1,music,Stable Audio open,ATADD_T2_Train_144753.flac
/root/atadd_track2_subset_v3/train/ATADD_T2_Train_144756.flac,1,music,Stable Audio open,ATADD_T2_Train_144756.flac
/root/atadd_track2_subset_v3/train/ATADD_T2_Train_144760.flac,1,music,Stable Audio open,ATADD_T2_Train_144760.flac
/root/atadd_track2_subset_v3/train/ATADD_T2_Train_144767.flac,1,music,Stable Audio open,ATADD_T2_Train_144767.flac
/root/atadd_track2_subset_v3/train/ATADD_T2_Train_144772.flac,1,music,Stable Audio open,ATADD_T2_Train_144772.flac
/root/atadd_track2_subset_v3/train/ATADD_T2_Train_144775.flac,1,music,Stable Audio open,ATADD_T2_Train_144775.flac
/root/atadd_track2_subset_v3/train/ATADD_T2_Train_144777.flac,1,music,Stable Audio open,ATADD_T2_Train_144777.flac
/root/atadd_track2_subset_v3/train/ATADD_T2_Train_144778.flac,1,music,Stable Audio open,ATADD_T2_Train_144778.flac
/root/atadd_track2_subset_v3/train/ATADD_T2_Train_144788.flac,1,music,Stable Audio open,ATADD_T2_Train_144788.flac
/root/atadd_track2_subset_v3/train/ATADD_T2_Train_144789.flac,1,music,Stable Audio open,ATADD_T2_Train_144789.flac
/root/atadd_track2_subset_v3/train/ATADD_T2_Train_144796.flac,1,music,Stable Audio open,ATADD_T2_Train_144796.flac
/root/atadd_track2_subset_v3/train/ATADD_T2_Train_144806.flac,1,music,Stable Audio open,ATADD_T2_Train_144806.flac
/root/atadd_track2_subset_v3/train/ATADD_T2_Train_144809.flac,1,music,Stable Audio open,ATADD_T2_Train_144809.flac
/root/atadd_track2_subset_v3/train/ATADD_T2_Train_144813.flac,1,music,Stable Audio open,ATADD_T2_Train_144813.flac
/root/atadd_track2_subset_v3/train/ATADD_T2_Train_144818.flac,1,music,Stable Audio open,ATADD_T2_Train_144818.flac
/root/atadd_track2_subset_v3/train/ATADD_T2_Train_144823.flac,1,music,Stable Audio open,ATADD_T2_Train_144823.flac
/root/atadd_track2_subset_v3/train/ATADD_T2_Train_144827.flac,1,music,Stable Audio open,ATADD_T2_Train_144827.flac
/root/atadd_track2_subset_v3/train/ATADD_T2_Train_144833.flac,1,music,Stable Audio open,ATADD_T2_Train_144833.flac
/root/atadd_track2_subset_v3/train/ATADD_T2_Train_144839.flac,1,music,Stable Audio open,ATADD_T2_Train_144839.flac
/root/atadd_track2_subset_v3/train/ATADD_T2_Train_144841.flac,1,music,Stable Audio open,ATADD_T2_Train_144841.flac
/root/atadd_track2_subset_v3/train/ATADD_T2_Train_144843.flac,1,music,Stable Audio open,ATADD_T2_Train_144843.flac
/root/atadd_track2_subset_v3/train/ATADD_T2_Train_144851.flac,1,music,Stable Audio open,ATADD_T2_Train_144851.flac
/root/atadd_track2_subset_v3/train/ATADD_T2_Train_144853.flac,1,music,Stable Audio open,ATADD_T2_Train_144853.flac
/root/atadd_track2_subset_v3/train/ATADD_T2_Train_144860.flac,1,music,Stable Audio open,ATADD_T2_Train_144860.flac
/root/atadd_track2_subset_v3/train/ATADD_T2_Train_144864.flac,1,music,Stable Audio open,ATADD_T2_Train_144864.flac
/root/atadd_track2_subset_v3/train/ATADD_T2_Train_144872.flac,1,music,Stable Audio open,ATADD_T2_Train_144872.flac
/root/atadd_track2_subset_v3/train/ATADD_T2_Train_144875.flac,1,music,Stable Audio open,ATADD_T2_Train_144875.flac
/root/atadd_track2_subset_v3/train/ATADD_T2_Train_144879.flac,1,music,Stable Audio open,ATADD_T2_Train_144879.flac
/root/atadd_track2_subset_v3/train/ATADD_T2_Train_144884.flac,1,music,Stable Audio open,ATADD_T2_Train_144884.flac
/root/atadd_track2_subset_v3/train/ATADD_T2_Train_144885.flac,1,music,Stable Audio open,ATADD_T2_Train_144885.flac
/root/atadd_track2_subset_v3/train/ATADD_T2_Train_144886.flac,1,music,Stable Audio open,ATADD_T2_Train_144886.flac
/root/atadd_track2_subset_v3/train/ATADD_T2_Train_144895.flac,1,music,Stable Audio open,ATADD_T2_Train_144895.flac
/root/atadd_track2_subset_v3/train/ATADD_T2_Train_144907.flac,1,music,Stable Audio open,ATADD_T2_Train_144907.flac
/root/atadd_track2_subset_v3/train/ATADD_T2_Train_144909.flac,1,music,Stable Audio open,ATADD_T2_Train_144909.flac
/root/atadd_track2_subset_v3/train/ATADD_T2_Train_144914.flac,1,music,Stable Audio open,ATADD_T2_Train_144914.flac
/root/atadd_track2_subset_v3/train/ATADD_T2_Train_144915.flac,1,music,Stable Audio open,ATADD_T2_Train_144915.flac
/root/atadd_track2_subset_v3/train/ATADD_T2_Train_144924.flac,1,music,Stable Audio open,ATADD_T2_Train_144924.flac
/root/atadd_track2_subset_v3/train/ATADD_T2_Train_144926.flac,1,music,Stable Audio open,ATADD_T2_Train_144926.flac
/root/atadd_track2_subset_v3/train/ATADD_T2_Train_144931.flac,1,music,Stable Audio open,ATADD_T2_Train_144931.flac
/root/atadd_track2_subset_v3/train/ATADD_T2_Train_144935.flac,1,music,Stable Audio open,ATADD_T2_Train_144935.flac
/root/atadd_track2_subset_v3/train/ATADD_T2_Train_144937.flac,1,music,Stable Audio open,ATADD_T2_Train_144937.flac
/root/atadd_track2_subset_v3/train/ATADD_T2_Train_144938.flac,1,music,Stable Audio open,ATADD_T2_Train_144938.flac
/root/atadd_track2_subset_v3/train/ATADD_T2_Train_144940.flac,1,music,Stable Audio open,ATADD_T2_Train_144940.flac
/root/atadd_track2_subset_v3/train/ATADD_T2_Train_144945.flac,1,music,Stable Audio open,ATADD_T2_Train_144945.flac
/root/atadd_track2_subset_v3/train/ATADD_T2_Train_144949.flac,1,music,Stable Audio open,ATADD_T2_Train_144949.flac
/root/atadd_track2_subset_v3/train/ATADD_T2_Train_144951.flac,1,music,Stable Audio open,ATADD_T2_Train_144951.flac
/root/atadd_track2_subset_v3/train/ATADD_T2_Train_144952.flac,1,music,Stable Audio open,ATADD_T2_Train_144952.flac
/root/atadd_track2_subset_v3/train/ATADD_T2_Train_144953.flac,1,music,Stable Audio open,ATADD_T2_Train_144953.flac
/root/atadd_track2_subset_v3/train/ATADD_T2_Train_144958.flac,1,music,Stable Audio open,ATADD_T2_Train_144958.flac
/root/atadd_track2_subset_v3/train/ATADD_T2_Train_144963.flac,1,music,Stable Audio open,ATADD_T2_Train_144963.flac
/root/atadd_track2_subset_v3/train/ATADD_T2_Train_144977.flac,1,music,Stable Audio open,ATADD_T2_Train_144977.flac
/root/atadd_track2_subset_v3/train/ATADD_T2_Train_144980.flac,1,music,Stable Audio open,ATADD_T2_Train_144980.flac
/root/atadd_track2_subset_v3/train/ATADD_T2_Train_144983.flac,1,music,Stable Audio open,ATADD_T2_Train_144983.flac
/root/atadd_track2_subset_v3/train/ATADD_T2_Train_144984.flac,1,music,Stable Audio open,ATADD_T2_Train_144984.flac
/root/atadd_track2_subset_v3/train/ATADD_T2_Train_144991.flac,1,music,Stable Audio open,ATADD_T2_Train_144991.flac
/root/atadd_track2_subset_v3/train/ATADD_T2_Train_144993.flac,1,music,Stable Audio open,ATADD_T2_Train_144993.flac
/root/atadd_track2_subset_v3/train/ATADD_T2_Train_144998.flac,1,music,Stable Audio open,ATADD_T2_Train_144998.flac
/root/atadd_track2_subset_v3/train/ATADD_T2_Train_145005.flac,1,music,Stable Audio open,ATADD_T2_Train_145005.flac
/root/atadd_track2_subset_v3/train/ATADD_T2_Train_145009.flac,1,music,Stable Audio open,ATADD_T2_Train_145009.flac
/root/atadd_track2_subset_v3/train/ATADD_T2_Train_145016.flac,1,music,Stable Audio open,ATADD_T2_Train_145016.flac
/root/atadd_track2_subset_v3/train/ATADD_T2_Train_145021.flac,1,music,Stable Audio open,ATADD_T2_Train_145021.flac
/root/atadd_track2_subset_v3/train/ATADD_T2_Train_145028.flac,1,music,Stable Audio open,ATADD_T2_Train_145028.flac
/root/atadd_track2_subset_v3/train/ATADD_T2_Train_145049.flac,1,music,Stable Audio open,ATADD_T2_Train_145049.flac
/root/atadd_track2_subset_v3/train/ATADD_T2_Train_145050.flac,1,music,Stable Audio open,ATADD_T2_Train_145050.flac
/root/atadd_track2_subset_v3/train/ATADD_T2_Train_145059.flac,1,music,Stable Audio open,ATADD_T2_Train_145059.flac
/root/atadd_track2_subset_v3/train/ATADD_T2_Train_145071.flac,1,music,Stable Audio open,ATADD_T2_Train_145071.flac
/root/atadd_track2_subset_v3/train/ATADD_T2_Train_145078.flac,1,music,Stable Audio open,ATADD_T2_Train_145078.flac
/root/atadd_track2_subset_v3/train/ATADD_T2_Train_145081.flac,1,music,Stable Audio open,ATADD_T2_Train_145081.flac
/root/atadd_track2_subset_v3/train/ATADD_T2_Train_145084.flac,1,music,Stable Audio open,ATADD_T2_Train_145084.flac
/root/atadd_track2_subset_v3/train/ATADD_T2_Train_145087.flac,1,music,Stable Audio open,ATADD_T2_Train_145087.flac
/root/atadd_track2_subset_v3/train/ATADD_T2_Train_145090.flac,1,music,Stable Audio open,ATADD_T2_Train_145090.flac
/root/atadd_track2_subset_v3/train/ATADD_T2_Train_145094.flac,1,music,Stable Audio open,ATADD_T2_Train_145094.flac
/root/atadd_track2_subset_v3/train/ATADD_T2_Train_145097.flac,1,music,Stable Audio open,ATADD_T2_Train_145097.flac
/root/atadd_track2_subset_v3/train/ATADD_T2_Train_145103.flac,1,music,Stable Audio open,ATADD_T2_Train_145103.flac
/root/atadd_track2_subset_v3/train/ATADD_T2_Train_145111.flac,1,music,Stable Audio open,ATADD_T2_Train_145111.flac
/root/atadd_track2_subset_v3/train/ATADD_T2_Train_145114.flac,1,music,Stable Audio open,ATADD_T2_Train_145114.flac
/root/atadd_track2_subset_v3/train/ATADD_T2_Train_145118.flac,1,music,Stable Audio open,ATADD_T2_Train_145118.flac
/root/atadd_track2_subset_v3/train/ATADD_T2_Train_145124.flac,1,music,Stable Audio open,ATADD_T2_Train_145124.flac
/root/atadd_track2_subset_v3/train/ATADD_T2_Train_145130.flac,1,music,Stable Audio open,ATADD_T2_Train_145130.flac
/root/atadd_track2_subset_v3/train/ATADD_T2_Train_145131.flac,1,music,Stable Audio open,ATADD_T2_Train_145131.flac
/root/atadd_track2_subset_v3/train/ATADD_T2_Train_145133.flac,1,music,Stable Audio open,ATADD_T2_Train_145133.flac
/root/atadd_track2_subset_v3/train/ATADD_T2_Train_145136.flac,1,music,Stable Audio open,ATADD_T2_Train_145136.flac
/root/atadd_track2_subset_v3/train/ATADD_T2_Train_145139.flac,1,music,Stable Audio open,ATADD_T2_Train_145139.flac
/root/atadd_track2_subset_v3/train/ATADD_T2_Train_145141.flac,1,music,Stable Audio open,ATADD_T2_Train_145141.flac
/root/atadd_track2_subset_v3/train/ATADD_T2_Train_145144.flac,1,music,Stable Audio open,ATADD_T2_Train_145144.flac
/root/atadd_track2_subset_v3/train/ATADD_T2_Train_145147.flac,1,music,Stable Audio open,ATADD_T2_Train_145147.flac
/root/atadd_track2_subset_v3/train/ATADD_T2_Train_145158.flac,1,music,Stable Audio open,ATADD_T2_Train_145158.flac
/root/atadd_track2_subset_v3/train/ATADD_T2_Train_145160.flac,1,music,Stable Audio open,ATADD_T2_Train_145160.flac
/root/atadd_track2_subset_v3/train/ATADD_T2_Train_145162.flac,1,music,Stable Audio open,ATADD_T2_Train_145162.flac
/root/atadd_track2_subset_v3/train/ATADD_T2_Train_145166.flac,1,music,Stable Audio open,ATADD_T2_Train_145166.flac
/root/atadd_track2_subset_v3/train/ATADD_T2_Train_145168.flac,1,music,Stable Audio open,ATADD_T2_Train_145168.flac
/root/atadd_track2_subset_v3/train/ATADD_T2_Train_145169.flac,1,music,Stable Audio open,ATADD_T2_Train_145169.flac
/root/atadd_track2_subset_v3/train/ATADD_T2_Train_145171.flac,1,music,Stable Audio open,ATADD_T2_Train_145171.flac
/root/atadd_track2_subset_v3/train/ATADD_T2_Train_145181.flac,1,music,Stable Audio open,ATADD_T2_Train_145181.flac
/root/atadd_track2_subset_v3/train/ATADD_T2_Train_145182.flac,1,music,Stable Audio open,ATADD_T2_Train_145182.flac
/root/atadd_track2_subset_v3/train/ATADD_T2_Train_145186.flac,1,music,Stable Audio open,ATADD_T2_Train_145186.flac
/root/atadd_track2_subset_v3/train/ATADD_T2_Train_145192.flac,1,music,Stable Audio open,ATADD_T2_Train_145192.flac
/root/atadd_track2_subset_v3/train/ATADD_T2_Train_145194.flac,1,music,Stable Audio open,ATADD_T2_Train_145194.flac
/root/atadd_track2_subset_v3/train/ATADD_T2_Train_145201.flac,1,music,Stable Audio open,ATADD_T2_Train_145201.flac
/root/atadd_track2_subset_v3/train/ATADD_T2_Train_145211.flac,1,music,Stable Audio open,ATADD_T2_Train_145211.flac
/root/atadd_track2_subset_v3/train/ATADD_T2_Train_145213.flac,1,music,Stable Audio open,ATADD_T2_Train_145213.flac
/root/atadd_track2_subset_v3/train/ATADD_T2_Train_145216.flac,1,music,Stable Audio open,ATADD_T2_Train_145216.flac
/root/atadd_track2_subset_v3/train/ATADD_T2_Train_145218.flac,1,music,Stable Audio open,ATADD_T2_Train_145218.flac
/root/atadd_track2_subset_v3/train/ATADD_T2_Train_145220.flac,1,music,Stable Audio open,ATADD_T2_Train_145220.flac
/root/atadd_track2_subset_v3/train/ATADD_T2_Train_145225.flac,1,music,Stable Audio open,ATADD_T2_Train_145225.flac
/root/atadd_track2_subset_v3/train/ATADD_T2_Train_145229.flac,1,music,Stable Audio open,ATADD_T2_Train_145229.flac
/root/atadd_track2_subset_v3/train/ATADD_T2_Train_145230.flac,1,music,Stable Audio open,ATADD_T2_Train_145230.flac
/root/atadd_track2_subset_v3/train/ATADD_T2_Train_145236.flac,1,music,Stable Audio open,ATADD_T2_Train_145236.flac
/root/atadd_track2_subset_v3/train/ATADD_T2_Train_145244.flac,1,music,Stable Audio open,ATADD_T2_Train_145244.flac
/root/atadd_track2_subset_v3/train/ATADD_T2_Train_145248.flac,1,music,Stable Audio open,ATADD_T2_Train_145248.flac
/root/atadd_track2_subset_v3/train/ATADD_T2_Train_145253.flac,1,music,Stable Audio open,ATADD_T2_Train_145253.flac
/root/atadd_track2_subset_v3/train/ATADD_T2_Train_145258.flac,1,music,Stable Audio open,ATADD_T2_Train_145258.flac
/root/atadd_track2_subset_v3/train/ATADD_T2_Train_145264.flac,1,music,Stable Audio open,ATADD_T2_Train_145264.flac
/root/atadd_track2_subset_v3/train/ATADD_T2_Train_145267.flac,1,music,Stable Audio open,ATADD_T2_Train_145267.flac
/root/atadd_track2_subset_v3/train/ATADD_T2_Train_145272.flac,1,music,Stable Audio open,ATADD_T2_Train_145272.flac
/root/atadd_track2_subset_v3/train/ATADD_T2_Train_145273.flac,1,music,Stable Audio open,ATADD_T2_Train_145273.flac
/root/atadd_track2_subset_v3/train/ATADD_T2_Train_145274.flac,1,music,Stable Audio open,ATADD_T2_Train_145274.flac
/root/atadd_track2_subset_v3/train/ATADD_T2_Train_145282.flac,1,music,Stable Audio open,ATADD_T2_Train_145282.flac
/root/atadd_track2_subset_v3/train/ATADD_T2_Train_145284.flac,1,music,Stable Audio open,ATADD_T2_Train_145284.flac
/root/atadd_track2_subset_v3/train/ATADD_T2_Train_145287.flac,1,music,Stable Audio open,ATADD_T2_Train_145287.flac
/root/atadd_track2_subset_v3/train/ATADD_T2_Train_145294.flac,1,music,Stable Audio open,ATADD_T2_Train_145294.flac
/root/atadd_track2_subset_v3/train/ATADD_T2_Train_145298.flac,1,music,Stable Audio open,ATADD_T2_Train_145298.flac
/root/atadd_track2_subset_v3/train/ATADD_T2_Train_145300.flac,1,music,Stable Audio open,ATADD_T2_Train_145300.flac
/root/atadd_track2_subset_v3/train/ATADD_T2_Train_145301.flac,1,music,Stable Audio open,ATADD_T2_Train_145301.flac
/root/atadd_track2_subset_v3/train/ATADD_T2_Train_145306.flac,1,music,Stable Audio open,ATADD_T2_Train_145306.flac
/root/atadd_track2_subset_v3/train/ATADD_T2_Train_145310.flac,1,music,Stable Audio open,ATADD_T2_Train_145310.flac
/root/atadd_track2_subset_v3/train/ATADD_T2_Train_145313.flac,1,music,Stable Audio open,ATADD_T2_Train_145313.flac
/root/atadd_track2_subset_v3/train/ATADD_T2_Train_145315.flac,1,music,Stable Audio open,ATADD_T2_Train_145315.flac
/root/atadd_track2_subset_v3/train/ATADD_T2_Train_145318.flac,1,music,Stable Audio open,ATADD_T2_Train_145318.flac
/root/atadd_track2_subset_v3/train/ATADD_T2_Train_145319.flac,1,music,Stable Audio open,ATADD_T2_Train_145319.flac
/root/atadd_track2_subset_v3/train/ATADD_T2_Train_145328.flac,1,music,Stable Audio open,ATADD_T2_Train_145328.flac
/root/atadd_track2_subset_v3/train/ATADD_T2_Train_145336.flac,1,music,Stable Audio open,ATADD_T2_Train_145336.flac
/root/atadd_track2_subset_v3/train/ATADD_T2_Train_145337.flac,1,music,Stable Audio open,ATADD_T2_Train_145337.flac
/root/atadd_track2_subset_v3/train/ATADD_T2_Train_145342.flac,1,music,Stable Audio open,ATADD_T2_Train_145342.flac
/root/atadd_track2_subset_v3/train/ATADD_T2_Train_145345.flac,1,music,Stable Audio open,ATADD_T2_Train_145345.flac
/root/atadd_track2_subset_v3/train/ATADD_T2_Train_145347.flac,1,music,Stable Audio open,ATADD_T2_Train_145347.flac
/root/atadd_track2_subset_v3/train/ATADD_T2_Train_145356.flac,1,music,Stable Audio open,ATADD_T2_Train_145356.flac
/root/atadd_track2_subset_v3/train/ATADD_T2_Train_145358.flac,1,music,Stable Audio open,ATADD_T2_Train_145358.flac
/root/atadd_track2_subset_v3/train/ATADD_T2_Train_145366.flac,1,music,Stable Audio open,ATADD_T2_Train_145366.flac
/root/atadd_track2_subset_v3/train/ATADD_T2_Train_145367.flac,1,music,Stable Audio open,ATADD_T2_Train_145367.flac
/root/atadd_track2_subset_v3/train/ATADD_T2_Train_145375.flac,1,music,Stable Audio open,ATADD_T2_Train_145375.flac
/root/atadd_track2_subset_v3/train/ATADD_T2_Train_145382.flac,1,music,Stable Audio open,ATADD_T2_Train_145382.flac
/root/atadd_track2_subset_v3/train/ATADD_T2_Train_145384.flac,1,music,Stable Audio open,ATADD_T2_Train_145384.flac
/root/atadd_track2_subset_v3/train/ATADD_T2_Train_145386.flac,1,music,Stable Audio open,ATADD_T2_Train_145386.flac
/root/atadd_track2_subset_v3/train/ATADD_T2_Train_145388.flac,1,music,Stable Audio open,ATADD_T2_Train_145388.flac
/root/atadd_track2_subset_v3/train/ATADD_T2_Train_145393.flac,1,music,Stable Audio open,ATADD_T2_Train_145393.flac
/root/atadd_track2_subset_v3/train/ATADD_T2_Train_145397.flac,1,music,Stable Audio open,ATADD_T2_Train_145397.flac
/root/atadd_track2_subset_v3/train/ATADD_T2_Train_145399.flac,1,music,Stable Audio open,ATADD_T2_Train_145399.flac
/root/atadd_track2_subset_v3/train/ATADD_T2_Train_145402.flac,1,music,Stable Audio open,ATADD_T2_Train_145402.flac
/root/atadd_track2_subset_v3/train/ATADD_T2_Train_145406.flac,1,music,Stable Audio open,ATADD_T2_Train_145406.flac
/root/atadd_track2_subset_v3/train/ATADD_T2_Train_145408.flac,1,music,Stable Audio open,ATADD_T2_Train_145408.flac
/root/atadd_track2_subset_v3/train/ATADD_T2_Train_145409.flac,1,music,Stable Audio open,ATADD_T2_Train_145409.flac
/root/atadd_track2_subset_v3/train/ATADD_T2_Train_145411.flac,1,music,Stable Audio open,ATADD_T2_Train_145411.flac
/root/atadd_track2_subset_v3/train/ATADD_T2_Train_145416.flac,1,music,Stable Audio open,ATADD_T2_Train_145416.flac
/root/atadd_track2_subset_v3/train/ATADD_T2_Train_145421.flac,1,music,Stable Audio open,ATADD_T2_Train_145421.flac
/root/atadd_track2_subset_v3/train/ATADD_T2_Train_145424.flac,1,music,Stable Audio open,ATADD_T2_Train_145424.flac
/root/atadd_track2_subset_v3/train/ATADD_T2_Train_145431.flac,1,music,Stable Audio open,ATADD_T2_Train_145431.flac
/root/atadd_track2_subset_v3/train/ATADD_T2_Train_145435.flac,1,music,Stable Audio open,ATADD_T2_Train_145435.flac
/root/atadd_track2_subset_v3/train/ATADD_T2_Train_145440.flac,1,music,Stable Audio open,ATADD_T2_Train_145440.flac
/root/atadd_track2_subset_v3/train/ATADD_T2_Train_145452.flac,1,music,Stable Audio open,ATADD_T2_Train_145452.flac
/root/atadd_track2_subset_v3/train/ATADD_T2_Train_145453.flac,1,music,Stable Audio open,ATADD_T2_Train_145453.flac
/root/atadd_track2_subset_v3/train/ATADD_T2_Train_145456.flac,1,music,Stable Audio open,ATADD_T2_Train_145456.flac
/root/atadd_track2_subset_v3/train/ATADD_T2_Train_145460.flac,1,music,Stable Audio open,ATADD_T2_Train_145460.flac
/root/atadd_track2_subset_v3/train/ATADD_T2_Train_145463.flac,1,music,Stable Audio open,ATADD_T2_Train_145463.flac
/root/atadd_track2_subset_v3/train/ATADD_T2_Train_145486.flac,1,music,Stable Audio open,ATADD_T2_Train_145486.flac
/root/atadd_track2_subset_v3/train/ATADD_T2_Train_145491.flac,1,music,Stable Audio open,ATADD_T2_Train_145491.flac
/root/atadd_track2_subset_v3/train/ATADD_T2_Train_145495.flac,1,music,Stable Audio open,ATADD_T2_Train_145495.flac
/root/atadd_track2_subset_v3/train/ATADD_T2_Train_145496.flac,1,music,Stable Audio open,ATADD_T2_Train_145496.flac
/root/atadd_track2_subset_v3/train/ATADD_T2_Train_145498.flac,1,music,Stable Audio open,ATADD_T2_Train_145498.flac
/root/atadd_track2_subset_v3/train/ATADD_T2_Train_145502.flac,1,music,Stable Audio open,ATADD_T2_Train_145502.flac
/root/atadd_track2_subset_v3/train/ATADD_T2_Train_145504.flac,1,music,Stable Audio open,ATADD_T2_Train_145504.flac
/root/atadd_track2_subset_v3/train/ATADD_T2_Train_145506.flac,1,music,Stable Audio open,ATADD_T2_Train_145506.flac
/root/atadd_track2_subset_v3/train/ATADD_T2_Train_145510.flac,1,music,Stable Audio open,ATADD_T2_Train_145510.flac
/root/atadd_track2_subset_v3/train/ATADD_T2_Train_145511.flac,1,music,Stable Audio open,ATADD_T2_Train_145511.flac
/root/atadd_track2_subset_v3/train/ATADD_T2_Train_145513.flac,1,music,Stable Audio open,ATADD_T2_Train_145513.flac
/root/atadd_track2_subset_v3/train/ATADD_T2_Train_145515.flac,1,music,Stable Audio open,ATADD_T2_Train_145515.flac
/root/atadd_track2_subset_v3/train/ATADD_T2_Train_145516.flac,1,music,Stable Audio open,ATADD_T2_Train_145516.flac
/root/atadd_track2_subset_v3/train/ATADD_T2_Train_145522.flac,1,music,Stable Audio open,ATADD_T2_Train_145522.flac
/root/atadd_track2_subset_v3/train/ATADD_T2_Train_145523.flac,1,music,Stable Audio open,ATADD_T2_Train_145523.flac
/root/atadd_track2_subset_v3/train/ATADD_T2_Train_145529.flac,1,music,Stable Audio open,ATADD_T2_Train_145529.flac
/root/atadd_track2_subset_v3/train/ATADD_T2_Train_145531.flac,1,music,Stable Audio open,ATADD_T2_Train_145531.flac
/root/atadd_track2_subset_v3/train/ATADD_T2_Train_145532.flac,1,music,Stable Audio open,ATADD_T2_Train_145532.flac
/root/atadd_track2_subset_v3/train/ATADD_T2_Train_145537.flac,1,music,Stable Audio open,ATADD_T2_Train_145537.flac
/root/atadd_track2_subset_v3/train/ATADD_T2_Train_145538.flac,1,music,Stable Audio open,ATADD_T2_Train_145538.flac
/root/atadd_track2_subset_v3/train/ATADD_T2_Train_145542.flac,1,music,Stable Audio open,ATADD_T2_Train_145542.flac
/root/atadd_track2_subset_v3/train/ATADD_T2_Train_145546.flac,1,music,Stable Audio open,ATADD_T2_Train_145546.flac
/root/atadd_track2_subset_v3/train/ATADD_T2_Train_145556.flac,1,music,Stable Audio open,ATADD_T2_Train_145556.flac
/root/atadd_track2_subset_v3/train/ATADD_T2_Train_145560.flac,1,music,Stable Audio open,ATADD_T2_Train_145560.flac
/root/atadd_track2_subset_v3/train/ATADD_T2_Train_145564.flac,1,music,Stable Audio open,ATADD_T2_Train_145564.flac
/root/atadd_track2_subset_v3/train/ATADD_T2_Train_145578.flac,1,music,Stable Audio open,ATADD_T2_Train_145578.flac
/root/atadd_track2_subset_v3/train/ATADD_T2_Train_145579.flac,1,music,Stable Audio open,ATADD_T2_Train_145579.flac
/root/atadd_track2_subset_v3/train/ATADD_T2_Train_145580.flac,1,music,Stable Audio open,ATADD_T2_Train_145580.flac
/root/atadd_track2_subset_v3/train/ATADD_T2_Train_145583.flac,1,music,Stable Audio open,ATADD_T2_Train_145583.flac
/root/atadd_track2_subset_v3/train/ATADD_T2_Train_145587.flac,1,music,Stable Audio open,ATADD_T2_Train_145587.flac
/root/atadd_track2_subset_v3/train/ATADD_T2_Train_145592.flac,1,music,Stable Audio open,ATADD_T2_Train_145592.flac
/root/atadd_track2_subset_v3/train/ATADD_T2_Train_145594.flac,1,music,Stable Audio open,ATADD_T2_Train_145594.flac
/root/atadd_track2_subset_v3/train/ATADD_T2_Train_145596.flac,1,music,Stable Audio open,ATADD_T2_Train_145596.flac
/root/atadd_track2_subset_v3/train/ATADD_T2_Train_145616.flac,1,music,Stable Audio open,ATADD_T2_Train_145616.flac
/root/atadd_track2_subset_v3/train/ATADD_T2_Train_145619.flac,1,music,Stable Audio open,ATADD_T2_Train_145619.flac
/root/atadd_track2_subset_v3/train/ATADD_T2_Train_145624.flac,1,music,Stable Audio open,ATADD_T2_Train_145624.flac
/root/atadd_track2_subset_v3/train/ATADD_T2_Train_145626.flac,1,music,Stable Audio open,ATADD_T2_Train_145626.flac
/root/atadd_track2_subset_v3/train/ATADD_T2_Train_145627.flac,1,music,Stable Audio open,ATADD_T2_Train_145627.flac
/root/atadd_track2_subset_v3/train/ATADD_T2_Train_145633.flac,1,music,Stable Audio open,ATADD_T2_Train_145633.flac
/root/atadd_track2_subset_v3/train/ATADD_T2_Train_145637.flac,1,music,Stable Audio open,ATADD_T2_Train_145637.flac
/root/atadd_track2_subset_v3/train/ATADD_T2_Train_145647.flac,1,music,Stable Audio open,ATADD_T2_Train_145647.flac
/root/atadd_track2_subset_v3/train/ATADD_T2_Train_145658.flac,1,music,Stable Audio open,ATADD_T2_Train_145658.flac
/root/atadd_track2_subset_v3/train/ATADD_T2_Train_145660.flac,1,music,Stable Audio open,ATADD_T2_Train_145660.flac
/root/atadd_track2_subset_v3/train/ATADD_T2_Train_145664.flac,1,music,Stable Audio open,ATADD_T2_Train_145664.flac
/root/atadd_track2_subset_v3/train/ATADD_T2_Train_145666.flac,1,music,Stable Audio open,ATADD_T2_Train_145666.flac
/root/atadd_track2_subset_v3/train/ATADD_T2_Train_145670.flac,1,music,Stable Audio open,ATADD_T2_Train_145670.flac
/root/atadd_track2_subset_v3/train/ATADD_T2_Train_145677.flac,1,music,Stable Audio open,ATADD_T2_Train_145677.flac
/root/atadd_track2_subset_v3/train/ATADD_T2_Train_145687.flac,1,music,Stable Audio open,ATADD_T2_Train_145687.flac
/root/atadd_track2_subset_v3/train/ATADD_T2_Train_145689.flac,1,music,Stable Audio open,ATADD_T2_Train_145689.flac
/root/atadd_track2_subset_v3/train/ATADD_T2_Train_145690.flac,1,music,Stable Audio open,ATADD_T2_Train_145690.flac
/root/atadd_track2_subset_v3/train/ATADD_T2_Train_145692.flac,1,music,Stable Audio open,ATADD_T2_Train_145692.flac
/root/atadd_track2_subset_v3/train/ATADD_T2_Train_145699.flac,1,music,Stable Audio open,ATADD_T2_Train_145699.flac
/root/atadd_track2_subset_v3/train/ATADD_T2_Train_145702.flac,1,music,Stable Audio open,ATADD_T2_Train_145702.flac
/root/atadd_track2_subset_v3/train/ATADD_T2_Train_145705.flac,1,music,Stable Audio open,ATADD_T2_Train_145705.flac
/root/atadd_track2_subset_v3/train/ATADD_T2_Train_145707.flac,1,music,Stable Audio open,ATADD_T2_Train_145707.flac
/root/atadd_track2_subset_v3/train/ATADD_T2_Train_145711.flac,1,music,Stable Audio open,ATADD_T2_Train_145711.flac
/root/atadd_track2_subset_v3/train/ATADD_T2_Train_145714.flac,1,music,Stable Audio open,ATADD_T2_Train_145714.flac
/root/atadd_track2_subset_v3/train/ATADD_T2_Train_145721.flac,1,music,Stable Audio open,ATADD_T2_Train_145721.flac
/root/atadd_track2_subset_v3/train/ATADD_T2_Train_145722.flac,1,music,Stable Audio open,ATADD_T2_Train_145722.flac
/root/atadd_track2_subset_v3/train/ATADD_T2_Train_145723.flac,1,music,Stable Audio open,ATADD_T2_Train_145723.flac
/root/atadd_track2_subset_v3/train/ATADD_T2_Train_145724.flac,1,music,Stable Audio open,ATADD_T2_Train_145724.flac
/root/atadd_track2_subset_v3/train/ATADD_T2_Train_145726.flac,1,music,Stable Audio open,ATADD_T2_Train_145726.flac
/root/atadd_track2_subset_v3/train/ATADD_T2_Train_145729.flac,1,music,Stable Audio open,ATADD_T2_Train_145729.flac
/root/atadd_track2_subset_v3/train/ATADD_T2_Train_145730.flac,1,music,Stable Audio open,ATADD_T2_Train_145730.flac
/root/atadd_track2_subset_v3/train/ATADD_T2_Train_145736.flac,1,music,Stable Audio open,ATADD_T2_Train_145736.flac
/root/atadd_track2_subset_v3/train/ATADD_T2_Train_145739.flac,1,music,Stable Audio open,ATADD_T2_Train_145739.flac
/root/atadd_track2_subset_v3/train/ATADD_T2_Train_145747.flac,1,music,Stable Audio open,ATADD_T2_Train_145747.flac
/root/atadd_track2_subset_v3/train/ATADD_T2_Train_145751.flac,1,music,Stable Audio open,ATADD_T2_Train_145751.flac
/root/atadd_track2_subset_v3/train/ATADD_T2_Train_145752.flac,1,music,Stable Audio open,ATADD_T2_Train_145752.flac
/root/atadd_track2_subset_v3/train/ATADD_T2_Train_145755.flac,1,music,Stable Audio open,ATADD_T2_Train_145755.flac
/root/atadd_track2_subset_v3/train/ATADD_T2_Train_145757.flac,1,music,Stable Audio open,ATADD_T2_Train_145757.flac
/root/atadd_track2_subset_v3/train/ATADD_T2_Train_145764.flac,1,music,Stable Audio open,ATADD_T2_Train_145764.flac
/root/atadd_track2_subset_v3/train/ATADD_T2_Train_145775.flac,1,music,Stable Audio open,ATADD_T2_Train_145775.flac
/root/atadd_track2_subset_v3/train/ATADD_T2_Train_145778.flac,1,music,Stable Audio open,ATADD_T2_Train_145778.flac
/root/atadd_track2_subset_v3/train/ATADD_T2_Train_145783.flac,1,music,Stable Audio open,ATADD_T2_Train_145783.flac
/root/atadd_track2_subset_v3/train/ATADD_T2_Train_145787.flac,1,music,Stable Audio open,ATADD_T2_Train_145787.flac
/root/atadd_track2_subset_v3/train/ATADD_T2_Train_145788.flac,1,music,Stable Audio open,ATADD_T2_Train_145788.flac
/root/atadd_track2_subset_v3/train/ATADD_T2_Train_145789.flac,1,music,Stable Audio open,ATADD_T2_Train_145789.flac
/root/atadd_track2_subset_v3/train/ATADD_T2_Train_145795.flac,1,music,Stable Audio open,ATADD_T2_Train_145795.flac
/root/atadd_track2_subset_v3/train/ATADD_T2_Train_145796.flac,1,music,Stable Audio open,ATADD_T2_Train_145796.flac
/root/atadd_track2_subset_v3/train/ATADD_T2_Train_145798.flac,1,music,Stable Audio open,ATADD_T2_Train_145798.flac
/root/atadd_track2_subset_v3/train/ATADD_T2_Train_145800.flac,1,music,Stable Audio open,ATADD_T2_Train_145800.flac
/root/atadd_track2_subset_v3/train/ATADD_T2_Train_145802.flac,1,music,Stable Audio open,ATADD_T2_Train_145802.flac
/root/atadd_track2_subset_v3/train/ATADD_T2_Train_145808.flac,1,music,Stable Audio open,ATADD_T2_Train_145808.flac
/root/atadd_track2_subset_v3/train/ATADD_T2_Train_145822.flac,1,music,Stable Audio open,ATADD_T2_Train_145822.flac
/root/atadd_track2_subset_v3/train/ATADD_T2_Train_145823.flac,1,music,Stable Audio open,ATADD_T2_Train_145823.flac
/root/atadd_track2_subset_v3/train/ATADD_T2_Train_145825.flac,1,music,Stable Audio open,ATADD_T2_Train_145825.flac
/root/atadd_track2_subset_v3/train/ATADD_T2_Train_145826.flac,1,music,Stable Audio open,ATADD_T2_Train_145826.flac
/root/atadd_track2_subset_v3/train/ATADD_T2_Train_145832.flac,1,music,Stable Audio open,ATADD_T2_Train_145832.flac
/root/atadd_track2_subset_v3/train/ATADD_T2_Train_145834.flac,1,music,Stable Audio open,ATADD_T2_Train_145834.flac
/root/atadd_track2_subset_v3/train/ATADD_T2_Train_145835.flac,1,music,Stable Audio open,ATADD_T2_Train_145835.flac
/root/atadd_track2_subset_v3/train/ATADD_T2_Train_145842.flac,1,music,Stable Audio open,ATADD_T2_Train_145842.flac
/root/atadd_track2_subset_v3/train/ATADD_T2_Train_145846.flac,1,music,Stable Audio open,ATADD_T2_Train_145846.flac
/root/atadd_track2_subset_v3/train/ATADD_T2_Train_145848.flac,1,music,Stable Audio open,ATADD_T2_Train_145848.flac
/root/atadd_track2_subset_v3/train/ATADD_T2_Train_145855.flac,1,music,Stable Audio open,ATADD_T2_Train_145855.flac
/root/atadd_track2_subset_v3/train/ATADD_T2_Train_145856.flac,1,music,Stable Audio open,ATADD_T2_Train_145856.flac
/root/atadd_track2_subset_v3/train/ATADD_T2_Train_145870.flac,1,music,Stable Audio open,ATADD_T2_Train_145870.flac
/root/atadd_track2_subset_v3/train/ATADD_T2_Train_145871.flac,1,music,Stable Audio open,ATADD_T2_Train_145871.flac
/root/atadd_track2_subset_v3/train/ATADD_T2_Train_145879.flac,1,music,Stable Audio open,ATADD_T2_Train_145879.flac
/root/atadd_track2_subset_v3/train/ATADD_T2_Train_145884.flac,1,music,Stable Audio open,ATADD_T2_Train_145884.flac
/root/atadd_track2_subset_v3/train/ATADD_T2_Train_145886.flac,1,music,Stable Audio open,ATADD_T2_Train_145886.flac
/root/atadd_track2_subset_v3/train/ATADD_T2_Train_145893.flac,1,music,Stable Audio open,ATADD_T2_Train_145893.flac
/root/atadd_track2_subset_v3/train/ATADD_T2_Train_145897.flac,1,music,Stable Audio open,ATADD_T2_Train_145897.flac
/root/atadd_track2_subset_v3/train/ATADD_T2_Train_145901.flac,1,music,Stable Audio open,ATADD_T2_Train_145901.flac
/root/atadd_track2_subset_v3/train/ATADD_T2_Train_145903.flac,1,music,Stable Audio open,ATADD_T2_Train_145903.flac
/root/atadd_track2_subset_v3/train/ATADD_T2_Train_145904.flac,1,music,Stable Audio open,ATADD_T2_Train_145904.flac
/root/atadd_track2_subset_v3/train/ATADD_T2_Train_145910.flac,1,music,Stable Audio open,ATADD_T2_Train_145910.flac
/root/atadd_track2_subset_v3/train/ATADD_T2_Train_145912.flac,1,music,Stable Audio open,ATADD_T2_Train_145912.flac
/root/atadd_track2_subset_v3/train/ATADD_T2_Train_145923.flac,1,music,Stable Audio open,ATADD_T2_Train_145923.flac
/root/atadd_track2_subset_v3/train/ATADD_T2_Train_145929.flac,1,music,Stable Audio open,ATADD_T2_Train_145929.flac
/root/atadd_track2_subset_v3/train/ATADD_T2_Train_145932.flac,1,music,Stable Audio open,ATADD_T2_Train_145932.flac
/root/atadd_track2_subset_v3/train/ATADD_T2_Train_145943.flac,1,music,Stable Audio open,ATADD_T2_Train_145943.flac
/root/atadd_track2_subset_v3/train/ATADD_T2_Train_145945.flac,1,music,Stable Audio open,ATADD_T2_Train_145945.flac
/root/atadd_track2_subset_v3/train/ATADD_T2_Train_145948.flac,1,music,Stable Audio open,ATADD_T2_Train_145948.flac
/root/atadd_track2_subset_v3/train/ATADD_T2_Train_145953.flac,1,music,Stable Audio open,ATADD_T2_Train_145953.flac
/root/atadd_track2_subset_v3/train/ATADD_T2_Train_145959.flac,1,music,Stable Audio open,ATADD_T2_Train_145959.flac
/root/atadd_track2_subset_v3/train/ATADD_T2_Train_145960.flac,1,music,Stable Audio open,ATADD_T2_Train_145960.flac
/root/atadd_track2_subset_v3/train/ATADD_T2_Train_145970.flac,1,music,Stable Audio open,ATADD_T2_Train_145970.flac
/root/atadd_track2_subset_v3/train/ATADD_T2_Train_145971.flac,1,music,Stable Audio open,ATADD_T2_Train_145971.flac
/root/atadd_track2_subset_v3/train/ATADD_T2_Train_145972.flac,1,music,Stable Audio open,ATADD_T2_Train_145972.flac
/root/atadd_track2_subset_v3/train/ATADD_T2_Train_145977.flac,1,music,Stable Audio open,ATADD_T2_Train_145977.flac
/root/atadd_track2_subset_v3/train/ATADD_T2_Train_145979.flac,1,music,Stable Audio open,ATADD_T2_Train_145979.flac
/root/atadd_track2_subset_v3/train/ATADD_T2_Train_145989.flac,1,music,Stable Audio open,ATADD_T2_Train_145989.flac
/root/atadd_track2_subset_v3/train/ATADD_T2_Train_146007.flac,1,music,Stable Audio open,ATADD_T2_Train_146007.flac
/root/atadd_track2_subset_v3/train/ATADD_T2_Train_146010.flac,1,music,Stable Audio open,ATADD_T2_Train_146010.flac
/root/atadd_track2_subset_v3/train/ATADD_T2_Train_146011.flac,1,music,Stable Audio open,ATADD_T2_Train_146011.flac
/root/atadd_track2_subset_v3/train/ATADD_T2_Train_146015.flac,1,music,Stable Audio open,ATADD_T2_Train_146015.flac
/root/atadd_track2_subset_v3/train/ATADD_T2_Train_146020.flac,1,music,Stable Audio open,ATADD_T2_Train_146020.flac
/root/atadd_track2_subset_v3/train/ATADD_T2_Train_146022.flac,1,music,Stable Audio open,ATADD_T2_Train_146022.flac
/root/atadd_track2_subset_v3/train/ATADD_T2_Train_146032.flac,1,music,Stable Audio open,ATADD_T2_Train_146032.flac
/root/atadd_track2_subset_v3/train/ATADD_T2_Train_146040.flac,1,music,Stable Audio open,ATADD_T2_Train_146040.flac
/root/atadd_track2_subset_v3/train/ATADD_T2_Train_146043.flac,1,music,Stable Audio open,ATADD_T2_Train_146043.flac
/root/atadd_track2_subset_v3/train/ATADD_T2_Train_146044.flac,1,music,Stable Audio open,ATADD_T2_Train_146044.flac
/root/atadd_track2_subset_v3/train/ATADD_T2_Train_146046.flac,1,music,Stable Audio open,ATADD_T2_Train_146046.flac
/root/atadd_track2_subset_v3/train/ATADD_T2_Train_146047.flac,1,music,Stable Audio open,ATADD_T2_Train_146047.flac
/root/atadd_track2_subset_v3/train/ATADD_T2_Train_146056.flac,1,music,Stable Audio open,ATADD_T2_Train_146056.flac
/root/atadd_track2_subset_v3/train/ATADD_T2_Train_146058.flac,1,music,Stable Audio open,ATADD_T2_Train_146058.flac
/root/atadd_track2_subset_v3/train/ATADD_T2_Train_146060.flac,1,music,Stable Audio open,ATADD_T2_Train_146060.flac
/root/atadd_track2_subset_v3/train/ATADD_T2_Train_146064.flac,1,music,Stable Audio open,ATADD_T2_Train_146064.flac
/root/atadd_track2_subset_v3/train/ATADD_T2_Train_146065.flac,1,music,Stable Audio open,ATADD_T2_Train_146065.flac
/root/atadd_track2_subset_v3/train/ATADD_T2_Train_146071.flac,1,music,Stable Audio open,ATADD_T2_Train_146071.flac
/root/atadd_track2_subset_v3/train/ATADD_T2_Train_146074.flac,1,music,Stable Audio open,ATADD_T2_Train_146074.flac
/root/atadd_track2_subset_v3/train/ATADD_T2_Train_146083.flac,1,music,Stable Audio open,ATADD_T2_Train_146083.flac
/root/atadd_track2_subset_v3/train/ATADD_T2_Train_146084.flac,1,music,Stable Audio open,ATADD_T2_Train_146084.flac
/root/atadd_track2_subset_v3/train/ATADD_T2_Train_146091.flac,1,music,Stable Audio open,ATADD_T2_Train_146091.flac
/root/atadd_track2_subset_v3/train/ATADD_T2_Train_146092.flac,1,music,Stable Audio open,ATADD_T2_Train_146092.flac
/root/atadd_track2_subset_v3/train/ATADD_T2_Train_146099.flac,1,music,Stable Audio open,ATADD_T2_Train_146099.flac
/root/atadd_track2_subset_v3/train/ATADD_T2_Train_146105.flac,1,music,Stable Audio open,ATADD_T2_Train_146105.flac
/root/atadd_track2_subset_v3/train/ATADD_T2_Train_146112.flac,1,music,Stable Audio open,ATADD_T2_Train_146112.flac
/root/atadd_track2_subset_v3/train/ATADD_T2_Train_146116.flac,1,music,Stable Audio open,ATADD_T2_Train_146116.flac
/root/atadd_track2_subset_v3/train/ATADD_T2_Train_146122.flac,1,music,Stable Audio open,ATADD_T2_Train_146122.flac
/root/atadd_track2_subset_v3/train/ATADD_T2_Train_146131.flac,1,music,Stable Audio open,ATADD_T2_Train_146131.flac
/root/atadd_track2_subset_v3/train/ATADD_T2_Train_146133.flac,1,music,Stable Audio open,ATADD_T2_Train_146133.flac
/root/atadd_track2_subset_v3/train/ATADD_T2_Train_146141.flac,1,music,Stable Audio open,ATADD_T2_Train_146141.flac
/root/atadd_track2_subset_v3/train/ATADD_T2_Train_146155.flac,1,music,Stable Audio open,ATADD_T2_Train_146155.flac
/root/atadd_track2_subset_v3/train/ATADD_T2_Train_146156.flac,1,music,Stable Audio open,ATADD_T2_Train_146156.flac
/root/atadd_track2_subset_v3/train/ATADD_T2_Train_146157.flac,1,music,Stable Audio open,ATADD_T2_Train_146157.flac
/root/atadd_track2_subset_v3/train/ATADD_T2_Train_146162.flac,1,music,Stable Audio open,ATADD_T2_Train_146162.flac
/root/atadd_track2_subset_v3/train/ATADD_T2_Train_146163.flac,1,music,Stable Audio open,ATADD_T2_Train_146163.flac
/root/atadd_track2_subset_v3/train/ATADD_T2_Train_146165.flac,1,music,Stable Audio open,ATADD_T2_Train_146165.flac
/root/atadd_track2_subset_v3/train/ATADD_T2_Train_146168.flac,1,music,Stable Audio open,ATADD_T2_Train_146168.flac
/root/atadd_track2_subset_v3/train/ATADD_T2_Train_146169.flac,1,music,Stable Audio open,ATADD_T2_Train_146169.flac
/root/atadd_track2_subset_v3/train/ATADD_T2_Train_146172.flac,1,music,Stable Audio open,ATADD_T2_Train_146172.flac
/root/atadd_track2_subset_v3/train/ATADD_T2_Train_146175.flac,1,music,Stable Audio open,ATADD_T2_Train_146175.flac
/root/atadd_track2_subset_v3/train/ATADD_T2_Train_146178.flac,1,music,Stable Audio open,ATADD_T2_Train_146178.flac
/root/atadd_track2_subset_v3/train/ATADD_T2_Train_146179.flac,1,music,Stable Audio open,ATADD_T2_Train_146179.flac
/root/atadd_track2_subset_v3/train/ATADD_T2_Train_146181.flac,1,music,Stable Audio open,ATADD_T2_Train_146181.flac
/root/atadd_track2_subset_v3/train/ATADD_T2_Train_146189.flac,1,music,Stable Audio open,ATADD_T2_Train_146189.flac
/root/atadd_track2_subset_v3/train/ATADD_T2_Train_146190.flac,1,music,Stable Audio open,ATADD_T2_Train_146190.flac
/root/atadd_track2_subset_v3/train/ATADD_T2_Train_146192.flac,1,music,Stable Audio open,ATADD_T2_Train_146192.flac
/root/atadd_track2_subset_v3/train/ATADD_T2_Train_146200.flac,1,music,Stable Audio open,ATADD_T2_Train_146200.flac
/root/atadd_track2_subset_v3/train/ATADD_T2_Train_146206.flac,1,music,Stable Audio open,ATADD_T2_Train_146206.flac
/root/atadd_track2_subset_v3/train/ATADD_T2_Train_146222.flac,1,music,Stable Audio open,ATADD_T2_Train_146222.flac
/root/atadd_track2_subset_v3/train/ATADD_T2_Train_146224.flac,1,music,Stable Audio open,ATADD_T2_Train_146224.flac
/root/atadd_track2_subset_v3/train/ATADD_T2_Train_146231.flac,1,music,Stable Audio open,ATADD_T2_Train_146231.flac
/root/atadd_track2_subset_v3/train/ATADD_T2_Train_146234.flac,1,music,Stable Audio open,ATADD_T2_Train_146234.flac
/root/atadd_track2_subset_v3/train/ATADD_T2_Train_146235.flac,1,music,Stable Audio open,ATADD_T2_Train_146235.flac
/root/atadd_track2_subset_v3/train/ATADD_T2_Train_146236.flac,1,music,Stable Audio open,ATADD_T2_Train_146236.flac
/root/atadd_track2_subset_v3/train/ATADD_T2_Train_146239.flac,1,music,Stable Audio open,ATADD_T2_Train_146239.flac
/root/atadd_track2_subset_v3/train/ATADD_T2_Train_146246.flac,1,music,Stable Audio open,ATADD_T2_Train_146246.flac
/root/atadd_track2_subset_v3/train/ATADD_T2_Train_146248.flac,1,music,Stable Audio open,ATADD_T2_Train_146248.flac
/root/atadd_track2_subset_v3/train/ATADD_T2_Train_146253.flac,1,music,Stable Audio open,ATADD_T2_Train_146253.flac
/root/atadd_track2_subset_v3/train/ATADD_T2_Train_146264.flac,1,music,Stable Audio open,ATADD_T2_Train_146264.flac
/root/atadd_track2_subset_v3/train/ATADD_T2_Train_146265.flac,1,music,Stable Audio open,ATADD_T2_Train_146265.flac
/root/atadd_track2_subset_v3/train/ATADD_T2_Train_146272.flac,1,music,Stable Audio open,ATADD_T2_Train_146272.flac
/root/atadd_track2_subset_v3/train/ATADD_T2_Train_146274.flac,1,music,Stable Audio open,ATADD_T2_Train_146274.flac
/root/atadd_track2_subset_v3/train/ATADD_T2_Train_146275.flac,1,music,Stable Audio open,ATADD_T2_Train_146275.flac
/root/atadd_track2_subset_v3/train/ATADD_T2_Train_146276.flac,1,music,Stable Audio open,ATADD_T2_Train_146276.flac
/root/atadd_track2_subset_v3/train/ATADD_T2_Train_146278.flac,1,music,Stable Audio open,ATADD_T2_Train_146278.flac
/root/atadd_track2_subset_v3/train/ATADD_T2_Train_146279.flac,1,music,Stable Audio open,ATADD_T2_Train_146279.flac
/root/atadd_track2_subset_v3/train/ATADD_T2_Train_146284.flac,1,music,Stable Audio open,ATADD_T2_Train_146284.flac
/root/atadd_track2_subset_v3/train/ATADD_T2_Train_146289.flac,1,music,Stable Audio open,ATADD_T2_Train_146289.flac
/root/atadd_track2_subset_v3/train/ATADD_T2_Train_146292.flac,1,music,Stable Audio open,ATADD_T2_Train_146292.flac
/root/atadd_track2_subset_v3/train/ATADD_T2_Train_146301.flac,1,music,Stable Audio open,ATADD_T2_Train_146301.flac
/root/atadd_track2_subset_v3/train/ATADD_T2_Train_146313.flac,1,music,Stable Audio open,ATADD_T2_Train_146313.flac
/root/atadd_track2_subset_v3/train/ATADD_T2_Train_146319.flac,1,music,Stable Audio open,ATADD_T2_Train_146319.flac
/root/atadd_track2_subset_v3/train/ATADD_T2_Train_146324.flac,1,music,Stable Audio open,ATADD_T2_Train_146324.flac
/root/atadd_track2_subset_v3/train/ATADD_T2_Train_146328.flac,1,music,Stable Audio open,ATADD_T2_Train_146328.flac
/root/atadd_track2_subset_v3/train/ATADD_T2_Train_146330.flac,1,music,Stable Audio open,ATADD_T2_Train_146330.flac
/root/atadd_track2_subset_v3/train/ATADD_T2_Train_146332.flac,1,music,Stable Audio open,ATADD_T2_Train_146332.flac
/root/atadd_track2_subset_v3/train/ATADD_T2_Train_146336.flac,1,music,Stable Audio open,ATADD_T2_Train_146336.flac
/root/atadd_track2_subset_v3/train/ATADD_T2_Train_146337.flac,1,music,Stable Audio open,ATADD_T2_Train_146337.flac
/root/atadd_track2_subset_v3/train/ATADD_T2_Train_146339.flac,1,music,Stable Audio open,ATADD_T2_Train_146339.flac
/root/atadd_track2_subset_v3/train/ATADD_T2_Train_146346.flac,1,music,Stable Audio open,ATADD_T2_Train_146346.flac
/root/atadd_track2_subset_v3/train/ATADD_T2_Train_146348.flac,1,music,Stable Audio open,ATADD_T2_Train_146348.flac
/root/atadd_track2_subset_v3/train/ATADD_T2_Train_146350.flac,1,music,Stable Audio open,ATADD_T2_Train_146350.flac
/root/atadd_track2_subset_v3/train/ATADD_T2_Train_146353.flac,1,music,Stable Audio open,ATADD_T2_Train_146353.flac
/root/atadd_track2_subset_v3/train/ATADD_T2_Train_146367.flac,1,music,Stable Audio open,ATADD_T2_Train_146367.flac
/root/atadd_track2_subset_v3/train/ATADD_T2_Train_146370.flac,1,music,Stable Audio open,ATADD_T2_Train_146370.flac
/root/atadd_track2_subset_v3/train/ATADD_T2_Train_146375.flac,1,music,Stable Audio open,ATADD_T2_Train_146375.flac
/root/atadd_track2_subset_v3/train/ATADD_T2_Train_146383.flac,1,music,Stable Audio open,ATADD_T2_Train_146383.flac
/root/atadd_track2_subset_v3/train/ATADD_T2_Train_146386.flac,1,music,Stable Audio open,ATADD_T2_Train_146386.flac
/root/atadd_track2_subset_v3/train/ATADD_T2_Train_146387.flac,1,music,Stable Audio open,ATADD_T2_Train_146387.flac
/root/atadd_track2_subset_v3/train/ATADD_T2_Train_146395.flac,1,music,Stable Audio open,ATADD_T2_Train_146395.flac
/root/atadd_track2_subset_v3/train/ATADD_T2_Train_146405.flac,1,music,Stable Audio open,ATADD_T2_Train_146405.flac
/root/atadd_track2_subset_v3/train/ATADD_T2_Train_146409.flac,1,music,Stable Audio open,ATADD_T2_Train_146409.flac
/root/atadd_track2_subset_v3/train/ATADD_T2_Train_146415.flac,1,music,Stable Audio open,ATADD_T2_Train_146415.flac
/root/atadd_track2_subset_v3/train/ATADD_T2_Train_146423.flac,1,music,Stable Audio open,ATADD_T2_Train_146423.flac
/root/atadd_track2_subset_v3/train/ATADD_T2_Train_146436.flac,1,music,Stable Audio open,ATADD_T2_Train_146436.flac
/root/atadd_track2_subset_v3/train/ATADD_T2_Train_146438.flac,1,music,Stable Audio open,ATADD_T2_Train_146438.flac
/root/atadd_track2_subset_v3/train/ATADD_T2_Train_146439.flac,1,music,Stable Audio open,ATADD_T2_Train_146439.flac
/root/atadd_track2_subset_v3/train/ATADD_T2_Train_146440.flac,1,music,Stable Audio open,ATADD_T2_Train_146440.flac
/root/atadd_track2_subset_v3/train/ATADD_T2_Train_146442.flac,1,music,Stable Audio open,ATADD_T2_Train_146442.flac
/root/atadd_track2_subset_v3/train/ATADD_T2_Train_146446.flac,1,music,Stable Audio open,ATADD_T2_Train_146446.flac
/root/atadd_track2_subset_v3/train/ATADD_T2_Train_146450.flac,1,music,Stable Audio open,ATADD_T2_Train_146450.flac
/root/atadd_track2_subset_v3/train/ATADD_T2_Train_146451.flac,1,music,Stable Audio open,ATADD_T2_Train_146451.flac
/root/atadd_track2_subset_v3/train/ATADD_T2_Train_146454.flac,1,music,Stable Audio open,ATADD_T2_Train_146454.flac
/root/atadd_track2_subset_v3/train/ATADD_T2_Train_146461.flac,1,music,Stable Audio open,ATADD_T2_Train_146461.flac
/root/atadd_track2_subset_v3/train/ATADD_T2_Train_146463.flac,1,music,Stable Audio open,ATADD_T2_Train_146463.flac
/root/atadd_track2_subset_v3/train/ATADD_T2_Train_146467.flac,1,music,Stable Audio open,ATADD_T2_Train_146467.flac
/root/atadd_track2_subset_v3/train/ATADD_T2_Train_146471.flac,1,music,Stable Audio open,ATADD_T2_Train_146471.flac
/root/atadd_track2_subset_v3/train/ATADD_T2_Train_146474.flac,1,music,Stable Audio open,ATADD_T2_Train_146474.flac
/root/atadd_track2_subset_v3/train/ATADD_T2_Train_146476.flac,1,music,Stable Audio open,ATADD_T2_Train_146476.flac
/root/atadd_track2_subset_v3/train/ATADD_T2_Train_146480.flac,1,music,Stable Audio open,ATADD_T2_Train_146480.flac
/root/atadd_track2_subset_v3/train/ATADD_T2_Train_146499.flac,1,music,Stable Audio open,ATADD_T2_Train_146499.flac
/root/atadd_track2_subset_v3/train/ATADD_T2_Train_146501.flac,1,music,Stable Audio open,ATADD_T2_Train_146501.flac
/root/atadd_track2_subset_v3/train/ATADD_T2_Train_146504.flac,1,music,Stable Audio open,ATADD_T2_Train_146504.flac
/root/atadd_track2_subset_v3/train/ATADD_T2_Train_146508.flac,1,music,Stable Audio open,ATADD_T2_Train_146508.flac
/root/atadd_track2_subset_v3/train/ATADD_T2_Train_146511.flac,1,music,Stable Audio open,ATADD_T2_Train_146511.flac
/root/atadd_track2_subset_v3/train/ATADD_T2_Train_146516.flac,1,music,Stable Audio open,ATADD_T2_Train_146516.flac
/root/atadd_track2_subset_v3/train/ATADD_T2_Train_146525.flac,1,music,Stable Audio open,ATADD_T2_Train_146525.flac
/root/atadd_track2_subset_v3/train/ATADD_T2_Train_146530.flac,1,music,Stable Audio open,ATADD_T2_Train_146530.flac
/root/atadd_track2_subset_v3/train/ATADD_T2_Train_146531.flac,1,music,Stable Audio open,ATADD_T2_Train_146531.flac
/root/atadd_track2_subset_v3/train/ATADD_T2_Train_146532.flac,1,music,Stable Audio open,ATADD_T2_Train_146532.flac
/root/atadd_track2_subset_v3/train/ATADD_T2_Train_146534.flac,1,music,Stable Audio open,ATADD_T2_Train_146534.flac
/root/atadd_track2_subset_v3/train/ATADD_T2_Train_146538.flac,1,music,Stable Audio open,ATADD_T2_Train_146538.flac
/root/atadd_track2_subset_v3/train/ATADD_T2_Train_146550.flac,1,music,Stable Audio open,ATADD_T2_Train_146550.flac
/root/atadd_track2_subset_v3/train/ATADD_T2_Train_146552.flac,1,music,Stable Audio open,ATADD_T2_Train_146552.flac
/root/atadd_track2_subset_v3/train/ATADD_T2_Train_146560.flac,1,music,Stable Audio open,ATADD_T2_Train_146560.flac
/root/atadd_track2_subset_v3/train/ATADD_T2_Train_146565.flac,1,music,Stable Audio open,ATADD_T2_Train_146565.flac
/root/atadd_track2_subset_v3/train/ATADD_T2_Train_146569.flac,1,music,Stable Audio open,ATADD_T2_Train_146569.flac
/root/atadd_track2_subset_v3/train/ATADD_T2_Train_146573.flac,1,music,Stable Audio open,ATADD_T2_Train_146573.flac
/root/atadd_track2_subset_v3/train/ATADD_T2_Train_146575.flac,1,music,Stable Audio open,ATADD_T2_Train_146575.flac
/root/atadd_track2_subset_v3/train/ATADD_T2_Train_146579.flac,1,music,Stable Audio open,ATADD_T2_Train_146579.flac
/root/atadd_track2_subset_v3/train/ATADD_T2_Train_146587.flac,1,music,Stable Audio open,ATADD_T2_Train_146587.flac
/root/atadd_track2_subset_v3/train/ATADD_T2_Train_146597.flac,1,music,Stable Audio open,ATADD_T2_Train_146597.flac
/root/atadd_track2_subset_v3/train/ATADD_T2_Train_146600.flac,1,music,Stable Audio open,ATADD_T2_Train_146600.flac
/root/atadd_track2_subset_v3/train/ATADD_T2_Train_146601.flac,1,music,Stable Audio open,ATADD_T2_Train_146601.flac
/root/atadd_track2_subset_v3/train/ATADD_T2_Train_146603.flac,1,music,Stable Audio open,ATADD_T2_Train_146603.flac
/root/atadd_track2_subset_v3/train/ATADD_T2_Train_146605.flac,1,music,Stable Audio open,ATADD_T2_Train_146605.flac
/root/atadd_track2_subset_v3/train/ATADD_T2_Train_146608.flac,1,music,Stable Audio open,ATADD_T2_Train_146608.flac
/root/atadd_track2_subset_v3/train/ATADD_T2_Train_146613.flac,1,music,Stable Audio open,ATADD_T2_Train_146613.flac
/root/atadd_track2_subset_v3/train/ATADD_T2_Train_146615.flac,1,music,Stable Audio open,ATADD_T2_Train_146615.flac
/root/atadd_track2_subset_v3/train/ATADD_T2_Train_146618.flac,1,music,Stable Audio open,ATADD_T2_Train_146618.flac
/root/atadd_track2_subset_v3/train/ATADD_T2_Train_146621.flac,1,music,Stable Audio open,ATADD_T2_Train_146621.flac
/root/atadd_track2_subset_v3/train/ATADD_T2_Train_146633.flac,1,music,Stable Audio open,ATADD_T2_Train_146633.flac
/root/atadd_track2_subset_v3/train/ATADD_T2_Train_146637.flac,1,music,Stable Audio open,ATADD_T2_Train_146637.flac
/root/atadd_track2_subset_v3/train/ATADD_T2_Train_146641.flac,1,music,Stable Audio open,ATADD_T2_Train_146641.flac
/root/atadd_track2_subset_v3/train/ATADD_T2_Train_146642.flac,1,music,Stable Audio open,ATADD_T2_Train_146642.flac
/root/atadd_track2_subset_v3/train/ATADD_T2_Train_146643.flac,1,music,Stable Audio open,ATADD_T2_Train_146643.flac
/root/atadd_track2_subset_v3/train/ATADD_T2_Train_146648.flac,1,music,Stable Audio open,ATADD_T2_Train_146648.flac
/root/atadd_track2_subset_v3/train/ATADD_T2_Train_146649.flac,1,music,Stable Audio open,ATADD_T2_Train_146649.flac
/root/atadd_track2_subset_v3/train/ATADD_T2_Train_146654.flac,1,music,Stable Audio open,ATADD_T2_Train_146654.flac
/root/atadd_track2_subset_v3/train/ATADD_T2_Train_146661.flac,1,music,Stable Audio open,ATADD_T2_Train_146661.flac
/root/atadd_track2_subset_v3/train/ATADD_T2_Train_146663.flac,1,music,Stable Audio open,ATADD_T2_Train_146663.flac
/root/atadd_track2_subset_v3/train/ATADD_T2_Train_146665.flac,1,music,Stable Audio open,ATADD_T2_Train_146665.flac
/root/atadd_track2_subset_v3/train/ATADD_T2_Train_146672.flac,1,music,Stable Audio open,ATADD_T2_Train_146672.flac
/root/atadd_track2_subset_v3/train/ATADD_T2_Train_146678.flac,1,music,Stable Audio open,ATADD_T2_Train_146678.flac
/root/atadd_track2_subset_v3/train/ATADD_T2_Train_146683.flac,1,music,Stable Audio open,ATADD_T2_Train_146683.flac
/root/atadd_track2_subset_v3/train/ATADD_T2_Train_146685.flac,1,music,Stable Audio open,ATADD_T2_Train_146685.flac
/root/atadd_track2_subset_v3/train/ATADD_T2_Train_146690.flac,1,music,Stable Audio open,ATADD_T2_Train_146690.flac
/root/atadd_track2_subset_v3/train/ATADD_T2_Train_146691.flac,1,music,Stable Audio open,ATADD_T2_Train_146691.flac
/root/atadd_track2_subset_v3/train/ATADD_T2_Train_146693.flac,1,music,Stable Audio open,ATADD_T2_Train_146693.flac
/root/atadd_track2_subset_v3/train/ATADD_T2_Train_146701.flac,1,music,Stable Audio open,ATADD_T2_Train_146701.flac
/root/atadd_track2_subset_v3/train/ATADD_T2_Train_146709.flac,1,music,Stable Audio open,ATADD_T2_Train_146709.flac
/root/atadd_track2_subset_v3/train/ATADD_T2_Train_146712.flac,1,music,Stable Audio open,ATADD_T2_Train_146712.flac
/root/atadd_track2_subset_v3/train/ATADD_T2_Train_146716.flac,1,music,Stable Audio open,ATADD_T2_Train_146716.flac
/root/atadd_track2_subset_v3/train/ATADD_T2_Train_146718.flac,1,music,Stable Audio open,ATADD_T2_Train_146718.flac
/root/atadd_track2_subset_v3/train/ATADD_T2_Train_146722.flac,1,music,Stable Audio open,ATADD_T2_Train_146722.flac
/root/atadd_track2_subset_v3/train/ATADD_T2_Train_146728.flac,1,music,Stable Audio open,ATADD_T2_Train_146728.flac
/root/atadd_track2_subset_v3/train/ATADD_T2_Train_146730.flac,1,music,Stable Audio open,ATADD_T2_Train_146730.flac
/root/atadd_track2_subset_v3/train/ATADD_T2_Train_146734.flac,1,music,Stable Audio open,ATADD_T2_Train_146734.flac
/root/atadd_track2_subset_v3/train/ATADD_T2_Train_146742.flac,1,music,Stable Audio open,ATADD_T2_Train_146742.flac
/root/atadd_track2_subset_v3/train/ATADD_T2_Train_146744.flac,1,music,Stable Audio open,ATADD_T2_Train_146744.flac
/root/atadd_track2_subset_v3/train/ATADD_T2_Train_146749.flac,1,music,Stable Audio open,ATADD_T2_Train_146749.flac
/root/atadd_track2_subset_v3/train/ATADD_T2_Train_146761.flac,1,music,Stable Audio open,ATADD_T2_Train_146761.flac
/root/atadd_track2_subset_v3/train/ATADD_T2_Train_146762.flac,1,music,Stable Audio open,ATADD_T2_Train_146762.flac
/root/atadd_track2_subset_v3/train/ATADD_T2_Train_146763.flac,1,music,Stable Audio open,ATADD_T2_Train_146763.flac
/root/atadd_track2_subset_v3/train/ATADD_T2_Train_146772.flac,1,music,Stable Audio open,ATADD_T2_Train_146772.flac
/root/atadd_track2_subset_v3/train/ATADD_T2_Train_146773.flac,1,music,Stable Audio open,ATADD_T2_Train_146773.flac
